GO_term,category,bin_edge,with_term_hist,without_term_hist
ALL_IDRs,molfunc,0.0,20.705406921901538,0.0
ALL_IDRs,molfunc,0.01,7.5588086535316155,0.0
ALL_IDRs,molfunc,0.02,5.2693233689866315,0.0
ALL_IDRs,molfunc,0.03,4.233223168222707,0.0
ALL_IDRs,molfunc,0.04,3.6498378738057506,0.0
ALL_IDRs,molfunc,0.05,3.294396146225977,0.0
ALL_IDRs,molfunc,0.06,3.1072601117283813,0.0
ALL_IDRs,molfunc,0.07,2.8010259744511363,0.0
ALL_IDRs,molfunc,0.08,2.506719411924886,0.0
ALL_IDRs,molfunc,0.09,2.2848157659190598,0.0
ALL_IDRs,molfunc,0.1,2.1392993539568725,0.0
ALL_IDRs,molfunc,0.11,1.966654053890814,0.0
ALL_IDRs,molfunc,0.12,1.8687464296581413,0.0
ALL_IDRs,molfunc,0.13,1.774188677483199,0.0
ALL_IDRs,molfunc,0.14,1.6605721835252816,0.0
ALL_IDRs,molfunc,0.15,1.5651008298800453,0.0
ALL_IDRs,molfunc,0.16,1.4772428218205576,0.0
ALL_IDRs,molfunc,0.17,1.3972011818957712,0.0
ALL_IDRs,molfunc,0.18,1.3412938474777862,0.0
ALL_IDRs,molfunc,0.19,1.2624195872094768,0.0
ALL_IDRs,molfunc,0.2,1.207222831712835,0.0
ALL_IDRs,molfunc,0.21,1.1549191475387695,0.0
ALL_IDRs,molfunc,0.22,1.0818310299156255,0.0
ALL_IDRs,molfunc,0.23,1.0279539209871786,0.0
ALL_IDRs,molfunc,0.24,0.9897603039653594,0.0
ALL_IDRs,molfunc,0.25,0.9535207789772172,0.0
ALL_IDRs,molfunc,0.26,0.911418977888052,0.0
ALL_IDRs,molfunc,0.27,0.8806864395402647,0.0
ALL_IDRs,molfunc,0.28,0.8376456591621958,0.0
ALL_IDRs,molfunc,0.29,0.7995535534148512,0.0
ALL_IDRs,molfunc,0.3,0.7742011126143232,0.0
ALL_IDRs,molfunc,0.31,0.7372002530676066,0.0
ALL_IDRs,molfunc,0.32,0.7144617275848508,0.0
ALL_IDRs,molfunc,0.33,0.6939056945033415,0.0
ALL_IDRs,molfunc,0.34,0.6606607521122587,0.0
ALL_IDRs,molfunc,0.35000000000000003,0.6228985580069712,0.0
ALL_IDRs,molfunc,0.36,0.6037890605867497,0.0
ALL_IDRs,molfunc,0.37,0.5663567781235078,0.0
ALL_IDRs,molfunc,0.38,0.5572715190578531,0.0
ALL_IDRs,molfunc,0.39,0.5341015706585717,0.0
ALL_IDRs,molfunc,0.4,0.5124289135578199,0.0
ALL_IDRs,molfunc,0.41000000000000003,0.4959587092739962,0.0
ALL_IDRs,molfunc,0.42,0.47164675903685044,0.0
ALL_IDRs,molfunc,0.43,0.4497964572057647,0.0
ALL_IDRs,molfunc,0.44,0.4335038976522722,0.0
ALL_IDRs,molfunc,0.45,0.4239364600328538,0.0
ALL_IDRs,molfunc,0.46,0.41284635329628644,0.0
ALL_IDRs,molfunc,0.47000000000000003,0.3861488881089457,0.0
ALL_IDRs,molfunc,0.48,0.37929687708177384,0.0
ALL_IDRs,molfunc,0.49,0.3662780561301513,0.0
ALL_IDRs,molfunc,0.5,0.3470416696168378,0.0
ALL_IDRs,molfunc,0.51,0.3349618279541237,0.0
ALL_IDRs,molfunc,0.52,0.32100402771359277,0.0
ALL_IDRs,molfunc,0.53,0.30501600198353,0.0
ALL_IDRs,molfunc,0.54,0.2910582017429991,0.0
ALL_IDRs,molfunc,0.55,0.2834194783386358,0.0
ALL_IDRs,molfunc,0.56,0.2754254654736044,0.0
ALL_IDRs,molfunc,0.5700000000000001,0.2605286859441679,0.0
ALL_IDRs,molfunc,0.58,0.2504029363151253,0.0
ALL_IDRs,molfunc,0.59,0.24530199477267672,0.0
ALL_IDRs,molfunc,0.6,0.2325623298258648,0.0
ALL_IDRs,molfunc,0.61,0.22697920972965244,0.0
ALL_IDRs,molfunc,0.62,0.2140365222338874,0.0
ALL_IDRs,molfunc,0.63,0.20424068424689656,0.0
ALL_IDRs,molfunc,0.64,0.19997721071887983,0.0
ALL_IDRs,molfunc,0.65,0.1878719912375466,0.0
ALL_IDRs,molfunc,0.66,0.18505505337082126,0.0
ALL_IDRs,molfunc,0.67,0.1746755255555901,0.0
ALL_IDRs,molfunc,0.68,0.16257030607425688,0.0
ALL_IDRs,molfunc,0.6900000000000001,0.15617509578223177,0.0
ALL_IDRs,molfunc,0.7000000000000001,0.15041433095568704,0.0
ALL_IDRs,molfunc,0.71,0.1389181791212117,0.0
ALL_IDRs,molfunc,0.72,0.13960338022392868,0.0
ALL_IDRs,molfunc,0.73,0.13061963243275057,0.0
ALL_IDRs,molfunc,0.74,0.121382106455381,0.0
ALL_IDRs,molfunc,0.75,0.11656032091774303,0.0
ALL_IDRs,molfunc,0.76,0.11173853538010506,0.0
ALL_IDRs,molfunc,0.77,0.10963217643471584,0.0
ALL_IDRs,molfunc,0.78,0.10255176503997378,0.0
ALL_IDRs,molfunc,0.79,0.09932878207534208,0.0
ALL_IDRs,molfunc,0.8,0.09189308121993195,0.0
ALL_IDRs,molfunc,0.81,0.0919184590385511,0.0
ALL_IDRs,molfunc,0.8200000000000001,0.08714742913815145,0.0
ALL_IDRs,molfunc,0.8300000000000001,0.08450813600176106,0.0
ALL_IDRs,molfunc,0.84,0.07747848024425635,0.0
ALL_IDRs,molfunc,0.85,0.0752959878430097,0.0
ALL_IDRs,molfunc,0.86,0.07209838269699716,0.0
ALL_IDRs,molfunc,0.87,0.06628686223321245,0.0
ALL_IDRs,molfunc,0.88,0.06499259348363594,0.0
ALL_IDRs,molfunc,0.89,0.06062760868114263,0.0
ALL_IDRs,molfunc,0.9,0.05570431186902807,0.0
ALL_IDRs,molfunc,0.91,0.05512062204078769,0.0
ALL_IDRs,molfunc,0.92,0.05347106383054313,0.0
ALL_IDRs,molfunc,0.93,0.056922447162747136,0.0
ALL_IDRs,molfunc,0.9400000000000001,0.054689199124262185,0.0
ALL_IDRs,molfunc,0.9500000000000001,0.04735500954332917,0.0
ALL_IDRs,molfunc,0.96,0.04748189863642438,0.0
ALL_IDRs,molfunc,0.97,0.049131456846668954,0.0
ALL_IDRs,molfunc,0.98,0.06311463490581905,0.0
ALL_IDRs,molfunc,0.99,0.16097150350125058,0.0
ATP binding,molfunc,0.0,21.09395073451377,20.666571944029528
ATP binding,molfunc,0.01,7.712115287940569,7.543485646031182
ATP binding,molfunc,0.02,5.353013461431046,5.260958539120124
ATP binding,molfunc,0.03,4.511813662514662,4.205378031252328
ATP binding,molfunc,0.04,3.775065631458414,3.6373213517571648
ATP binding,molfunc,0.05,3.3592135396302316,3.287917643784638
ATP binding,molfunc,0.06,3.1461207618834806,3.1033759873648536
ATP binding,molfunc,0.07,2.75289057699827,2.805837110375229
ATP binding,molfunc,0.08,2.5442663240797643,2.5029665957549567
ATP binding,molfunc,0.09,2.3135787298218156,2.2819409059150173
ATP binding,molfunc,0.1,2.142378372339832,2.138991605880881
ATP binding,molfunc,0.11,1.9714572976596112,1.9661739693818856
ATP binding,molfunc,0.12,1.8871138915265582,1.866910600719239
ATP binding,molfunc,0.13,1.7969055465564414,1.7719181250277383
ATP binding,molfunc,0.14,1.716751382449872,1.654957069151343
ATP binding,molfunc,0.15,1.586326314025581,1.5629793414394684
ATP binding,molfunc,0.16,1.4123331285259442,1.4837305496415927
ATP binding,molfunc,0.17,1.4380271462883343,1.3931206242538177
ATP binding,molfunc,0.18,1.3011785734234473,1.345303371576899
ATP binding,molfunc,0.19,1.2361056806121868,1.2650496637858133
ATP binding,molfunc,0.2,1.239736357035136,1.2039731028651575
ATP binding,molfunc,0.21,1.1668435457744502,1.1537273032046482
ATP binding,molfunc,0.22,1.0607160811037246,1.0839414703428345
ATP binding,molfunc,0.23,1.0112830251913107,1.0296201780432017
ATP binding,molfunc,0.24,0.9593364240630053,0.9928011726253059
ATP binding,molfunc,0.25,0.9462101323800473,0.95425147855244
ATP binding,molfunc,0.26,0.891191420432329,0.9134407234948514
ATP binding,molfunc,0.27,0.8722001899123044,0.8815346407104302
ATP binding,molfunc,0.28,0.8205328715857716,0.8393560833287547
ATP binding,molfunc,0.29,0.7697034016645249,0.8025370779108572
ATP binding,molfunc,0.3,0.7719376640786454,0.7744273444341186
ATP binding,molfunc,0.31,0.7255767189856442,0.7383620260111332
ATP binding,molfunc,0.32,0.703792660447969,0.7155281014987478
ATP binding,molfunc,0.33,0.6806121879014685,0.6952343813025323
ATP binding,molfunc,0.34,0.6389990504384734,0.6628258405215061
ATP binding,molfunc,0.35000000000000003,0.5976651957772467,0.6254206341075774
ATP binding,molfunc,0.36,0.6049265486231352,0.6036753685878329
ATP binding,molfunc,0.37,0.5510249678824773,0.5678891934962949
ATP binding,molfunc,0.38,0.5418086354242301,0.5588170352242591
ATP binding,molfunc,0.39,0.4960062559347591,0.5379091996988598
ATP binding,molfunc,0.4,0.487069206278277,0.5149636178538953
ATP binding,molfunc,0.41000000000000003,0.48036641903591804,0.49751715963844473
ATP binding,molfunc,0.42,0.4694743897670777,0.47186388747843927
ATP binding,molfunc,0.43,0.44042897838351075,0.4507327372878821
ATP binding,molfunc,0.44,0.4102664357928835,0.4358264833885987
ATP binding,molfunc,0.45,0.40859073898229314,0.4254702657919055
ATP binding,molfunc,0.46,0.4007708205328713,0.4140533035357128
ATP binding,molfunc,0.47000000000000003,0.35971624867340835,0.3887908320397384
ATP binding,molfunc,0.48,0.35804055186281597,0.38142144808952877
ATP binding,molfunc,0.49,0.362229793889292,0.3666826801891137
ATP binding,molfunc,0.5,0.33430151371278527,0.3483150489798843
ATP binding,molfunc,0.51,0.3273194436686586,0.3357256847316131
ATP binding,molfunc,0.52,0.30553538513098333,0.3225501194873028
ATP binding,molfunc,0.53,0.28961626543037455,0.30655520659537505
ATP binding,molfunc,0.54,0.2781656705580068,0.2923468110247098
ATP binding,molfunc,0.55,0.2784449533597719,0.2839166824150027
ATP binding,molfunc,0.56,0.24269675473384328,0.27869670211693903
ATP binding,molfunc,0.5700000000000001,0.26420153046975636,0.2601615849088442
ATP binding,molfunc,0.58,0.2407417751214878,0.2513685699682528
ATP binding,molfunc,0.59,0.24884097637267477,0.24494827334496594
ATP binding,molfunc,0.6,0.2203541305926379,0.23378254008707577
ATP binding,molfunc,0.61,0.21281349494498109,0.22839507379014376
ATP binding,molfunc,0.62,0.20080433446908322,0.21535908021155695
ATP binding,molfunc,0.63,0.18376808356141414,0.20628692193952117
ATP binding,molfunc,0.64,0.18265095235435386,0.20170897130378618
ATP binding,molfunc,0.65,0.1644975702396245,0.19020826604815932
ATP binding,molfunc,0.66,0.16477685304138956,0.18708186073595007
ATP binding,molfunc,0.67,0.15751550019549782,0.1763906711415202
ATP binding,molfunc,0.68,0.15053343015137113,0.16377339256010431
ATP binding,molfunc,0.6900000000000001,0.13796570407194314,0.15799512559914614
ATP binding,molfunc,0.7000000000000001,0.12679439200134185,0.15277514530108416
ATP binding,molfunc,0.71,0.12260514997486445,0.1405486673836927
ATP binding,molfunc,0.72,0.12176730156956925,0.14138609737803448
ATP binding,molfunc,0.73,0.10919957549014121,0.1327605684363143
ATP binding,molfunc,0.74,0.09858682902306867,0.1236604958311338
ATP binding,molfunc,0.75,0.08853264815952626,0.11936168852684607
ATP binding,molfunc,0.76,0.09132547617717693,0.11377882189790099
ATP binding,molfunc,0.77,0.08769479975423106,0.11182481857777021
ATP binding,molfunc,0.78,0.09355973859129747,0.10345051863435256
ATP binding,molfunc,0.79,0.09020834497011666,0.10024037032270915
ATP binding,molfunc,0.8,0.07875775009774891,0.09320595837023833
ATP binding,molfunc,0.81,0.07261352845891744,0.09384798803256701
ATP binding,molfunc,0.8200000000000001,0.0770820532871585,0.08815346407104302
ATP binding,molfunc,0.8300000000000001,0.07373065966597853,0.08558534542172923
ATP binding,molfunc,0.84,0.06395576160420036,0.07883007680070471
ATP binding,molfunc,0.85,0.06619002401832089,0.07620612948510053
ATP binding,molfunc,0.86,0.06451432720773048,0.07285640950773346
ATP binding,molfunc,0.87,0.05362229793889287,0.06755268621023562
ATP binding,molfunc,0.88,0.057532257163603814,0.06573825455582848
ATP binding,molfunc,0.89,0.05138803552477234,0.061551104584119644
ATP binding,molfunc,0.9,0.040216723454169656,0.05725229727983193
ATP binding,molfunc,0.91,0.03574819862592858,0.057056896947818854
ATP binding,molfunc,0.92,0.040216723454169656,0.05479583596309608
ATP binding,molfunc,0.93,0.03295537060827791,0.05931795793254162
ATP binding,molfunc,0.9400000000000001,0.04245098586829019,0.055912409288885107
ATP binding,molfunc,0.9500000000000001,0.03295537060827828,0.048794254336980654
ATP binding,molfunc,0.96,0.03295537060827791,0.04893382600270374
ATP binding,molfunc,0.97,0.03435178461710325,0.050608685991387264
ATP binding,molfunc,0.98,0.046360945093001135,0.0647891672289078
ATP binding,molfunc,0.99,0.10892029268837615,0.16617402521055066
ATP hydrolysis activity,molfunc,0.0,21.727554662661646,20.678098059074326
ATP hydrolysis activity,molfunc,0.01,7.609861709805146,7.557444661952817
ATP hydrolysis activity,molfunc,0.02,5.369716592872887,5.266641149312739
ATP hydrolysis activity,molfunc,0.03,4.606097251750569,4.223261039664545
ATP hydrolysis activity,molfunc,0.04,3.766408550976223,3.646723438870781
ATP hydrolysis activity,molfunc,0.05,3.287561684448694,3.294578743488321
ATP hydrolysis activity,molfunc,0.06,3.213442821197992,3.104423213565919
ATP hydrolysis activity,molfunc,0.07,2.68290780003511,2.80418175408445
ATP hydrolysis activity,molfunc,0.08,2.5366205699350495,2.5059205385429744
ATP hydrolysis activity,molfunc,0.09,2.318164972985623,2.2839247705327175
ATP hydrolysis activity,molfunc,0.1,2.180654976691569,2.138194450053689
ATP hydrolysis activity,molfunc,0.11,1.972927109949483,1.9664864557828474
ATP hydrolysis activity,molfunc,0.12,1.856872574070099,1.8690636651032277
ATP hydrolysis activity,molfunc,0.13,1.8315161208527553,1.7726570522349252
ATP hydrolysis activity,molfunc,0.14,1.769100236010068,1.6576726245084923
ATP hydrolysis activity,molfunc,0.15,1.541867405254636,1.5657215605051795
ATP hydrolysis activity,molfunc,0.16,1.386802941348572,1.479659116639233
ATP hydrolysis activity,molfunc,0.17,1.42873861397726,1.3963585919527604
ATP hydrolysis activity,molfunc,0.18,1.2512434414558493,1.3436997366536105
ATP hydrolysis activity,molfunc,0.19,1.2278374846398397,1.2633435220358147
ATP hydrolysis activity,molfunc,0.2,1.2219859954358407,1.2068284022219402
ATP hydrolysis activity,molfunc,0.21,1.1595701105931449,1.1547948871143694
ATP hydrolysis activity,molfunc,0.22,1.0864264955431147,1.0817082522236696
ATP hydrolysis activity,molfunc,0.23,1.0074313912890849,1.028502224256896
ATP hydrolysis activity,molfunc,0.24,0.9801244416704042,0.9900177466335193
ATP hydrolysis activity,molfunc,0.25,0.9420897618443885,0.9538261830459323
ATP hydrolysis activity,molfunc,0.26,0.9011293374163716,0.9116938876383525
ATP hydrolysis activity,molfunc,0.27,0.8933273518110351,0.8803487105354963
ATP hydrolysis activity,molfunc,0.28,0.8718718913963645,0.836731232172923
ATP hydrolysis activity,molfunc,0.29,0.8036045173496648,0.7994453232500695
ATP hydrolysis activity,molfunc,0.3,0.7704460785269844,0.7743014363803635
ATP hydrolysis activity,molfunc,0.31,0.7324113987009687,0.7373281975533038
ATP hydrolysis activity,molfunc,0.32,0.6836489886676154,0.7152849558001729
ATP hydrolysis activity,molfunc,0.33,0.6855994850689495,0.6941276126517779
ATP hydrolysis activity,molfunc,0.34,0.6397628196375972,0.6612190850699763
ATP hydrolysis activity,molfunc,0.35000000000000003,0.617332111022258,0.6230472775423951
ATP hydrolysis activity,molfunc,0.36,0.6329360822329277,0.6030103355705743
ATP hydrolysis activity,molfunc,0.37,0.551990481577561,0.5667406044590398
ATP hydrolysis activity,molfunc,0.38,0.5412627513702232,0.557699227522472
ATP hydrolysis activity,molfunc,0.39,0.537361758567555,0.5340144677664485
ATP hydrolysis activity,molfunc,0.4,0.5042033197448746,0.5126486778875274
ATP hydrolysis activity,molfunc,0.41000000000000003,0.5003023269422091,0.49584266023886664
ATP hydrolysis activity,molfunc,0.42,0.47202012912286134,0.4716367836565252
ATP hydrolysis activity,molfunc,0.43,0.40375275507616654,0.4510266131757611
ATP hydrolysis activity,molfunc,0.44,0.4076537478788348,0.4341945396857818
ATP hydrolysis activity,molfunc,0.45,0.4213072226881738,0.42400670573132065
ATP hydrolysis activity,molfunc,0.46,0.3949755212701629,0.4133238107918601
ATP hydrolysis activity,molfunc,0.47000000000000003,0.3637675788488187,0.3867468526497897
ATP hydrolysis activity,molfunc,0.48,0.34816360763814364,0.3801286689555851
ATP hydrolysis activity,molfunc,0.49,0.3169556652167974,0.36759580928270585
ATP hydrolysis activity,molfunc,0.5,0.325732899022801,0.3476109789935199
ATP hydrolysis activity,molfunc,0.51,0.3364606292301388,0.334921784272746
ATP hydrolysis activity,molfunc,0.52,0.2984259494041231,0.3216072493603939
ATP hydrolysis activity,molfunc,0.53,0.2633170141801086,0.30613007961883404
ATP hydrolysis activity,molfunc,0.54,0.2516140357721038,0.29211203699095656
ATP hydrolysis activity,molfunc,0.55,0.254539780374105,0.28419106123096627
ATP hydrolysis activity,molfunc,0.56,0.23601006456143067,0.2764785322015021
ATP hydrolysis activity,molfunc,0.5700000000000001,0.2506387875714395,0.260792915729419
ATP hydrolysis activity,molfunc,0.58,0.23991105736409896,0.25068324929890223
ATP hydrolysis activity,molfunc,0.59,0.23991105736409896,0.24544602519443498
ATP hydrolysis activity,molfunc,0.6,0.20187637753808327,0.23338217066523928
ATP hydrolysis activity,molfunc,0.61,0.1813961653240748,0.22819705824340356
ATP hydrolysis activity,molfunc,0.62,0.17164368331740415,0.21516913758552486
ATP hydrolysis activity,molfunc,0.63,0.17749517252140656,0.20495524778974794
ATP hydrolysis activity,molfunc,0.64,0.15896545670873222,0.2010729274337001
ATP hydrolysis activity,molfunc,0.65,0.156039712106731,0.18872245865003104
ATP hydrolysis activity,molfunc,0.66,0.141410989096725,0.18622109788371835
ATP hydrolysis activity,molfunc,0.67,0.1258070178860519,0.1759811522466257
ATP hydrolysis activity,molfunc,0.68,0.12190602508338362,0.1636567393042724
ATP hydrolysis activity,molfunc,0.6900000000000001,0.11995552868204948,0.15714277897533305
ATP hydrolysis activity,molfunc,0.7000000000000001,0.12873276248805451,0.150993600424816
ATP hydrolysis activity,molfunc,0.71,0.11312879127737999,0.1396071977698283
ATP hydrolysis activity,molfunc,0.72,0.11702978408004827,0.14020648212009074
ATP hydrolysis activity,molfunc,0.73,0.09947531646804103,0.13145171943799622
ATP hydrolysis activity,molfunc,0.74,0.084846593458035,0.12235823081879689
ATP hydrolysis activity,molfunc,0.75,0.08387134525736793,0.11743367681011874
ATP hydrolysis activity,molfunc,0.76,0.10142581286937517,0.11201406181644118
ATP hydrolysis activity,molfunc,0.77,0.07704460785269844,0.11050282302012726
ATP hydrolysis activity,molfunc,0.78,0.08387134525736793,0.10305085240382063
ATP hydrolysis activity,molfunc,0.79,0.08192084885603379,0.09979387223935095
ATP hydrolysis activity,molfunc,0.8,0.0594901402406912,0.09275879508409646
ATP hydrolysis activity,molfunc,0.81,0.0594901402406912,0.09278485092541221
ATP hydrolysis activity,molfunc,0.8200000000000001,0.06436638124402655,0.08775607355147103
ATP hydrolysis activity,molfunc,0.8300000000000001,0.05461389923735647,0.08530682446779077
ATP hydrolysis activity,molfunc,0.84,0.05168815463535465,0.07816752394727228
ATP hydrolysis activity,molfunc,0.85,0.057539643839357064,0.07577038654622262
ATP hydrolysis activity,molfunc,0.86,0.048762410033353444,0.072721853112279
ATP hydrolysis activity,molfunc,0.87,0.040960424428016895,0.0669635121814966
ATP hydrolysis activity,molfunc,0.88,0.0468119136320193,0.06547832922649842
ATP hydrolysis activity,molfunc,0.89,0.048762410033353444,0.06094461283755663
ATP hydrolysis activity,molfunc,0.9,0.031207942421346207,0.056358784765983314
ATP hydrolysis activity,molfunc,0.91,0.025356453217343793,0.05591583546361544
ATP hydrolysis activity,molfunc,0.92,0.03315843882268034,0.054013759047565155
ATP hydrolysis activity,molfunc,0.93,0.015603971210673103,0.05802635861019179
ATP hydrolysis activity,molfunc,0.9400000000000001,0.030232694220679136,0.055342606954668784
ATP hydrolysis activity,molfunc,0.9500000000000001,0.023405956816009914,0.04799485970362572
ATP hydrolysis activity,molfunc,0.96,0.031207942421346207,0.04791669217967791
ATP hydrolysis activity,molfunc,0.97,0.029257446020012068,0.04966243354783366
ATP hydrolysis activity,molfunc,0.98,0.024381205016676722,0.06414948131939478
ATP hydrolysis activity,molfunc,0.99,0.039985176227349824,0.16420391197190332
DNA binding,molfunc,0.0,20.280346969539128,20.81313169548707
DNA binding,molfunc,0.01,7.402033569842619,7.598540837898517
DNA binding,molfunc,0.02,5.203413465340073,5.286027199606073
DNA binding,molfunc,0.03,4.213613948065021,4.23819281730382
DNA binding,molfunc,0.04,3.6574635979450925,3.64790525370882
DNA binding,molfunc,0.05,3.278663833408434,3.2983832539900173
DNA binding,molfunc,0.06,3.0854985459260167,3.112775239031947
DNA binding,molfunc,0.07,2.8120046138765233,2.7982436105991573
DNA binding,molfunc,0.08,2.4948319813436735,2.5097320946317785
DNA binding,molfunc,0.09,2.3071892881752447,2.279145547856965
DNA binding,molfunc,0.1,2.167994808761346,2.1320269413135144
DNA binding,molfunc,0.11,2.001312871284644,1.9578703205945063
DNA binding,molfunc,0.12,1.8564702840496163,1.871857626087801
DNA binding,molfunc,0.13,1.804005638066739,1.7666320368022348
DNA binding,molfunc,0.14,1.6571548347175413,1.6614382569451147
DNA binding,molfunc,0.15,1.5582501910943132,1.566837016759114
DNA binding,molfunc,0.16,1.4614792770924032,1.4812378448221555
DNA binding,molfunc,0.17,1.3953336588316978,1.3976744763054776
DNA binding,molfunc,0.18,1.3697289033759357,1.3340874288502598
DNA binding,molfunc,0.19,1.300821987958233,1.2526871014676222
DNA binding,molfunc,0.2,1.21798307324843,1.2044958173782565
DNA binding,molfunc,0.21,1.181333129164694,1.1482249384646597
DNA binding,molfunc,0.22,1.1160661054539374,1.073154687341946
DNA binding,molfunc,0.23,1.0693750807993223,1.0174563781403083
DNA binding,molfunc,0.24,1.02783010993728,0.9801121091495995
DNA binding,molfunc,0.25,0.9881678416822818,0.9447400247222869
DNA binding,molfunc,0.26,0.952898546177046,0.9009066323294482
DNA binding,molfunc,0.27,0.9107260077793263,0.8730733824428488
DNA binding,molfunc,0.28,0.88361509023794,0.8259954283489482
DNA binding,molfunc,0.29,0.8514836324111011,0.7863926899388679
DNA binding,molfunc,0.3,0.819101147569995,0.7628219034634734
DNA binding,molfunc,0.31,0.7668875286013898,0.729676479027089
DNA binding,molfunc,0.32,0.7606118532445861,0.7027657025653026
DNA binding,molfunc,0.33,0.7486880700666595,0.6800219612293956
DNA binding,molfunc,0.34,0.7050093695833072,0.6494212910683572
DNA binding,molfunc,0.35000000000000003,0.6737565063064294,0.6100094092289359
DNA binding,molfunc,0.36,0.6586948854500971,0.5898740410252555
DNA binding,molfunc,0.37,0.6215428873378203,0.5523707248923405
DNA binding,molfunc,0.38,0.6177774821237382,0.541937232363421
DNA binding,molfunc,0.39,0.5788682949115564,0.5227561470129988
DNA binding,molfunc,0.4,0.5413397562778713,0.5051019142277843
DNA binding,molfunc,0.41000000000000003,0.5338089458497101,0.48636616087555046
DNA binding,molfunc,0.42,0.5011754339943288,0.46416317982315186
DNA binding,molfunc,0.43,0.49063229939489894,0.4394472539238517
DNA binding,molfunc,0.44,0.4699225707174473,0.42427415655709977
DNA binding,molfunc,0.45,0.45285273374694174,0.41660808430261925
DNA binding,molfunc,0.46,0.4430626801903283,0.4051884994920031
DNA binding,molfunc,0.47000000000000003,0.42611835672696113,0.37601925361084904
DNA binding,molfunc,0.48,0.4141945735490321,0.3704526036335271
DNA binding,molfunc,0.49,0.3888408451075459,0.3605598713881186
DNA binding,molfunc,0.5,0.37403025126548956,0.3402018371853488
DNA binding,molfunc,0.51,0.36235749510183507,0.32801882609212873
DNA binding,molfunc,0.52,0.3401416043387506,0.31615390928332693
DNA binding,molfunc,0.53,0.32382484841106146,0.30024919506241304
DNA binding,molfunc,0.54,0.30361717376215414,0.287875327398542
DNA binding,molfunc,0.55,0.30675501144055595,0.2775054537265061
DNA binding,molfunc,0.56,0.2940781472198128,0.27069823603995496
DNA binding,molfunc,0.5700000000000001,0.2753766346565414,0.25676570638243723
DNA binding,molfunc,0.58,0.2616956623787067,0.2475409721343043
DNA binding,molfunc,0.59,0.26307631095720346,0.24079737330463677
DNA binding,molfunc,0.6,0.2457554469724257,0.22921874135181144
DNA binding,molfunc,0.61,0.23960528512275828,0.2237793290882589
DNA binding,molfunc,0.62,0.2251712318021102,0.2112146048537369
DNA binding,molfunc,0.63,0.20282982753188966,0.2045982437378367
DNA binding,molfunc,0.64,0.19906442231780755,0.20020854261286444
DNA binding,molfunc,0.65,0.19404388203236472,0.18630782238378568
DNA binding,molfunc,0.66,0.18387728795434305,0.18535353953053085
DNA binding,molfunc,0.67,0.15777047847004042,0.17895984441372345
DNA binding,molfunc,0.68,0.16768604553378996,0.16127380220006715
DNA binding,molfunc,0.6900000000000001,0.14622323581352195,0.1586972384962791
DNA binding,molfunc,0.7000000000000001,0.14484258723502677,0.151826401952846
DNA binding,molfunc,0.71,0.1268941557145671,0.14196547913587765
DNA binding,molfunc,0.72,0.12488593960038999,0.14333328455887626
DNA binding,molfunc,0.73,0.114217291493824,0.13477654830802457
DNA binding,molfunc,0.74,0.10656096755852372,0.12513829149015074
DNA binding,molfunc,0.75,0.11057739978687797,0.11807659837606495
DNA binding,molfunc,0.76,0.09149934670219528,0.11686784009527548
DNA binding,molfunc,0.77,0.08660431992388853,0.11546822524383506
DNA binding,molfunc,0.78,0.08032864456708501,0.1081838661306565
DNA binding,molfunc,0.79,0.07744183390295539,0.1048756855727064
DNA binding,molfunc,0.8,0.07217026660324044,0.0968915190338076
DNA binding,molfunc,0.81,0.06915794243197475,0.0976867547448533
DNA binding,molfunc,0.8200000000000001,0.06313329408944338,0.09323343476299742
DNA binding,molfunc,0.8300000000000001,0.05748518626832085,0.09135667848493058
DNA binding,molfunc,0.84,0.05409632157564632,0.08340432137447261
DNA binding,molfunc,0.85,0.049828862333019926,0.08175023109549756
DNA binding,molfunc,0.86,0.04116843034063107,0.07993709367431337
DNA binding,molfunc,0.87,0.04066637631208679,0.0727799722749021
DNA binding,molfunc,0.88,0.03589686304091612,0.07236644970515835
DNA binding,molfunc,0.89,0.03614789005518826,0.06683160915628031
DNA binding,molfunc,0.9,0.024851674412941924,0.0635234285983302
DNA binding,molfunc,0.91,0.0262323229914387,0.06244190803130806
DNA binding,molfunc,0.92,0.02183935024167624,0.06148762517805322
DNA binding,molfunc,0.93,0.020960755691723745,0.06603637344523461
DNA binding,molfunc,0.9400000000000001,0.020082161141771252,0.06345980974144655
DNA binding,molfunc,0.9500000000000001,0.020207674648907548,0.054235075493317075
DNA binding,molfunc,0.96,0.0181994585347302,0.05490307349059486
DNA binding,molfunc,0.97,0.01807394502759413,0.0570024957677555
DNA binding,molfunc,0.98,0.0228434582987648,0.07332073255841318
DNA binding,molfunc,0.99,0.03614789005518826,0.1926060892152676
"DNA-binding transcription activator activity, RNA polymerase II-specific",molfunc,0.0,18.381522850729816,20.797743876229827
"DNA-binding transcription activator activity, RNA polymerase II-specific",molfunc,0.01,7.330030680142908,7.567898892387403
"DNA-binding transcription activator activity, RNA polymerase II-specific",molfunc,0.02,5.236210537500167,5.270639070594373
"DNA-binding transcription activator activity, RNA polymerase II-specific",molfunc,0.03,4.201585804789289,4.234480243744958
"DNA-binding transcription activator activity, RNA polymerase II-specific",molfunc,0.04,3.759313614811469,3.645487976742167
"DNA-binding transcription activator activity, RNA polymerase II-specific",molfunc,0.05,3.1968443281579977,3.2982722594457914
"DNA-binding transcription activator activity, RNA polymerase II-specific",molfunc,0.06,3.10785863227657,3.107236330178687
"DNA-binding transcription activator activity, RNA polymerase II-specific",molfunc,0.07,2.7545721381801775,2.802871766077034
"DNA-binding transcription activator activity, RNA polymerase II-specific",molfunc,0.08,2.4915994846798517,2.5073201854526155
"DNA-binding transcription activator activity, RNA polymerase II-specific",molfunc,0.09,2.273119679120235,2.2852804969467213
"DNA-binding transcription activator activity, RNA polymerase II-specific",molfunc,0.1,2.1934309962413514,2.137148493230495
"DNA-binding transcription activator activity, RNA polymerase II-specific",molfunc,0.11,2.0792105507816143,1.9621817464114149
"DNA-binding transcription activator activity, RNA polymerase II-specific",molfunc,0.12,1.8786606988697474,1.8683524971746983
"DNA-binding transcription activator activity, RNA polymerase II-specific",molfunc,0.13,1.8248708379264988,1.7721748780892592
"DNA-binding transcription activator activity, RNA polymerase II-specific",molfunc,0.14,1.6767827022432396,1.6599280765558049
"DNA-binding transcription activator activity, RNA polymerase II-specific",molfunc,0.15,1.601078453508293,1.563671298936134
"DNA-binding transcription activator activity, RNA polymerase II-specific",molfunc,0.16,1.4397088706785477,1.4787341917108865
"DNA-binding transcription activator activity, RNA polymerase II-specific",molfunc,0.17,1.3885752991645997,1.3975439217723729
"DNA-binding transcription activator activity, RNA polymerase II-specific",molfunc,0.18,1.3879112268072717,1.3394415576499719
"DNA-binding transcription activator activity, RNA polymerase II-specific",molfunc,0.19,1.2743548537048586,1.2619453526420337
"DNA-binding transcription activator activity, RNA polymerase II-specific",molfunc,0.2,1.2072835456151325,1.2072204193133125
"DNA-binding transcription activator activity, RNA polymerase II-specific",molfunc,0.21,1.2524404659131647,1.1510442461904287
"DNA-binding transcription activator activity, RNA polymerase II-specific",molfunc,0.22,1.1534936846718808,1.078983593866057
"DNA-binding transcription activator activity, RNA polymerase II-specific",molfunc,0.23,1.102360113157932,1.0249974735234513
"DNA-binding transcription activator activity, RNA polymerase II-specific",molfunc,0.24,1.0180229237777738,0.988637320135318
"DNA-binding transcription activator activity, RNA polymerase II-specific",molfunc,0.25,0.9702097140504422,0.9528576626648501
"DNA-binding transcription activator activity, RNA polymerase II-specific",molfunc,0.26,1.031968443281579,0.9066290786764579
"DNA-binding transcription activator activity, RNA polymerase II-specific",molfunc,0.27,0.9735300758370624,0.876997400697597
"DNA-binding transcription activator activity, RNA polymerase II-specific",molfunc,0.28,0.8991539718167734,0.8352016946259047
"DNA-binding transcription activator activity, RNA polymerase II-specific",molfunc,0.29,0.9243887213950824,0.7945933665676034
"DNA-binding transcription activator activity, RNA polymerase II-specific",molfunc,0.3,0.8918491758862038,0.7695264973958155
"DNA-binding transcription activator activity, RNA polymerase II-specific",molfunc,0.31,0.8360670978709832,0.7332718887199874
"DNA-binding transcription activator activity, RNA polymerase II-specific",molfunc,0.32,0.8035275523621047,0.7109227958899828
"DNA-binding transcription activator activity, RNA polymerase II-specific",molfunc,0.33,0.8021994076474566,0.6896027640049252
"DNA-binding transcription activator activity, RNA polymerase II-specific",molfunc,0.34,0.7776287304264666,0.6560131593147293
"DNA-binding transcription activator activity, RNA polymerase II-specific",molfunc,0.35000000000000003,0.731807737771111,0.6185711726255041
"DNA-binding transcription activator activity, RNA polymerase II-specific",molfunc,0.36,0.721846652411246,0.5990981732057328
"DNA-binding transcription activator activity, RNA polymerase II-specific",molfunc,0.37,0.7318077377711069,0.559782767873139
"DNA-binding transcription activator activity, RNA polymerase II-specific",molfunc,0.38,0.6687208638253218,0.552843203039265
"DNA-binding transcription activator activity, RNA polymerase II-specific",molfunc,0.39,0.6401657524603875,0.5298872281135223
"DNA-binding transcription activator activity, RNA polymerase II-specific",molfunc,0.4,0.5857118191598152,0.5095170986391853
"DNA-binding transcription activator activity, RNA polymerase II-specific",molfunc,0.41000000000000003,0.5996573386636236,0.49183835932855846
"DNA-binding transcription activator activity, RNA polymerase II-specific",molfunc,0.42,0.5657896484400935,0.4679060958140171
"DNA-binding transcription activator activity, RNA polymerase II-specific",molfunc,0.43,0.5305938135019187,0.4465860639289596
"DNA-binding transcription activator activity, RNA polymerase II-specific",molfunc,0.44,0.5385626817898074,0.42932950346753923
"DNA-binding transcription activator activity, RNA polymerase II-specific",molfunc,0.45,0.5239530899286782,0.4199624102507132
"DNA-binding transcription activator activity, RNA polymerase II-specific",molfunc,0.46,0.4641865777695134,0.41080640645849165
"DNA-binding transcription activator activity, RNA polymerase II-specific",molfunc,0.47000000000000003,0.5126638598541722,0.3811219561234817
"DNA-binding transcription activator activity, RNA polymerase II-specific",molfunc,0.48,0.45422549240965254,0.37631967171372654
"DNA-binding transcription activator activity, RNA polymerase II-specific",molfunc,0.49,0.4190296574714777,0.364182029798966
"DNA-binding transcription activator activity, RNA polymerase II-specific",molfunc,0.5,0.41305300625556124,0.3444187824203669
"DNA-binding transcription activator activity, RNA polymerase II-specific",molfunc,0.51,0.3924667631785156,0.33267693317673985
"DNA-binding transcription activator activity, RNA polymerase II-specific",molfunc,0.52,0.3758649542454142,0.31882418968706755
"DNA-binding transcription activator activity, RNA polymerase II-specific",molfunc,0.53,0.37918531603203454,0.302068966609083
"DNA-binding transcription activator activity, RNA polymerase II-specific",molfunc,0.54,0.31477029737160134,0.29011602794085145
"DNA-binding transcription activator activity, RNA polymerase II-specific",molfunc,0.55,0.3253954550887862,0.2817516094908969
"DNA-binding transcription activator activity, RNA polymerase II-specific",molfunc,0.56,0.3260595274461102,0.273413577219018
"DNA-binding transcription activator activity, RNA polymerase II-specific",molfunc,0.5700000000000001,0.2848870412920221,0.2595608337293485
"DNA-binding transcription activator activity, RNA polymerase II-specific",molfunc,0.58,0.2769181730041303,0.24934938281410152
"DNA-binding transcription activator activity, RNA polymerase II-specific",molfunc,0.59,0.2842229689346949,0.24375551306208146
"DNA-binding transcription activator activity, RNA polymerase II-specific",molfunc,0.6,0.2636367258576492,0.2313276231884897
"DNA-binding transcription activator activity, RNA polymerase II-specific",molfunc,0.61,0.25699600228440866,0.2257865257926208
"DNA-binding transcription activator activity, RNA polymerase II-specific",molfunc,0.62,0.25766007464173274,0.21230318879600643
"DNA-binding transcription activator activity, RNA polymerase II-specific",molfunc,0.63,0.20187799662651226,0.2043345630171854
"DNA-binding transcription activator activity, RNA polymerase II-specific",molfunc,0.64,0.21316722670102115,0.19945312007320562
"DNA-binding transcription activator activity, RNA polymerase II-specific",molfunc,0.65,0.19390912833862362,0.18763211229535195
"DNA-binding transcription activator activity, RNA polymerase II-specific",molfunc,0.66,0.18261989826411468,0.1851518115562487
"DNA-binding transcription activator activity, RNA polymerase II-specific",molfunc,0.67,0.16070551047242093,0.17523060859983577
"DNA-binding transcription activator activity, RNA polymerase II-specific",molfunc,0.68,0.173986957618902,0.1621166780962793
"DNA-binding transcription activator activity, RNA polymerase II-specific",molfunc,0.6900000000000001,0.1726588129042539,0.15552013357738775
"DNA-binding transcription activator activity, RNA polymerase II-specific",molfunc,0.7000000000000001,0.14476777389664525,0.15063869063340965
"DNA-binding transcription activator activity, RNA polymerase II-specific",molfunc,0.71,0.12550967553424608,0.13945095112936787
"DNA-binding transcription activator activity, RNA polymerase II-specific",molfunc,0.72,0.12949410967819042,0.14000506086895478
"DNA-binding transcription activator activity, RNA polymerase II-specific",molfunc,0.73,0.12285338610494988,0.13092821561095996
"DNA-binding transcription activator activity, RNA polymerase II-specific",molfunc,0.74,0.11023601131579287,0.12182498417488959
"DNA-binding transcription activator activity, RNA polymerase II-specific",molfunc,0.75,0.10027492595593207,0.11720740301166549
"DNA-binding transcription activator activity, RNA polymerase II-specific",molfunc,0.76,0.10425936009987638,0.1120357121088545
"DNA-binding transcription activator activity, RNA polymerase II-specific",molfunc,0.77,0.08632940645212694,0.11055808613662278
"DNA-binding transcription activator activity, RNA polymerase II-specific",molfunc,0.78,0.062422801588461016,0.10414624486426018
"DNA-binding transcription activator activity, RNA polymerase II-specific",molfunc,0.79,0.06773538044705345,0.10058411082405871
"DNA-binding transcription activator activity, RNA polymerase II-specific",molfunc,0.8,0.08035275523621047,0.09235162326448204
"DNA-binding transcription activator activity, RNA polymerase II-specific",molfunc,0.81,0.06773538044705345,0.09287934682599337
"DNA-binding transcription activator activity, RNA polymerase II-specific",molfunc,0.8200000000000001,0.04980542679930401,0.08863117215582719
"DNA-binding transcription activator activity, RNA polymerase II-specific",molfunc,0.8300000000000001,0.05578207801522111,0.08564953403328915
"DNA-binding transcription activator activity, RNA polymerase II-specific",molfunc,0.84,0.045156920298035634,0.07876274155556538
"DNA-binding transcription activator activity, RNA polymerase II-specific",molfunc,0.85,0.037188052010146994,0.0768101643779735
"DNA-binding transcription activator activity, RNA polymerase II-specific",molfunc,0.86,0.03652397965282294,0.07351189211852771
"DNA-binding transcription activator activity, RNA polymerase II-specific",molfunc,0.87,0.04117248615409131,0.06728475409269405
"DNA-binding transcription activator activity, RNA polymerase II-specific",molfunc,0.88,0.033867690223526724,0.0662293069696714
"DNA-binding transcription activator activity, RNA polymerase II-specific",molfunc,0.89,0.03054732843690646,0.061822815231051834
"DNA-binding transcription activator activity, RNA polymerase II-specific",molfunc,0.9,0.023906604863665925,0.05696775846514763
"DNA-binding transcription activator activity, RNA polymerase II-specific",molfunc,0.91,0.02125031543436971,0.05646642108171187
"DNA-binding transcription activator activity, RNA polymerase II-specific",molfunc,0.92,0.025234749578314033,0.05459300243834667
"DNA-binding transcription activator activity, RNA polymerase II-specific",molfunc,0.93,0.02125031543436971,0.05833983972507708
"DNA-binding transcription activator activity, RNA polymerase II-specific",molfunc,0.9400000000000001,0.0199221707197216,0.05607062841057838
"DNA-binding transcription activator activity, RNA polymerase II-specific",molfunc,0.9500000000000001,0.020586243077045888,0.04841863676866469
"DNA-binding transcription activator activity, RNA polymerase II-specific",molfunc,0.96,0.012617374789157016,0.04886720179594878
"DNA-binding transcription activator activity, RNA polymerase II-specific",molfunc,0.97,0.013281447146481069,0.05055591719278502
"DNA-binding transcription activator activity, RNA polymerase II-specific",molfunc,0.98,0.02125031543436971,0.06477806717551526
"DNA-binding transcription activator activity, RNA polymerase II-specific",molfunc,0.99,0.0285551113649343,0.16623292187606767
DNA-binding transcription factor activity,molfunc,0.0,18.32528603492637,21.017408132674507
DNA-binding transcription factor activity,molfunc,0.01,7.254174193901571,7.598742053876055
DNA-binding transcription factor activity,molfunc,0.02,5.156402255433296,5.284125778537874
DNA-binding transcription factor activity,molfunc,0.03,4.0915311764383855,4.251797045388132
DNA-binding transcription factor activity,molfunc,0.04,3.636502983522198,3.6515858950666713
DNA-binding transcription factor activity,molfunc,0.05,3.287677232167298,3.2952769037256737
DNA-binding transcription factor activity,molfunc,0.06,3.1291399791974572,3.1043919611318045
DNA-binding transcription factor activity,molfunc,0.07,2.8674659221547065,2.7923166083678232
DNA-binding transcription factor activity,molfunc,0.08,2.496961734274923,2.5079985096622237
DNA-binding transcription factor activity,molfunc,0.09,2.303388624295175,2.2823811188670655
DNA-binding transcription factor activity,molfunc,0.1,2.1820769693983695,2.133691795162374
DNA-binding transcription factor activity,molfunc,0.11,2.038648929764056,1.957216512896647
DNA-binding transcription factor activity,molfunc,0.12,1.8706957902228043,1.8684908952188042
DNA-binding transcription factor activity,molfunc,0.13,1.8266819948541069,1.767307523392733
DNA-binding transcription factor activity,molfunc,0.14,1.6611375704822935,1.6604980690481101
DNA-binding transcription factor activity,molfunc,0.15,1.5956643126950223,1.5610943763860674
DNA-binding transcription factor activity,molfunc,0.16,1.4999726282367096,1.474263255882843
DNA-binding transcription factor activity,molfunc,0.17,1.4172004160508045,1.3945795565384005
DNA-binding transcription factor activity,molfunc,0.18,1.3907045491870573,1.3348167820300618
DNA-binding transcription factor activity,molfunc,0.19,1.3436251163299926,1.251774655876069
DNA-binding transcription factor activity,molfunc,0.2,1.2656703344829496,1.199561165563555
DNA-binding transcription factor activity,molfunc,0.21,1.217933979306946,1.1466587671875375
DNA-binding transcription factor activity,molfunc,0.22,1.1675699348552024,1.0705918351764485
DNA-binding transcription factor activity,molfunc,0.23,1.1207094761044527,1.0157949396258215
DNA-binding transcription factor activity,molfunc,0.24,1.0602726227623576,0.9805171058742607
DNA-binding transcription factor activity,molfunc,0.25,1.0392511085564122,0.9422827083501965
DNA-binding transcription factor activity,molfunc,0.26,1.015820879181036,0.8977333202440794
DNA-binding transcription factor activity,molfunc,0.27,0.9556029999452555,0.8708659057677097
DNA-binding transcription factor activity,molfunc,0.28,0.930420977719389,0.8254840870848722
DNA-binding transcription factor activity,molfunc,0.29,0.8866261564569982,0.7881395291428197
DNA-binding transcription factor activity,molfunc,0.3,0.8590354190616952,0.7630804983331289
DNA-binding transcription factor activity,molfunc,0.31,0.8207149504571076,0.7262526214387035
DNA-binding transcription factor activity,molfunc,0.32,0.8010072808890341,0.7031167923062741
DNA-binding transcription factor activity,molfunc,0.33,0.7999124103574745,0.6800096676764904
DNA-binding transcription factor activity,molfunc,0.34,0.755679640882465,0.6482050787450616
DNA-binding transcription factor activity,molfunc,0.35000000000000003,0.737504790058579,0.6078752525278648
DNA-binding transcription factor activity,molfunc,0.36,0.7059725187496572,0.5903942104166339
DNA-binding transcription factor activity,molfunc,0.37,0.6733453769091798,0.5523320399084437
DNA-binding transcription factor activity,molfunc,0.38,0.6567033448294732,0.544237370162358
DNA-binding transcription factor activity,molfunc,0.39,0.6317402967099135,0.5213024725484484
DNA-binding transcription factor activity,molfunc,0.4,0.5669239612415826,0.5052853600721512
DNA-binding transcription factor activity,molfunc,0.41000000000000003,0.5802813817266135,0.4849051631937112
DNA-binding transcription factor activity,molfunc,0.42,0.5384573274210319,0.46288880966446116
DNA-binding transcription factor activity,molfunc,0.43,0.5301363113811788,0.43926500398705504
DNA-binding transcription factor activity,molfunc,0.44,0.5073630043247381,0.4238219815636716
DNA-binding transcription factor activity,molfunc,0.45,0.49422455794602244,0.41472265422498666
DNA-binding transcription factor activity,molfunc,0.46,0.47079432857064607,0.4052501683519077
DNA-binding transcription factor activity,molfunc,0.47000000000000003,0.469699458039089,0.37519655408186814
DNA-binding transcription factor activity,molfunc,0.48,0.45612306344774695,0.3692260175315617
DNA-binding transcription factor activity,molfunc,0.49,0.4199923359062787,0.3592368506108602
DNA-binding transcription factor activity,molfunc,0.5,0.4136420868232328,0.3383112681821493
DNA-binding transcription factor activity,molfunc,0.51,0.39064980566048035,0.32766189770059684
DNA-binding transcription factor activity,molfunc,0.52,0.37313187715552604,0.3141707814571207
DNA-binding transcription factor activity,molfunc,0.53,0.3626211200525535,0.29746476091732676
DNA-binding transcription factor activity,molfunc,0.54,0.33503038265725044,0.2852940517955525
DNA-binding transcription factor activity,molfunc,0.55,0.34028576120873677,0.27596508843570194
DNA-binding transcription factor activity,molfunc,0.56,0.33108884874363576,0.2681287592134275
DNA-binding transcription factor activity,molfunc,0.5700000000000001,0.294301198883235,0.25610157260488453
DNA-binding transcription factor activity,molfunc,0.58,0.27262276235835087,0.2474902218111735
DNA-binding transcription factor activity,molfunc,0.59,0.2864181310560024,0.23991223311271032
DNA-binding transcription factor activity,molfunc,0.6,0.27306071057097475,0.22725354744595927
DNA-binding transcription factor activity,molfunc,0.61,0.26561559095636916,0.2219145099538602
DNA-binding transcription factor activity,molfunc,0.62,0.25313406689658924,0.2089113702553608
DNA-binding transcription factor activity,molfunc,0.63,0.22160179558767157,0.20196488061510287
DNA-binding transcription factor activity,molfunc,0.64,0.21371872776044212,0.19817588626587126
DNA-binding transcription factor activity,molfunc,0.65,0.21393770186675407,0.18445513400122954
DNA-binding transcription factor activity,molfunc,0.66,0.204959763507965,0.18244581881603095
DNA-binding transcription factor activity,molfunc,0.67,0.17233262166748767,0.1749826481281505
DNA-binding transcription factor activity,molfunc,0.68,0.18831773142825844,0.15919517167301883
DNA-binding transcription factor activity,molfunc,0.6900000000000001,0.1609459681392674,0.1555496998370157
DNA-binding transcription factor activity,molfunc,0.7000000000000001,0.15481469316253513,0.14983750381052427
DNA-binding transcription factor activity,molfunc,0.71,0.13729676465757912,0.13913072432367873
DNA-binding transcription factor activity,molfunc,0.72,0.1394865057206984,0.13961870086865555
DNA-binding transcription factor activity,molfunc,0.73,0.13116548968084513,0.13054807803261623
DNA-binding transcription factor activity,molfunc,0.74,0.12131165489680834,0.12139134168863987
DNA-binding transcription factor activity,molfunc,0.75,0.1217496031094322,0.11588007718066662
DNA-binding transcription factor activity,molfunc,0.76,0.09766245141512009,0.1135837169690111
DNA-binding transcription factor activity,molfunc,0.77,0.09153117643838608,0.11200496932349792
DNA-binding transcription factor activity,molfunc,0.78,0.08364810861115665,0.10502977518059428
DNA-binding transcription factor activity,molfunc,0.79,0.08496195324902822,0.101212076328717
DNA-binding transcription factor activity,molfunc,0.8,0.07970657469754196,0.0934905651170253
DNA-binding transcription factor activity,molfunc,0.81,0.07357529972080795,0.09432299569375042
DNA-binding transcription factor activity,molfunc,0.8200000000000001,0.06766299885038587,0.0897015707677937
DNA-binding transcription factor activity,molfunc,0.8300000000000001,0.05999890512946905,0.08772096008524179
DNA-binding transcription factor activity,molfunc,0.84,0.05430557836535825,0.08051612992117163
DNA-binding transcription factor activity,molfunc,0.85,0.0492691739201839,0.07870774625449291
DNA-binding transcription factor activity,molfunc,0.86,0.04226200251820218,0.07600952300579766
DNA-binding transcription factor activity,molfunc,0.87,0.04269995073082604,0.06937878289464236
DNA-binding transcription factor activity,molfunc,0.88,0.035473805222532406,0.06886210184701987
DNA-binding transcription factor activity,molfunc,0.89,0.03919636502983519,0.0634369508469837
DNA-binding transcription factor activity,molfunc,0.9,0.027371763288991054,0.05941832047658655
DNA-binding transcription factor activity,molfunc,0.91,0.02780971150161491,0.0587007079104442
DNA-binding transcription factor activity,molfunc,0.92,0.022773307056440557,0.05749511879932505
DNA-binding transcription factor activity,molfunc,0.93,0.0208025400996332,0.061657271682950675
DNA-binding transcription factor activity,molfunc,0.9400000000000001,0.01948869546176163,0.05930350246600377
DNA-binding transcription factor activity,molfunc,0.9500000000000001,0.019050747249137984,0.05106531020669016
DNA-binding transcription factor activity,molfunc,0.96,0.016861006186018487,0.05149587774637501
DNA-binding transcription factor activity,molfunc,0.97,0.015985109760770774,0.05347648842892789
DNA-binding transcription factor activity,molfunc,0.98,0.017517928504954275,0.06909173786818543
DNA-binding transcription factor activity,molfunc,0.99,0.026714840970055265,0.17857071095886226
"DNA-binding transcription factor activity, RNA polymerase II-specific",molfunc,0.0,18.31128413476229,21.00774187868751
"DNA-binding transcription factor activity, RNA polymerase II-specific",molfunc,0.01,7.226327761619682,7.600795053155031
"DNA-binding transcription factor activity, RNA polymerase II-specific",molfunc,0.02,5.144008238742461,5.2851484322166895
"DNA-binding transcription factor activity, RNA polymerase II-specific",molfunc,0.03,4.108959632425336,4.248915433852182
"DNA-binding transcription factor activity, RNA polymerase II-specific",molfunc,0.04,3.6415694351708288,3.650882029957977
"DNA-binding transcription factor activity, RNA polymerase II-specific",molfunc,0.05,3.2902911852245866,3.294914529499229
"DNA-binding transcription factor activity, RNA polymerase II-specific",molfunc,0.06,3.1230266061586835,3.1052690850200366
"DNA-binding transcription factor activity, RNA polymerase II-specific",molfunc,0.07,2.869074159999096,2.792432703735231
"DNA-binding transcription factor activity, RNA polymerase II-specific",molfunc,0.08,2.505573599809876,2.5068641075345415
"DNA-binding transcription factor activity, RNA polymerase II-specific",molfunc,0.09,2.2982470038364453,2.2831196404082257
"DNA-binding transcription factor activity, RNA polymerase II-specific",molfunc,0.1,2.1823613956067596,2.1338613870442016
"DNA-binding transcription factor activity, RNA polymerase II-specific",molfunc,0.11,2.0316195692767347,1.9584500693699323
"DNA-binding transcription factor activity, RNA polymerase II-specific",molfunc,0.12,1.8616389212679498,1.8696439810508885
"DNA-binding transcription factor activity, RNA polymerase II-specific",molfunc,0.13,1.8285934157962027,1.7673183305255693
"DNA-binding transcription factor activity, RNA polymerase II-specific",molfunc,0.14,1.653180629901659,1.6615056047588892
"DNA-binding transcription factor activity, RNA polymerase II-specific",molfunc,0.15,1.5984065728868404,1.5608949092703024
"DNA-binding transcription factor activity, RNA polymerase II-specific",molfunc,0.16,1.4979120220001572,1.4746326709224216
"DNA-binding transcription factor activity, RNA polymerase II-specific",molfunc,0.17,1.4146192410850722,1.3950015920499284
"DNA-binding transcription factor activity, RNA polymerase II-specific",molfunc,0.18,1.3894956033633974,1.3352068264356878
"DNA-binding transcription factor activity, RNA polymerase II-specific",molfunc,0.19,1.3453594830415432,1.251945759402097
"DNA-binding transcription factor activity, RNA polymerase II-specific",molfunc,0.2,1.2684041963265191,1.1994967178618878
"DNA-binding transcription factor activity, RNA polymerase II-specific",molfunc,0.21,1.2147618347045699,1.1473620847450736
"DNA-binding transcription factor activity, RNA polymerase II-specific",molfunc,0.22,1.17402080056132,1.0701891080919002
"DNA-binding transcription factor activity, RNA polymerase II-specific",molfunc,0.23,1.122189151567966,1.0160536940988987
"DNA-binding transcription factor activity, RNA polymerase II-specific",molfunc,0.24,1.0667360773174284,0.9800396383274148
"DNA-binding transcription factor activity, RNA polymerase II-specific",molfunc,0.25,1.0368593189457116,0.9429966095338915
"DNA-binding transcription factor activity, RNA polymerase II-specific",molfunc,0.26,1.0155834455597923,0.8982648656589964
"DNA-binding transcription factor activity, RNA polymerase II-specific",molfunc,0.27,0.9589986759163895,0.8707970024872557
"DNA-binding transcription factor activity, RNA polymerase II-specific",molfunc,0.28,0.9243687968946321,0.8266940754591687
"DNA-binding transcription factor activity, RNA polymerase II-specific",molfunc,0.29,0.8849857972228187,0.7887649865633266
"DNA-binding transcription factor activity, RNA polymerase II-specific",molfunc,0.3,0.8609938548940159,0.763240739099888
"DNA-binding transcription factor activity, RNA polymerase II-specific",molfunc,0.31,0.8191211253578978,0.7268551097371139
"DNA-binding transcription factor activity, RNA polymerase II-specific",molfunc,0.32,0.7989769473648466,0.7037889644929985
"DNA-binding transcription factor activity, RNA polymerase II-specific",molfunc,0.33,0.7996559646005674,0.6805513237452097
"DNA-binding transcription factor activity, RNA polymerase II-specific",molfunc,0.34,0.7546144879644189,0.648796072981626
"DNA-binding transcription factor activity, RNA polymerase II-specific",molfunc,0.35000000000000003,0.7371863789142549,0.6084660470343596
"DNA-binding transcription factor activity, RNA polymerase II-specific",molfunc,0.36,0.7064042642282397,0.5908305927399088
"DNA-binding transcription factor activity, RNA polymerase II-specific",molfunc,0.37,0.6749431323065077,0.5526442605885606
"DNA-binding transcription factor activity, RNA polymerase II-specific",molfunc,0.38,0.6597784140420759,0.5443267286603852
"DNA-binding transcription factor activity, RNA polymerase II-specific",molfunc,0.39,0.6351074544775523,0.5213463311681069
"DNA-binding transcription factor activity, RNA polymerase II-specific",molfunc,0.4,0.5649423401197329,0.5057974055016896
"DNA-binding transcription factor activity, RNA polymerase II-specific",molfunc,0.41000000000000003,0.5805597365413152,0.48527511022873726
"DNA-binding transcription factor activity, RNA polymerase II-specific",molfunc,0.42,0.5407240587123565,0.46292352958325983
"DNA-binding transcription factor activity, RNA polymerase II-specific",molfunc,0.43,0.5325758518837065,0.43934289782812336
"DNA-binding transcription factor activity, RNA polymerase II-specific",molfunc,0.44,0.5126580129692287,0.4235081463222499
"DNA-binding transcription factor activity, RNA polymerase II-specific",molfunc,0.45,0.49432454760476624,0.41504770147434644
"DNA-binding transcription factor activity, RNA polymerase II-specific",molfunc,0.46,0.471237961590258,0.4054725358525638
"DNA-binding transcription factor activity, RNA polymerase II-specific",molfunc,0.47000000000000003,0.472143317904555,0.3752893272059913
"DNA-binding transcription factor activity, RNA polymerase II-specific",molfunc,0.48,0.4581102950329885,0.3693441497453003
"DNA-binding transcription factor activity, RNA polymerase II-specific",molfunc,0.49,0.4252911286398149,0.35882575885331214
"DNA-binding transcription factor activity, RNA polymerase II-specific",molfunc,0.5,0.41578488733972324,0.3383606287482483
"DNA-binding transcription factor activity, RNA polymerase II-specific",molfunc,0.51,0.39337731856093583,0.32758499460074963
"DNA-binding transcription factor activity, RNA polymerase II-specific",molfunc,0.52,0.3745911750393261,0.3142369278981451
"DNA-binding transcription factor activity, RNA polymerase II-specific",molfunc,0.53,0.3650849337392344,0.2974303685381206
"DNA-binding transcription factor activity, RNA polymerase II-specific",molfunc,0.54,0.33701888799610663,0.2852541877772865
"DNA-binding transcription factor activity, RNA polymerase II-specific",molfunc,0.55,0.3424510258818733,0.27596484799496007
"DNA-binding transcription factor activity, RNA polymerase II-specific",molfunc,0.56,0.3327184455032081,0.2681903851617515
"DNA-binding transcription factor activity, RNA polymerase II-specific",molfunc,0.5700000000000001,0.29378812398855025,0.25632861282432207
"DNA-binding transcription factor activity, RNA polymerase II-specific",molfunc,0.58,0.2729649287597748,0.2475537595530139
"DNA-binding transcription factor activity, RNA polymerase II-specific",molfunc,0.59,0.28790330794563307,0.2399222096395334
"DNA-binding transcription factor activity, RNA polymerase II-specific",molfunc,0.6,0.27432296323121647,0.2272887075355694
"DNA-binding transcription factor activity, RNA polymerase II-specific",molfunc,0.61,0.26617475640256644,0.22202951208957533
"DNA-binding transcription factor activity, RNA polymerase II-specific",molfunc,0.62,0.2553104806310331,0.20882435830669893
"DNA-binding transcription factor activity, RNA polymerase II-specific",molfunc,0.63,0.22271765331643315,0.20190737299185893
"DNA-binding transcription factor activity, RNA polymerase II-specific",molfunc,0.64,0.21185337754489983,0.19847746291838456
"DNA-binding transcription factor activity, RNA polymerase II-specific",molfunc,0.65,0.2154748028020776,0.18438624903319392
"DNA-binding transcription factor activity, RNA polymerase II-specific",molfunc,0.66,0.20664757873770676,0.1823283029891093
"DNA-binding transcription factor activity, RNA polymerase II-specific",molfunc,0.67,0.17360207326595958,0.17481108341141127
"DNA-binding transcription factor activity, RNA polymerase II-specific",molfunc,0.68,0.18989848692325956,0.15911924482526596
"DNA-binding transcription factor activity, RNA polymerase II-specific",molfunc,0.6900000000000001,0.16273779749442627,0.15534634374444412
"DNA-binding transcription factor activity, RNA polymerase II-specific",molfunc,0.7000000000000001,0.1548159297443516,0.14985848762688678
"DNA-binding transcription factor activity, RNA polymerase II-specific",molfunc,0.71,0.13806683792990268,0.13902568831149517
"DNA-binding transcription factor activity, RNA polymerase II-specific",molfunc,0.72,0.14146192410850683,0.13936867931884261
"DNA-binding transcription factor activity, RNA polymerase II-specific",molfunc,0.73,0.13195568280841516,0.13045091312780918
"DNA-binding transcription factor activity, RNA polymerase II-specific",molfunc,0.74,0.11950703348686657,0.12161889468861266
"DNA-binding transcription factor activity, RNA polymerase II-specific",molfunc,0.75,0.12154408519402907,0.11593096048343429
"DNA-binding transcription factor activity, RNA polymerase II-specific",molfunc,0.76,0.0993628554938152,0.11330136276043726
"DNA-binding transcription factor activity, RNA polymerase II-specific",molfunc,0.77,0.09257268313660687,0.1117864858113194
"DNA-binding transcription factor activity, RNA polymerase II-specific",molfunc,0.78,0.082613763679368,0.10506957858409872
"DNA-binding transcription factor activity, RNA polymerase II-specific",molfunc,0.79,0.08532983262225131,0.10109659941565757
"DNA-binding transcription factor activity, RNA polymerase II-specific",molfunc,0.8,0.08035037289363188,0.09335071916639458
"DNA-binding transcription factor activity, RNA polymerase II-specific",molfunc,0.81,0.07401287869357077,0.09417961410081754
"DNA-binding transcription factor activity, RNA polymerase II-specific",molfunc,0.8200000000000001,0.06858074080780412,0.08949207033373588
"DNA-binding transcription factor activity, RNA polymerase II-specific",molfunc,0.8300000000000001,0.0606588730577284,0.08751987204148909
"DNA-binding transcription factor activity, RNA polymerase II-specific",molfunc,0.84,0.053642361621945786,0.08048855639086562
"DNA-binding transcription factor activity, RNA polymerase II-specific",molfunc,0.85,0.049115580050473576,0.07860210585045471
"DNA-binding transcription factor activity, RNA polymerase II-specific",molfunc,0.86,0.04164639045754442,0.07594392554351206
"DNA-binding transcription factor activity, RNA polymerase II-specific",molfunc,0.87,0.04209906861469163,0.06934134865207386
"DNA-binding transcription factor activity, RNA polymerase II-specific",molfunc,0.88,0.03576157441463052,0.0686839492213246
"DNA-binding transcription factor activity, RNA polymerase II-specific",molfunc,0.89,0.039382999671808305,0.06331042343954807
"DNA-binding transcription factor activity, RNA polymerase II-specific",molfunc,0.9,0.026708011271686087,0.059366026855052524
"DNA-binding transcription factor activity, RNA polymerase II-specific",molfunc,0.91,0.028292384821701367,0.058508549336683924
"DNA-binding transcription factor activity, RNA polymerase II-specific",molfunc,0.92,0.02218122970021387,0.05742241114675037
"DNA-binding transcription factor activity, RNA polymerase II-specific",molfunc,0.93,0.01991783891447776,0.06159546840281087
"DNA-binding transcription factor activity, RNA polymerase II-specific",molfunc,0.9400000000000001,0.01788078720731526,0.059337444271106904
"DNA-binding transcription factor activity, RNA polymerase II-specific",molfunc,0.9500000000000001,0.017880787207315462,0.05107707751082332
"DNA-binding transcription factor activity, RNA polymerase II-specific",molfunc,0.96,0.016749091814447208,0.05136290335027895
"DNA-binding transcription factor activity, RNA polymerase II-specific",molfunc,0.97,0.015391057343005542,0.053392266810417956
"DNA-binding transcription factor activity, RNA polymerase II-specific",molfunc,0.98,0.014712040107284712,0.06922701831629138
"DNA-binding transcription factor activity, RNA polymerase II-specific",molfunc,0.99,0.02557631587881803,0.17806949798121194
DNA-binding transcription factor binding,molfunc,0.0,21.42847911497105,20.67584912368845
DNA-binding transcription factor binding,molfunc,0.01,8.00118899917287,7.540724997272629
DNA-binding transcription factor binding,molfunc,0.02,5.497828784119108,5.25998250784466
DNA-binding transcription factor binding,molfunc,0.03,4.2002688172043,4.234570278603913
DNA-binding transcription factor binding,molfunc,0.04,3.9198200992555825,3.638801520565433
DNA-binding transcription factor binding,molfunc,0.05,3.3854166666666683,3.2906754027065572
DNA-binding transcription factor binding,molfunc,0.06,3.215467328370551,3.10283680917939
DNA-binding transcription factor binding,molfunc,0.07,2.9576354425144764,2.79462408111373
DNA-binding transcription factor binding,molfunc,0.08,2.4581265508684873,2.5087057944679687
DNA-binding transcription factor binding,molfunc,0.09,2.2836538461538445,2.2848632629605574
DNA-binding transcription factor binding,molfunc,0.1,2.109181141439207,2.14053052846015
DNA-binding transcription factor binding,molfunc,0.11,2.0400382547559976,1.9636542491382707
DNA-binding transcription factor binding,molfunc,0.12,1.7582971464019836,1.873261383570844
DNA-binding transcription factor binding,molfunc,0.13,1.7486042183622814,1.7752345208821505
DNA-binding transcription factor binding,molfunc,0.14,1.6264733250620378,1.6619660791658741
DNA-binding transcription factor binding,molfunc,0.15,1.588347808105871,1.5641505381967955
DNA-binding transcription factor binding,molfunc,0.16,1.477202233250619,1.4772444810031007
DNA-binding transcription factor binding,molfunc,0.17,1.3208229942100935,1.400323375061451
DNA-binding transcription factor binding,molfunc,0.18,1.351840363937137,1.34086272620339
DNA-binding transcription factor binding,molfunc,0.19,1.2213089330024802,1.2641001115514514
DNA-binding transcription factor binding,molfunc,0.2,1.1928763440860237,1.2078092884876968
DNA-binding transcription factor binding,molfunc,0.21,1.0739764267990064,1.158227930021868
DNA-binding transcription factor binding,molfunc,0.22,1.0481286186931338,1.0832087195567939
DNA-binding transcription factor binding,molfunc,0.23,1.0397280810587282,1.027472616007041
DNA-binding transcription factor binding,molfunc,0.24,0.984801488833746,0.9899630107745012
DNA-binding transcription factor binding,molfunc,0.25,0.9053194789081879,0.9554911552615005
DNA-binding transcription factor binding,molfunc,0.26,0.9111352357320092,0.9114305767207457
DNA-binding transcription factor binding,molfunc,0.27,0.8568548387096767,0.8816606294692886
DNA-binding transcription factor binding,molfunc,0.28,0.7818961952026505,0.8399245898443576
DNA-binding transcription factor binding,molfunc,0.29,0.747647849462365,0.8016753585931461
DNA-binding transcription factor binding,molfunc,0.3,0.7864195616211739,0.7737016459584581
DNA-binding transcription factor binding,molfunc,0.31,0.7592793631100077,0.7362977015857312
DNA-binding transcription factor binding,molfunc,0.32,0.7159842845326709,0.7143994883901161
DNA-binding transcription factor binding,molfunc,0.33,0.7159842845326709,0.6930031642785985
DNA-binding transcription factor binding,molfunc,0.34,0.670750620347394,0.6602482977375098
DNA-binding transcription factor binding,molfunc,0.35000000000000003,0.6113006617038903,0.6233726576638361
DNA-binding transcription factor binding,molfunc,0.36,0.6106544665012401,0.6035084160195594
DNA-binding transcription factor binding,molfunc,0.37,0.5705903639371377,0.5661837172916898
DNA-binding transcription factor binding,molfunc,0.38,0.56606699751861,0.5569119768433655
DNA-binding transcription factor binding,molfunc,0.39,0.5421577750206777,0.5337722485449834
DNA-binding transcription factor binding,molfunc,0.4,0.4936931348221666,0.513194796096993
DNA-binding transcription factor binding,molfunc,0.41000000000000003,0.48464640198511394,0.4964211346021641
DNA-binding transcription factor binding,molfunc,0.42,0.45944478908188546,0.4721455520608222
DNA-binding transcription factor binding,molfunc,0.43,0.4381203473945406,0.4502737540801597
DNA-binding transcription factor binding,molfunc,0.44,0.45815239867659185,0.4324963144171334
DNA-binding transcription factor binding,molfunc,0.45,0.40516439205955296,0.4247038260061486
DNA-binding transcription factor binding,molfunc,0.46,0.3760856079404463,0.41434906174477215
DNA-binding transcription factor binding,molfunc,0.47000000000000003,0.3799627791563293,0.38640176432503887
DNA-binding transcription factor binding,molfunc,0.48,0.38448614557485494,0.37908474978319684
DNA-binding transcription factor binding,molfunc,0.49,0.35734594706368866,0.36664318354057357
DNA-binding transcription factor binding,molfunc,0.5,0.3334367245657565,0.34759781355982766
DNA-binding transcription factor binding,molfunc,0.51,0.32568238213399475,0.33534115382187185
DNA-binding transcription factor binding,molfunc,0.52,0.32115901571546707,0.3209976921026693
DNA-binding transcription factor binding,molfunc,0.53,0.2836796939619518,0.30588818914984456
DNA-binding transcription factor binding,molfunc,0.54,0.2862644747725391,0.29125416006616456
DNA-binding transcription factor binding,molfunc,0.55,0.2319840777502066,0.28552205842147405
DNA-binding transcription factor binding,molfunc,0.56,0.27786393713813046,0.27532578544981257
DNA-binding transcription factor binding,molfunc,0.5700000000000001,0.23198407775020913,0.2616955345343302
DNA-binding transcription factor binding,molfunc,0.58,0.22358354011579798,0.2514992615626658
DNA-binding transcription factor binding,molfunc,0.59,0.23715363937138112,0.2456350838432128
DNA-binding transcription factor binding,molfunc,0.6,0.20419768403639352,0.23372182189963941
DNA-binding transcription factor binding,molfunc,0.61,0.22552212572373845,0.2270387725166592
DNA-binding transcription factor binding,molfunc,0.62,0.2119520264681553,0.21412173240489119
DNA-binding transcription factor binding,molfunc,0.63,0.16671836228287826,0.20577452447990405
DNA-binding transcription factor binding,molfunc,0.64,0.16477977667493782,0.20141601401274303
DNA-binding transcription factor binding,molfunc,0.65,0.15379445822994195,0.18926501513459726
DNA-binding transcription factor binding,molfunc,0.66,0.1673645574855251,0.18577820676086845
DNA-binding transcription factor binding,molfunc,0.67,0.14797870140612063,0.1757668402938744
DNA-binding transcription factor binding,molfunc,0.68,0.1421629445822993,0.16340451969610864
DNA-binding transcription factor binding,molfunc,0.6900000000000001,0.12730045492142256,0.15735543547198821
DNA-binding transcription factor binding,molfunc,0.7000000000000001,0.12342328370554304,0.15151767296748941
DNA-binding transcription factor binding,molfunc,0.71,0.10726840363937129,0.14021196096782165
DNA-binding transcription factor binding,molfunc,0.72,0.12083850289495439,0.1403704522575366
DNA-binding transcription factor binding,molfunc,0.73,0.10985318444995855,0.13146852481854715
DNA-binding transcription factor binding,molfunc,0.74,0.08723635235732002,0.12277791909917767
DNA-binding transcription factor binding,molfunc,0.75,0.0949906947890818,0.1174420456787745
DNA-binding transcription factor binding,molfunc,0.76,0.09692928039702225,0.11234390919294376
DNA-binding transcription factor binding,molfunc,0.77,0.08271298593879232,0.11073258108084183
DNA-binding transcription factor binding,molfunc,0.78,0.07948200992555825,0.10349481218385931
DNA-binding transcription factor binding,molfunc,0.79,0.06720430107526876,0.10064196896899029
DNA-binding transcription factor binding,molfunc,0.8,0.06138854425144742,0.09314004792248289
DNA-binding transcription factor binding,molfunc,0.81,0.07495864350703053,0.09261174362343307
DNA-binding transcription factor binding,molfunc,0.8200000000000001,0.054926592224979275,0.088464554875892
DNA-binding transcription factor binding,molfunc,0.8300000000000001,0.04781844499586484,0.0860079398853113
DNA-binding transcription factor binding,molfunc,0.84,0.04458746898263023,0.07882300141823281
DNA-binding transcription factor binding,molfunc,0.85,0.04264888337468979,0.07663053857717608
DNA-binding transcription factor binding,molfunc,0.86,0.03489454094292801,0.07361920407259212
DNA-binding transcription factor binding,molfunc,0.87,0.035540736145574826,0.0675437046335192
DNA-binding transcription factor binding,molfunc,0.88,0.03166356492969393,0.06635501996065711
DNA-binding transcription factor binding,molfunc,0.89,0.02843258891645986,0.06194367906359114
DNA-binding transcription factor binding,molfunc,0.9,0.021970636889991707,0.057083279512332816
DNA-binding transcription factor binding,molfunc,0.91,0.021324441687344896,0.05650214478337801
DNA-binding transcription factor binding,molfunc,0.92,0.016154880066170375,0.05499647753108604
DNA-binding transcription factor binding,molfunc,0.93,0.010985318444995854,0.05880026848424472
DNA-binding transcription factor binding,molfunc,0.9400000000000001,0.01680107526881719,0.05623799263385311
DNA-binding transcription factor binding,molfunc,0.9500000000000001,0.0174472704714642,0.04857758029763129
DNA-binding transcription factor binding,molfunc,0.96,0.014862489660876745,0.04881531723220316
DNA-binding transcription factor binding,molfunc,0.97,0.009692928039702224,0.050743627923735005
DNA-binding transcription factor binding,molfunc,0.98,0.022616832092638525,0.06477010706350766
DNA-binding transcription factor binding,molfunc,0.99,0.038125516956162085,0.16599321076145276
"DNA-binding transcription repressor activity, RNA polymerase II-specific",molfunc,0.0,17.679950143683136,20.79679114605624
"DNA-binding transcription repressor activity, RNA polymerase II-specific",molfunc,0.01,7.3053353183533565,7.566464840936418
"DNA-binding transcription repressor activity, RNA polymerase II-specific",molfunc,0.02,5.073053353183535,5.2752517244165045
"DNA-binding transcription repressor activity, RNA polymerase II-specific",molfunc,0.03,4.156424194162655,4.235542888904517
"DNA-binding transcription repressor activity, RNA polymerase II-specific",molfunc,0.04,3.650070976006647,3.649830832930492
"DNA-binding transcription repressor activity, RNA polymerase II-specific",molfunc,0.05,3.2657618668420887,3.295261047494627
"DNA-binding transcription repressor activity, RNA polymerase II-specific",molfunc,0.06,3.207769276044729,3.104224222381816
"DNA-binding transcription repressor activity, RNA polymerase II-specific",molfunc,0.07,2.868469341827374,2.798988840803606
"DNA-binding transcription repressor activity, RNA polymerase II-specific",molfunc,0.08,2.588893120520723,2.5042373468496195
"DNA-binding transcription repressor activity, RNA polymerase II-specific",molfunc,0.09,2.333552608801023,2.2833436647122
"DNA-binding transcription repressor activity, RNA polymerase II-specific",molfunc,0.1,2.291140117023856,2.134712988543282
"DNA-binding transcription repressor activity, RNA polymerase II-specific",molfunc,0.11,2.0591697538344365,1.963859607933977
"DNA-binding transcription repressor activity, RNA polymerase II-specific",molfunc,0.12,1.9544368659765243,1.8661581414707806
"DNA-binding transcription repressor activity, RNA polymerase II-specific",molfunc,0.13,1.8133504137381835,1.7730057933283243
"DNA-binding transcription repressor activity, RNA polymerase II-specific",molfunc,0.14,1.7103486479936327,1.6590686804445722
"DNA-binding transcription repressor activity, RNA polymerase II-specific",molfunc,0.15,1.666205034103104,1.5620469672936679
"DNA-binding transcription repressor activity, RNA polymerase II-specific",molfunc,0.16,1.584842294775472,1.4739927689934174
"DNA-binding transcription repressor activity, RNA polymerase II-specific",molfunc,0.17,1.388359934909811,1.397468232644005
"DNA-binding transcription repressor activity, RNA polymerase II-specific",molfunc,0.18,1.3537374926427297,1.3409179859327653
"DNA-binding transcription repressor activity, RNA polymerase II-specific",molfunc,0.19,1.3597964200394683,1.2594783102482996
"DNA-binding transcription repressor activity, RNA polymerase II-specific",molfunc,0.2,1.3355607104525178,1.2033463732677097
"DNA-binding transcription repressor activity, RNA polymerase II-specific",molfunc,0.21,1.2074576740643275,1.1533322160977602
"DNA-binding transcription repressor activity, RNA polymerase II-specific",molfunc,0.22,1.1511962053803266,1.0797358478628416
"DNA-binding transcription repressor activity, RNA polymerase II-specific",molfunc,0.23,1.105321469376452,1.0256170264609683
"DNA-binding transcription repressor activity, RNA polymerase II-specific",molfunc,0.24,1.0551189280891866,0.9877861401959824
"DNA-binding transcription repressor activity, RNA polymerase II-specific",molfunc,0.25,1.088875809299587,0.9494323667676964
"DNA-binding transcription repressor activity, RNA polymerase II-specific",molfunc,0.26,0.9616383339680772,0.9099020972219781
"DNA-binding transcription repressor activity, RNA polymerase II-specific",molfunc,0.27,0.9573105286846926,0.8783720012747982
"DNA-binding transcription repressor activity, RNA polymerase II-specific",molfunc,0.28,0.9564449676280209,0.8340573141848607
"DNA-binding transcription repressor activity, RNA polymerase II-specific",molfunc,0.29,0.8430564692033369,0.7982395434985902
"DNA-binding transcription repressor activity, RNA polymerase II-specific",molfunc,0.3,0.9036457431707225,0.7702912246200367
"DNA-binding transcription repressor activity, RNA polymerase II-specific",molfunc,0.31,0.827476370183152,0.7344734539337711
"DNA-binding transcription repressor activity, RNA polymerase II-specific",molfunc,0.32,0.7807360731225973,0.7124599043587083
"DNA-binding transcription repressor activity, RNA polymerase II-specific",molfunc,0.33,0.7816016341792742,0.6912568298867655
"DNA-binding transcription repressor activity, RNA polymerase II-specific",molfunc,0.34,0.74611363085552,0.6580796393751807
"DNA-binding transcription repressor activity, RNA polymerase II-specific",molfunc,0.35000000000000003,0.7417858255721392,0.6193075562162554
"DNA-binding transcription repressor activity, RNA polymerase II-specific",molfunc,0.36,0.6881210400581651,0.6012418047241281
"DNA-binding transcription repressor activity, RNA polymerase II-specific",molfunc,0.37,0.6292628882041335,0.5644566927857515
"DNA-binding transcription repressor activity, RNA polymerase II-specific",molfunc,0.38,0.6534985977910875,0.5543649705340007
"DNA-binding transcription repressor activity, RNA polymerase II-specific",molfunc,0.39,0.6708098189246263,0.5299722843659086
"DNA-binding transcription repressor activity, RNA polymerase II-specific",molfunc,0.4,0.5686736142367478,0.5107300367563528
"DNA-binding transcription repressor activity, RNA polymerase II-specific",molfunc,0.41000000000000003,0.5704047363501048,0.49371005959083786
"DNA-binding transcription repressor activity, RNA polymerase II-specific",molfunc,0.42,0.5755981026901633,0.4685068983196232
"DNA-binding transcription repressor activity, RNA polymerase II-specific",molfunc,0.43,0.5686736142367478,0.44620576080474383
"DNA-binding transcription repressor activity, RNA polymerase II-specific",molfunc,0.44,0.49683204653256197,0.4315910645904208
"DNA-binding transcription repressor activity, RNA polymerase II-specific",molfunc,0.45,0.495966485475885,0.42176078592032157
"DNA-binding transcription repressor activity, RNA polymerase II-specific",molfunc,0.46,0.482117508569054,0.41075401113279025
"DNA-binding transcription repressor activity, RNA polymerase II-specific",molfunc,0.47000000000000003,0.4699996537755795,0.3836161673573588
"DNA-binding transcription repressor activity, RNA polymerase II-specific",molfunc,0.48,0.4907731191358234,0.3759297260568004
"DNA-binding transcription repressor activity, RNA polymerase II-specific",molfunc,0.49,0.3972925250147142,0.3653412609999116
"DNA-binding transcription repressor activity, RNA polymerase II-specific",molfunc,0.5,0.4076792576948374,0.34521010521274026
"DNA-binding transcription repressor activity, RNA polymerase II-specific",molfunc,0.51,0.3912335976179756,0.33326213353126327
"DNA-binding transcription repressor activity, RNA polymerase II-specific",molfunc,0.52,0.35228335006751343,0.3200592326578587
"DNA-binding transcription repressor activity, RNA polymerase II-specific",molfunc,0.53,0.34622442267077486,0.30377129752096554
"DNA-binding transcription repressor activity, RNA polymerase II-specific",molfunc,0.54,0.33064432365059,0.28986249897710176
"DNA-binding transcription repressor activity, RNA polymerase II-specific",molfunc,0.55,0.3332410068206208,0.2819146140948938
"DNA-binding transcription repressor activity, RNA polymerase II-specific",molfunc,0.56,0.31852646885711294,0.2741235953616769
"DNA-binding transcription repressor activity, RNA polymerase II-specific",molfunc,0.5700000000000001,0.2778450991932999,0.2600056419524947
"DNA-binding transcription repressor activity, RNA polymerase II-specific",molfunc,0.58,0.27265173285323524,0.2497309091935849
"DNA-binding transcription repressor activity, RNA polymerase II-specific",molfunc,0.59,0.26659280545649666,0.24465890370954432
"DNA-binding transcription repressor activity, RNA polymerase II-specific",molfunc,0.6,0.28217290447668153,0.2310638374636624
"DNA-binding transcription repressor activity, RNA polymerase II-specific",molfunc,0.61,0.2717861717965583,0.22562581096530962
"DNA-binding transcription repressor activity, RNA polymerase II-specific",molfunc,0.62,0.25534051171969646,0.2127889311062173
"DNA-binding transcription repressor activity, RNA polymerase II-specific",molfunc,0.63,0.21639026416923432,0.20387370497189855
"DNA-binding transcription repressor activity, RNA polymerase II-specific",molfunc,0.64,0.1748433334487413,0.20073638199207963
"DNA-binding transcription repressor activity, RNA polymerase II-specific",molfunc,0.65,0.206869092545788,0.18729818189518868
"DNA-binding transcription repressor activity, RNA polymerase II-specific",molfunc,0.66,0.22158363050929594,0.18395170405004851
"DNA-binding transcription repressor activity, RNA polymerase II-specific",molfunc,0.67,0.16618772288197195,0.17493190048306914
"DNA-binding transcription repressor activity, RNA polymerase II-specific",molfunc,0.68,0.19648235986566473,0.16154598910250847
"DNA-binding transcription repressor activity, RNA polymerase II-specific",molfunc,0.6900000000000001,0.14801094069175627,0.1564216949021376
"DNA-binding transcription repressor activity, RNA polymerase II-specific",molfunc,0.7000000000000001,0.16012879548523518,0.1501209045843363
"DNA-binding transcription repressor activity, RNA polymerase II-specific",molfunc,0.71,0.151473184918464,0.13853895391716983
"DNA-binding transcription repressor activity, RNA polymerase II-specific",molfunc,0.72,0.13156528061489448,0.13984617182542772
"DNA-binding transcription repressor activity, RNA polymerase II-specific",molfunc,0.73,0.12031298687809427,0.130930945691109
"DNA-binding transcription repressor activity, RNA polymerase II-specific",molfunc,0.74,0.12290967004812509,0.12133596624449618
"DNA-binding transcription repressor activity, RNA polymerase II-specific",molfunc,0.75,0.12464079216147896,0.11631624947678593
"DNA-binding transcription repressor activity, RNA polymerase II-specific",molfunc,0.76,0.0839594224976629,0.11257760625916839
"DNA-binding transcription repressor activity, RNA polymerase II-specific",molfunc,0.77,0.09607727729114005,0.11004160351714812
"DNA-binding transcription repressor activity, RNA polymerase II-specific",molfunc,0.78,0.08915278883772454,0.10295648245439042
"DNA-binding transcription repressor activity, RNA polymerase II-specific",molfunc,0.79,0.09174947200775535,0.09955771589291994
"DNA-binding transcription repressor activity, RNA polymerase II-specific",molfunc,0.8,0.08222830038430903,0.09218500689034552
"DNA-binding transcription repressor activity, RNA polymerase II-specific",molfunc,0.81,0.0882872277810476,0.09202814074135457
"DNA-binding transcription repressor activity, RNA polymerase II-specific",molfunc,0.8200000000000001,0.08482498355433984,0.08721757883896558
"DNA-binding transcription repressor activity, RNA polymerase II-specific",molfunc,0.8300000000000001,0.06405151819409406,0.08512603018575392
"DNA-binding transcription repressor activity, RNA polymerase II-specific",molfunc,0.84,0.06751376242080111,0.0777794655413437
"DNA-binding transcription repressor activity, RNA polymerase II-specific",molfunc,0.85,0.06405151819409335,0.07563562817180079
"DNA-binding transcription repressor activity, RNA polymerase II-specific",molfunc,0.86,0.04674029706055461,0.07286432620629409
"DNA-binding transcription repressor activity, RNA polymerase II-specific",molfunc,0.87,0.05626146868400092,0.06658968024665628
"DNA-binding transcription repressor activity, RNA polymerase II-specific",molfunc,0.88,0.03116019804036974,0.0660145043670228
"DNA-binding transcription repressor activity, RNA polymerase II-specific",molfunc,0.89,0.04933698023058542,0.060968643241147404
"DNA-binding transcription repressor activity, RNA polymerase II-specific",molfunc,0.9,0.033756881210400554,0.05636723620407967
"DNA-binding transcription repressor activity, RNA polymerase II-specific",molfunc,0.91,0.03116019804036974,0.055844349040776516
"DNA-binding transcription repressor activity, RNA polymerase II-specific",molfunc,0.92,0.022504587473600367,0.05440640934169286
"DNA-binding transcription repressor activity, RNA polymerase II-specific",molfunc,0.93,0.025101270643631178,0.05788360897765881
"DNA-binding transcription repressor activity, RNA polymerase II-specific",molfunc,0.9400000000000001,0.01558009902018487,0.05587049339894168
"DNA-binding transcription repressor activity, RNA polymerase II-specific",molfunc,0.9500000000000001,0.023370148530277565,0.04807947466572527
"DNA-binding transcription repressor activity, RNA polymerase II-specific",molfunc,0.96,0.01904234324689262,0.048340918247376304
"DNA-binding transcription repressor activity, RNA polymerase II-specific",molfunc,0.97,0.023370148530277305,0.049909579737285756
"DNA-binding transcription repressor activity, RNA polymerase II-specific",molfunc,0.98,0.017311221133538744,0.06449813159344367
"DNA-binding transcription repressor activity, RNA polymerase II-specific",molfunc,0.99,0.033756881210400554,0.1648140338731532
G protein-coupled receptor activity,molfunc,0.0,17.538292213152342,20.749837748144977
G protein-coupled receptor activity,molfunc,0.01,6.732092084747317,7.5704064968679345
G protein-coupled receptor activity,molfunc,0.02,4.5051820599834915,5.280043356371983
G protein-coupled receptor activity,molfunc,0.03,3.7384206181784823,4.240164655395588
G protein-coupled receptor activity,molfunc,0.04,3.2137943685224246,3.6559550419538773
G protein-coupled receptor activity,molfunc,0.05,2.7827203521966446,3.3015743448035932
G protein-coupled receptor activity,molfunc,0.06,2.823076217554799,3.111246871408518
G protein-coupled receptor activity,molfunc,0.07,2.4873887920755764,2.8054259284897802
G protein-coupled receptor activity,molfunc,0.08,2.096670641107953,2.512471905081251
G protein-coupled receptor activity,molfunc,0.09,1.9279097496101973,2.289822729876522
G protein-coupled receptor activity,molfunc,0.1,1.8527010914427229,2.14331998433324
G protein-coupled receptor activity,molfunc,0.11,1.7884985783729257,1.9691533618429968
G protein-coupled receptor activity,molfunc,0.12,1.744473997982205,1.8704898230386808
G protein-coupled receptor activity,molfunc,0.13,1.5903879666146918,1.7767671813262895
G protein-coupled receptor activity,molfunc,0.14,1.4564798679262616,1.6634353542803384
G protein-coupled receptor activity,molfunc,0.15,1.540860313675134,1.5654408952905516
G protein-coupled receptor activity,molfunc,0.16,1.3812712097587807,1.4785891885966143
G protein-coupled receptor activity,molfunc,0.17,1.4601485829588214,1.3963181052483162
G protein-coupled receptor activity,molfunc,0.18,1.2657066862331459,1.342354244822479
G protein-coupled receptor activity,molfunc,0.19,1.2712097587819855,1.2622962716299337
G protein-coupled receptor activity,molfunc,0.2,1.2418600385215102,1.2067369131848378
G protein-coupled receptor activity,molfunc,0.21,1.1758231679354296,1.1546258891684718
G protein-coupled receptor activity,molfunc,0.22,1.076767862056314,1.081902060096748
G protein-coupled receptor activity,molfunc,0.23,1.0767678620563168,1.0272691198563866
G protein-coupled receptor activity,molfunc,0.24,0.9740438411446383,0.9899807871157865
G protein-coupled receptor activity,molfunc,0.25,0.9465284784004394,0.9536188725799246
G protein-coupled receptor activity,molfunc,0.26,0.977712556177198,0.9104889583816906
G protein-coupled receptor activity,molfunc,0.27,0.863982390167843,0.8809207773472212
G protein-coupled receptor activity,molfunc,0.28,0.9226818306888055,0.83645270351993
G protein-coupled receptor activity,molfunc,0.29,0.8052829496468855,0.7994731768475731
G protein-coupled receptor activity,molfunc,0.3,0.8291295973585244,0.7734305317589021
G protein-coupled receptor activity,molfunc,0.31,0.7630927267724473,0.7368370126718564
G protein-coupled receptor activity,molfunc,0.32,0.816289094744565,0.7130332115779624
G protein-coupled receptor activity,molfunc,0.33,0.746583509125928,0.6931666878541936
G protein-coupled receptor activity,molfunc,0.34,0.7392460790608083,0.6595582940935172
G protein-coupled receptor activity,molfunc,0.35000000000000003,0.6768779235072948,0.6221412921578213
G protein-coupled receptor activity,molfunc,0.36,0.6456938457305323,0.6032011866387844
G protein-coupled receptor activity,molfunc,0.37,0.6200128405026134,0.5656040478299421
G protein-coupled receptor activity,molfunc,0.38,0.5980005503072543,0.5567001395288746
G protein-coupled receptor activity,molfunc,0.39,0.6897184261212503,0.5319184525522045
G protein-coupled receptor activity,molfunc,0.4,0.6677061359258915,0.5102505600970058
G protein-coupled receptor activity,molfunc,0.41000000000000003,0.5466385398514195,0.4952477319481003
G protein-coupled receptor activity,molfunc,0.42,0.5466385398514165,0.4705947141665294
G protein-coupled receptor activity,molfunc,0.43,0.5191231771072178,0.44882388635524906
G protein-coupled receptor activity,molfunc,0.44,0.5264606071723374,0.43219982634805393
G protein-coupled receptor activity,molfunc,0.45,0.5484728973676964,0.42218936296910825
G protein-coupled receptor activity,molfunc,0.46,0.5172888195909378,0.4113811505805293
G protein-coupled receptor activity,molfunc,0.47000000000000003,0.4420801614234635,0.3853642393308808
G protein-coupled receptor activity,molfunc,0.48,0.4934421718792988,0.3776955553027917
G protein-coupled receptor activity,molfunc,0.49,0.4861047418141792,0.364597031241395
G protein-coupled receptor activity,molfunc,0.5,0.4732642392002197,0.345270918137055
G protein-coupled receptor activity,molfunc,0.51,0.41823351371182205,0.33379362593394507
G protein-coupled receptor activity,molfunc,0.52,0.41639915619554213,0.31966574831173117
G protein-coupled receptor activity,molfunc,0.53,0.4402458039071811,0.30311888982159735
G protein-coupled receptor activity,molfunc,0.54,0.39071815096762325,0.28966009201391457
G protein-coupled receptor activity,molfunc,0.55,0.3998899385490229,0.28178553727366423
G protein-coupled receptor activity,molfunc,0.56,0.42923965880950155,0.2732676365579032
G protein-coupled receptor activity,molfunc,0.5700000000000001,0.4274053012932264,0.2581876068919365
G protein-coupled receptor activity,molfunc,0.58,0.39255250848390316,0.24840874806417176
G protein-coupled receptor activity,molfunc,0.59,0.38888379345134333,0.243287714099107
G protein-coupled receptor activity,molfunc,0.6,0.36503714573970436,0.2307038668181187
G protein-coupled receptor activity,molfunc,0.61,0.4145647986792622,0.22434760858007347
G protein-coupled receptor activity,molfunc,0.62,0.348527928093185,0.21214976888439158
G protein-coupled receptor activity,molfunc,0.63,0.40539301109786263,0.20141875801287396
G protein-coupled receptor activity,molfunc,0.64,0.3393561405117854,0.19802189126217773
G protein-coupled receptor activity,molfunc,0.65,0.35953407319086456,0.18546377782020987
G protein-coupled receptor activity,molfunc,0.66,0.34119049802806534,0.18286466007914684
G protein-coupled receptor activity,molfunc,0.67,0.31367513528386654,0.172725527505099
G protein-coupled receptor activity,molfunc,0.68,0.2916628450885075,0.16075929236060094
G protein-coupled receptor activity,molfunc,0.6900000000000001,0.3540310006420248,0.1533994144007591
G protein-coupled receptor activity,molfunc,0.7000000000000001,0.29716591763735056,0.14835558195275728
G protein-coupled receptor activity,molfunc,0.71,0.30450334770246695,0.13659521752042098
G protein-coupled receptor activity,molfunc,0.72,0.28615977253966773,0.13754736956417674
G protein-coupled receptor activity,molfunc,0.73,0.280656699990828,0.1285147920680072
G protein-coupled receptor activity,molfunc,0.74,0.28615977253966773,0.11907047314751089
G protein-coupled receptor activity,molfunc,0.75,0.22562597450243033,0.11503026042130401
G protein-coupled receptor activity,molfunc,0.76,0.23663211960010985,0.10998642797330052
G protein-coupled receptor activity,molfunc,0.77,0.28799413005594765,0.10712997184203325
G protein-coupled receptor activity,molfunc,0.78,0.2403008346326697,0.10061931056986548
G protein-coupled receptor activity,molfunc,0.79,0.26047876731174885,0.0970680407850467
G protein-coupled receptor activity,molfunc,0.8,0.21278547188847086,0.09019710576659297
G protein-coupled receptor activity,molfunc,0.81,0.2054480418233512,0.09032577496169511
G protein-coupled receptor activity,molfunc,0.8200000000000001,0.24213519214894963,0.0849731364454465
G protein-coupled receptor activity,molfunc,0.8300000000000001,0.22746033201871277,0.08250268789948652
G protein-coupled receptor activity,molfunc,0.84,0.24213519214894963,0.07516854377866422
G protein-coupled receptor activity,molfunc,0.85,0.17976703659543228,0.07383038414960207
G protein-coupled receptor activity,molfunc,0.86,0.1889388241768319,0.07045925123792626
G protein-coupled receptor activity,molfunc,0.87,0.1816013941117122,0.06466913745833042
G protein-coupled receptor activity,molfunc,0.88,0.16692653398147286,0.0635625823804521
G protein-coupled receptor activity,molfunc,0.89,0.1467486013023937,0.05941943429816353
G protein-coupled receptor activity,molfunc,0.9,0.15775474640007325,0.05427266649407834
G protein-coupled receptor activity,molfunc,0.91,0.14307988626983387,0.05388665890877195
G protein-coupled receptor activity,molfunc,0.92,0.17976703659543228,0.051699282592035746
G protein-coupled receptor activity,molfunc,0.93,0.17242960653031258,0.05530202005489537
G protein-coupled receptor activity,molfunc,0.9400000000000001,0.163257818948913,0.05316611141620002
G protein-coupled receptor activity,molfunc,0.9500000000000001,0.13390809868843576,0.04614077336362425
G protein-coupled receptor activity,molfunc,0.96,0.14491424378611378,0.046115039524603316
G protein-coupled receptor activity,molfunc,0.97,0.16692653398147286,0.047478932992685886
G protein-coupled receptor activity,molfunc,0.98,0.18710446666055197,0.0613752060637159
G protein-coupled receptor activity,molfunc,0.99,0.4640924516188201,0.15671907963439405
GTP binding,molfunc,0.0,22.89352670675628,20.689595235800816
GTP binding,molfunc,0.01,8.793774319066149,7.5498846039508924
GTP binding,molfunc,0.02,5.334276618323312,5.268854006935777
GTP binding,molfunc,0.03,4.457021577644145,4.231605966904888
GTP binding,molfunc,0.04,3.6681995047753797,3.6497051898698905
GTP binding,molfunc,0.05,3.303855677396535,3.2943277902161445
GTP binding,molfunc,0.06,3.3250795896710263,3.105686115078065
GTP binding,molfunc,0.07,2.8899893880438645,2.800383111304469
GTP binding,molfunc,0.08,2.3417049876193854,2.5079118312326725
GTP binding,molfunc,0.09,2.0233463035019437,2.2867051839908124
GTP binding,molfunc,0.1,1.8181818181818192,2.1416197980716127
GTP binding,molfunc,0.11,1.9419879731163787,1.9668322947390708
GTP binding,molfunc,0.12,1.6059426954368574,1.8706454893807245
GTP binding,molfunc,0.13,1.6413158825610172,1.7751488364923982
GTP binding,molfunc,0.14,1.6660771135479338,1.6605324040643366
GTP binding,molfunc,0.15,1.4007782101167303,1.5662882501030742
GTP binding,molfunc,0.16,1.301733286169083,1.4785110803979047
GTP binding,molfunc,0.17,1.2734347364697582,1.398095537039591
GTP binding,molfunc,0.18,1.230986911920763,1.342090942157809
GTP binding,molfunc,0.19,1.1142553944110354,1.263490244183611
GTP binding,molfunc,0.2,1.1673151750972786,1.2075112105044297
GTP binding,molfunc,0.21,1.0399717014502998,1.1557497752531252
GTP binding,molfunc,0.22,1.0859568447117076,1.081801216150896
GTP binding,molfunc,0.23,0.9373894587902388,1.0286083535543766
GTP binding,molfunc,0.24,0.8878669968164123,0.9904966004878603
GTP binding,molfunc,0.25,0.7923593915811808,0.9546853556547379
GTP binding,molfunc,0.26,0.9232401839405723,0.9113335560566111
GTP binding,molfunc,0.27,0.8277325787053406,0.8810690921862208
GTP binding,molfunc,0.28,0.657941280509377,0.838944230312574
GTP binding,molfunc,0.29,0.739299610894941,0.799988957560479
GTP binding,molfunc,0.3,0.7003891050583652,0.7747344893983628
GTP binding,molfunc,0.31,0.6013441811107175,0.7381819696900365
GTP binding,molfunc,0.32,0.5907322249734696,0.7153558157742776
GTP binding,molfunc,0.33,0.5942695436858856,0.6946256804711639
GTP binding,molfunc,0.34,0.6013441811107175,0.6610893826688394
GTP binding,molfunc,0.35000000000000003,0.5624336752741448,0.6233354864386347
GTP binding,molfunc,0.36,0.5978068623983016,0.6038322888599927
GTP binding,molfunc,0.37,0.5235231694375658,0.566666300289429
GTP binding,molfunc,0.38,0.4669260700389101,0.5579243690025426
GTP binding,molfunc,0.39,0.498761938450654,0.5343569402115799
GTP binding,molfunc,0.4,0.474000707463742,0.5127066016151097
GTP binding,molfunc,0.41000000000000003,0.4138662893526726,0.4965519215761879
GTP binding,molfunc,0.42,0.39971701450300634,0.4721665343022388
GTP binding,molfunc,0.43,0.39971701450300634,0.4501583388694634
GTP binding,molfunc,0.44,0.4421648390519982,0.43344131237348765
GTP binding,molfunc,0.45,0.3891050583657584,0.42418815703473656
GTP binding,molfunc,0.46,0.36080650866643055,0.4132224011222387
GTP binding,molfunc,0.47000000000000003,0.3395825963919365,0.38648538320971687
GTP binding,molfunc,0.48,0.3749557835160945,0.3793282464836089
GTP binding,molfunc,0.49,0.3749557835160945,0.36621534955327933
GTP binding,molfunc,0.5,0.31128404669260673,0.34730005963428534
GTP binding,molfunc,0.51,0.3926423770781744,0.334545019540261
GTP binding,molfunc,0.52,0.3360452776795186,0.3208953373554735
GTP binding,molfunc,0.53,0.31482136540502276,0.30494514693729474
GTP binding,molfunc,0.54,0.30774672798019076,0.29093760791620193
GTP binding,molfunc,0.55,0.27591085956844685,0.2834737367589773
GTP binding,molfunc,0.56,0.2935974531305268,0.2752941519291421
GTP binding,molfunc,0.5700000000000001,0.20870180403254546,0.2609031948691536
GTP binding,molfunc,0.58,0.2617615847187829,0.2503208569955514
GTP binding,molfunc,0.59,0.22992571630703906,0.24541310609765024
GTP binding,molfunc,0.6,0.21577644145737512,0.23268362720621913
GTP binding,molfunc,0.61,0.18747789175804724,0.2272646522564533
GTP binding,molfunc,0.62,0.19101521047046321,0.21420287773131017
GTP binding,molfunc,0.63,0.20162716660771116,0.2042595699225417
GTP binding,molfunc,0.64,0.18040325433321527,0.20011865510243762
GTP binding,molfunc,0.65,0.1945525291828792,0.1878237166550915
GTP binding,molfunc,0.66,0.16271666077113536,0.18521647399058155
GTP binding,molfunc,0.67,0.21223912274495912,0.17440408529364312
GTP binding,molfunc,0.68,0.20870180403254313,0.1622369528592632
GTP binding,molfunc,0.6900000000000001,0.14149274849663943,0.1562811926550394
GTP binding,molfunc,0.7000000000000001,0.14856738592147303,0.15042767726119027
GTP binding,molfunc,0.71,0.16271666077113536,0.13874620767608015
GTP binding,molfunc,0.72,0.12734347364697549,0.13969197217202983
GTP binding,molfunc,0.73,0.1485673859214714,0.1304899392384652
GTP binding,molfunc,0.74,0.13088079235939146,0.1213134675074938
GTP binding,molfunc,0.75,0.1202688362221435,0.11653352262255884
GTP binding,molfunc,0.76,0.0990449239476476,0.11183026134540357
GTP binding,molfunc,0.77,0.0990449239476476,0.10970868153016505
GTP binding,molfunc,0.78,0.11673151750972753,0.1024492999936863
GTP binding,molfunc,0.79,0.09197028652281562,0.09938195568249808
GTP binding,molfunc,0.8,0.10258224266006358,0.0918158397149005
GTP binding,molfunc,0.81,0.11319419879731155,0.09176471730971403
GTP binding,molfunc,0.8200000000000001,0.08489564909798365,0.08716370084293171
GTP binding,molfunc,0.8300000000000001,0.06367173682348845,0.0846587029887956
GTP binding,molfunc,0.84,0.07782101167315168,0.0774760050600956
GTP binding,molfunc,0.85,0.0742836929607357,0.07530330283967061
GTP binding,molfunc,0.86,0.07782101167315168,0.07205703011032975
GTP binding,molfunc,0.87,0.06720905553590373,0.06628019832425862
GTP binding,molfunc,0.88,0.05305978068623978,0.06507882180237658
GTP binding,molfunc,0.89,0.04598514326140781,0.060733417361526605
GTP binding,molfunc,0.9,0.03183586841174387,0.05587678886881193
GTP binding,molfunc,0.91,0.042447824548991826,0.05521219760138782
GTP binding,molfunc,0.92,0.03891050583657584,0.053576280635420775
GTP binding,molfunc,0.93,0.04598514326140781,0.057001481782914275
GTP binding,molfunc,0.9400000000000001,0.03891050583657584,0.05480321835989606
GTP binding,molfunc,0.9500000000000001,0.02122391227449615,0.04754383682341782
GTP binding,molfunc,0.96,0.03183586841174387,0.04759495922860376
GTP binding,molfunc,0.97,0.03183586841174387,0.049256437397164045
GTP binding,molfunc,0.98,0.028298549699327886,0.06336622122862981
GTP binding,molfunc,0.99,0.06367173682348774,0.161674606402212
GTPase activator activity,molfunc,0.0,20.403186288475347,20.71229045204166
GTPase activator activity,molfunc,0.01,7.926975191165913,7.550423106093444
GTPase activator activity,molfunc,0.02,5.423300019372999,5.265816318849804
GTPase activator activity,molfunc,0.03,4.252942986404713,4.232774019661027
GTPase activator activity,molfunc,0.04,3.6352862075645853,3.6501693099225525
GTPase activator activity,molfunc,0.05,3.460929220179829,3.2906031046295365
GTPase activator activity,molfunc,0.06,3.3503891693541927,3.1017224812326294
GTPase activator activity,molfunc,0.07,2.7988285033788802,2.801076025164704
GTPase activator activity,molfunc,0.08,2.480883408736084,2.507307865812479
GTPase activator activity,molfunc,0.09,2.2575241307791343,2.2854373740168556
GTPase activator activity,molfunc,0.1,2.1743341956217033,2.13850138266742
GTPase activator activity,molfunc,0.11,2.0501190869619728,1.9647530120450665
GTPase activator activity,molfunc,0.12,1.956672858428962,1.8667437728054452
GTPase activator activity,molfunc,0.13,1.847272395756172,1.7725240857186297
GTPase activator activity,molfunc,0.14,1.7640824605987429,1.6582145810546303
GTPase activator activity,molfunc,0.15,1.6751945846770964,1.5625932787880064
GTPase activator activity,molfunc,0.16,1.4769062460826643,1.4772504878399488
GTPase activator activity,molfunc,0.17,1.4222060147462734,1.3966316591645673
GTPase activator activity,molfunc,0.18,1.340155667741677,1.3413197712356368
GTPase activator activity,molfunc,0.19,1.2581053207370845,1.2625178511266637
GTPase activator activity,molfunc,0.2,1.1657986803569211,1.2081663291542728
GTPase activator activity,molfunc,0.21,1.08716709781085,1.1564623025215048
GTPase activator activity,molfunc,0.22,1.0415835716971877,1.0827477263984866
GTPase activator activity,molfunc,0.23,1.072352451823913,1.026942677572965
GTPase activator activity,molfunc,0.24,0.9834645759022681,0.989903698654812
GTPase activator activity,molfunc,0.25,0.9276247564130315,0.9541105998964873
GTPase activator activity,molfunc,0.26,0.8307597634214988,0.9132561129888709
GTPase activator activity,molfunc,0.27,0.882041230299369,0.8806555821400995
GTPase activator activity,molfunc,0.28,0.8626682317010672,0.837075732382869
GTPase activator activity,molfunc,0.29,0.8968558762863093,0.7973373464517586
GTPase activator activity,molfunc,0.3,0.8672265843124286,0.7720823173786259
GTPase activator activity,molfunc,0.31,0.7509885927225894,0.7368862028635511
GTPase activator activity,molfunc,0.32,0.770361591320896,0.7131885239902005
GTPase activator activity,molfunc,0.33,0.7270572415129166,0.6931506180863378
GTPase activator activity,molfunc,0.34,0.7088238310674515,0.6595637654443711
GTPase activator activity,molfunc,0.35000000000000003,0.615377602534447,0.623069859096148
GTPase activator activity,molfunc,0.36,0.6598215404952644,0.6025128364590212
GTPase activator activity,molfunc,0.37,0.5447231370582667,0.5668495168840118
GTPase activator activity,molfunc,0.38,0.5515606659753161,0.5574015923386672
GTPase activator activity,molfunc,0.39,0.5014187872502873,0.5348459702784901
GTPase activator activity,molfunc,0.4,0.5242105503071185,0.5121605690349978
GTPase activator activity,molfunc,0.41000000000000003,0.46495196635935987,0.496664934547169
GTPase activator activity,molfunc,0.42,0.4455789677610507,0.47224049224725073
GTPase activator activity,molfunc,0.43,0.4558352611366248,0.44965891435041067
GTPase activator activity,molfunc,0.44,0.39657667718886364,0.4343449707192203
GTPase activator activity,molfunc,0.45,0.4170892639400117,0.42409241523732166
GTPase activator activity,molfunc,0.46,0.385180795660448,0.4134764780421405
GTPase activator activity,molfunc,0.47000000000000003,0.3407368576996289,0.38718321550248863
GTPase activator activity,molfunc,0.48,0.3692265615206661,0.37952624368689125
GTPase activator activity,molfunc,0.49,0.3316201524768946,0.36706744208863473
GTPase activator activity,molfunc,0.5,0.3692265615206661,0.3465363752881744
GTPase activator activity,molfunc,0.51,0.3327597406297361,0.33501198380978703
GTPase activator activity,molfunc,0.52,0.27691992114049957,0.3220081096416067
GTPase activator activity,molfunc,0.53,0.32022427094847894,0.30466961075069965
GTPase activator activity,molfunc,0.54,0.28603662636323207,0.2911725756859217
GTPase activator activity,molfunc,0.55,0.26552403961208393,0.2838270739102829
GTPase activator activity,molfunc,0.56,0.2666636277649255,0.275625029524764
GTPase activator activity,molfunc,0.5700000000000001,0.2256384542626318,0.2613233635234348
GTPase activator activity,molfunc,0.58,0.24501145286093584,0.25052573547160956
GTPase activator activity,molfunc,0.59,0.20968422012284743,0.24611324323889366
GTPase activator activity,molfunc,0.6,0.22905721872115398,0.23264216401077872
GTPase activator activity,molfunc,0.61,0.21538216088705522,0.22724334998486753
GTPase activator activity,molfunc,0.62,0.19942792674727336,0.21436925500000242
GTPase activator activity,molfunc,0.63,0.1857528689131746,0.2046617720880275
GTPase activator activity,molfunc,0.64,0.18119451630180836,0.2004050148752898
GTPase activator activity,molfunc,0.65,0.16751945846770963,0.18833555082697873
GTPase activator activity,molfunc,0.66,0.15156522432792777,0.1858178346706644
GTPase activator activity,molfunc,0.67,0.18233410445464993,0.17450108988558133
GTPase activator activity,molfunc,0.68,0.11851716789552245,0.16357368265044378
GTPase activator activity,molfunc,0.6900000000000001,0.14700687171656152,0.1563839158947832
GTPase activator activity,molfunc,0.7000000000000001,0.14016934279951368,0.15064767599225423
GTPase activator activity,molfunc,0.71,0.09800458114437434,0.13985004794043018
GTPase activator activity,molfunc,0.72,0.192590397830224,0.13839652108730027
GTPase activator activity,molfunc,0.73,0.12421510865973028,0.1307655051083681
GTPase activator activity,molfunc,0.74,0.07977117069890934,0.12232985819288186
GTPase activator activity,molfunc,0.75,0.08660869961595873,0.11724251420692709
GTPase activator activity,molfunc,0.76,0.0843295233102756,0.11236281691427659
GTPase activator activity,molfunc,0.77,0.09686499299153278,0.10992296826795135
GTPase activator activity,molfunc,0.78,0.09458581668584964,0.10273320151229078
GTPase activator activity,molfunc,0.79,0.07407322993470154,0.09990401531602
GTPase activator activity,molfunc,0.8,0.0660961128648106,0.09248064603039213
GTPase activator activity,molfunc,0.81,0.06495652471196903,0.0925325577037182
GTPase activator activity,molfunc,0.8200000000000001,0.07635240624038465,0.08739330204443735
GTPase activator activity,molfunc,0.8300000000000001,0.06153776025344504,0.08503132090810214
GTPase activator activity,molfunc,0.84,0.0569794076420781,0.07794537749909276
GTPase activator activity,molfunc,0.85,0.038745997196613105,0.07612846893268037
GTPase activator activity,molfunc,0.86,0.0330480564324053,0.07298781269645317
GTPase activator activity,molfunc,0.87,0.038745997196613105,0.06691414691730309
GTPase activator activity,molfunc,0.88,0.03988558534945467,0.06556444341082529
GTPase activator activity,molfunc,0.89,0.03190846827956374,0.06128173036142459
GTPase activator activity,molfunc,0.9,0.03418764458524686,0.056194386375469814
GTPase activator activity,molfunc,0.91,0.036466820890929987,0.05554549045889395
GTPase activator activity,molfunc,0.92,0.023931351209672803,0.054143875279090085
GTPase activator activity,molfunc,0.93,0.03760640904377155,0.05736239902530637
GTPase activator activity,molfunc,0.9400000000000001,0.03988558534945467,0.055026373725633265
GTPase activator activity,molfunc,0.9500000000000001,0.022791763056831494,0.047914474479962325
GTPase activator activity,molfunc,0.96,0.02848970382103905,0.04791447447996179
GTPase activator activity,molfunc,0.97,0.02279176305683124,0.04973138304637421
GTPase activator activity,molfunc,0.98,0.027350115668197488,0.06392922570105411
GTPase activator activity,molfunc,0.99,0.03760640904377155,0.16378132934374806
GTPase activity,molfunc,0.0,22.29751532752501,20.695326480332675
GTPase activity,molfunc,0.01,8.418038076798968,7.553368438553224
GTPase activity,molfunc,0.02,5.219425621168119,5.269639296802556
GTPase activity,molfunc,0.03,4.279606324620845,4.232929493058252
GTPase activity,molfunc,0.04,3.4890287189415936,3.650856037696866
GTPase activity,molfunc,0.05,3.541464988706036,3.292831828732702
GTPase activity,molfunc,0.06,3.432558889964502,3.105200481043153
GTPase activity,molfunc,0.07,2.682316876411747,2.8017775816421118
GTPase activity,molfunc,0.08,2.412068409164248,2.507318695176826
GTPase activity,molfunc,0.09,2.1297192642787977,2.285797760120458
GTPase activity,molfunc,0.1,1.8594707970313014,2.141071089730281
GTPase activity,molfunc,0.11,1.8635043562439506,1.9673071466678527
GTPase activity,molfunc,0.12,1.7061955469506278,1.8697756213069718
GTPase activity,molfunc,0.13,1.726363343013874,1.774491483804632
GTPase activity,molfunc,0.14,1.6416585995482447,1.6606919349677491
GTPase activity,molfunc,0.15,1.4803162310422706,1.565637643950937
GTPase activity,molfunc,0.16,1.3633430138754425,1.477963978969556
GTPase activity,molfunc,0.17,1.3391416585995508,1.3975687860300354
GTPase activity,molfunc,0.18,1.2584704743465622,1.3418182440392494
GTPase activity,molfunc,0.19,1.1898999677315252,1.262878745508096
GTPase activity,molfunc,0.2,1.1455308163923867,1.2076134349867746
GTPase activity,molfunc,0.21,1.016456921587608,1.155795821748431
GTPase activity,molfunc,0.22,1.048725395288802,1.082040638390951
GTPase activity,molfunc,0.23,0.9761213294611184,1.0282820992747852
GTPase activity,molfunc,0.24,0.8833494675701832,0.9904340446571283
GTPase activity,molfunc,0.25,0.8591481122942878,0.9541182999430228
GTPase activity,molfunc,0.26,0.762342691190706,0.9123628550713192
GTPase activity,molfunc,0.27,0.9680542110358171,0.8801332701000105
GTPase activity,molfunc,0.28,0.7825104872539566,0.8379947477524246
GTPase activity,molfunc,0.29,0.8188125201677954,0.7994316151797762
GTPase activity,molfunc,0.3,0.6534365924491765,0.7749657337197812
GTPase activity,molfunc,0.31,0.6050338818973857,0.7380370650442563
GTPase activity,molfunc,0.32,0.661503710874475,0.7147970315071003
GTPase activity,molfunc,0.33,0.6695708292997735,0.6940597708124071
GTPase activity,molfunc,0.34,0.661503710874475,0.6606554149150443
GTPase activity,molfunc,0.35000000000000003,0.5162955792191054,0.6235735152491679
GTPase activity,molfunc,0.36,0.5808325266214903,0.603934409985348
GTPase activity,molfunc,0.37,0.5485640529202963,0.5664694328435811
GTPase activity,molfunc,0.38,0.5364633752823487,0.5574032659142509
GTPase activity,molfunc,0.39,0.5525976121329456,0.5339844628883476
GTPase activity,molfunc,0.4,0.49612778315585626,0.512532124238665
GTPase activity,molfunc,0.41000000000000003,0.47999354630526203,0.49605979277551865
GTPase activity,molfunc,0.42,0.42755727654081926,0.47192591179462307
GTPase activity,molfunc,0.43,0.47595998709261006,0.4496308026979887
GTPase activity,molfunc,0.44,0.3952888028396253,0.4337458566978667
GTPase activity,molfunc,0.45,0.33478541464988676,0.4245009202797892
GTPase activity,molfunc,0.46,0.3589867699257822,0.4131873654919209
GTPase activity,molfunc,0.47000000000000003,0.3388189738625379,0.3864485576749973
GTPase activity,molfunc,0.48,0.3952888028396253,0.3791956241315311
GTPase activity,molfunc,0.49,0.4315908357534685,0.365864527970657
GTPase activity,molfunc,0.5,0.3307518554372375,0.34714480864896974
GTPase activity,molfunc,0.51,0.38722168441432686,0.3346309444366549
GTPase activity,molfunc,0.52,0.3105840593739913,0.3210700017902484
GTPase activity,molfunc,0.53,0.2944498225233944,0.30508290179655645
GTPase activity,molfunc,0.54,0.3186511777992898,0.2908834966903381
GTPase activity,molfunc,0.55,0.27428202646014815,0.2834773321565191
GTPase activity,molfunc,0.56,0.3509196515004837,0.27494747369343103
GTPase activity,molfunc,0.5700000000000001,0.19764440141981485,0.26092683807596284
GTPase activity,molfunc,0.58,0.2783155856727974,0.25022620724951117
GTPase activity,molfunc,0.59,0.19764440141981265,0.24560373904047245
GTPase activity,molfunc,0.6,0.254114230396902,0.23242587386995317
GTPase activity,molfunc,0.61,0.22991287512100655,0.22696063521396262
GTPase activity,molfunc,0.62,0.2339464343336558,0.21391046253540577
GTPase activity,molfunc,0.63,0.2218457566957081,0.20412921765108621
GTPase activity,molfunc,0.64,0.19764440141981265,0.19999198091150458
GTPase activity,molfunc,0.65,0.17747660535656648,0.1879378096702544
GTPase activity,molfunc,0.66,0.14117457244272333,0.1853328828342215
GTPase activity,molfunc,0.67,0.18957728299451418,0.1745811750109878
GTPase activity,molfunc,0.68,0.14520813165537258,0.16268023476009247
GTPase activity,molfunc,0.6900000000000001,0.12907389480477563,0.15634668715875763
GTPase activity,molfunc,0.7000000000000001,0.15730880929332203,0.15037067853491917
GTPase activity,molfunc,0.71,0.12504033559212638,0.13900604675026426
GTPase activity,molfunc,0.72,0.13310745401742485,0.13964450921007626
GTPase activity,molfunc,0.73,0.14520813165537258,0.13052726528396116
GTPase activity,molfunc,0.74,0.10890609874152943,0.12146109835463106
GTPase activity,molfunc,0.75,0.11293965795417868,0.11658324516166753
GTPase activity,molfunc,0.76,0.09680542110358172,0.1118330844606664
GTPase activity,molfunc,0.77,0.1169732171668279,0.10958569660212822
GTPase activity,molfunc,0.78,0.15327525008067105,0.10223060906509422
GTPase activity,molfunc,0.79,0.09277186189093249,0.09937029724513655
GTPase activity,molfunc,0.8,0.08067118425298477,0.09196413271131759
GTPase activity,molfunc,0.81,0.09277186189093249,0.09191305571453263
GTPase activity,molfunc,0.8200000000000001,0.084704743465634,0.0871628950135315
GTPase activity,molfunc,0.8300000000000001,0.0726040658276871,0.08458350667589204
GTPase activity,molfunc,0.84,0.11293965795417868,0.07725395763724956
GTPase activity,molfunc,0.85,0.052436269764440095,0.07544072425138354
GTPase activity,molfunc,0.86,0.04840271055179086,0.07224841195232365
GTPase activity,molfunc,0.87,0.08067118425298477,0.06619578783330607
GTPase activity,molfunc,0.88,0.052436269764440095,0.065072093904037
GTPase activity,molfunc,0.89,0.05646982897708934,0.06065393368213809
GTPase activity,molfunc,0.9,0.04436915133914162,0.05577608048917456
GTPase activity,molfunc,0.91,0.052436269764440095,0.05513761802936258
GTPase activity,molfunc,0.92,0.052436269764440095,0.05347761563385144
GTPase activity,molfunc,0.93,0.06050338818973857,0.05689977441844365
GTPase activity,molfunc,0.9400000000000001,0.04840271055179086,0.054729002055082916
GTPase activity,molfunc,0.9500000000000001,0.01613423685059713,0.04755268400679679
GTPase activity,molfunc,0.96,0.04033559212649238,0.047527145508403784
GTPase activity,molfunc,0.97,0.02016779606324619,0.04931484039587733
GTPase activity,molfunc,0.98,0.04436915133914162,0.06323332201977849
GTPase activity,molfunc,0.99,0.07260406582768629,0.16153100233243092
RNA binding,molfunc,0.0,28.228132427888198,19.896841559720542
RNA binding,molfunc,0.01,8.195551046343486,7.490369649203968
RNA binding,molfunc,0.02,5.670886208348261,5.226162176625103
RNA binding,molfunc,0.03,4.496544438546441,4.204920599141881
RNA binding,molfunc,0.04,3.7238479500662867,3.641883046254351
RNA binding,molfunc,0.05,3.299714716795626,3.293824490124009
RNA binding,molfunc,0.06,2.9684096572679204,3.1221841798617294
RNA binding,molfunc,0.07,2.714243502681559,2.810353617824737
RNA binding,molfunc,0.08,2.411963590436869,2.516904055118266
RNA binding,molfunc,0.09,2.2213389744970917,2.291638444056836
RNA binding,molfunc,0.1,2.046665115172308,2.1492559630041645
RNA binding,molfunc,0.11,1.8275383275762442,1.9816066342479062
RNA binding,molfunc,0.12,1.732356763513035,1.8834060047970458
RNA binding,molfunc,0.13,1.6214859306482006,1.7906016320303793
RNA binding,molfunc,0.14,1.571803246109718,1.6701133382536733
RNA binding,molfunc,0.15,1.397913850225009,1.5830705937175193
RNA binding,molfunc,0.16,1.3210364330970343,1.4940323584283615
RNA binding,molfunc,0.17,1.2472968697293885,1.4133133521940024
RNA binding,molfunc,0.18,1.1390409149981555,1.3630326063189029
RNA binding,molfunc,0.19,1.06164052224346,1.28399993029835
RNA binding,molfunc,0.2,1.0237247893061963,1.226945758064455
RNA binding,molfunc,0.21,0.9915617882628571,1.1724772921583948
RNA binding,molfunc,0.22,0.889320053238918,1.1025226937888515
RNA binding,molfunc,0.23,0.8597719303291886,1.0460306316262258
RNA binding,molfunc,0.24,0.836238027126745,1.0062613440838748
RNA binding,molfunc,0.25,0.7938770013623507,0.9706797765724879
RNA binding,molfunc,0.26,0.7447172924505847,0.9293365808305843
RNA binding,molfunc,0.27,0.7321658774092827,0.8966498801862375
RNA binding,molfunc,0.28,0.6869284856979272,0.8538451982590366
RNA binding,molfunc,0.29,0.6597337531084357,0.8145818097808268
RNA binding,molfunc,0.3,0.6163267760905997,0.7911699253124341
RNA binding,molfunc,0.31,0.5917469216347166,0.7528340184518245
RNA binding,molfunc,0.32,0.561152847471543,0.7309398311758606
RNA binding,molfunc,0.33,0.5475554811767993,0.70963585947473
RNA binding,molfunc,0.34,0.511993138559777,0.6766399982911847
RNA binding,molfunc,0.35000000000000003,0.4808760887698851,0.6381635639127613
RNA binding,molfunc,0.36,0.4570806977540808,0.6195577205537228
RNA binding,molfunc,0.37,0.4494975511666275,0.5789171624009065
RNA binding,molfunc,0.38,0.45341986836703435,0.5684338095717222
RNA binding,molfunc,0.39,0.4050446228953496,0.5479730029774966
RNA binding,molfunc,0.4,0.40033784225486135,0.5244768019984133
RNA binding,molfunc,0.41000000000000003,0.40059933006822407,0.5062082246821432
RNA binding,molfunc,0.42,0.3598072311839904,0.48366761082421594
RNA binding,molfunc,0.43,0.33862671830179325,0.4617453180446885
RNA binding,molfunc,0.44,0.33182803515442133,0.4444323278495745
RNA binding,molfunc,0.45,0.2983575950442827,0.43743405746226377
RNA binding,molfunc,0.46,0.30829413195198013,0.42408394326960275
RNA binding,molfunc,0.47000000000000003,0.30227991224469125,0.3951633801027668
RNA binding,molfunc,0.48,0.2839757653094575,0.38954227939006525
RNA binding,molfunc,0.49,0.2567810327199699,0.3780471284325951
RNA binding,molfunc,0.5,0.25076681301267933,0.35738958331342496
RNA binding,molfunc,0.51,0.25285871551956296,0.3437865195886925
RNA binding,molfunc,0.52,0.2348160563976914,0.3302677723746506
RNA binding,molfunc,0.53,0.21049768975516878,0.3151751169610528
RNA binding,molfunc,0.54,0.18957866468633214,0.3019655302862093
RNA binding,molfunc,0.55,0.17755022527175104,0.2947986268775176
RNA binding,molfunc,0.56,0.18879420124625076,0.28473685660178577
RNA binding,molfunc,0.5700000000000001,0.1791191521519158,0.26927882964186556
RNA binding,molfunc,0.58,0.17833468871183245,0.2581490502307178
RNA binding,molfunc,0.59,0.17075154212437915,0.2533149036177964
RNA binding,molfunc,0.6,0.15741566364299578,0.24063932151065934
RNA binding,molfunc,0.61,0.1396344923344846,0.23636728496900786
RNA binding,molfunc,0.62,0.1367581263875196,0.22234263869082296
RNA binding,molfunc,0.63,0.13597366294743823,0.2115782308260037
RNA binding,molfunc,0.64,0.12891349198670585,0.20761535482355065
RNA binding,molfunc,0.65,0.13022093105350813,0.19406850210594523
RNA binding,molfunc,0.66,0.10930190598467149,0.19319723149547682
RNA binding,molfunc,0.67,0.10825595473122966,0.18181450255226062
RNA binding,molfunc,0.68,0.10093429595713682,0.16919513145225054
RNA binding,molfunc,0.6900000000000001,0.10119578377049727,0.1620844390506859
RNA binding,molfunc,0.7000000000000001,0.09047478342271952,0.1568568153878772
RNA binding,molfunc,0.71,0.08106122214174201,0.14513682040189732
RNA binding,molfunc,0.72,0.08210717339518384,0.14578324698385775
RNA binding,molfunc,0.73,0.07661592931461422,0.13642411429721335
RNA binding,molfunc,0.74,0.06328005083323086,0.12762709168183883
RNA binding,molfunc,0.75,0.06354153864659132,0.12225894050121096
RNA binding,molfunc,0.76,0.06066517269962628,0.11722805536334505
RNA binding,molfunc,0.77,0.06641790459355636,0.11427697748917788
RNA binding,molfunc,0.78,0.05334351392553345,0.10784081717313711
RNA binding,molfunc,0.79,0.046544830778161544,0.10500216131322393
RNA binding,molfunc,0.8,0.04523739171135925,0.09690777628693688
RNA binding,molfunc,0.81,0.04785226984496384,0.0966548267548654
RNA binding,molfunc,0.8200000000000001,0.03608531824374322,0.09263573974528536
RNA binding,molfunc,0.8300000000000001,0.03922317200406915,0.08937550133192072
RNA binding,molfunc,0.84,0.0355623426170223,0.0819837538947201
RNA binding,molfunc,0.85,0.03660829387046413,0.07945425857400538
RNA binding,molfunc,0.86,0.02797919602956902,0.07684044674260018
RNA binding,molfunc,0.87,0.02954812290973176,0.07023565340517843
RNA binding,molfunc,0.88,0.026933244776127185,0.06908332775907507
RNA binding,molfunc,0.89,0.023010927575720316,0.06467076369960607
RNA binding,molfunc,0.9,0.021180512882197106,0.05941503453323218
RNA binding,molfunc,0.91,0.02065753725547619,0.05882481895839874
RNA binding,molfunc,0.92,0.01804265912187161,0.057279016262406425
RNA binding,molfunc,0.93,0.015427780988267028,0.061382419782676945
RNA binding,molfunc,0.9400000000000001,0.019088610375313442,0.058515658419200284
RNA binding,molfunc,0.9500000000000001,0.019350098188674114,0.05036506238578677
RNA binding,molfunc,0.96,0.01673522005506932,0.050786644939238665
RNA binding,molfunc,0.97,0.01699670786842978,0.052585397167302456
RNA binding,molfunc,0.98,0.020134561628755272,0.06773426358802723
RNA binding,molfunc,0.99,0.04759078203160338,0.1731580074547036
RNA polymerase II cis-regulatory region sequence-specific DNA binding,molfunc,0.0,18.5792363669766,20.940230793964716
RNA polymerase II cis-regulatory region sequence-specific DNA binding,molfunc,0.01,7.237265128241766,7.59432137167669
RNA polymerase II cis-regulatory region sequence-specific DNA binding,molfunc,0.02,5.16539258412517,5.280801953934204
RNA polymerase II cis-regulatory region sequence-specific DNA binding,molfunc,0.03,4.124608334439012,4.2452190806736185
RNA polymerase II cis-regulatory region sequence-specific DNA binding,molfunc,0.04,3.659202482164545,3.6488036041936196
RNA polymerase II cis-regulatory region sequence-specific DNA binding,molfunc,0.05,3.3290296900356218,3.2905710613371797
RNA polymerase II cis-regulatory region sequence-specific DNA binding,molfunc,0.06,3.125924943100049,3.105198683512311
RNA polymerase II cis-regulatory region sequence-specific DNA binding,molfunc,0.07,2.8378530093183243,2.796958630510131
RNA polymerase II cis-regulatory region sequence-specific DNA binding,molfunc,0.08,2.4535869931311822,2.512587596057301
RNA polymerase II cis-regulatory region sequence-specific DNA binding,molfunc,0.09,2.2915624776737853,2.2840706286231502
RNA polymerase II cis-regulatory region sequence-specific DNA binding,molfunc,0.1,2.2221598505802276,2.1301478667381715
RNA polymerase II cis-regulatory region sequence-specific DNA binding,molfunc,0.11,2.015482909603079,1.9612611746882456
RNA polymerase II cis-regulatory region sequence-specific DNA binding,molfunc,0.12,1.8628991926841447,1.8693922248996964
RNA polymerase II cis-regulatory region sequence-specific DNA binding,molfunc,0.13,1.80931628206044,1.7703090262933991
RNA polymerase II cis-regulatory region sequence-specific DNA binding,molfunc,0.14,1.661835699486628,1.6604326351199246
RNA polymerase II cis-regulatory region sequence-specific DNA binding,molfunc,0.15,1.5666622439502327,1.5649283802630538
RNA polymerase II cis-regulatory region sequence-specific DNA binding,molfunc,0.16,1.4704681615448196,1.477991045877267
RNA polymerase II cis-regulatory region sequence-specific DNA binding,molfunc,0.17,1.404637728492843,1.396379856126464
RNA polymerase II cis-regulatory region sequence-specific DNA binding,molfunc,0.18,1.3977484971269343,1.3350587411755774
RNA polymerase II cis-regulatory region sequence-specific DNA binding,molfunc,0.19,1.3056369221976125,1.2576464696819774
RNA polymerase II cis-regulatory region sequence-specific DNA binding,molfunc,0.2,1.2413374294491701,1.2034550615705162
RNA polymerase II cis-regulatory region sequence-specific DNA binding,molfunc,0.21,1.2012778248400158,1.1497990859884906
RNA polymerase II cis-regulatory region sequence-specific DNA binding,molfunc,0.22,1.1693832351830484,1.0721613692193357
RNA polymerase II cis-regulatory region sequence-specific DNA binding,molfunc,0.23,1.1183518917319037,1.0179699611078739
RNA polymerase II cis-regulatory region sequence-specific DNA binding,molfunc,0.24,1.0668102348462416,0.9812505618518967
RNA polymerase II cis-regulatory region sequence-specific DNA binding,molfunc,0.25,1.0201165555884415,0.9461656408436944
RNA polymerase II cis-regulatory region sequence-specific DNA binding,molfunc,0.26,1.0229232794782546,0.8991039395716476
RNA polymerase II cis-regulatory region sequence-specific DNA binding,molfunc,0.27,0.967043958399248,0.8711487254028629
RNA polymerase II cis-regulatory region sequence-specific DNA binding,molfunc,0.28,0.9236673164657776,0.8281450390908055
RNA polymerase II cis-regulatory region sequence-specific DNA binding,molfunc,0.29,0.8749323834699265,0.7912283752187165
RNA polymerase II cis-regulatory region sequence-specific DNA binding,molfunc,0.3,0.863705487910674,0.7643158454493724
RNA polymerase II cis-regulatory region sequence-specific DNA binding,molfunc,0.31,0.8313005848191952,0.7268073877289566
RNA polymerase II cis-regulatory region sequence-specific DNA binding,molfunc,0.32,0.8001714653139951,0.704995557319038
RNA polymerase II cis-regulatory region sequence-specific DNA binding,molfunc,0.33,0.7986405250104607,0.682338307125789
RNA polymerase II cis-regulatory region sequence-specific DNA binding,molfunc,0.34,0.7544984129252179,0.6502968973375753
RNA polymerase II cis-regulatory region sequence-specific DNA binding,molfunc,0.35000000000000003,0.7264311740270909,0.611463948623279
RNA polymerase II cis-regulatory region sequence-specific DNA binding,molfunc,0.36,0.709590830688208,0.5921038355850144
RNA polymerase II cis-regulatory region sequence-specific DNA binding,molfunc,0.37,0.6805029649210539,0.5537499580812686
RNA polymerase II cis-regulatory region sequence-specific DNA binding,molfunc,0.38,0.6572837036507817,0.54622572200963
RNA polymerase II cis-regulatory region sequence-specific DNA binding,molfunc,0.39,0.6241133304075358,0.5241602656647123
RNA polymerase II cis-regulatory region sequence-specific DNA binding,molfunc,0.4,0.5715510466528536,0.5058991983447804
RNA polymerase II cis-regulatory region sequence-specific DNA binding,molfunc,0.41000000000000003,0.5835434123638766,0.48628545937152284
RNA polymerase II cis-regulatory region sequence-specific DNA binding,molfunc,0.42,0.5266434644158438,0.46557267467993074
RNA polymerase II cis-regulatory region sequence-specific DNA binding,molfunc,0.43,0.5217954867879847,0.44184455942779693
RNA polymerase II cis-regulatory region sequence-specific DNA binding,molfunc,0.44,0.5041896732973388,0.4256970415661905
RNA polymerase II cis-regulatory region sequence-specific DNA binding,molfunc,0.45,0.49270762102083054,0.4163410626306698
RNA polymerase II cis-regulatory region sequence-specific DNA binding,molfunc,0.46,0.46770226272976817,0.40678781907903877
RNA polymerase II cis-regulatory region sequence-specific DNA binding,molfunc,0.47000000000000003,0.4677022627297708,0.3771417653435959
RNA polymerase II cis-regulatory region sequence-specific DNA binding,molfunc,0.48,0.450351605956378,0.3714492721358372
RNA polymerase II cis-regulatory region sequence-specific DNA binding,molfunc,0.49,0.4102920013472271,0.36141695737365237
RNA polymerase II cis-regulatory region sequence-specific DNA binding,molfunc,0.5,0.4041682401330894,0.34073235334150725
RNA polymerase II cis-regulatory region sequence-specific DNA binding,molfunc,0.51,0.3911552475530467,0.3287555730776631
RNA polymerase II cis-regulatory region sequence-specific DNA binding,molfunc,0.52,0.36844629971728604,0.31576428907382265
RNA polymerase II cis-regulatory region sequence-specific DNA binding,molfunc,0.53,0.35900550117882374,0.2990531580233294
RNA polymerase II cis-regulatory region sequence-specific DNA binding,molfunc,0.54,0.3214974637422302,0.2876963522672606
RNA polymerase II cis-regulatory region sequence-specific DNA binding,molfunc,0.55,0.3370620234948302,0.27749495354840975
RNA polymerase II cis-regulatory region sequence-specific DNA binding,molfunc,0.56,0.3342552996050171,0.2689280330773306
RNA polymerase II cis-regulatory region sequence-specific DNA binding,molfunc,0.5700000000000001,0.29164412782331206,0.2570921561107109
RNA polymerase II cis-regulatory region sequence-specific DNA binding,molfunc,0.58,0.27097643372559405,0.2481307064074081
RNA polymerase II cis-regulatory region sequence-specific DNA binding,molfunc,0.59,0.2908786576715416,0.24026830242243744
RNA polymerase II cis-regulatory region sequence-specific DNA binding,molfunc,0.6,0.26561814266322353,0.2289114966663687
RNA polymerase II cis-regulatory region sequence-specific DNA binding,molfunc,0.61,0.26638361281499073,0.222627209610281
RNA polymerase II cis-regulatory region sequence-specific DNA binding,molfunc,0.62,0.2482674858898333,0.21025590011421602
RNA polymerase II cis-regulatory region sequence-specific DNA binding,molfunc,0.63,0.22300697088151525,0.20216805085369063
RNA polymerase II cis-regulatory region sequence-specific DNA binding,molfunc,0.64,0.2199450902744464,0.1977718679803737
RNA polymerase II cis-regulatory region sequence-specific DNA binding,molfunc,0.65,0.21586258279835457,0.18478058397653324
RNA polymerase II cis-regulatory region sequence-specific DNA binding,molfunc,0.66,0.20897335143244963,0.18241340858320873
RNA polymerase II cis-regulatory region sequence-specific DNA binding,molfunc,0.67,0.17299625429939053,0.17486099185212578
RNA polymerase II cis-regulatory region sequence-specific DNA binding,molfunc,0.68,0.1860092468794332,0.15998160366551462
RNA polymerase II cis-regulatory region sequence-specific DNA binding,molfunc,0.6900000000000001,0.1607487318711151,0.1556699627705307
RNA polymerase II cis-regulatory region sequence-specific DNA binding,molfunc,0.7000000000000001,0.1515630900499102,0.15028745681666353
RNA polymerase II cis-regulatory region sequence-specific DNA binding,molfunc,0.71,0.1339572765592626,0.13946608359003554
RNA polymerase II cis-regulatory region sequence-specific DNA binding,molfunc,0.72,0.13803978403535438,0.13977607084392327
RNA polymerase II cis-regulatory region sequence-specific DNA binding,molfunc,0.73,0.12757835862786912,0.13095552443784506
RNA polymerase II cis-regulatory region sequence-specific DNA binding,molfunc,0.74,0.11737208993763959,0.12182499077787909
RNA polymerase II cis-regulatory region sequence-specific DNA binding,molfunc,0.75,0.12043397054470845,0.11613249757012255
RNA polymerase II cis-regulatory region sequence-specific DNA binding,molfunc,0.76,0.09823533614345922,0.11322988964735559
RNA polymerase II cis-regulatory region sequence-specific DNA binding,molfunc,0.77,0.09287704508108872,0.11148268876180654
RNA polymerase II cis-regulatory region sequence-specific DNA binding,molfunc,0.78,0.08675328386695101,0.10429662060349999
RNA polymerase II cis-regulatory region sequence-specific DNA binding,molfunc,0.79,0.08624297043243953,0.10077403817295759
RNA polymerase II cis-regulatory region sequence-specific DNA binding,molfunc,0.8,0.08088467937006902,0.09310889880409727
RNA polymerase II cis-regulatory region sequence-specific DNA binding,molfunc,0.81,0.06965778381081654,0.09437702847909255
RNA polymerase II cis-regulatory region sequence-specific DNA binding,molfunc,0.8200000000000001,0.06991294052807227,0.0890508838441124
RNA polymerase II cis-regulatory region sequence-specific DNA binding,molfunc,0.8300000000000001,0.05741026138254174,0.0875009475746747
RNA polymerase II cis-regulatory region sequence-specific DNA binding,molfunc,0.84,0.05409322405821651,0.08006125348136815
RNA polymerase II cis-regulatory region sequence-specific DNA binding,molfunc,0.85,0.04899008971310174,0.07820132995804176
RNA polymerase II cis-regulatory region sequence-specific DNA binding,molfunc,0.86,0.041080231478173856,0.0755241673108295
RNA polymerase II cis-regulatory region sequence-specific DNA binding,molfunc,0.87,0.03929413445738369,0.06926806091418616
RNA polymerase II cis-regulatory region sequence-specific DNA binding,molfunc,0.88,0.032915216525990235,0.06853536376863335
RNA polymerase II cis-regulatory region sequence-specific DNA binding,molfunc,0.89,0.037508037436593526,0.06318103847420886
RNA polymerase II cis-regulatory region sequence-specific DNA binding,molfunc,0.9,0.028577552332642687,0.058700313622558904
RNA polymerase II cis-regulatory region sequence-specific DNA binding,molfunc,0.91,0.02883270904989842,0.058023977795894764
RNA polymerase II cis-regulatory region sequence-specific DNA binding,molfunc,0.92,0.022708947835760707,0.056868570758676844
RNA polymerase II cis-regulatory region sequence-specific DNA binding,molfunc,0.93,0.01913675379418037,0.06109566967532775
RNA polymerase II cis-regulatory region sequence-specific DNA binding,molfunc,0.9400000000000001,0.017860970207901675,0.05875667494144759
RNA polymerase II cis-regulatory region sequence-specific DNA binding,molfunc,0.9500000000000001,0.016074873187111687,0.050809728978144446
RNA polymerase II cis-regulatory region sequence-specific DNA binding,molfunc,0.96,0.01607487318711151,0.05095063227536557
RNA polymerase II cis-regulatory region sequence-specific DNA binding,molfunc,0.97,0.016330029904367247,0.05275419447980329
RNA polymerase II cis-regulatory region sequence-specific DNA binding,molfunc,0.98,0.016585186621622987,0.06825355717418995
RNA polymerase II cis-regulatory region sequence-specific DNA binding,molfunc,0.99,0.027046612029108255,0.17576277295434464
RNA polymerase II transcription regulatory region sequence-specific DNA binding,molfunc,0.0,18.710137282512502,20.968312200378726
RNA polymerase II transcription regulatory region sequence-specific DNA binding,molfunc,0.01,7.2996455678543555,7.592957092352069
RNA polymerase II transcription regulatory region sequence-specific DNA binding,molfunc,0.02,5.1693470688505165,5.28249667474417
RNA polymerase II transcription regulatory region sequence-specific DNA binding,molfunc,0.03,4.135477655080411,4.24610253592583
RNA polymerase II transcription regulatory region sequence-specific DNA binding,molfunc,0.04,3.653310431116788,3.6493803147726944
RNA polymerase II transcription regulatory region sequence-specific DNA binding,molfunc,0.05,3.3156625875726427,3.2915939887761323
RNA polymerase II transcription regulatory region sequence-specific DNA binding,molfunc,0.06,3.1297273967765395,3.104299725966174
RNA polymerase II transcription regulatory region sequence-specific DNA binding,molfunc,0.07,2.8611785631765505,2.7931000115748503
RNA polymerase II transcription regulatory region sequence-specific DNA binding,molfunc,0.08,2.4712160117882487,2.511397492077836
RNA polymerase II transcription regulatory region sequence-specific DNA binding,molfunc,0.09,2.3057707482311067,2.282054647646383
RNA polymerase II transcription regulatory region sequence-specific DNA binding,molfunc,0.1,2.203321112036307,2.1308635727450524
RNA polymerase II transcription regulatory region sequence-specific DNA binding,molfunc,0.11,2.027412906910338,1.958648207032971
RNA polymerase II transcription regulatory region sequence-specific DNA binding,molfunc,0.12,1.8754822762129366,1.8678588856493976
RNA polymerase II transcription regulatory region sequence-specific DNA binding,molfunc,0.13,1.822731612470081,1.7677924523370407
RNA polymerase II transcription regulatory region sequence-specific DNA binding,molfunc,0.14,1.6662234448363233,1.6598275491162793
RNA polymerase II transcription regulatory region sequence-specific DNA binding,molfunc,0.15,1.5905850964116455,1.5617429137082097
RNA polymerase II transcription regulatory region sequence-specific DNA binding,molfunc,0.16,1.4922770412545054,1.4752618486383169
RNA polymerase II transcription regulatory region sequence-specific DNA binding,molfunc,0.17,1.4009442804765895,1.396707975185595
RNA polymerase II transcription regulatory region sequence-specific DNA binding,molfunc,0.18,1.4000723686791832,1.3335489376270746
RNA polymerase II transcription regulatory region sequence-specific DNA binding,molfunc,0.19,1.3307553807856785,1.2534153701926671
RNA polymerase II transcription regulatory region sequence-specific DNA binding,molfunc,0.2,1.24879567182984,1.2017450161372942
RNA polymerase II transcription regulatory region sequence-specific DNA binding,molfunc,0.21,1.2106495306934741,1.147575873419982
RNA polymerase II transcription regulatory region sequence-specific DNA binding,molfunc,0.22,1.1546291977103587,1.0722388313481357
RNA polymerase II transcription regulatory region sequence-specific DNA binding,molfunc,0.23,1.1132133873337395,1.0167197683192104
RNA polymerase II transcription regulatory region sequence-specific DNA binding,molfunc,0.24,1.0617705912869846,0.9802719199054931
RNA polymerase II transcription regulatory region sequence-specific DNA binding,molfunc,0.25,1.0292918768337387,0.9435368544042004
RNA polymerase II transcription regulatory region sequence-specific DNA binding,molfunc,0.26,1.0088019495947782,0.8985873801981618
RNA polymerase II transcription regulatory region sequence-specific DNA binding,molfunc,0.27,0.9519097048142601,0.8713017568782022
RNA polymerase II transcription regulatory region sequence-specific DNA binding,molfunc,0.28,0.9181231226649156,0.8270416036823567
RNA polymerase II transcription regulatory region sequence-specific DNA binding,molfunc,0.29,0.8775792240856908,0.7892725566657766
RNA polymerase II transcription regulatory region sequence-specific DNA binding,molfunc,0.3,0.8583971645428341,0.7631070799873733
RNA polymerase II transcription regulatory region sequence-specific DNA binding,molfunc,0.31,0.821122935203874,0.7261422408160175
RNA polymerase II transcription regulatory region sequence-specific DNA binding,molfunc,0.32,0.7975813166740044,0.7035095343148301
RNA polymerase II transcription regulatory region sequence-specific DNA binding,molfunc,0.33,0.7869003971558229,0.6816523139501045
RNA polymerase II transcription regulatory region sequence-specific DNA binding,molfunc,0.34,0.7463564985766034,0.6493691133062789
RNA polymerase II transcription regulatory region sequence-specific DNA binding,molfunc,0.35000000000000003,0.7191092549077768,0.6102214242693297
RNA polymerase II transcription regulatory region sequence-specific DNA binding,molfunc,0.36,0.6942597686817995,0.5918682523730588
RNA polymerase II transcription regulatory region sequence-specific DNA binding,molfunc,0.37,0.6643967896207613,0.5534386060550527
RNA polymerase II transcription regulatory region sequence-specific DNA binding,molfunc,0.38,0.6484843993181644,0.5452529190590648
RNA polymerase II transcription regulatory region sequence-specific DNA binding,molfunc,0.39,0.614479839219464,0.5235105855293708
RNA polymerase II transcription regulatory region sequence-specific DNA binding,molfunc,0.4,0.5573696164895954,0.5065073339447224
RNA polymerase II transcription regulatory region sequence-specific DNA binding,molfunc,0.41000000000000003,0.5708842493493385,0.4860861990178922
RNA polymerase II transcription regulatory region sequence-specific DNA binding,molfunc,0.42,0.5255448358844015,0.4645449174495004
RNA polymerase II transcription regulatory region sequence-specific DNA binding,molfunc,0.43,0.5214032548467392,0.44036123867538884
RNA polymerase II transcription regulatory region sequence-specific DNA binding,molfunc,0.44,0.49132229783635045,0.4258854974614314
RNA polymerase II transcription regulatory region sequence-specific DNA binding,molfunc,0.45,0.4871807167986882,0.4156031257261203
RNA polymerase II transcription regulatory region sequence-specific DNA binding,molfunc,0.46,0.4642930321168706,0.40606751841851346
RNA polymerase II transcription regulatory region sequence-specific DNA binding,molfunc,0.47000000000000003,0.4605874069779123,0.37634054985413856
RNA polymerase II transcription regulatory region sequence-specific DNA binding,molfunc,0.48,0.4440210828272608,0.37076853835511314
RNA polymerase II transcription regulatory region sequence-specific DNA binding,molfunc,0.49,0.40827269913375525,0.36074466199862276
RNA polymerase II transcription regulatory region sequence-specific DNA binding,molfunc,0.5,0.398027735514275,0.34032352707178987
RNA polymerase II transcription regulatory region sequence-specific DNA binding,molfunc,0.51,0.3834232129077819,0.3285763481898284
RNA polymerase II transcription regulatory region sequence-specific DNA binding,molfunc,0.52,0.36053552822596435,0.3157951877925842
RNA polymerase II transcription regulatory region sequence-specific DNA binding,molfunc,0.53,0.35290629999869183,0.29870577108166213
RNA polymerase II transcription regulatory region sequence-specific DNA binding,molfunc,0.54,0.319773651697394,0.287274530996037
RNA polymerase II transcription regulatory region sequence-specific DNA binding,molfunc,0.55,0.3326343507090819,0.2769347158432103
RNA polymerase II transcription regulatory region sequence-specific DNA binding,molfunc,0.56,0.32151747529219915,0.2693521847311373
RNA polymerase II transcription regulatory region sequence-specific DNA binding,molfunc,0.5700000000000001,0.2866410033960994,0.2570880150915373
RNA polymerase II transcription regulatory region sequence-specific DNA binding,molfunc,0.58,0.2659330982077851,0.24835661562914735
RNA polymerase II transcription regulatory region sequence-specific DNA binding,molfunc,0.59,0.2820634664597327,0.24045814572073804
RNA polymerase II transcription regulatory region sequence-specific DNA binding,molfunc,0.6,0.26288140691687606,0.22856735829498726
RNA polymerase II transcription regulatory region sequence-specific DNA binding,molfunc,0.61,0.26222747306882416,0.22233474749453333
RNA polymerase II transcription regulatory region sequence-specific DNA binding,molfunc,0.62,0.24696901661427909,0.2096971956410784
RNA polymerase II transcription regulatory region sequence-specific DNA binding,molfunc,0.63,0.21906783909739672,0.20228699478155257
RNA polymerase II transcription regulatory region sequence-specific DNA binding,molfunc,0.64,0.20882287547791648,0.19881166802185246
RNA polymerase II transcription regulatory region sequence-specific DNA binding,molfunc,0.65,0.20969478727531904,0.18499652610932557
RNA polymerase II transcription regulatory region sequence-specific DNA binding,molfunc,0.66,0.20250151494674778,0.1827562328262131
RNA polymerase II transcription regulatory region sequence-specific DNA binding,molfunc,0.67,0.1704587563922032,0.17523114513165583
RNA polymerase II transcription regulatory region sequence-specific DNA binding,molfunc,0.68,0.1828834995051899,0.1598937526549628
RNA polymerase II transcription regulatory region sequence-specific DNA binding,molfunc,0.6900000000000001,0.15541827788700882,0.15627481735147344
RNA polymerase II transcription regulatory region sequence-specific DNA binding,molfunc,0.7000000000000001,0.1499688291532444,0.15047303218238897
RNA polymerase II transcription regulatory region sequence-specific DNA binding,molfunc,0.71,0.1307867696103861,0.1399896084857713
RNA polymerase II transcription regulatory region sequence-specific DNA binding,molfunc,0.72,0.1349283506480483,0.1402193821558341
RNA polymerase II transcription regulatory region sequence-specific DNA binding,molfunc,0.73,0.12642721062337323,0.13117204389711068
RNA polymerase II transcription regulatory region sequence-specific DNA binding,molfunc,0.74,0.1168361808519449,0.121981097094598
RNA polymerase II transcription regulatory region sequence-specific DNA binding,molfunc,0.75,0.11792607059869813,0.11638036388681684
RNA polymerase II transcription regulatory region sequence-specific DNA binding,molfunc,0.76,0.09525636386623121,0.11391029693364155
RNA polymerase II transcription regulatory region sequence-specific DNA binding,molfunc,0.77,0.08958893718311448,0.11227315953444397
RNA polymerase II transcription regulatory region sequence-specific DNA binding,molfunc,0.78,0.08413948844934839,0.10497784550994953
RNA polymerase II transcription regulatory region sequence-specific DNA binding,molfunc,0.79,0.08261364280389388,0.10153124045900729
RNA polymerase II transcription regulatory region sequence-specific DNA binding,molfunc,0.8,0.07672823817142652,0.09389126592941861
RNA polymerase II transcription regulatory region sequence-specific DNA binding,molfunc,0.81,0.07171474533636171,0.09458058693960707
RNA polymerase II transcription regulatory region sequence-specific DNA binding,molfunc,0.8200000000000001,0.06691923045064756,0.08981278328580361
RNA polymerase II transcription regulatory region sequence-specific DNA binding,molfunc,0.8300000000000001,0.057982134527271814,0.08800331563405991
RNA polymerase II transcription regulatory region sequence-specific DNA binding,molfunc,0.84,0.054058531438959584,0.08056439306577523
RNA polymerase II transcription regulatory region sequence-specific DNA binding,molfunc,0.85,0.04773717090779093,0.07892725566657766
RNA polymerase II transcription regulatory region sequence-specific DNA binding,molfunc,0.86,0.04032592062986904,0.07628485846085525
RNA polymerase II transcription regulatory region sequence-specific DNA binding,molfunc,0.87,0.04032592062986904,0.06970758715530713
RNA polymerase II transcription regulatory region sequence-specific DNA binding,molfunc,0.88,0.034658493946752314,0.06898954443636082
RNA polymerase II transcription regulatory region sequence-specific DNA binding,molfunc,0.89,0.03618433959220682,0.06384835856870529
RNA polymerase II transcription regulatory region sequence-specific DNA binding,molfunc,0.9,0.027247243668830436,0.059453937128753916
RNA polymerase II transcription regulatory region sequence-specific DNA binding,molfunc,0.91,0.027247243668830436,0.058793337827323315
RNA polymerase II transcription regulatory region sequence-specific DNA binding,molfunc,0.92,0.022233750833765636,0.05758702605949352
RNA polymerase II transcription regulatory region sequence-specific DNA binding,molfunc,0.93,0.019618015441557918,0.06183783895565564
RNA polymerase II transcription regulatory region sequence-specific DNA binding,molfunc,0.9400000000000001,0.016566324150648907,0.05971243250757458
RNA polymerase II transcription regulatory region sequence-specific DNA binding,molfunc,0.9500000000000001,0.016566324150649087,0.051411858676555885
RNA polymerase II transcription regulatory region sequence-specific DNA binding,molfunc,0.96,0.015476434403895688,0.05169907576413384
RNA polymerase II transcription regulatory region sequence-specific DNA binding,molfunc,0.97,0.015476434403895688,0.05356598683339422
RNA polymerase II transcription regulatory region sequence-specific DNA binding,molfunc,0.98,0.016348346201298262,0.06927676152393934
RNA polymerase II transcription regulatory region sequence-specific DNA binding,molfunc,0.99,0.025721398023375933,0.1787926370176295
RNA polymerase II-specific DNA-binding transcription factor binding,molfunc,0.0,21.76516111474908,20.67281005696779
RNA polymerase II-specific DNA-binding transcription factor binding,molfunc,0.01,7.853759344145186,7.549736297046558
RNA polymerase II-specific DNA-binding transcription factor binding,molfunc,0.02,5.537176728720013,5.261084496379938
RNA polymerase II-specific DNA-binding transcription factor binding,molfunc,0.03,4.282786362438023,4.23169865927674
RNA polymerase II-specific DNA-binding transcription factor binding,molfunc,0.04,3.96047182086455,3.64028311772698
RNA polymerase II-specific DNA-binding transcription factor binding,molfunc,0.05,3.394933113354369,3.291303740495996
RNA polymerase II-specific DNA-binding transcription factor binding,molfunc,0.06,3.23250019134768,3.1034078656252797
RNA polymerase II-specific DNA-binding transcription factor binding,molfunc,0.07,2.9612116985721224,2.796098839037351
RNA polymerase II-specific DNA-binding transcription factor binding,molfunc,0.08,2.46540859108575,2.507990087008112
RNA polymerase II-specific DNA-binding transcription factor binding,molfunc,0.09,2.2238852934423003,2.286689919751221
RNA polymerase II-specific DNA-binding transcription factor binding,molfunc,0.1,2.1133288543801623,2.14009817775269
RNA polymerase II-specific DNA-binding transcription factor binding,molfunc,0.11,1.9815115616522245,1.9661970534118165
RNA polymerase II-specific DNA-binding transcription factor binding,molfunc,0.12,1.7382873957155114,1.8727592050144612
RNA polymerase II-specific DNA-binding transcription factor binding,molfunc,0.13,1.7306334883958245,1.7755283868473397
RNA polymerase II-specific DNA-binding transcription factor binding,molfunc,0.14,1.613273576160633,1.662027036288522
RNA polymerase II-specific DNA-binding transcription factor binding,molfunc,0.15,1.533332766377234,1.5660779803194556
RNA polymerase II-specific DNA-binding transcription factor binding,molfunc,0.16,1.4891101907523778,1.4768777946993628
RNA polymerase II-specific DNA-binding transcription factor binding,molfunc,0.17,1.286706863854,1.4005998647086948
RNA polymerase II-specific DNA-binding transcription factor binding,molfunc,0.18,1.3504894248513855,1.341011001705004
RNA polymerase II-specific DNA-binding transcription factor binding,molfunc,0.19,1.1974112784576516,1.2644191707678685
RNA polymerase II-specific DNA-binding transcription factor binding,molfunc,0.2,1.1565904394193258,1.2087802280071864
RNA polymerase II-specific DNA-binding transcription factor binding,molfunc,0.21,1.0672948540229776,1.1576143737336049
RNA polymerase II-specific DNA-binding transcription factor binding,molfunc,0.22,1.0485853027970768,1.0828536316508408
RNA polymerase II-specific DNA-binding transcription factor binding,molfunc,0.23,1.030726185717811,1.0278686491952906
RNA polymerase II-specific DNA-binding transcription factor binding,molfunc,0.24,0.9933070832660065,0.989651208963336
RNA polymerase II-specific DNA-binding transcription factor binding,molfunc,0.25,0.9201697466556669,0.9545466197838156
RNA polymerase II-specific DNA-binding transcription factor binding,molfunc,0.26,0.9244219173888262,0.9110190218741866
RNA polymerase II-specific DNA-binding transcription factor binding,molfunc,0.27,0.8487332783385911,0.8816692833798335
RNA polymerase II-specific DNA-binding transcription factor binding,molfunc,0.28,0.7653907319686736,0.8398681406757594
RNA polymerase II-specific DNA-binding transcription factor binding,molfunc,0.29,0.7398777075697137,0.8013891163217498
RNA polymerase II-specific DNA-binding transcription factor binding,molfunc,0.3,0.7858011514878338,0.7738443082695627
RNA polymerase II-specific DNA-binding transcription factor binding,molfunc,0.31,0.7475316148894005,0.7368824718234657
RNA polymerase II-specific DNA-binding transcription factor binding,molfunc,0.32,0.7237194587837085,0.7141769700292602
RNA polymerase II-specific DNA-binding transcription factor binding,molfunc,0.33,0.7424290100096093,0.6924131710744457
RNA polymerase II-specific DNA-binding transcription factor binding,molfunc,0.34,0.6743942782790608,0.6602383240619195
RNA polymerase II-specific DNA-binding transcription factor binding,molfunc,0.35000000000000003,0.623368229481153,0.6228841114327462
RNA polymerase II-specific DNA-binding transcription factor binding,molfunc,0.36,0.6267699660676771,0.6030821933933262
RNA polymerase II-specific DNA-binding transcription factor binding,molfunc,0.37,0.5757439172697657,0.5660680401228185
RNA polymerase II-specific DNA-binding transcription factor binding,molfunc,0.38,0.5612865367770242,0.5571480215608092
RNA polymerase II-specific DNA-binding transcription factor binding,molfunc,0.39,0.5782952197096612,0.5327422229732588
RNA polymerase II-specific DNA-binding transcription factor binding,molfunc,0.4,0.5051578830993217,0.512652562399584
RNA polymerase II-specific DNA-binding transcription factor binding,molfunc,0.41000000000000003,0.4558327025946767,0.4971929407862509
RNA polymerase II-specific DNA-binding transcription factor binding,molfunc,0.42,0.4872987660200528,0.47116532064196887
RNA polymerase II-specific DNA-binding transcription factor binding,molfunc,0.43,0.4379735855154052,0.45016011564110825
RNA polymerase II-specific DNA-binding transcription factor binding,molfunc,0.44,0.4498796635682512,0.4330001972344277
RNA polymerase II-specific DNA-binding transcription factor binding,molfunc,0.45,0.39630231233044433,0.4247864558019616
RNA polymerase II-specific DNA-binding transcription factor binding,molfunc,0.46,0.37078928793148874,0.4141399820344021
RNA polymerase II-specific DNA-binding transcription factor binding,molfunc,0.47000000000000003,0.37844319525117753,0.3863859066845748
RNA polymerase II-specific DNA-binding transcription factor binding,molfunc,0.48,0.38099449769107097,0.3792446601525241
RNA polymerase II-specific DNA-binding transcription factor binding,molfunc,0.49,0.3673875513449613,0.36624392928648714
RNA polymerase II-specific DNA-binding transcription factor binding,molfunc,0.5,0.3299684488931596,0.3475668229718988
RNA polymerase II-specific DNA-binding transcription factor binding,molfunc,0.51,0.3138102001071544,0.335612428594074
RNA polymerase II-specific DNA-binding transcription factor binding,molfunc,0.52,0.3308188830397915,0.32070213363704964
RNA polymerase II-specific DNA-binding transcription factor binding,molfunc,0.53,0.2772415318019847,0.30587031391664127
RNA polymerase II-specific DNA-binding transcription factor binding,molfunc,0.54,0.2899980440014625,0.29109081102064344
RNA polymerase II-specific DNA-binding transcription factor binding,molfunc,0.55,0.22196331227091412,0.2853098019232709
RNA polymerase II-specific DNA-binding transcription factor binding,molfunc,0.56,0.2772415318019847,0.2753696052852546
RNA polymerase II-specific DNA-binding transcription factor binding,molfunc,0.5700000000000001,0.2236641805641803,0.2616625972896773
RNA polymerase II-specific DNA-binding transcription factor binding,molfunc,0.58,0.21515983909785927,0.2514869749418104
RNA polymerase II-specific DNA-binding transcription factor binding,molfunc,0.59,0.2330189561771282,0.2456798074322325
RNA polymerase II-specific DNA-binding transcription factor binding,molfunc,0.6,0.2032537610450133,0.23346382893235465
RNA polymerase II-specific DNA-binding transcription factor binding,molfunc,0.61,0.21941200983101855,0.22721196841528654
RNA polymerase II-specific DNA-binding transcription factor binding,molfunc,0.62,0.19815115616522216,0.21452513849571322
RNA polymerase II-specific DNA-binding transcription factor binding,molfunc,0.63,0.1768903024994258,0.2050819516895978
RNA polymerase II-specific DNA-binding transcription factor binding,molfunc,0.64,0.1632833561533161,0.20110587303439134
RNA polymerase II-specific DNA-binding transcription factor binding,molfunc,0.65,0.1505268439538383,0.18902068659554003
RNA polymerase II-specific DNA-binding transcription factor binding,molfunc,0.66,0.16753552688647538,0.18559393459664497
RNA polymerase II-specific DNA-binding transcription factor binding,molfunc,0.67,0.14712510736731088,0.17552294589760223
RNA polymerase II-specific DNA-binding transcription factor binding,molfunc,0.68,0.13521902931446492,0.1634116010465456
RNA polymerase II-specific DNA-binding transcription factor binding,molfunc,0.6900000000000001,0.12501381955488267,0.15713358211727219
RNA polymerase II-specific DNA-binding transcription factor binding,molfunc,0.7000000000000001,0.11565904394193353,0.15148336508092783
RNA polymerase II-specific DNA-binding transcription factor binding,molfunc,0.71,0.09865036100929515,0.1401567725960287
RNA polymerase II-specific DNA-binding transcription factor binding,molfunc,0.72,0.12671468784814638,0.13999982212279688
RNA polymerase II-specific DNA-binding transcription factor binding,molfunc,0.73,0.09865036100929515,0.1316029718048937
RNA polymerase II-specific DNA-binding transcription factor binding,molfunc,0.74,0.08589384880981733,0.12247368594524197
RNA polymerase II-specific DNA-binding transcription factor binding,molfunc,0.75,0.08759471710308105,0.11745127080182324
RNA polymerase II-specific DNA-binding transcription factor binding,molfunc,0.76,0.08504341466318548,0.11255964771943104
RNA polymerase II-specific DNA-binding transcription factor binding,molfunc,0.77,0.0773895073434988,0.11062392521623843
RNA polymerase II-specific DNA-binding transcription factor binding,molfunc,0.78,0.0714364683170758,0.10350883709639523
RNA polymerase II-specific DNA-binding transcription factor binding,molfunc,0.79,0.06123125855749355,0.10050061969278505
RNA polymerase II-specific DNA-binding transcription factor binding,molfunc,0.8,0.05612865367770242,0.09299315538986229
RNA polymerase II-specific DNA-binding transcription factor binding,molfunc,0.81,0.0773895073434988,0.09236535349693495
RNA polymerase II-specific DNA-binding transcription factor binding,molfunc,0.8200000000000001,0.055278219531070566,0.0881276907196754
RNA polymerase II-specific DNA-binding transcription factor binding,molfunc,0.8300000000000001,0.04082083903832948,0.08585190885781474
RNA polymerase II-specific DNA-binding transcription factor binding,molfunc,0.84,0.039119970745065326,0.07865834550135467
RNA polymerase II-specific DNA-binding transcription factor binding,molfunc,0.85,0.040820839038329025,0.07635640522728776
RNA polymerase II-specific DNA-binding transcription factor binding,molfunc,0.86,0.03401736586527419,0.07326971258706168
RNA polymerase II-specific DNA-binding transcription factor binding,molfunc,0.87,0.03231649757201049,0.06733175301645725
RNA polymerase II-specific DNA-binding transcription factor binding,molfunc,0.88,0.027213892692219355,0.06615462446721848
RNA polymerase II-specific DNA-binding transcription factor binding,molfunc,0.89,0.023812156105691935,0.0617600112167271
RNA polymerase II-specific DNA-binding transcription factor binding,molfunc,0.9,0.02126085366579637,0.05676375448551368
RNA polymerase II-specific DNA-binding transcription factor binding,molfunc,0.91,0.01785911707926895,0.056266744653612866
RNA polymerase II-specific DNA-binding transcription factor binding,molfunc,0.92,0.013606946346109677,0.05469723992129452
RNA polymerase II-specific DNA-binding transcription factor binding,molfunc,0.93,0.009354775612950403,0.05838557604224264
RNA polymerase II-specific DNA-binding transcription factor binding,molfunc,0.9400000000000001,0.016158248786005244,0.05587436847053328
RNA polymerase II-specific DNA-binding transcription factor binding,molfunc,0.9500000000000001,0.019559985372532878,0.04820995369437921
RNA polymerase II-specific DNA-binding transcription factor binding,molfunc,0.96,0.01445738049274153,0.04849769622863703
RNA polymerase II-specific DNA-binding transcription factor binding,molfunc,0.97,0.010205209759582256,0.05032878508300844
RNA polymerase II-specific DNA-binding transcription factor binding,molfunc,0.98,0.025513024398955645,0.06427121878843646
RNA polymerase II-specific DNA-binding transcription factor binding,molfunc,0.99,0.04167127318496088,0.16464104642019498
SH3 domain binding,molfunc,0.0,25.65990426259403,20.649626249076434
SH3 domain binding,molfunc,0.01,8.589012992933668,7.547210001388398
SH3 domain binding,molfunc,0.02,6.12491452017324,5.259690615794009
SH3 domain binding,molfunc,0.03,4.511055390927741,4.230095168094884
SH3 domain binding,molfunc,0.04,3.96398449965808,3.646301024565394
SH3 domain binding,molfunc,0.05,3.4374287668110344,3.2927858000569232
SH3 domain binding,molfunc,0.06,3.0704353772509663,3.107674706454043
SH3 domain binding,molfunc,0.07,3.045361294734444,2.7982751023397716
SH3 domain binding,molfunc,0.08,2.1837246409847286,2.5103558788362834
SH3 domain binding,molfunc,0.09,2.25438796444039,2.2851583401748026
SH3 domain binding,molfunc,0.1,2.179165716890815,2.138850514772061
SH3 domain binding,molfunc,0.11,1.8600410303168462,1.9678543666123551
SH3 domain binding,molfunc,0.12,1.8235696375655328,1.869255056807521
SH3 domain binding,molfunc,0.13,1.4907681787098233,1.7773795937410721
SH3 domain binding,molfunc,0.14,1.5500341919307072,1.661816685867273
SH3 domain binding,molfunc,0.15,1.2263505812628208,1.5689146813140435
SH3 domain binding,molfunc,0.16,1.3220879872350113,1.4789896470724693
SH3 domain binding,molfunc,0.17,1.171643492135858,1.3997406442933686
SH3 domain binding,molfunc,0.18,1.171643492135855,1.3432038719091786
SH3 domain binding,molfunc,0.19,1.085023934351492,1.2644168127991233
SH3 domain binding,molfunc,0.2,1.0189195349897444,1.2093428620335964
SH3 domain binding,molfunc,0.21,1.0645087759288798,1.1559370411840735
SH3 domain binding,molfunc,0.22,0.9368589012992925,1.0834632122176906
SH3 domain binding,molfunc,0.23,0.8775928880784152,1.0296467747734634
SH3 domain binding,molfunc,0.24,0.7795760200592653,0.9921266834317992
SH3 domain binding,molfunc,0.25,0.8388420332801452,0.9548119003874929
SH3 domain binding,molfunc,0.26,0.7727376339183946,0.9129803348013724
SH3 domain binding,molfunc,0.27,0.8114884887166622,0.8814655111573503
SH3 domain binding,molfunc,0.28,0.7157510827444756,0.839018020679169
SH3 domain binding,molfunc,0.29,0.6975153863688164,0.8007023596852514
SH3 domain binding,molfunc,0.3,0.6222931388192381,0.7759113827796119
SH3 domain binding,molfunc,0.31,0.6200136767722811,0.7385196091237974
SH3 domain binding,molfunc,0.32,0.6086163665374966,0.7156533975058629
SH3 domain binding,molfunc,0.33,0.6154547526783674,0.6947889417871415
SH3 domain binding,molfunc,0.34,0.5288351948940045,0.6621449225076658
SH3 domain binding,molfunc,0.35000000000000003,0.4718486437200843,0.6245991676288383
SH3 domain binding,molfunc,0.36,0.515158422612263,0.6047869169340588
SH3 domain binding,molfunc,0.37,0.4171415545931157,0.5680367317074794
SH3 domain binding,molfunc,0.38,0.462730795532254,0.5583359146574465
SH3 domain binding,molfunc,0.39,0.4718486437200817,0.5348024510731075
SH3 domain binding,molfunc,0.4,0.38750854798267576,0.5138353412057084
SH3 domain binding,molfunc,0.41000000000000003,0.3692728516070225,0.4973850138801264
SH3 domain binding,molfunc,0.42,0.3373603829496236,0.47315863479221093
SH3 domain binding,molfunc,0.43,0.353316617278322,0.45088268452917246
SH3 domain binding,molfunc,0.44,0.37383177570093423,0.43417572183189374
SH3 domain binding,molfunc,0.45,0.34191930704353746,0.42485985783940183
SH3 domain binding,molfunc,0.46,0.3077273763391837,0.41402984515391544
SH3 domain binding,molfunc,0.47000000000000003,0.2598586733530899,0.3875707383322671
SH3 domain binding,molfunc,0.48,0.353316617278322,0.3795893782725818
SH3 domain binding,molfunc,0.49,0.325963072714839,0.3667319461507129
SH3 domain binding,molfunc,0.5,0.271255983587873,0.34789490986837396
SH3 domain binding,molfunc,0.51,0.27809436972874374,0.3356020755642318
SH3 domain binding,molfunc,0.52,0.21654889446090703,0.3221800456246361
SH3 domain binding,molfunc,0.53,0.22566674264873468,0.30590936305923705
SH3 domain binding,molfunc,0.54,0.25529974925917465,0.2914607916328654
SH3 domain binding,molfunc,0.55,0.19147481194438096,0.2844546459856195
SH3 domain binding,molfunc,0.56,0.24390243902439004,0.27578037042236253
SH3 domain binding,molfunc,0.5700000000000001,0.16640072942785672,0.26158843436768775
SH3 domain binding,molfunc,0.58,0.2074310462730794,0.25088673936804545
SH3 domain binding,molfunc,0.59,0.17323911556872565,0.2461133214545372
SH3 domain binding,molfunc,0.6,0.19831319808525172,0.2329479268866355
SH3 domain binding,molfunc,0.61,0.13904718486437187,0.22796920067577206
SH3 domain binding,molfunc,0.62,0.17551857761568254,0.21447018012466815
SH3 domain binding,molfunc,0.63,0.12309095053567348,0.20515431613217627
SH3 domain binding,molfunc,0.64,0.1686801914748118,0.20032957114432925
SH3 domain binding,molfunc,0.65,0.1413266469113288,0.18839602636055866
SH3 domain binding,molfunc,0.66,0.16184180533394105,0.18531640190023077
SH3 domain binding,molfunc,0.67,0.15044449509915647,0.17494833288379355
SH3 domain binding,molfunc,0.68,0.11169364030088888,0.16314310578586996
SH3 domain binding,molfunc,0.6900000000000001,0.10713471620697505,0.1567272214935202
SH3 domain binding,molfunc,0.7000000000000001,0.0934579439252346,0.15105557977908468
SH3 domain binding,molfunc,0.71,0.08661955778436282,0.13950698805285341
SH3 domain binding,molfunc,0.72,0.07750170959653514,0.1403025577051048
SH3 domain binding,molfunc,0.73,0.08206063369044898,0.1311663384727987
SH3 domain binding,molfunc,0.74,0.05926601322087982,0.12208144631483145
SH3 domain binding,molfunc,0.75,0.0706633234556644,0.11707705656679862
SH3 domain binding,molfunc,0.76,0.05926601322087982,0.11232930219045978
SH3 domain binding,molfunc,0.77,0.06610439936175057,0.11012223799389147
SH3 domain binding,molfunc,0.78,0.05470708912696599,0.10309042880947612
SH3 domain binding,molfunc,0.79,0.04330977889218141,0.09995947727480943
SH3 domain binding,molfunc,0.8,0.06154547526783674,0.09223475258682032
SH3 domain binding,molfunc,0.81,0.04558924093913832,0.0924400608841755
SH3 domain binding,molfunc,0.8200000000000001,0.04558924093913832,0.08761531589632847
SH3 domain binding,molfunc,0.8300000000000001,0.04103031684522495,0.0849976351050507
SH3 domain binding,molfunc,0.84,0.06382493731479366,0.07763219993743223
SH3 domain binding,molfunc,0.85,0.03647139275131066,0.07573309818689669
SH3 domain binding,molfunc,0.86,0.034191930704353744,0.07252515604072181
SH3 domain binding,molfunc,0.87,0.02507408251652608,0.06675086017760702
SH3 domain binding,molfunc,0.88,0.02963300661043991,0.06539069270762886
SH3 domain binding,molfunc,0.89,0.034191930704353744,0.060925237240153425
SH3 domain binding,molfunc,0.9,0.015956234328698415,0.05615181932664519
SH3 domain binding,molfunc,0.91,0.02279462046956916,0.055484567360240815
SH3 domain binding,molfunc,0.92,0.01823569637565533,0.05386776451856868
SH3 domain binding,molfunc,0.93,0.02507408251652608,0.05728101496209875
SH3 domain binding,molfunc,0.9400000000000001,0.027353544563482993,0.05499696015402223
SH3 domain binding,molfunc,0.9500000000000001,0.011397310234784708,0.04775984267225222
SH3 domain binding,molfunc,0.96,0.013676772281741497,0.04786249682092929
SH3 domain binding,molfunc,0.97,0.01139731023478458,0.04955629027410963
SH3 domain binding,molfunc,0.98,0.015956234328698415,0.06364557218010973
SH3 domain binding,molfunc,0.99,0.04330977889218141,0.1622962090592798
actin binding,molfunc,0.0,23.72035277543695,20.581580535355915
actin binding,molfunc,0.01,8.685583423928776,7.512531056835991
actin binding,molfunc,0.02,6.358191865065326,5.22460261516789
actin binding,molfunc,0.03,4.755134992570101,4.211787806380772
actin binding,molfunc,0.04,4.222498118402346,3.6263182312478
actin binding,molfunc,0.05,3.770914681607948,3.27482512531057
actin binding,molfunc,0.06,3.444771088367542,3.0933982492980148
actin binding,molfunc,0.07,2.986111557834202,2.793424352363914
actin binding,molfunc,0.08,2.7165767145053503,2.4981003942936812
actin binding,molfunc,0.09,2.3640585900561564,2.2815611958374573
actin binding,molfunc,0.1,2.2270396840202515,2.135695784090658
actin binding,molfunc,0.11,2.019259840594908,1.9644934895571895
actin binding,molfunc,0.12,1.9600779656873764,1.8649953659131988
actin binding,molfunc,0.13,1.746508591021079,1.7753255221405768
actin binding,molfunc,0.14,1.642940309932909,1.6612963395469935
actin binding,molfunc,0.15,1.452529060230422,1.5697242480573281
actin binding,molfunc,0.16,1.366972654114104,1.481771711251477
actin binding,molfunc,0.17,1.3515339041382308,1.3990767757746667
actin binding,molfunc,0.18,1.2679073417688937,1.3443078935882615
actin binding,molfunc,0.19,1.159836091937755,1.2666327784758544
actin binding,molfunc,0.2,1.0974378107852554,1.2117317957535512
actin binding,molfunc,0.21,1.0762095295684218,1.158151818390296
actin binding,molfunc,0.22,0.9662084359902984,1.0865797480367207
actin binding,molfunc,0.23,0.8407685924363006,1.0356417813915808
actin binding,molfunc,0.24,0.8401253111873035,0.9959059401912173
actin binding,molfunc,0.25,0.8131074987295188,0.9592876716382255
actin binding,molfunc,0.26,0.7880195300187188,0.9164870980048583
actin binding,molfunc,0.27,0.73141078010717,0.8868173176404934
actin binding,molfunc,0.28,0.6362051552559325,0.8459189917241695
actin binding,molfunc,0.29,0.6439245302438673,0.8059453695591745
actin binding,molfunc,0.3,0.630415624014975,0.7801065047360677
actin binding,molfunc,0.31,0.6207664052800519,0.7419822900737537
actin binding,molfunc,0.32,0.5641576553685032,0.7206348434714324
actin binding,molfunc,0.33,0.5596546866255391,0.6994194974050164
actin binding,molfunc,0.34,0.514624999195898,0.6666585645004639
actin binding,molfunc,0.35000000000000003,0.48760718673811604,0.6284550895166101
actin binding,molfunc,0.36,0.4567296867863595,0.6098289139539377
actin binding,molfunc,0.37,0.44579390555344667,0.5713083976839072
actin binding,molfunc,0.38,0.38403890564993887,0.5643863296024615
actin binding,molfunc,0.39,0.3827523431519491,0.5403176119604877
actin binding,molfunc,0.4,0.38468218689893374,0.517675580106293
actin binding,molfunc,0.41000000000000003,0.3364360932243202,0.5025104385843496
actin binding,molfunc,0.42,0.3409390619672824,0.4770150351545942
actin binding,molfunc,0.43,0.3447987494612516,0.45410880222858846
actin binding,molfunc,0.44,0.30684515577055416,0.4387058797420126
actin binding,molfunc,0.45,0.29462281203965157,0.42924748137118207
actin binding,molfunc,0.46,0.29204968704367207,0.41780757496176973
actin binding,molfunc,0.47000000000000003,0.2933362495416635,0.38996078199290224
actin binding,molfunc,0.48,0.2804706245617644,0.3833557551976273
actin binding,molfunc,0.49,0.2663184370838772,0.3703834825717118
actin binding,molfunc,0.5,0.23608421838111823,0.3515987863659562
actin binding,molfunc,0.51,0.2663184370838772,0.33778107031024573
actin binding,molfunc,0.52,0.20584999967835918,0.3257335014356683
actin binding,molfunc,0.53,0.20006046843740533,0.309326614876211
actin binding,molfunc,0.54,0.2032768746823797,0.2946634553907056
actin binding,molfunc,0.55,0.19234109344946687,0.2871601449512758
actin binding,molfunc,0.56,0.17561578097560018,0.2795247339759405
actin binding,molfunc,0.5700000000000001,0.15374421850977624,0.26491441470480026
actin binding,molfunc,0.58,0.17304265597962068,0.2535801887241094
actin binding,molfunc,0.59,0.15245765601178476,0.24911519061050505
actin binding,molfunc,0.6,0.16082031224871812,0.2355088354122433
actin binding,molfunc,0.61,0.13894874978289246,0.2305946954765604
actin binding,molfunc,0.62,0.12929953104796937,0.21751674242192048
actin binding,molfunc,0.63,0.11836374981505655,0.20776772287209797
actin binding,molfunc,0.64,0.1402353122808822,0.20243086122151763
actin binding,molfunc,0.65,0.11386078107209244,0.19091169449056203
actin binding,molfunc,0.66,0.11257421857410269,0.18803190280782317
actin binding,molfunc,0.67,0.10678468733314883,0.17746385993538683
actin binding,molfunc,0.68,0.09327578110425651,0.16541629106080943
actin binding,molfunc,0.6900000000000001,0.08233999987134367,0.15920756587325308
actin binding,molfunc,0.7000000000000001,0.08298328112033947,0.1531837814359661
actin binding,molfunc,0.71,0.08041015612435906,0.14132115331165462
actin binding,molfunc,0.72,0.06883109364245135,0.14251005813480372
actin binding,molfunc,0.73,0.07140421863843086,0.1330516597639732
actin binding,molfunc,0.74,0.05403562491556929,0.12414808364394563
actin binding,molfunc,0.75,0.051462499919589795,0.11923394370826272
actin binding,molfunc,0.76,0.04695953117662569,0.1143990640941231
actin binding,molfunc,0.77,0.04374312493165133,0.11233829573399805
actin binding,molfunc,0.78,0.049532656172605175,0.10472930486584389
actin binding,molfunc,0.79,0.04052671868667697,0.10174383275438062
actin binding,molfunc,0.8,0.03795359369069747,0.0941084217790454
actin binding,molfunc,0.81,0.03602374994371286,0.09421410220776975
actin binding,molfunc,0.8200000000000001,0.032164062449743624,0.08940564270081124
actin binding,molfunc,0.8300000000000001,0.03666703119270814,0.0864730108037111
actin binding,molfunc,0.84,0.03602374994371286,0.07918106122172909
actin binding,molfunc,0.85,0.021871562465825663,0.07749017436213929
actin binding,molfunc,0.86,0.023158124963815408,0.07410840064295966
actin binding,molfunc,0.87,0.0186551562208513,0.0682431368487575
actin binding,molfunc,0.88,0.022514843714820536,0.06673719073943533
actin binding,molfunc,0.89,0.01479546872688207,0.0625099735904608
actin binding,molfunc,0.9,0.015438749975876938,0.0573580526901481
actin binding,molfunc,0.91,0.012865624979897449,0.056856070653707375
actin binding,molfunc,0.92,0.012865624979897449,0.05513876368693648
actin binding,molfunc,0.93,0.012865624979897449,0.05873189826356482
actin binding,molfunc,0.9400000000000001,0.009005937485928215,0.056565449474715375
actin binding,molfunc,0.9500000000000001,0.007719374987938556,0.048982878713742864
actin binding,molfunc,0.96,0.01479546872688207,0.04882435807065578
actin binding,molfunc,0.97,0.010935781232912832,0.050700185680513224
actin binding,molfunc,0.98,0.01029249998391796,0.06528408484447533
actin binding,molfunc,0.99,0.028947656204769263,0.16639383502650978
actin filament binding,molfunc,0.0,22.73560209424084,20.661164311150607
actin filament binding,molfunc,0.01,8.63398381722989,7.5353781199037755
actin filament binding,molfunc,0.02,6.506425511661115,5.242364074972339
actin filament binding,molfunc,0.03,4.969062351261304,4.217187544163494
actin filament binding,molfunc,0.04,4.350309376487386,3.6345729926467856
actin filament binding,molfunc,0.05,4.023084245597337,3.2785163606868477
actin filament binding,molfunc,0.06,3.6137553545930476,3.0962224183171414
actin filament binding,molfunc,0.07,3.1663493574488353,2.793064739761785
actin filament binding,molfunc,0.08,2.8117563065207056,2.5000719581351474
actin filament binding,molfunc,0.09,2.3524512137077562,2.2833418343334415
actin filament binding,molfunc,0.1,2.342931937172776,2.1348617327674537
actin filament binding,molfunc,0.11,2.138267491670634,1.9629142033430593
actin filament binding,molfunc,0.12,1.9930985245121353,1.866036512206043
actin filament binding,molfunc,0.13,1.7241789623988564,1.7752785039138725
actin filament binding,molfunc,0.14,1.7574964302713028,1.6584599818120982
actin filament binding,molfunc,0.15,1.4445502141837208,1.5677279043794354
actin filament binding,molfunc,0.16,1.4088529271775332,1.4787331945340847
actin filament binding,molfunc,0.17,1.3422179914326537,1.398399391765762
actin filament binding,molfunc,0.18,1.169681104236077,1.345033682889962
actin filament binding,molfunc,0.19,1.1637315564017123,1.264570225824075
actin filament binding,molfunc,0.2,1.1208948119942905,1.2091041173278063
actin filament binding,molfunc,0.21,1.139933365064254,1.1552457221212782
actin filament binding,molfunc,0.22,0.9935744883388854,1.08375434244656
actin filament binding,molfunc,0.23,0.8757734412184691,1.0312702827941764
actin filament binding,molfunc,0.24,0.8781532603522124,0.9921924775095164
actin filament binding,molfunc,0.25,0.8234174202760584,0.9563560296638652
actin filament binding,molfunc,0.26,0.8162779628748208,0.9134923188904488
actin filament binding,molfunc,0.27,0.7377439314612082,0.8838014847491531
actin filament binding,molfunc,0.28,0.635411708710141,0.8420528009347596
actin filament binding,molfunc,0.29,0.6235126130414084,0.8033898894022904
actin filament binding,molfunc,0.3,0.6496906235126124,0.7769144818404887
actin filament binding,molfunc,0.31,0.5937648738695854,0.7403260390689882
actin filament binding,molfunc,0.32,0.5592574964302708,0.7178439838720421
actin filament binding,molfunc,0.33,0.5021418372203709,0.6980846689238609
actin filament binding,molfunc,0.34,0.48548310328414995,0.6644782749962459
actin filament binding,molfunc,0.35000000000000003,0.433127082341744,0.6270341138608512
actin filament binding,molfunc,0.36,0.4188481675392667,0.6078193469624197
actin filament binding,molfunc,0.37,0.43074726320799583,0.5693120205870275
actin filament binding,molfunc,0.38,0.38553069966682496,0.561014145543172
actin filament binding,molfunc,0.39,0.36530223702998543,0.5377800954203763
actin filament binding,molfunc,0.4,0.36768205616373123,0.5155832796780627
actin filament binding,molfunc,0.41000000000000003,0.30937648738696,0.5000247639708364
actin filament binding,molfunc,0.42,0.34745359352689165,0.47435321305390543
actin filament binding,molfunc,0.43,0.3248453117563062,0.45251942934476047
actin filament binding,molfunc,0.44,0.29628748215135625,0.4364941581663145
actin filament binding,molfunc,0.45,0.2903379343169917,0.4268478784278324
actin filament binding,molfunc,0.46,0.27486910994764374,0.41585319399472376
actin filament binding,molfunc,0.47000000000000003,0.2760590195145182,0.3885479989285387
actin filament binding,molfunc,0.48,0.26178010471204166,0.38185783717442795
actin filament binding,molfunc,0.49,0.26059019514516873,0.3685812371042591
actin filament binding,molfunc,0.5,0.23203236554021872,0.3495479862224154
actin filament binding,molfunc,0.51,0.2594002855782958,0.33660848732590315
actin filament binding,molfunc,0.52,0.19157544026653958,0.32382457358646316
actin filament binding,molfunc,0.53,0.1725368871965729,0.3079030258460653
actin filament binding,molfunc,0.54,0.16777724892908125,0.2937447765524868
actin filament binding,molfunc,0.55,0.18324607329842915,0.28560248666570354
actin filament binding,molfunc,0.56,0.17372679676344582,0.2776417127955046
actin filament binding,molfunc,0.5700000000000001,0.13802950975725986,0.2631982240472964
actin filament binding,molfunc,0.58,0.18324607329842915,0.25186643844052825
actin filament binding,molfunc,0.59,0.157068062827225,0.24722481458787157
actin filament binding,molfunc,0.6,0.14159923845787706,0.23454462428647976
actin filament binding,molfunc,0.61,0.14159923845787706,0.22883983519382908
actin filament binding,molfunc,0.62,0.11542122798667291,0.21618557575194935
actin filament binding,molfunc,0.63,0.09995240361732499,0.20651336515395521
actin filament binding,molfunc,0.64,0.13089005235602083,0.20148277840861778
actin filament binding,molfunc,0.65,0.10828177058543542,0.1896064447520995
actin filament binding,molfunc,0.66,0.10947168015230833,0.18670218848675008
actin filament binding,molfunc,0.67,0.08924321751546875,0.17653729155802703
actin filament binding,molfunc,0.68,0.07020466444550208,0.1645831653229726
actin filament binding,molfunc,0.6900000000000001,0.08448357924797707,0.15773741841179176
actin filament binding,molfunc,0.7000000000000001,0.08091385054735922,0.15192890588109453
actin filament binding,molfunc,0.71,0.0642551166111375,0.14054525855530353
actin filament binding,molfunc,0.72,0.06544502617801042,0.1412194609026168
actin filament binding,molfunc,0.73,0.06544502617801042,0.13203993663535157
actin filament binding,molfunc,0.74,0.052356020942408335,0.12288634322759842
actin filament binding,molfunc,0.75,0.04164683484055208,0.11819285765591761
actin filament binding,molfunc,0.76,0.04045692527367916,0.11329192520814042
actin filament binding,molfunc,0.77,0.051166111375535415,0.11090628613303194
actin filament binding,molfunc,0.78,0.03926701570680625,0.10393088492429088
actin filament binding,molfunc,0.79,0.027367920038077084,0.10089697436138119
actin filament binding,molfunc,0.8,0.038077106139933335,0.0930658547887425
actin filament binding,molfunc,0.81,0.04402665397429791,0.09296213135069431
actin filament binding,molfunc,0.8200000000000001,0.03212755830556875,0.08834643835754966
actin filament binding,molfunc,0.8300000000000001,0.028557829604950315,0.08572742154683369
actin filament binding,molfunc,0.84,0.03212755830556875,0.07846678088345913
actin filament binding,molfunc,0.85,0.022608281770585416,0.07644417384151934
actin filament binding,molfunc,0.86,0.022608281770585416,0.07317688554300121
actin filament binding,molfunc,0.87,0.019038553069966668,0.06731651129327822
actin filament binding,molfunc,0.88,0.0214183722037125,0.06594217573913964
actin filament binding,molfunc,0.89,0.014278914802474998,0.061637653060139574
actin filament binding,molfunc,0.9,0.014278914802474998,0.05660706631480214
actin filament binding,molfunc,0.91,0.009519276534983334,0.05611437998407321
actin filament binding,molfunc,0.92,0.009519276534983334,0.05442887411579006
actin filament binding,molfunc,0.93,0.01070918610185625,0.057929540149916615
actin filament binding,molfunc,0.9400000000000001,0.005949547834364583,0.055751347950904535
actin filament binding,molfunc,0.9500000000000001,0.009519276534983438,0.04817953697338687
actin filament binding,molfunc,0.96,0.008329366968110416,0.048335122130458624
actin filament binding,molfunc,0.97,0.014278914802474998,0.04989097370118155
actin filament binding,molfunc,0.98,0.009519276534983334,0.06428260073036852
actin filament binding,molfunc,0.99,0.029747739171822916,0.1638311703971232
cadherin binding,molfunc,0.0,21.413949231732577,20.690153095150755
cadherin binding,molfunc,0.01,7.872934829728819,7.552045999836678
cadherin binding,molfunc,0.02,5.7258802562497,5.259494401028672
cadherin binding,molfunc,0.03,4.528924425605703,4.226857174706829
cadherin binding,molfunc,0.04,4.013534993497422,3.6420080338984366
cadherin binding,molfunc,0.05,3.375319107942779,3.292653999255978
cadherin binding,molfunc,0.06,3.1621790857858456,3.106077790639041
cadherin binding,molfunc,0.07,2.9755310437840197,2.7972691485597196
cadherin binding,molfunc,0.08,2.654014739174415,2.5035483699533767
cadherin binding,molfunc,0.09,2.430037088772215,2.2816893740740194
cadherin binding,molfunc,0.1,2.272289388757768,2.136436282941512
cadherin binding,molfunc,0.11,2.0663744520976843,1.964507227008832
cadherin binding,molfunc,0.12,2.014594672703625,1.8656065411850695
cadherin binding,molfunc,0.13,1.7605124993979082,1.7744831045741873
cadherin binding,molfunc,0.14,1.6087857039641666,1.6616870668234245
cadherin binding,molfunc,0.15,1.5738644573960778,1.5649121624511801
cadherin binding,molfunc,0.16,1.3896247772265293,1.4791291036331407
cadherin binding,molfunc,0.17,1.306536294012815,1.3991530575607203
cadherin binding,molfunc,0.18,1.2944944848514028,1.3423013658145815
cadherin binding,molfunc,0.19,1.2102018207215441,1.2635437554521745
cadherin binding,molfunc,0.2,1.1548094985790687,1.2083512102047902
cadherin binding,molfunc,0.21,1.1235007947594036,1.1555955363774342
cadherin binding,molfunc,0.22,1.0066952458937422,1.0834485878459732
cadherin binding,molfunc,0.23,1.0127161504744493,1.0282819667626313
cadherin binding,molfunc,0.24,0.9452820191705593,0.9907178530644297
cadherin binding,molfunc,0.25,0.9561196474158269,0.9534648293347462
cadherin binding,molfunc,0.26,0.8754395260343907,0.9121935601784092
cadherin binding,molfunc,0.27,0.8405182794663063,0.8815511982796718
cadherin binding,molfunc,0.28,0.8080053947305081,0.8382837684920341
cadherin binding,molfunc,0.29,0.7429796252588982,0.8007715031219167
cadherin binding,molfunc,0.3,0.6779538557872928,0.7762731681013524
cadherin binding,molfunc,0.31,0.6442367901353493,0.7392016135199694
cadherin binding,molfunc,0.32,0.699629112277828,0.7147810509915339
cadherin binding,molfunc,0.33,0.6237657145609551,0.6954157004514687
cadherin binding,molfunc,0.34,0.586436106160589,0.6622586946405673
cadherin binding,molfunc,0.35000000000000003,0.5105727084437189,0.6253167608794024
cadherin binding,molfunc,0.36,0.5334521458503921,0.6053033062382608
cadherin binding,molfunc,0.37,0.5093685275275753,0.5675836475558045
cadherin binding,molfunc,0.38,0.5129810702759978,0.5582250243363085
cadherin binding,molfunc,0.39,0.4563845672173783,0.5357746982751352
cadherin binding,molfunc,0.4,0.45879292904965996,0.5135836138543912
cadherin binding,molfunc,0.41000000000000003,0.4106256924040287,0.4977957979522526
cadherin binding,molfunc,0.42,0.43832185347526575,0.4723641930261402
cadherin binding,molfunc,0.43,0.45397620538509664,0.44970647365262356
cadherin binding,molfunc,0.44,0.38413371224892795,0.4345667618515553
cadherin binding,molfunc,0.45,0.3672751794229562,0.42515629030397345
cadherin binding,molfunc,0.46,0.3468041038485619,0.4142681414059448
cadherin binding,molfunc,0.47000000000000003,0.3648668175906765,0.38660705837214576
cadherin binding,molfunc,0.48,0.34800828476470275,0.37997047237715476
cadherin binding,molfunc,0.49,0.361254274842252,0.366386210418662
cadherin binding,molfunc,0.5,0.29382014353836494,0.34818744726052847
cadherin binding,molfunc,0.51,0.3166995809450409,0.3353549860592805
cadherin binding,molfunc,0.52,0.2926159626222241,0.3216151791165301
cadherin binding,molfunc,0.53,0.2685323442994073,0.3058014390503458
cadherin binding,molfunc,0.54,0.24806126872501302,0.29198385961546663
cadherin binding,molfunc,0.55,0.22999855498290042,0.28456954869919004
cadherin binding,molfunc,0.56,0.23601945956360462,0.27627381620545394
cadherin binding,molfunc,0.5700000000000001,0.25167381147343837,0.2607193177797017
cadherin binding,molfunc,0.58,0.210731660324647,0.2512569979040311
cadherin binding,molfunc,0.59,0.21916092673763288,0.24586477178310268
cadherin binding,molfunc,0.6,0.18423968016954853,0.23360264219079904
cadherin binding,molfunc,0.61,0.1962814893309569,0.22764008446092623
cadherin binding,molfunc,0.62,0.17099369009199927,0.21496316824393583
cadherin binding,molfunc,0.63,0.16376860459515422,0.20511198590762425
cadherin binding,molfunc,0.64,0.1902605847502527,0.20018639473946845
cadherin binding,molfunc,0.65,0.16015606184673173,0.18846867259206623
cadherin binding,molfunc,0.66,0.15533933818216836,0.18569478703947329
cadherin binding,molfunc,0.67,0.14329752902075996,0.17535104558634612
cadherin binding,molfunc,0.68,0.12764317711092904,0.1633222334704288
cadherin binding,molfunc,0.6900000000000001,0.11560136794952063,0.1570485857720409
cadherin binding,molfunc,0.7000000000000001,0.10958046336881765,0.15129342135451318
cadherin binding,molfunc,0.71,0.11560136794952063,0.13942015422285178
cadherin binding,molfunc,0.72,0.11800972978180231,0.1400682583239249
cadherin binding,molfunc,0.73,0.08308848321371795,0.1316429050099742
cadherin binding,molfunc,0.74,0.07706757863301376,0.12233613011856406
cadherin binding,molfunc,0.75,0.09392611145898551,0.11704760065380732
cadherin binding,molfunc,0.76,0.08790520687828132,0.11225163030586614
cadherin binding,molfunc,0.77,0.07947594046529544,0.11028139383860384
cadherin binding,molfunc,0.78,0.05659650305861947,0.10354111118744329
cadherin binding,molfunc,0.79,0.08308848321371795,0.09967841074504742
cadherin binding,molfunc,0.8,0.07225085496845039,0.09231594815685668
cadherin binding,molfunc,0.81,0.07345503588459124,0.09231594815685668
cadherin binding,molfunc,0.8200000000000001,0.07345503588459124,0.08744220531678673
cadherin binding,molfunc,0.8300000000000001,0.07465921680073291,0.08472016809228052
cadherin binding,molfunc,0.84,0.05659650305861947,0.07792803711303317
cadherin binding,molfunc,0.85,0.046963055729492754,0.07590595231768502
cadherin binding,molfunc,0.86,0.0541881412263378,0.07248396266401888
cadherin binding,molfunc,0.87,0.03130870381966184,0.06703988821500459
cadherin binding,molfunc,0.88,0.059004864890901156,0.06512150007582812
cadherin binding,molfunc,0.89,0.05177977939405612,0.060818088844702536
cadherin binding,molfunc,0.9,0.03371706565194352,0.05617766348101892
cadherin binding,molfunc,0.91,0.050575598477915276,0.05521846941143069
cadherin binding,molfunc,0.92,0.05177977939405612,0.053507474584597634
cadherin binding,molfunc,0.93,0.03973797023264772,0.05729240253486471
cadherin binding,molfunc,0.9400000000000001,0.03492124656808435,0.055114772755258994
cadherin binding,molfunc,0.9500000000000001,0.037329608400366456,0.04757084101876828
cadherin binding,molfunc,0.96,0.03130870381966184,0.047830082659197005
cadherin binding,molfunc,0.97,0.040942151148788554,0.04930776000964374
cadherin binding,molfunc,0.98,0.046963055729492754,0.06346235357708091
cadherin binding,molfunc,0.99,0.15533933818216836,0.16109275536273723
calcium ion binding,molfunc,0.0,15.911966609603747,20.92773146018841
calcium ion binding,molfunc,0.01,6.491431973938086,7.608314647558492
calcium ion binding,molfunc,0.02,4.502436147737618,5.304892362501555
calcium ion binding,molfunc,0.03,3.553168709671878,4.2647647716759405
calcium ion binding,molfunc,0.04,3.2245320935984556,3.6695639797035833
calcium ion binding,molfunc,0.05,2.8707038205437976,3.314047418495148
calcium ion binding,molfunc,0.06,2.828908571461285,3.1201703335397504
calcium ion binding,molfunc,0.07,2.6319556168807017,2.808867626111721
calcium ion binding,molfunc,0.08,2.391489800241612,2.5120638761396035
calcium ion binding,molfunc,0.09,2.1933917703436925,2.2890561019366977
calcium ion binding,molfunc,0.1,2.0044543429844106,2.145553599937119
calcium ion binding,molfunc,0.11,1.9351772862860064,1.9681139777385248
calcium ion binding,molfunc,0.12,1.8103640766971432,1.871454261365747
calcium ion binding,molfunc,0.13,1.801203474158511,1.7729357042934957
calcium ion binding,molfunc,0.14,1.7290637291667892,1.6573954773874717
calcium ion binding,molfunc,0.15,1.5492869043461321,1.5658342955046844
calcium ion binding,molfunc,0.16,1.5103543435569462,1.4757070764472124
calcium ion binding,molfunc,0.17,1.4593984919358098,1.3943164086772835
calcium ion binding,molfunc,0.18,1.390693972896066,1.3390026204342877
calcium ion binding,molfunc,0.19,1.3809608326987697,1.256921526118835
calcium ion binding,molfunc,0.2,1.31053870068304,1.2024309387570433
calcium ion binding,molfunc,0.21,1.3162640772696812,1.1474358089196726
calcium ion binding,molfunc,0.22,1.2046192338301043,1.0761359906611834
calcium ion binding,molfunc,0.23,1.2091995350994236,1.0195475687956963
calcium ion binding,molfunc,0.24,1.091829315073198,0.9850262415197023
calcium ion binding,molfunc,0.25,1.120456198006423,0.9457781478936139
calcium ion binding,molfunc,0.26,1.074653185313263,0.9038480126868526
calcium ion binding,molfunc,0.27,1.0569045178946634,0.8725132694671068
calcium ion binding,molfunc,0.28,1.0385833128174053,0.8283259705538427
calcium ion binding,molfunc,0.29,0.9235032434258355,0.793804643277847
calcium ion binding,molfunc,0.3,0.8948763604926105,0.7686040743663736
calcium ion binding,molfunc,0.31,0.8725473918046951,0.7309227179012726
calcium ion binding,molfunc,0.32,0.8696847035113726,0.707262331283651
calcium ion binding,molfunc,0.33,0.8416303582368123,0.6870540773936286
calcium ion binding,molfunc,0.34,0.8410578205781478,0.652293756313419
calcium ion binding,molfunc,0.35000000000000003,0.7557497094371417,0.6167367892191516
calcium ion binding,molfunc,0.36,0.7603300107064536,0.5965285353291259
calcium ion binding,molfunc,0.37,0.7133819226959647,0.5595376054095446
calcium ion binding,molfunc,0.38,0.6904804163493848,0.5510931576604945
calcium ion binding,molfunc,0.39,0.6801747384934238,0.5273265515743314
calcium ion binding,molfunc,0.4,0.643532328338896,0.506348206537383
calcium ion binding,molfunc,0.41000000000000003,0.6234935102856419,0.49004351811626373
calcium ion binding,molfunc,0.42,0.6160505207229999,0.464949168673329
calcium ion binding,molfunc,0.43,0.6057448428670391,0.4425634156782056
calcium ion binding,molfunc,0.44,0.5754003469578206,0.42692259893546813
calcium ion binding,molfunc,0.45,0.5708200456885046,0.4171238529625137
calcium ion binding,molfunc,0.46,0.5433382380726087,0.40679400964685175
calcium ion binding,molfunc,0.47000000000000003,0.5439107757312762,0.3788317345533011
calcium ion binding,molfunc,0.48,0.5273071836300027,0.372432011573673
calcium ion binding,molfunc,0.49,0.5141388174807193,0.35942012667733786
calcium ion binding,molfunc,0.5,0.47062595542221747,0.34130970729101023
calcium ion binding,molfunc,0.51,0.43341100760902507,0.33039565689836997
calcium ion binding,molfunc,0.52,0.4402814595129991,0.3154718215682877
calcium ion binding,molfunc,0.53,0.4122271142384387,0.30004344376263326
calcium ion binding,molfunc,0.54,0.4162348778490902,0.2852523827682278
calcium ion binding,molfunc,0.55,0.39905874808915526,0.2780560137745404
calcium ion binding,molfunc,0.56,0.3727220157905883,0.2709127545151238
calcium ion binding,molfunc,0.5700000000000001,0.322338701828116,0.25766187581457317
calcium ion binding,molfunc,0.58,0.31718586290013195,0.247305477631773
calcium ion binding,molfunc,0.59,0.311460486313487,0.24223349800891586
calcium ion binding,molfunc,0.6,0.3406599069053764,0.22754865648305195
calcium ion binding,molfunc,0.61,0.30745272270283547,0.22324676800712076
calcium ion binding,molfunc,0.62,0.2914216682602296,0.21044732204786867
calcium ion binding,molfunc,0.63,0.24905388151905672,0.2021622035016308
calcium ion binding,molfunc,0.64,0.30401749675084855,0.19515171857789107
calcium ion binding,molfunc,0.65,0.2702377748896431,0.1840517841153032
calcium ion binding,molfunc,0.66,0.2553517957643662,0.1817946204087961
calcium ion binding,molfunc,0.67,0.2650849359616626,0.17048224700912515
calcium ion binding,molfunc,0.68,0.23016013878312824,0.159435422280808
calcium ion binding,molfunc,0.6900000000000001,0.20725863243654835,0.15380579044810794
calcium ion binding,molfunc,0.7000000000000001,0.20954878307120864,0.14767161613983731
calcium ion binding,molfunc,0.71,0.21012132072987083,0.13561570646037419
calcium ion binding,molfunc,0.72,0.19237265331127137,0.13715588875422607
calcium ion binding,molfunc,0.73,0.21012132072987083,0.12693226490710566
calcium ion binding,molfunc,0.74,0.1883648897006199,0.1182753782209725
calcium ion binding,molfunc,0.75,0.14656964061811154,0.1151684587661333
calcium ion binding,molfunc,0.76,0.16775353398869797,0.10914050392640257
calcium ion binding,molfunc,0.77,0.17061622228202045,0.10680367561848932
calcium ion binding,molfunc,0.78,0.1568753184740725,0.10003218449896799
calcium ion binding,molfunc,0.79,0.13683650042081505,0.09758913672251324
calcium ion binding,molfunc,0.8,0.14714217827677603,0.08933057304341076
calcium ion binding,molfunc,0.81,0.14198933934879554,0.08959612171476454
calcium ion binding,molfunc,0.8200000000000001,0.13798157573814404,0.08478969076326116
calcium ion binding,molfunc,0.8300000000000001,0.17233383525801588,0.0804346925530601
calcium ion binding,molfunc,0.84,0.13053858617550557,0.07501749965744216
calcium ion binding,molfunc,0.85,0.14313441466612453,0.07214957400682136
calcium ion binding,molfunc,0.86,0.16546338335403996,0.06776802092948402
calcium ion binding,molfunc,0.87,0.16031054442605946,0.06192595015970092
calcium ion binding,molfunc,0.88,0.14485202764211805,0.06128863334845185
calcium ion binding,molfunc,0.89,0.13053858617550557,0.05738506787955132
calcium ion binding,molfunc,0.9,0.12080544597820911,0.05268485639658946
calcium ion binding,molfunc,0.91,0.15916546910873047,0.05029491835440546
calcium ion binding,molfunc,0.92,0.16145561974338848,0.04846263252206439
calcium ion binding,molfunc,0.93,0.15973800676739497,0.05215375905388191
calcium ion binding,molfunc,0.9400000000000001,0.19180011565260688,0.048329858186387506
calcium ion binding,molfunc,0.9500000000000001,0.18435712608997043,0.0410007148570237
calcium ion binding,molfunc,0.96,0.14885979125276952,0.042779890955093554
calcium ion binding,molfunc,0.97,0.1230955966128671,0.04570092633998511
calcium ion binding,molfunc,0.98,0.17290637291667846,0.058022384690800385
calcium ion binding,molfunc,0.99,0.4969626877207844,0.1453878975661932
calmodulin binding,molfunc,0.0,21.695446159563595,20.686107961851498
calmodulin binding,molfunc,0.01,8.057815590034908,7.549081448219014
calmodulin binding,molfunc,0.02,5.97401218427724,5.25558678080239
calmodulin binding,molfunc,0.03,4.811329519663405,4.221954068012622
calmodulin binding,molfunc,0.04,4.072043852779952,3.6416077592697325
calmodulin binding,molfunc,0.05,3.665901278154575,3.287154349712532
calmodulin binding,molfunc,0.06,3.603519902313417,3.0975864568785405
calmodulin binding,molfunc,0.07,3.105796158899966,2.795085050707537
calmodulin binding,molfunc,0.08,2.7328351671688162,2.502311708915617
calmodulin binding,molfunc,0.09,2.503218613540738,2.280558411593367
calmodulin binding,molfunc,0.1,2.32005627596459,2.135775836419494
calmodulin binding,molfunc,0.11,2.1209667785992075,1.9636460164352552
calmodulin binding,molfunc,0.12,2.0426582429688205,1.8653563446901569
calmodulin binding,molfunc,0.13,1.7732237898676704,1.7742074861594983
calmodulin binding,molfunc,0.14,1.6484610381853686,1.6608082676128448
calmodulin binding,molfunc,0.15,1.5582071327130576,1.5652352095906281
calmodulin binding,molfunc,0.16,1.3352268956638296,1.4800111562270208
calmodulin binding,molfunc,0.17,1.4613169106619088,1.39595136588751
calmodulin binding,molfunc,0.18,1.3285905790849835,1.3415414738948932
calmodulin binding,molfunc,0.19,1.256918360033446,1.2625268233264484
calmodulin binding,molfunc,0.2,1.1666644545611424,1.2080134412872527
calmodulin binding,molfunc,0.21,1.1361373982984475,1.1552852625516599
calmodulin binding,molfunc,0.22,1.010047383300372,1.0832303176161264
calmodulin binding,molfunc,0.23,0.9436842175119139,1.0295966009729118
calmodulin binding,molfunc,0.24,0.9091753713019118,0.9913311562477192
calmodulin binding,molfunc,0.25,0.866702945197297,0.9552131299891896
calmodulin binding,molfunc,0.26,0.8534303120396047,0.9125493582840928
calmodulin binding,molfunc,0.27,0.8136124125665284,0.8819939220295632
calmodulin binding,molfunc,0.28,0.7140676638838412,0.8400545806505735
calmodulin binding,molfunc,0.29,0.699467767410376,0.8015045382972672
calmodulin binding,molfunc,0.3,0.6861951342526839,0.7759166242788677
calmodulin binding,molfunc,0.31,0.6357591282534536,0.739177657740822
calmodulin binding,molfunc,0.32,0.5959412287803773,0.7167720626549434
calmodulin binding,molfunc,0.33,0.5959412287803773,0.6958153282212693
calmodulin binding,molfunc,0.34,0.5614323825703776,0.6625950232671491
calmodulin binding,molfunc,0.35000000000000003,0.47781479367691976,0.6257266941708742
calmodulin binding,molfunc,0.36,0.5070145866238398,0.6056754976448248
calmodulin binding,molfunc,0.37,0.45126952736153286,0.5686001884553743
calmodulin binding,molfunc,0.38,0.41410615451999483,0.5600622596120257
calmodulin binding,molfunc,0.39,0.43268784094076385,0.5360784413157099
calmodulin binding,molfunc,0.4,0.3968517314149951,0.5146818741840452
calmodulin binding,molfunc,0.41000000000000003,0.4167606811515356,0.49750252645076465
calmodulin binding,molfunc,0.42,0.4021607846780719,0.4730012579215158
calmodulin binding,molfunc,0.43,0.34641572541576493,0.4518116708830232
calmodulin binding,molfunc,0.44,0.3291613023107651,0.4355378610573678
calmodulin binding,molfunc,0.45,0.36765193846807237,0.4250336213288843
calmodulin binding,molfunc,0.46,0.31987045910038064,0.4146587441586333
calmodulin binding,molfunc,0.47000000000000003,0.32916130231076696,0.3872597543249802
calmodulin binding,molfunc,0.48,0.2853616128903811,0.38112796906475493
calmodulin binding,molfunc,0.49,0.3411066721526881,0.36676872510094133
calmodulin binding,molfunc,0.5,0.29465245610076557,0.34806289918051375
calmodulin binding,molfunc,0.51,0.2720889797326889,0.3361874163347652
calmodulin binding,molfunc,0.52,0.2694344531011505,0.3220092799524771
calmodulin binding,molfunc,0.53,0.21103486720730508,0.30684798812762154
calmodulin binding,molfunc,0.54,0.2309438169438433,0.29223001904734286
calmodulin binding,molfunc,0.55,0.20838034057576663,0.28488222573973365
calmodulin binding,molfunc,0.56,0.19245318078653606,0.2770428547108408
calmodulin binding,molfunc,0.5700000000000001,0.1964349707338459,0.2617780728394022
calmodulin binding,molfunc,0.58,0.204398550628459,0.25129970562256226
calmodulin binding,molfunc,0.59,0.1778532843130747,0.24661678101454376
calmodulin binding,molfunc,0.6,0.1499807546819212,0.23417210291257193
calmodulin binding,molfunc,0.61,0.1579443345765365,0.2283249152804604
calmodulin binding,molfunc,0.62,0.16590791447115177,0.2149746992708607
calmodulin binding,molfunc,0.63,0.15263528131345963,0.20524663489177253
calmodulin binding,molfunc,0.64,0.12741727831384456,0.20139163065644236
calmodulin binding,molfunc,0.65,0.11414464515615243,0.18930916771752165
calmodulin binding,molfunc,0.66,0.11679917178769086,0.18638557390146593
calmodulin binding,molfunc,0.67,0.111490118524614,0.17590720668462895
calmodulin binding,molfunc,0.68,0.09556295873538342,0.16387648876900127
calmodulin binding,molfunc,0.6900000000000001,0.08759937884076814,0.15751185090395953
calmodulin binding,molfunc,0.7000000000000001,0.1008720119984614,0.1513800656437381
calmodulin binding,molfunc,0.71,0.05839958589384543,0.14048773824055524
calmodulin binding,molfunc,0.72,0.09954474868269107,0.1403842481939692
calmodulin binding,molfunc,0.73,0.07167221905153758,0.131768701815681
calmodulin binding,molfunc,0.74,0.05309053263076857,0.12271332273940212
calmodulin binding,molfunc,0.75,0.06105411252538386,0.11764231045668595
calmodulin binding,molfunc,0.76,0.05972684920961465,0.11275240575549535
calmodulin binding,molfunc,0.77,0.057072322578076214,0.11065673231212794
calmodulin binding,molfunc,0.78,0.054417795946537784,0.10349004658604438
calmodulin binding,molfunc,0.79,0.06105411252538386,0.10007487504870491
calmodulin binding,molfunc,0.8,0.057072322578076214,0.0925718466712167
calmodulin binding,molfunc,0.81,0.06105411252538386,0.09252010164792368
calmodulin binding,molfunc,0.8200000000000001,0.04910874268346093,0.08788892206319819
calmodulin binding,molfunc,0.8300000000000001,0.0504360059992307,0.08517230834031547
calmodulin binding,molfunc,0.84,0.03450884620999957,0.07831609275398908
calmodulin binding,molfunc,0.85,0.03450884620999957,0.07609105675238914
calmodulin binding,molfunc,0.86,0.03450884620999957,0.07283112028492873
calmodulin binding,molfunc,0.87,0.03318158289423036,0.0669321876295242
calmodulin binding,molfunc,0.88,0.023890739683845856,0.06579379711707771
calmodulin binding,molfunc,0.89,0.02521800299961507,0.0613178526022313
calmodulin binding,molfunc,0.9,0.03318158289423036,0.05614335027292907
calmodulin binding,molfunc,0.91,0.04114516278884564,0.05539304743518025
calmodulin binding,molfunc,0.92,0.01592715978923057,0.054202911899440744
calmodulin binding,molfunc,0.93,0.03450884620999957,0.05735935832031509
calmodulin binding,molfunc,0.9400000000000001,0.017254423104999785,0.05541891994682676
calmodulin binding,molfunc,0.9500000000000001,0.01327263315769229,0.04801938161592512
calmodulin binding,molfunc,0.96,0.011945369841922928,0.04817461668580365
calmodulin binding,molfunc,0.97,0.02256347636807664,0.049649349849654786
calmodulin binding,molfunc,0.98,0.03981789947307643,0.06356876111547777
calmodulin binding,molfunc,0.99,0.07963579894615286,0.1625569906750292
carbohydrate binding,molfunc,0.0,18.376765914335564,20.726597121832356
carbohydrate binding,molfunc,0.01,6.523329768672258,7.568231318735491
carbohydrate binding,molfunc,0.02,4.857319750098498,5.273072525266236
carbohydrate binding,molfunc,0.03,3.7597793662407826,4.2375314187376665
carbohydrate binding,molfunc,0.04,2.9042607080542573,3.6566224873012594
carbohydrate binding,molfunc,0.05,2.9661732425282845,3.2973829135845483
carbohydrate binding,molfunc,0.06,2.735408341306915,3.1106438936570933
carbohydrate binding,molfunc,0.07,2.560927562334667,2.803210825331667
carbohydrate binding,molfunc,0.08,2.2682501266392765,2.508889438054351
carbohydrate binding,molfunc,0.09,2.164124500478413,2.285914033980251
carbohydrate binding,molfunc,0.1,1.9164743625823164,2.1413270199223295
carbohydrate binding,molfunc,0.11,1.8292339730961904,1.967904551059371
carbohydrate binding,molfunc,0.12,1.7138515224855053,1.870155944495589
carbohydrate binding,molfunc,0.13,1.7307367591602392,1.7745840818558134
carbohydrate binding,molfunc,0.14,1.7138515224855102,1.6600873514532357
carbohydrate binding,molfunc,0.15,1.5140428885011523,1.5655654476473866
carbohydrate binding,molfunc,0.16,1.6322395452242908,1.4758323804743496
carbohydrate binding,molfunc,0.17,1.4324309112399418,1.3968805979131453
carbohydrate binding,molfunc,0.18,1.300163223954521,1.3416681284995948
carbohydrate binding,molfunc,0.19,1.2466933078178635,1.262562693426104
carbohydrate binding,molfunc,0.2,1.2298080711431327,1.2070173102359487
carbohydrate binding,molfunc,0.21,1.2044802161310284,1.1544681510352968
carbohydrate binding,molfunc,0.22,1.0440704677210548,1.0821746440063347
carbohydrate binding,molfunc,0.23,1.1087972083075386,1.0272182621132617
carbohydrate binding,molfunc,0.24,1.0806551471829786,0.9889331778028451
carbohydrate binding,molfunc,0.25,1.1087972083075355,0.9521077923591158
carbohydrate binding,molfunc,0.26,1.0440704677210548,0.9102118740100609
carbohydrate binding,molfunc,0.27,0.9737153149096631,0.8798398940822006
carbohydrate binding,molfunc,0.28,0.9202453987730105,0.8368940168992194
carbohydrate binding,molfunc,0.29,0.9652726965722961,0.7980455400437646
carbohydrate binding,molfunc,0.3,0.8217481848370567,0.7737684431031142
carbohydrate binding,molfunc,0.31,0.776720887037766,0.7368406226511967
carbohydrate binding,molfunc,0.32,0.802048742049867,0.7136647020485716
carbohydrate binding,molfunc,0.33,0.7570214442505762,0.6933313529231744
carbohydrate binding,molfunc,0.34,0.7176225586761968,0.6601424102701333
carbohydrate binding,molfunc,0.35000000000000003,0.6782236731018212,0.622395109752712
carbohydrate binding,molfunc,0.36,0.7007373220014628,0.6029068494448658
carbohydrate binding,molfunc,0.37,0.5966116958406028,0.5660814640011366
carbohydrate binding,molfunc,0.38,0.551584398041312,0.5573232708010285
carbohydrate binding,molfunc,0.39,0.560027016378679,0.5338656539258853
carbohydrate binding,molfunc,0.4,0.5543986041537677,0.5120469971817564
carbohydrate binding,molfunc,0.41000000000000003,0.5178139246918468,0.4957598308798038
carbohydrate binding,molfunc,0.42,0.5178139246918441,0.4712266464186796
carbohydrate binding,molfunc,0.43,0.5121855124669327,0.44922872841022105
carbohydrate binding,molfunc,0.44,0.5459559858164007,0.43248060457141796
carbohydrate binding,molfunc,0.45,0.4390161535430851,0.4237992376274512
carbohydrate binding,molfunc,0.46,0.4727866268925532,0.4123009079583035
carbohydrate binding,molfunc,0.47000000000000003,0.43901615354308754,0.38566780582932203
carbohydrate binding,molfunc,0.48,0.43338774131817376,0.37880466028069715
carbohydrate binding,molfunc,0.49,0.39398885574379433,0.3660258930091945
carbohydrate binding,molfunc,0.5,0.3742894129566046,0.3467937202218227
carbohydrate binding,molfunc,0.51,0.3855462374064273,0.3345015192392149
carbohydrate binding,molfunc,0.52,0.3658467946192376,0.3205959668776398
carbohydrate binding,molfunc,0.53,0.3517757640569592,0.30459049684820255
carbohydrate binding,molfunc,0.54,0.37991782518151596,0.2902495957018268
carbohydrate binding,molfunc,0.55,0.32081949681994676,0.2830791451286389
carbohydrate binding,molfunc,0.56,0.4080598863060727,0.27421851692034244
carbohydrate binding,molfunc,0.5700000000000001,0.30112005403276043,0.2601593120464877
carbohydrate binding,molfunc,0.58,0.32081949681994676,0.24976215871536236
carbohydrate binding,molfunc,0.59,0.3039342601452128,0.24476845206617792
carbohydrate binding,molfunc,0.6,0.3180052907074911,0.23178481477829843
carbohydrate binding,molfunc,0.61,0.2814206112455674,0.2264838031045488
carbohydrate binding,molfunc,0.62,0.25327855012101064,0.21367942708099902
carbohydrate binding,molfunc,0.63,0.3180052907074911,0.2032054474937353
carbohydrate binding,molfunc,0.64,0.30956267237012414,0.19898000340596383
carbohydrate binding,molfunc,0.65,0.20543704620926417,0.18771215250524
carbohydrate binding,molfunc,0.66,0.22232228288399822,0.18471592851572935
carbohydrate binding,molfunc,0.67,0.267349580683289,0.17383220889571205
carbohydrate binding,molfunc,0.68,0.23357910733382092,0.16192413919381074
carbohydrate binding,molfunc,0.6900000000000001,0.2392075195587323,0.15541951617384742
carbohydrate binding,molfunc,0.7000000000000001,0.2251364889964564,0.14973437321939298
carbohydrate binding,molfunc,0.71,0.21669387065908688,0.1382104347981965
carbohydrate binding,molfunc,0.72,0.250464344008555,0.138594566078903
carbohydrate binding,molfunc,0.73,0.2138796645466312,0.12986198163084203
carbohydrate binding,molfunc,0.74,0.2138796645466312,0.12054039588569779
carbohydrate binding,molfunc,0.75,0.22232228288399822,0.11559790674060756
carbohydrate binding,molfunc,0.76,0.18855180953453013,0.11103954887622383
carbohydrate binding,molfunc,0.77,0.22232228288399822,0.10860671743174939
carbohydrate binding,molfunc,0.78,0.2138796645466312,0.10153870186674989
carbohydrate binding,molfunc,0.79,0.17448077897225178,0.09864491288542764
carbohydrate binding,molfunc,0.8,0.19980863398435283,0.09091106976720356
carbohydrate binding,molfunc,0.81,0.20543704620926417,0.09088546101515646
carbohydrate binding,molfunc,0.8200000000000001,0.23357910733382092,0.08581492810983074
carbohydrate binding,molfunc,0.8300000000000001,0.2251364889964564,0.08322844415307461
carbohydrate binding,molfunc,0.84,0.17166657285979608,0.07662138612492198
carbohydrate binding,molfunc,0.85,0.19699442787189717,0.07418855468044754
carbohydrate binding,molfunc,0.86,0.18010919119716312,0.07111550443479557
carbohydrate binding,molfunc,0.87,0.1857376034220745,0.06519988271191557
carbohydrate binding,molfunc,0.88,0.16322395452242908,0.06409870637389029
carbohydrate binding,molfunc,0.89,0.16885236674734042,0.059642783517694954
carbohydrate binding,molfunc,0.9,0.2138796645466312,0.054264945587804043
carbohydrate binding,molfunc,0.91,0.15478133618506207,0.05421372808370985
carbohydrate binding,molfunc,0.92,0.12382506894804965,0.05283085547316647
carbohydrate binding,molfunc,0.93,0.1829233973096188,0.05577586195858291
carbohydrate binding,molfunc,0.9400000000000001,0.15759554229751774,0.053752770546862054
carbohydrate binding,molfunc,0.9500000000000001,0.21387966454663357,0.04583966616430878
carbohydrate binding,molfunc,0.96,0.16322395452242908,0.046428667461391564
carbohydrate binding,molfunc,0.97,0.16040974840997338,0.048118845096500135
carbohydrate binding,molfunc,0.98,0.2363933134462766,0.061537831169180324
carbohydrate binding,molfunc,0.99,0.5459559858164007,0.1574682163376154
chromatin binding,molfunc,0.0,23.151048617061626,20.565260719282232
chromatin binding,molfunc,0.01,7.907588719230968,7.538821996510756
chromatin binding,molfunc,0.02,5.359910473059977,5.264132322944489
chromatin binding,molfunc,0.03,4.337748809507086,4.2272333816847425
chromatin binding,molfunc,0.04,3.950516699677384,3.63260763286844
chromatin binding,molfunc,0.05,3.3460225596651183,3.291437721934852
chromatin binding,molfunc,0.06,3.0824050532151475,3.108684417698223
chromatin binding,molfunc,0.07,2.8955784367435062,2.795607695655512
chromatin binding,molfunc,0.08,2.544400586232893,2.504560112179566
chromatin binding,molfunc,0.09,2.358042206895258,2.28061956348497
chromatin binding,molfunc,0.1,2.2344276035155253,2.133848079976775
chromatin binding,molfunc,0.11,2.0068643563846487,1.9643498237937245
chromatin binding,molfunc,0.12,1.8551555249640612,1.8695252492566155
chromatin binding,molfunc,0.13,1.7291997359142548,1.7767667449626778
chromatin binding,molfunc,0.14,1.5891968328440285,1.6646623102099858
chromatin binding,molfunc,0.15,1.4974223545772507,1.5689791090783112
chromatin binding,molfunc,0.16,1.420163227464916,1.4805137377571909
chromatin binding,molfunc,0.17,1.3714665655274483,1.3986758904628616
chromatin binding,molfunc,0.18,1.3002945211572938,1.3436432921675532
chromatin binding,molfunc,0.19,1.2155435999007327,1.2651057908460734
chromatin binding,molfunc,0.2,1.0956748935931133,1.213615027253347
chromatin binding,molfunc,0.21,1.1242373587679735,1.1566773512013517
chromatin binding,molfunc,0.22,1.035272303305285,1.0844990530958576
chromatin binding,molfunc,0.23,1.0198204778828208,1.0284200036384321
chromatin binding,molfunc,0.24,0.8966741116370966,0.9950945589369335
chromatin binding,molfunc,0.25,0.9228953911418891,0.9552757506140513
chromatin binding,molfunc,0.26,0.8971423487711109,0.912237092561556
chromatin binding,molfunc,0.27,0.8390809441533563,0.8830706204274772
chromatin binding,molfunc,0.28,0.8034949219682853,0.8396026490777048
chromatin binding,molfunc,0.29,0.7543300228967952,0.8021450638898675
chromatin binding,molfunc,0.3,0.7379417232062999,0.7762789377286421
chromatin binding,molfunc,0.31,0.7117204437015076,0.738660360054329
chromatin binding,molfunc,0.32,0.6578731732898804,0.7177045047307636
chromatin binding,molfunc,0.33,0.6583414104238945,0.6959436869747949
chromatin binding,molfunc,0.34,0.6283742338469889,0.6625109139489788
chromatin binding,molfunc,0.35000000000000003,0.5689081178271951,0.6259924515989534
chromatin binding,molfunc,0.36,0.5871693660537437,0.6047414433835034
chromatin binding,molfunc,0.37,0.5384727041162721,0.5679546602226736
chromatin binding,molfunc,0.38,0.5417503640543713,0.5581609506284336
chromatin binding,molfunc,0.39,0.48415719657063083,0.5369636065751473
chromatin binding,molfunc,0.4,0.4509123600556262,0.5159540870894218
chromatin binding,molfunc,0.41000000000000003,0.4401429059733032,0.4991572043332761
chromatin binding,molfunc,0.42,0.42843697762294697,0.4741228726855313
chromatin binding,molfunc,0.43,0.39285095543787163,0.4530596890376456
chromatin binding,molfunc,0.44,0.3755261814793481,0.43682627998417944
chromatin binding,molfunc,0.45,0.3755261814793481,0.4267105854169782
chromatin binding,molfunc,0.46,0.33994015929427274,0.41702420414705876
chromatin binding,molfunc,0.47000000000000003,0.3193377253976519,0.3899774664183107
chromatin binding,molfunc,0.48,0.32167891106772084,0.38259864412127853
chromatin binding,molfunc,0.49,0.31652830259356524,0.36912893941906366
chromatin binding,molfunc,0.5,0.303417662841169,0.3495415202305839
chromatin binding,molfunc,0.51,0.3076317970472964,0.3365279609067308
chromatin binding,molfunc,0.52,0.2739187233982776,0.3237022261504386
chromatin binding,molfunc,0.53,0.24582449535742862,0.30840793993477633
chromatin binding,molfunc,0.54,0.27298224913024927,0.2920940346380699
chromatin binding,molfunc,0.55,0.2364597526771456,0.2861104805572055
chromatin binding,molfunc,0.56,0.23318209273904655,0.2778461995845318
chromatin binding,molfunc,0.5700000000000001,0.24114212401728977,0.26163962261214874
chromatin binding,molfunc,0.58,0.21866674158460792,0.25222156215302743
chromatin binding,molfunc,0.59,0.20368315329615513,0.24768694045048895
chromatin binding,molfunc,0.6,0.19619135915192873,0.23464654904555582
chromatin binding,molfunc,0.61,0.19619135915192873,0.22874349120793178
chromatin binding,molfunc,0.62,0.18261248226551838,0.21583726020839922
chromatin binding,molfunc,0.63,0.16201004836889582,0.20666068847900182
chromatin binding,molfunc,0.64,0.15264530568861281,0.20268954047914564
chromatin binding,molfunc,0.65,0.15217706855459864,0.18991746988501365
chromatin binding,molfunc,0.66,0.13110639752396192,0.18814655253372642
chromatin binding,molfunc,0.67,0.12314636624572138,0.17762837675032359
chromatin binding,molfunc,0.68,0.13766171740016,0.16399767956162803
chromatin binding,molfunc,0.6900000000000001,0.11003572649332517,0.15881908791316693
chromatin binding,molfunc,0.7000000000000001,0.11050396362734055,0.15270137342690374
chromatin binding,molfunc,0.71,0.09598861247290069,0.1413782352110959
chromatin binding,molfunc,0.72,0.09036976686473089,0.14242468637322017
chromatin binding,molfunc,0.73,0.07772736424634885,0.13365059586002442
chromatin binding,molfunc,0.74,0.0678943844320517,0.12444719204954693
chromatin binding,molfunc,0.75,0.0744497043082498,0.11897344750920463
chromatin binding,molfunc,0.76,0.08756034406064599,0.11312405383374081
chromatin binding,molfunc,0.77,0.06742614729803756,0.11205077059053645
chromatin binding,molfunc,0.78,0.05899787888578287,0.10504759742862792
chromatin binding,molfunc,0.79,0.06321201309191021,0.10139843440173305
chromatin binding,molfunc,0.8,0.05899787888578287,0.09377812337498201
chromatin binding,molfunc,0.81,0.06274377595789606,0.09359029880742124
chromatin binding,molfunc,0.8200000000000001,0.053847270411627214,0.08905567710488277
chromatin binding,molfunc,0.8300000000000001,0.04822842480345796,0.08658712564551369
chromatin binding,molfunc,0.84,0.04729195053542912,0.07920830334848265
chromatin binding,molfunc,0.85,0.04495076486535837,0.07703490478099381
chromatin binding,molfunc,0.86,0.03511778505106123,0.07421753626758233
chromatin binding,molfunc,0.87,0.04073663065923103,0.06775100472727598
chromatin binding,molfunc,0.88,0.036522496453103674,0.06662405732191139
chromatin binding,molfunc,0.89,0.03277659938099048,0.06222359602477347
chromatin binding,molfunc,0.9,0.019665959628594288,0.05776947056547532
chromatin binding,molfunc,0.91,0.01545182542246694,0.05739382143035379
chromatin binding,molfunc,0.92,0.024816568102749934,0.05511309453854451
chromatin binding,molfunc,0.93,0.023411856700707483,0.0588427538086797
chromatin binding,molfunc,0.9400000000000001,0.02107067103063674,0.056615691079030625
chromatin binding,molfunc,0.9500000000000001,0.01732477395852373,0.04907587629552045
chromatin binding,molfunc,0.96,0.01732477395852354,0.04921003670092045
chromatin binding,molfunc,0.97,0.022943619566693337,0.050632136998166245
chromatin binding,molfunc,0.98,0.022943619566693337,0.06541661367330648
chromatin binding,molfunc,0.99,0.06180730168986776,0.16665405558855886
cysteine-type deubiquitinase activity,molfunc,0.0,24.038744723322097,20.679354150628278
cysteine-type deubiquitinase activity,molfunc,0.01,7.892928433522039,7.556197233170242
cysteine-type deubiquitinase activity,molfunc,0.02,5.670997087601035,5.266183959139516
cysteine-type deubiquitinase activity,molfunc,0.03,4.054452043587813,4.234620411315919
cysteine-type deubiquitinase activity,molfunc,0.04,4.0479073268104315,3.6467266342531373
cysteine-type deubiquitinase activity,molfunc,0.05,3.478516967178247,3.29295709086445
cysteine-type deubiquitinase activity,molfunc,0.06,2.8927648156026025,3.1089365685479615
cysteine-type deubiquitinase activity,molfunc,0.07,3.004025000818091,2.799439370417072
cysteine-type deubiquitinase activity,molfunc,0.08,2.7913217055531936,2.5044950113686077
cysteine-type deubiquitinase activity,molfunc,0.09,2.1237605942602813,2.286074544296641
cysteine-type deubiquitinase activity,molfunc,0.1,2.1204882358715937,2.1394463782868582
cysteine-type deubiquitinase activity,molfunc,0.11,2.0386792761543253,1.9660911176529272
cysteine-type deubiquitinase activity,molfunc,0.12,1.8750613567197862,1.8686970733191965
cysteine-type deubiquitinase activity,molfunc,0.13,1.793252397002518,1.774039678865644
cysteine-type deubiquitinase activity,molfunc,0.14,1.5445531594620272,1.6614789674389847
cysteine-type deubiquitinase activity,molfunc,0.15,1.4332929742465383,1.5661310164736078
cysteine-type deubiquitinase activity,molfunc,0.16,1.5281913675185692,1.4768446171119889
cysteine-type deubiquitinase activity,molfunc,0.17,1.681992211787038,1.3949753062106633
cysteine-type deubiquitinase activity,molfunc,0.18,1.3351222225858164,1.3413420837926375
cysteine-type deubiquitinase activity,molfunc,0.19,1.2238620373703315,1.2627209461135724
cysteine-type deubiquitinase activity,molfunc,0.2,1.1355083608756853,1.207783339173227
cysteine-type deubiquitinase activity,molfunc,0.21,1.0929677018227026,1.1554033489433198
cysteine-type deubiquitinase activity,molfunc,0.22,1.0733335514905582,1.0818974446851437
cysteine-type deubiquitinase activity,molfunc,0.23,0.9457115743316226,1.0285967124394824
cysteine-type deubiquitinase activity,molfunc,0.24,0.9097156320560219,0.9903859187854381
cysteine-type deubiquitinase activity,molfunc,0.25,0.9391668575542385,0.9536329666563501
cysteine-type deubiquitinase activity,molfunc,0.26,0.7722765797310114,0.9125064899524019
cysteine-type deubiquitinase activity,molfunc,0.27,0.981707516607218,0.879896876894234
cysteine-type deubiquitinase activity,molfunc,0.28,0.7002846951798193,0.8387192478560818
cysteine-type deubiquitinase activity,molfunc,0.29,0.6741058280702896,0.8005340303691401
cysteine-type deubiquitinase activity,molfunc,0.3,0.7133741287345784,0.7746765254265459
cysteine-type deubiquitinase activity,molfunc,0.31,0.6904676200137433,0.7375655069579955
cysteine-type deubiquitinase activity,molfunc,0.32,0.7166464871232692,0.714444651895577
cysteine-type deubiquitinase activity,molfunc,0.33,0.7101017703458877,0.6937791088751851
cysteine-type deubiquitinase activity,molfunc,0.34,0.670833469681599,0.6605812439736151
cysteine-type deubiquitinase activity,molfunc,0.35000000000000003,0.5890245099643341,0.6231633114998149
cysteine-type deubiquitinase activity,molfunc,0.36,0.5104879086357533,0.6045182856806707
cysteine-type deubiquitinase activity,molfunc,0.37,0.4581301744167017,0.567202657875285
cysteine-type deubiquitinase activity,molfunc,0.38,0.5301220589678977,0.5574837143755957
cysteine-type deubiquitinase activity,molfunc,0.39,0.4090447985863408,0.5350789919921016
cysteine-type deubiquitinase activity,molfunc,0.4,0.44176838247324807,0.5129811836138608
cysteine-type deubiquitinase activity,molfunc,0.41000000000000003,0.435223665695869,0.49643340349728743
cysteine-type deubiquitinase activity,molfunc,0.42,0.42213423214110374,0.47203374007964377
cysteine-type deubiquitinase activity,molfunc,0.43,0.3665041395333614,0.4504474550434919
cysteine-type deubiquitinase activity,molfunc,0.44,0.3534147059785985,0.4341298604308558
cysteine-type deubiquitinase activity,molfunc,0.45,0.38286593147681497,0.42425745992853986
cysteine-type deubiquitinase activity,molfunc,0.46,0.526849700579207,0.4119553235513016
cysteine-type deubiquitinase activity,molfunc,0.47000000000000003,0.3599594227559819,0.3863535802797539
cysteine-type deubiquitinase activity,molfunc,0.48,0.3206911220916912,0.37975492916680487
cysteine-type deubiquitinase activity,molfunc,0.49,0.33050819725776337,0.3665576269409111
cysteine-type deubiquitinase activity,molfunc,0.5,0.3010569717595469,0.3474010777796815
cysteine-type deubiquitinase activity,molfunc,0.51,0.29778461337085615,0.33525239840506993
cysteine-type deubiquitinase activity,molfunc,0.52,0.21924801204227867,0.32179933450813164
cysteine-type deubiquitinase activity,molfunc,0.53,0.21270329526489723,0.30573750156653995
cysteine-type deubiquitinase activity,molfunc,0.54,0.2094309368762065,0.2916961858261995
cysteine-type deubiquitinase activity,molfunc,0.55,0.17016263621191777,0.28430467353301475
cysteine-type deubiquitinase activity,molfunc,0.56,0.21924801204227867,0.2758645383885478
cysteine-type deubiquitinase activity,molfunc,0.5700000000000001,0.21597565365359034,0.26087690446534567
cysteine-type deubiquitinase activity,molfunc,0.58,0.18979678654406212,0.25087662312750464
cysteine-type deubiquitinase activity,molfunc,0.59,0.19306914493275285,0.2457102373724067
cysteine-type deubiquitinase activity,molfunc,0.6,0.15052848587977344,0.2332034916583329
cysteine-type deubiquitinase activity,molfunc,0.61,0.13089433554762905,0.22773019189798158
cysteine-type deubiquitinase activity,molfunc,0.62,0.12107726038155689,0.2147630751760278
cysteine-type deubiquitinase activity,molfunc,0.63,0.12107726038155689,0.20489067467371186
cysteine-type deubiquitinase activity,molfunc,0.64,0.08508131810595888,0.20087521643831394
cysteine-type deubiquitinase activity,molfunc,0.65,0.10144311004941252,0.18854750389397126
cysteine-type deubiquitinase activity,molfunc,0.66,0.07199188455119598,0.18593873484931783
cysteine-type deubiquitinase activity,molfunc,0.67,0.09489839327203106,0.17529904933386858
cysteine-type deubiquitinase activity,molfunc,0.68,0.10798782682679398,0.16299691295663035
cysteine-type deubiquitinase activity,molfunc,0.6900000000000001,0.05563009260774235,0.15696093751998122
cysteine-type deubiquitinase activity,molfunc,0.7000000000000001,0.08508131810595983,0.1509249620833338
cysteine-type deubiquitinase activity,molfunc,0.71,0.07853660132857743,0.13939011071922727
cysteine-type deubiquitinase activity,molfunc,0.72,0.05890245099643308,0.14023412423367398
cysteine-type deubiquitinase activity,molfunc,0.73,0.05235773421905163,0.1312313134129092
cysteine-type deubiquitinase activity,molfunc,0.74,0.08180895971726816,0.12169140308295108
cysteine-type deubiquitinase activity,molfunc,0.75,0.05235773421905163,0.11706211683704647
cysteine-type deubiquitinase activity,molfunc,0.76,0.062174809385123805,0.1121259165858885
cysteine-type deubiquitinase activity,molfunc,0.77,0.06871952616250526,0.10995194238201064
cysteine-type deubiquitinase activity,molfunc,0.78,0.0490853758303609,0.10296964876249706
cysteine-type deubiquitinase activity,molfunc,0.79,0.03926830066428871,0.09979820404154584
cysteine-type deubiquitinase activity,molfunc,0.8,0.02945122549821654,0.09238111558125667
cysteine-type deubiquitinase activity,molfunc,0.81,0.03272358388690726,0.09238111558125667
cysteine-type deubiquitinase activity,molfunc,0.8200000000000001,0.03599594227559799,0.0875472199985165
cysteine-type deubiquitinase activity,molfunc,0.8300000000000001,0.029451225498216865,0.08493845095386401
cysteine-type deubiquitinase activity,molfunc,0.84,0.019634150332144357,0.07793058116724504
cysteine-type deubiquitinase activity,molfunc,0.85,0.03926830066428871,0.07557757379363607
cysteine-type deubiquitinase activity,molfunc,0.86,0.026178867109525814,0.07245728140689374
cysteine-type deubiquitinase activity,molfunc,0.87,0.013089433554762907,0.06670264380839352
cysteine-type deubiquitinase activity,molfunc,0.88,0.019634150332144357,0.06534710695185793
cysteine-type deubiquitinase activity,molfunc,0.89,0.009817075166072178,0.06102473471120666
cysteine-type deubiquitinase activity,molfunc,0.9,0.009817075166072178,0.05606295829294425
cysteine-type deubiquitinase activity,molfunc,0.91,0.009817075166072178,0.055474706449542006
cysteine-type deubiquitinase activity,molfunc,0.92,0.019634150332144357,0.05373552708643973
cysteine-type deubiquitinase activity,molfunc,0.93,0.009817075166072178,0.05729061431395763
cysteine-type deubiquitinase activity,molfunc,0.9400000000000001,0.006544716777381453,0.05506548777587088
cysteine-type deubiquitinase activity,molfunc,0.9500000000000001,0.0032723583886907627,0.047699551649791144
cysteine-type deubiquitinase activity,molfunc,0.96,0.019634150332144357,0.04769955164979062
cysteine-type deubiquitinase activity,molfunc,0.97,0.009817075166072178,0.0494387310128929
cysteine-type deubiquitinase activity,molfunc,0.98,0.02290650872083509,0.06342889441902452
cysteine-type deubiquitinase activity,molfunc,0.99,0.0032723583886907267,0.16220405177639255
enzyme binding,molfunc,0.0,20.72905951362005,20.701895307358996
enzyme binding,molfunc,0.01,7.689498935994786,7.539405541097733
enzyme binding,molfunc,0.02,5.3408350281509875,5.258706292208253
enzyme binding,molfunc,0.03,4.26191018382555,4.228964111017812
enzyme binding,molfunc,0.04,3.6869154842205267,3.6443330954083186
enzyme binding,molfunc,0.05,3.3478865165804224,3.286454624862981
enzyme binding,molfunc,0.06,3.1001421291097664,3.1083168928022946
enzyme binding,molfunc,0.07,2.8594649349425607,2.7923497538510786
enzyme binding,molfunc,0.08,2.5392818161116315,2.5018849898267392
enzyme binding,molfunc,0.09,2.3514122607951355,2.2749284257631674
enzyme binding,molfunc,0.1,2.1678615458307493,2.135058828878482
enzyme binding,molfunc,0.11,2.015720578881657,1.9593693248107809
enzyme binding,molfunc,0.12,1.8863516792436517,1.866132642078101
enzyme binding,molfunc,0.13,1.8254952924640147,1.7665713703635573
enzyme binding,molfunc,0.14,1.6843477373202806,1.6570423132490262
enzyme binding,molfunc,0.15,1.5706837116899215,1.5642719596578647
enzyme binding,molfunc,0.16,1.5045269299327033,1.473192049204718
enzyme binding,molfunc,0.17,1.418150122890642,1.3940909685743734
enzyme binding,molfunc,0.18,1.345907702455456,1.3406088451562819
enzyme binding,molfunc,0.19,1.2312621221996236,1.2670454230814845
enzyme binding,molfunc,0.2,1.2298879457239578,1.2038578244055127
enzyme binding,molfunc,0.21,1.164123785816927,1.1535525682640275
enzyme binding,molfunc,0.22,1.1032673990372903,1.0786484499073599
enzyme binding,molfunc,0.23,1.0669498778946067,1.0221643326407392
enzyme binding,molfunc,0.24,1.0159090373697468,0.9858780963162029
enzyme binding,molfunc,0.25,0.9379736001067923,0.9558290122595009
enzyme binding,molfunc,0.26,0.8971409276869068,0.9135387882378958
enzyme binding,molfunc,0.27,0.8998892806382452,0.8778354633402624
enzyme binding,molfunc,0.28,0.830591524079502,0.8386929610239229
enzyme binding,molfunc,0.29,0.7907404062850899,0.8008620094180993
enzyme binding,molfunc,0.3,0.7768023306033021,0.7738149192099328
enzyme binding,molfunc,0.31,0.7467667590636747,0.7357799486046989
enzyme binding,molfunc,0.32,0.7359696581834165,0.711268523103548
enzyme binding,molfunc,0.33,0.6855177504338466,0.6951510221497592
enzyme binding,molfunc,0.34,0.6914070781867147,0.65609595654745
enzyme binding,molfunc,0.35000000000000003,0.6285875821561251,0.6220539292164854
enzyme binding,molfunc,0.36,0.6276060275306435,0.6002530418504168
enzyme binding,molfunc,0.37,0.5744057668297351,0.5651617739510285
enzyme binding,molfunc,0.38,0.551241077668454,0.5581668368282269
enzyme binding,molfunc,0.39,0.5243464809303563,0.5355498734645016
enzyme binding,molfunc,0.4,0.5202239515033487,0.5112716125341108
enzyme binding,molfunc,0.41000000000000003,0.5003965480686955,0.49529983943704975
enzyme binding,molfunc,0.42,0.49391828754053774,0.46834018594291565
enzyme binding,molfunc,0.43,0.46133067397466765,0.44808401385813584
enzyme binding,molfunc,0.44,0.4424848251654897,0.4321705319037621
enzyme binding,molfunc,0.45,0.4191238250791129,0.4246509744967503
enzyme binding,molfunc,0.46,0.3941923375919713,0.41561584737979823
enzyme binding,molfunc,0.47000000000000003,0.37613173248317794,0.38763609888859374
enzyme binding,molfunc,0.48,0.38869563168929444,0.37790147805935925
enzyme binding,molfunc,0.49,0.3572858836739979,0.3676130913745718
enzyme binding,molfunc,0.5,0.33372857266252554,0.34901821685645745
enzyme binding,molfunc,0.51,0.32783924490965743,0.3360192920365844
enzyme binding,molfunc,0.52,0.3258761356587014,0.32028068351028066
enzyme binding,molfunc,0.53,0.2895586145160148,0.3073109042617526
enzyme binding,molfunc,0.54,0.27856520271066104,0.2929129920173192
enzyme binding,molfunc,0.55,0.27856520271066104,0.28414017504247213
enzyme binding,molfunc,0.56,0.2612898413022479,0.27752413034715556
enzyme binding,molfunc,0.5700000000000001,0.2426403034181683,0.2631845092454151
enzyme binding,molfunc,0.58,0.2487259420961293,0.2506519135670592
enzyme binding,molfunc,0.59,0.2353767991896283,0.24677555257817332
enzyme binding,molfunc,0.6,0.20357442932414058,0.23686605832087096
enzyme binding,molfunc,0.61,0.21221211002834708,0.22917162748578915
enzyme binding,molfunc,0.62,0.19591830324541204,0.2167264685214712
enzyme binding,molfunc,0.63,0.18806586624158791,0.20664210083609882
enzyme binding,molfunc,0.64,0.18629906791572748,0.20200795499224275
enzyme binding,molfunc,0.65,0.1690237065073144,0.19067032773903506
enzyme binding,molfunc,0.66,0.17118312668336605,0.1871145680349442
enzyme binding,molfunc,0.67,0.1641159333799243,0.17624326992325662
enzyme binding,molfunc,0.68,0.1527298997243793,0.16403127552969876
enzyme binding,molfunc,0.6900000000000001,0.13584716016615744,0.1591931106864276
enzyme binding,molfunc,0.7000000000000001,0.1372213366418282,0.1523730469916977
enzyme binding,molfunc,0.71,0.1260316139113773,0.14083140073907327
enzyme binding,molfunc,0.72,0.12171277355927401,0.14225953373497863
enzyme binding,molfunc,0.73,0.1152345130311191,0.1329038053332314
enzyme binding,molfunc,0.74,0.10051119364894887,0.12448073521452441
enzyme binding,molfunc,0.75,0.09972594994856646,0.11905965894435314
enzyme binding,molfunc,0.76,0.09187351294474232,0.1146878232426021
enzyme binding,molfunc,0.77,0.08264689946524897,0.11363858267418185
enzyme binding,molfunc,0.78,0.08637680704206543,0.1049532024133698
enzyme binding,molfunc,0.79,0.07989854651391053,0.10221351870693915
enzyme binding,molfunc,0.8,0.0793096137386237,0.09376130301688715
enzyme binding,molfunc,0.81,0.0718497985849908,0.09489798029934242
enzyme binding,molfunc,0.8200000000000001,0.06537153805683588,0.09038041674086635
enzyme binding,molfunc,0.8300000000000001,0.06713833638269706,0.08708696717888154
enzyme binding,molfunc,0.84,0.052218706075430464,0.0812287073385342
enzyme binding,molfunc,0.85,0.06124900862982821,0.07738149192099328
enzyme binding,molfunc,0.86,0.05104084052485685,0.07522471964146277
enzyme binding,molfunc,0.87,0.04789986572332719,0.06901671294497631
enzyme binding,molfunc,0.88,0.044562579996701934,0.06802576351924608
enzyme binding,molfunc,0.89,0.045347823697084344,0.06289614296252485
enzyme binding,molfunc,0.9,0.04142160519517229,0.05782481354849366
enzyme binding,molfunc,0.91,0.03278392449096574,0.05843687054673881
enzyme binding,molfunc,0.92,0.03180236986548773,0.05668813626603839
enzyme binding,molfunc,0.93,0.03258761356587014,0.060535351683579305
enzyme binding,molfunc,0.9400000000000001,0.03101712616510531,0.05820370597597875
enzyme binding,molfunc,0.9500000000000001,0.028072462288671576,0.05021781942744742
enzyme binding,molfunc,0.96,0.02767984043848006,0.05042183842686192
enzyme binding,molfunc,0.97,0.031213437090200916,0.05179168028007724
enzyme binding,molfunc,0.98,0.03298023541606135,0.06758857994907097
enzyme binding,molfunc,0.99,0.09246244572002912,0.17114279493788045
extracellular matrix structural constituent,molfunc,0.0,9.587801872197604,20.924854593800745
extracellular matrix structural constituent,molfunc,0.01,5.956158061724834,7.590442979419928
extracellular matrix structural constituent,molfunc,0.02,4.67393869470593,5.281075520648005
extracellular matrix structural constituent,molfunc,0.03,4.073471956367831,4.236376458105545
extracellular matrix structural constituent,molfunc,0.04,3.875501481500904,3.6453835553514007
extracellular matrix structural constituent,molfunc,0.05,3.6696646301492004,3.286988813912415
extracellular matrix structural constituent,molfunc,0.06,3.7797939009360957,3.0939851326609142
extracellular matrix structural constituent,molfunc,0.07,3.521514539685871,2.7868044278532946
extracellular matrix structural constituent,molfunc,0.08,3.1360620919317213,2.4942969715398515
extracellular matrix structural constituent,molfunc,0.09,2.980045624983609,2.2710927947103827
extracellular matrix structural constituent,molfunc,0.1,2.9970894407006337,2.1223676463928274
extracellular matrix structural constituent,molfunc,0.11,2.766342397147129,1.9508692023523788
extracellular matrix structural constituent,molfunc,0.12,2.750609644177568,1.8513395485452893
extracellular matrix structural constituent,molfunc,0.13,2.6352361224008156,1.7571926737272494
extracellular matrix structural constituent,molfunc,0.14,2.3992448278574656,1.6459917058621858
extracellular matrix structural constituent,molfunc,0.15,2.3310695649893787,1.5499815613940866
extracellular matrix structural constituent,molfunc,0.16,2.2655164276162236,1.4616832829776072
extracellular matrix structural constituent,molfunc,0.17,2.0164145055982416,1.3849786823836938
extracellular matrix structural constituent,molfunc,0.18,2.041324697800035,1.3274761106833917
extracellular matrix structural constituent,molfunc,0.19,1.9429949917403029,1.2489858766748387
extracellular matrix structural constituent,molfunc,0.2,1.7817342738023476,1.195882691648284
extracellular matrix structural constituent,molfunc,0.21,1.7056926344494832,1.1440475651335658
extracellular matrix structural constituent,molfunc,0.22,1.4290583947347706,1.0749771943558448
extracellular matrix structural constituent,molfunc,0.23,1.4972336576028558,1.018690923677113
extracellular matrix structural constituent,molfunc,0.24,1.2927078689986091,0.9837804964837247
extracellular matrix structural constituent,molfunc,0.25,1.235021108110233,0.9479643132104516
extracellular matrix structural constituent,molfunc,0.26,1.204866664918582,0.9056266861619872
extracellular matrix structural constituent,molfunc,0.27,1.1537352177675213,0.8752967968583196
extracellular matrix structural constituent,molfunc,0.28,0.9806749351023986,0.8348224394599144
extracellular matrix structural constituent,molfunc,0.29,0.9832970605973193,0.7959266855150187
extracellular matrix structural constituent,molfunc,0.3,0.9675643076277621,0.7703843640621859
extracellular matrix structural constituent,molfunc,0.31,0.9085664839919231,0.7338176971798631
extracellular matrix structural constituent,molfunc,0.32,0.8390801583763792,0.7120019150271397
extracellular matrix structural constituent,molfunc,0.33,0.7591053307811305,0.6926187349175432
extracellular matrix structural constituent,molfunc,0.34,0.6647088129637879,0.6605808484346588
extracellular matrix structural constituent,molfunc,0.35000000000000003,0.6633977502163284,0.6220991544120055
extracellular matrix structural constituent,molfunc,0.36,0.6227548050449688,0.6034147004211761
extracellular matrix structural constituent,molfunc,0.37,0.5244250989852369,0.5671844572256687
extracellular matrix structural constituent,molfunc,0.38,0.5060702205207537,0.5582821688976297
extracellular matrix structural constituent,molfunc,0.39,0.47853790282402875,0.5351983282330635
extracellular matrix structural constituent,molfunc,0.4,0.44576133413745145,0.5137448485122952
extracellular matrix structural constituent,molfunc,0.41000000000000003,0.41429582819833954,0.4975706328000179
extracellular matrix structural constituent,molfunc,0.42,0.382830322259223,0.47339988483958373
extracellular matrix structural constituent,molfunc,0.43,0.36709756928966586,0.4514288302160224
extracellular matrix structural constituent,molfunc,0.44,0.34349843983533024,0.435280493248882
extracellular matrix structural constituent,molfunc,0.45,0.35267587906757186,0.4253430551152571
extracellular matrix structural constituent,molfunc,0.46,0.30154443191651126,0.41504331454967713
extracellular matrix structural constituent,molfunc,0.47000000000000003,0.3185882476335332,0.38748245097595396
extracellular matrix structural constituent,molfunc,0.48,0.28318955345202795,0.3811939159070173
extracellular matrix structural constituent,molfunc,0.49,0.2884338044418803,0.36781460466981925
extracellular matrix structural constituent,molfunc,0.5,0.25041298476545065,0.3489489994630157
extracellular matrix structural constituent,molfunc,0.51,0.2727010514723232,0.3361907781091692
extracellular matrix structural constituent,molfunc,0.52,0.27138998872486014,0.3219833470275023
extracellular matrix structural constituent,molfunc,0.53,0.26221254949261846,0.3058608888055015
extracellular matrix structural constituent,molfunc,0.54,0.23205810630096738,0.292222790116907
extracellular matrix structural constituent,molfunc,0.55,0.21763641607887335,0.28471795402640904
extracellular matrix structural constituent,molfunc,0.56,0.2255027925636519,0.27641087683658194
extracellular matrix structural constituent,molfunc,0.5700000000000001,0.21632535333141265,0.2614012046555889
extracellular matrix structural constituent,molfunc,0.58,0.17043815717020203,0.2519813414247541
extracellular matrix structural constituent,molfunc,0.59,0.19272622387707458,0.2463397749843108
extracellular matrix structural constituent,molfunc,0.6,0.19534834937200077,0.23329688743392812
extracellular matrix structural constituent,molfunc,0.61,0.17830453365498056,0.22793998719002095
extracellular matrix structural constituent,molfunc,0.62,0.16650496892781275,0.21497473587505725
extracellular matrix structural constituent,molfunc,0.63,0.15208327870571872,0.20527020644768917
extracellular matrix structural constituent,molfunc,0.64,0.15994965519049728,0.2007673047933904
extracellular matrix structural constituent,molfunc,0.65,0.1389726512310878,0.18883720328401257
extracellular matrix structural constituent,molfunc,0.66,0.1363505257361616,0.18601642006379096
extracellular matrix structural constituent,molfunc,0.67,0.14815009046332944,0.17519910459541801
extracellular matrix structural constituent,molfunc,0.68,0.11799564727167833,0.16345015430201776
extracellular matrix structural constituent,molfunc,0.6900000000000001,0.14159477672601398,0.15646289311431275
extracellular matrix structural constituent,molfunc,0.7000000000000001,0.10095183155465923,0.15139065906694338
extracellular matrix structural constituent,molfunc,0.71,0.1035739570495843,0.1396158300284018
extracellular matrix structural constituent,molfunc,0.72,0.10226289430212121,0.14034043489231196
extracellular matrix structural constituent,molfunc,0.73,0.10226289430212121,0.1311793591128765
extracellular matrix structural constituent,molfunc,0.74,0.1035739570495843,0.12173361713690492
extracellular matrix structural constituent,molfunc,0.75,0.09701864331226884,0.11694604928607001
extracellular matrix structural constituent,molfunc,0.76,0.10095183155465812,0.11195145147411792
extracellular matrix structural constituent,molfunc,0.77,0.09701864331226884,0.10988115186294607
extracellular matrix structural constituent,molfunc,0.78,0.08259695309017483,0.10294564816552036
extracellular matrix structural constituent,molfunc,0.79,0.08521907858510101,0.09960729004250575
extracellular matrix structural constituent,molfunc,0.8,0.10095183155465812,0.09171427277491306
extracellular matrix structural constituent,molfunc,0.81,0.07997482759524864,0.09215421144228708
extracellular matrix structural constituent,molfunc,0.8200000000000001,0.08521907858510101,0.08718549237547464
extracellular matrix structural constituent,molfunc,0.8300000000000001,0.06817526286808155,0.0848305265677676
extracellular matrix structural constituent,molfunc,0.84,0.06555313737315462,0.0777138716543634
extracellular matrix structural constituent,molfunc,0.85,0.11668458452421523,0.0744790285119074
extracellular matrix structural constituent,molfunc,0.86,0.07866376484778555,0.07196879023336153
extracellular matrix structural constituent,molfunc,0.87,0.11799564727167833,0.06526619524219264
extracellular matrix structural constituent,molfunc,0.88,0.11799564727167833,0.06394637924007059
extracellular matrix structural constituent,molfunc,0.89,0.06030888638330226,0.06063389986219563
extracellular matrix structural constituent,molfunc,0.9,0.09964076880719502,0.054837060950914444
extracellular matrix structural constituent,molfunc,0.91,0.11144033353436286,0.054008941106445704
extracellular matrix structural constituent,molfunc,0.92,0.14683902771586635,0.05162809655359807
extracellular matrix structural constituent,molfunc,0.93,0.11012927078689977,0.05587221075650037
extracellular matrix structural constituent,molfunc,0.9400000000000001,0.13372840024123542,0.05312906377169767
extracellular matrix structural constituent,molfunc,0.9500000000000001,0.19534834937200296,0.04443380540477637
extracellular matrix structural constituent,molfunc,0.96,0.1363505257361616,0.045727742661758296
extracellular matrix structural constituent,molfunc,0.97,0.08784120408002719,0.048367374666002404
extracellular matrix structural constituent,molfunc,0.98,0.06030888638330226,0.06317001688588116
extracellular matrix structural constituent,molfunc,0.99,0.10881820803943668,0.16200094457419745
growth factor activity,molfunc,0.0,21.471876052542942,20.701926128737444
growth factor activity,molfunc,0.01,7.611990569215224,7.558567136631371
growth factor activity,molfunc,0.02,4.765914449309532,5.271609517581933
growth factor activity,molfunc,0.03,3.9070394072078134,4.234704477984823
growth factor activity,molfunc,0.04,3.2502526103064997,3.6516525243873055
growth factor activity,molfunc,0.05,2.69450993600539,3.2971204305269306
growth factor activity,molfunc,0.06,2.9583473672392477,3.107936374401388
growth factor activity,molfunc,0.07,2.329628382171327,2.8031667488818117
growth factor activity,molfunc,0.08,2.284719883237904,2.5077275861761303
growth factor activity,molfunc,0.09,2.0882452004041743,2.285708458727359
growth factor activity,molfunc,0.1,1.94790614123723,2.1401685346712105
growth factor activity,molfunc,0.11,1.7514314584035038,1.9676314518174656
growth factor activity,molfunc,0.12,1.3977770293027942,1.8708852595258019
growth factor activity,molfunc,0.13,1.7121365218367561,1.7744704771155086
growth factor activity,molfunc,0.14,1.3753227798360865,1.661867596653783
growth factor activity,molfunc,0.15,1.3921634669361165,1.5658861963960435
growth factor activity,molfunc,0.16,1.1283260357022555,1.4788273698674474
growth factor activity,molfunc,0.17,1.4370719658695434,1.3970201153051482
growth factor activity,molfunc,0.18,1.0946446615021883,1.3424139640828157
growth factor activity,molfunc,0.19,1.1395531604356115,1.2629775648256836
growth factor activity,molfunc,0.2,1.1900752217357158,1.2073007047558617
growth factor activity,molfunc,0.21,1.0665768496687988,1.155320339516676
growth factor activity,molfunc,0.22,0.8757157292017507,1.0827670685648796
growth factor activity,molfunc,0.23,0.9543056023352438,1.0282883826815412
growth factor activity,molfunc,0.24,0.9599191647019191,0.9898958225784446
growth factor activity,molfunc,0.25,0.9655327270685969,0.953466228695761
growth factor activity,molfunc,0.26,0.8195801055349717,0.9118360489823797
growth factor activity,molfunc,0.27,0.8701021668350727,0.8807345062693819
growth factor activity,molfunc,0.28,0.8588750421017217,0.8375492494203552
growth factor activity,molfunc,0.29,0.7466037947681593,0.7997940160121951
growth factor activity,molfunc,0.3,0.707308858201414,0.7745048927570364
growth factor activity,molfunc,0.31,0.6399461098012793,0.7376419167217947
growth factor activity,molfunc,0.32,0.6624003592679909,0.7146981557040096
growth factor activity,molfunc,0.33,0.9262377905018516,0.6928505966015185
growth factor activity,molfunc,0.34,0.7241495453014477,0.6603724282274537
growth factor activity,molfunc,0.35000000000000003,0.6680139216346725,0.6226936740226943
growth factor activity,molfunc,0.36,0.5445155495677552,0.6040582414626897
growth factor activity,molfunc,0.37,0.5613562366677889,0.5663794872579269
growth factor activity,molfunc,0.38,0.4659256764342648,0.557686351138966
growth factor activity,molfunc,0.39,0.5220613001010436,0.5341562495618374
growth factor activity,molfunc,0.4,0.5220613001010436,0.512385169662739
growth factor activity,molfunc,0.41000000000000003,0.5725833614011479,0.495610731051961
growth factor activity,molfunc,0.42,0.5332884248343994,0.47136682357649856
growth factor activity,molfunc,0.43,0.5052206130010101,0.449544757541805
growth factor activity,molfunc,0.44,0.47715280116762054,0.43330567335477266
growth factor activity,molfunc,0.45,0.3929493656674522,0.42407718281206347
growth factor activity,molfunc,0.46,0.3592679914673849,0.4130896705913241
growth factor activity,molfunc,0.47000000000000003,0.3424273043673531,0.38634744247170766
growth factor activity,molfunc,0.48,0.4490849893342311,0.3789799458782167
growth factor activity,molfunc,0.49,0.4154036151341638,0.3660549605048644
growth factor activity,molfunc,0.5,0.3592679914673849,0.34698614579230513
growth factor activity,molfunc,0.51,0.4154036151341638,0.3345965148427011
growth factor activity,molfunc,0.52,0.3817222409340964,0.3207282859608398
growth factor activity,molfunc,0.53,0.3648815538340628,0.3047441324517828
growth factor activity,molfunc,0.54,0.353654429100707,0.29077393129873136
growth factor activity,molfunc,0.55,0.2862916807005723,0.2834064347052425
growth factor activity,molfunc,0.56,0.2975188054339281,0.27532513221342264
growth factor activity,molfunc,0.5700000000000001,0.342427304367355,0.2601567568738897
growth factor activity,molfunc,0.58,0.2582238688671829,0.2503674188396318
growth factor activity,molfunc,0.59,0.37049511620074066,0.24473345085637568
growth factor activity,molfunc,0.6,0.4154036151341638,0.2317319862796307
growth factor activity,molfunc,0.61,0.24699674413382713,0.22688830339809826
growth factor activity,molfunc,0.62,0.25261030650050503,0.21386134575355578
growth factor activity,molfunc,0.63,0.2862916807005723,0.20386806317692044
growth factor activity,molfunc,0.64,0.31997305490063965,0.19943226938014863
growth factor activity,molfunc,0.65,0.3087459301672839,0.18732306217631753
growth factor activity,molfunc,0.66,0.22454249466711554,0.18487572766775376
growth factor activity,molfunc,0.67,0.2582238688671829,0.17429610453177505
growth factor activity,molfunc,0.68,0.17963399573369246,0.16249281414151442
growth factor activity,molfunc,0.6900000000000001,0.26945099360053865,0.15566067197177394
growth factor activity,molfunc,0.7000000000000001,0.2077018075670842,0.15015416932750716
growth factor activity,molfunc,0.71,0.18524755810037033,0.13870778188641042
growth factor activity,molfunc,0.72,0.24699674413382713,0.13911567097117106
growth factor activity,molfunc,0.73,0.2133153699337598,0.1302440833776274
growth factor activity,molfunc,0.74,0.21892893230043767,0.12093911363152564
growth factor activity,molfunc,0.75,0.1908611204670482,0.1162228960889809
growth factor activity,molfunc,0.76,0.2077018075670819,0.11130273400405584
growth factor activity,molfunc,0.77,0.17963399573369246,0.10931427471584779
growth factor activity,molfunc,0.78,0.1571797462669809,0.10230368107152453
growth factor activity,molfunc,0.79,0.23015605703379344,0.09873465157986905
growth factor activity,molfunc,0.8,0.151566183900303,0.09162208566435565
growth factor activity,molfunc,0.81,0.18524755810037033,0.09149462032536795
growth factor activity,molfunc,0.8200000000000001,0.18524755810037033,0.08670192357943059
growth factor activity,molfunc,0.8300000000000001,0.19086112046705034,0.08402515146068991
growth factor activity,molfunc,0.84,0.18524755810037033,0.07698906474856818
growth factor activity,molfunc,0.85,0.1964746828337261,0.07474567478238474
growth factor activity,molfunc,0.86,0.202088245200404,0.07150805517209727
growth factor activity,molfunc,0.87,0.151566183900303,0.06589958025663865
growth factor activity,molfunc,0.88,0.22454249466711554,0.06426802391759615
growth factor activity,molfunc,0.89,0.2077018075670819,0.059959695459812036
growth factor activity,molfunc,0.9,0.1964746828337261,0.055065026442684524
growth factor activity,molfunc,0.91,0.11788480970023567,0.054835588832506665
growth factor activity,molfunc,0.92,0.17402043336701456,0.05292360874769124
growth factor activity,molfunc,0.93,0.16840687100033666,0.056416159035954094
growth factor activity,molfunc,0.9400000000000001,0.12349837206691357,0.05437671361215096
growth factor activity,molfunc,0.9500000000000001,0.16840687100033852,0.04680527247628236
growth factor activity,molfunc,0.96,0.18524755810037033,0.04685625861187692
growth factor activity,molfunc,0.97,0.12911193443359145,0.048768238696692355
growth factor activity,molfunc,0.98,0.22454249466711554,0.06238153690057826
growth factor activity,molfunc,0.99,0.3648815538340628,0.16004547963295065
guanyl-nucleotide exchange factor activity,molfunc,0.0,20.576055380431423,20.708118088255794
guanyl-nucleotide exchange factor activity,molfunc,0.01,8.04005191915446,7.548721950774623
guanyl-nucleotide exchange factor activity,molfunc,0.02,5.408245256196304,5.2664116112898025
guanyl-nucleotide exchange factor activity,molfunc,0.03,4.317943012547128,4.231447467764409
guanyl-nucleotide exchange factor activity,molfunc,0.04,3.750540824525619,3.6477271726214995
guanyl-nucleotide exchange factor activity,molfunc,0.05,3.4489152605229014,3.2911574757083346
guanyl-nucleotide exchange factor activity,molfunc,0.06,3.274615241980342,3.1037524024796617
guanyl-nucleotide exchange factor activity,molfunc,0.07,2.802398170467892,2.800997213667695
guanyl-nucleotide exchange factor activity,molfunc,0.08,2.3709747203164606,2.509564576632431
guanyl-nucleotide exchange factor activity,molfunc,0.09,2.153408739724332,2.287570014566448
guanyl-nucleotide exchange factor activity,molfunc,0.1,2.100253414920577,2.140117744174587
guanyl-nucleotide exchange factor activity,molfunc,0.11,2.1101427776747648,1.9636465767806341
guanyl-nucleotide exchange factor activity,molfunc,0.12,1.9543853142963081,1.866951466412957
guanyl-nucleotide exchange factor activity,molfunc,0.13,1.7887384881636674,1.7738837181705434
guanyl-nucleotide exchange factor activity,molfunc,0.14,1.7022065640645314,1.6596995404132218
guanyl-nucleotide exchange factor activity,molfunc,0.15,1.568700166882995,1.5650253889439025
guanyl-nucleotide exchange factor activity,molfunc,0.16,1.5303788862105183,1.4761291071455394
guanyl-nucleotide exchange factor activity,molfunc,0.17,1.405525681438905,1.3970267030853851
guanyl-nucleotide exchange factor activity,molfunc,0.18,1.461153346931206,1.3387816312454743
guanyl-nucleotide exchange factor activity,molfunc,0.19,1.3486618456023227,1.2606119774460975
guanyl-nucleotide exchange factor activity,molfunc,0.2,1.263366091847459,1.2060460871903873
guanyl-nucleotide exchange factor activity,molfunc,0.21,1.191668211879596,1.1541488990696842
guanyl-nucleotide exchange factor activity,molfunc,0.22,1.1558192718956661,1.0802802603616886
guanyl-nucleotide exchange factor activity,molfunc,0.23,1.0532171333209737,1.0274244122507439
guanyl-nucleotide exchange factor activity,molfunc,0.24,1.0235490450584082,0.9890521029113718
guanyl-nucleotide exchange factor activity,molfunc,0.25,0.8863341368440564,0.9549289892044512
guanyl-nucleotide exchange factor activity,molfunc,0.26,0.8702639223685017,0.9122815745031672
guanyl-nucleotide exchange factor activity,molfunc,0.27,0.9394894616478142,0.8794539472695543
guanyl-nucleotide exchange factor activity,molfunc,0.28,0.7726064651709041,0.8390088595728975
guanyl-nucleotide exchange factor activity,molfunc,0.29,0.750355398973978,0.8005847307745914
guanyl-nucleotide exchange factor activity,molfunc,0.3,0.7206873107114155,0.7753227445450944
guanyl-nucleotide exchange factor activity,molfunc,0.31,0.7454107175968843,0.7370281643941237
guanyl-nucleotide exchange factor activity,molfunc,0.32,0.6984362445144935,0.7147976165121663
guanyl-nucleotide exchange factor activity,molfunc,0.33,0.6255021942023605,0.6953394096830872
guanyl-nucleotide exchange factor activity,molfunc,0.34,0.6081958093825324,0.6617604002949558
guanyl-nucleotide exchange factor activity,molfunc,0.35000000000000003,0.6564064528092002,0.622196243400147
guanyl-nucleotide exchange factor activity,molfunc,0.36,0.5760553804314229,0.604370349527432
guanyl-nucleotide exchange factor activity,molfunc,0.37,0.5810000618085167,0.566049859646995
guanyl-nucleotide exchange factor activity,molfunc,0.38,0.5463872921688604,0.5574996489231653
guanyl-nucleotide exchange factor activity,molfunc,0.39,0.5315532480375791,0.5341549826741634
guanyl-nucleotide exchange factor activity,molfunc,0.4,0.5290809073490322,0.5120798931690029
guanyl-nucleotide exchange factor activity,molfunc,0.41000000000000003,0.5006489894307459,0.4958604025231954
guanyl-nucleotide exchange factor activity,molfunc,0.42,0.48705111564373527,0.4713238887187479
guanyl-nucleotide exchange factor activity,molfunc,0.43,0.4388404722170712,0.45002609109757197
guanyl-nucleotide exchange factor activity,molfunc,0.44,0.4067000432659617,0.4340656977464232
guanyl-nucleotide exchange factor activity,molfunc,0.45,0.43513196118425085,0.4237018059599629
guanyl-nucleotide exchange factor activity,molfunc,0.46,0.3819766363804929,0.4134933725502995
guanyl-nucleotide exchange factor activity,molfunc,0.47000000000000003,0.4240064280857922,0.38535540635006194
guanyl-nucleotide exchange factor activity,molfunc,0.48,0.328821311576735,0.38035482856309266
guanyl-nucleotide exchange factor activity,molfunc,0.49,0.3609617405278444,0.36638948438083746
guanyl-nucleotide exchange factor activity,molfunc,0.5,0.3621979108721179,0.3467239997160291
guanyl-nucleotide exchange factor activity,molfunc,0.51,0.3473638667408366,0.3347018852437351
guanyl-nucleotide exchange factor activity,molfunc,0.52,0.3065702453798131,0.32130655510973516
guanyl-nucleotide exchange factor activity,molfunc,0.53,0.31275109710118026,0.3048538768987295
guanyl-nucleotide exchange factor activity,molfunc,0.54,0.2744298164287037,0.29140672730579725
guanyl-nucleotide exchange factor activity,molfunc,0.55,0.2744298164287037,0.2836078987364859
guanyl-nucleotide exchange factor activity,molfunc,0.56,0.267012794363063,0.2756017923314453
guanyl-nucleotide exchange factor activity,molfunc,0.5700000000000001,0.2521787502317845,0.2607036978884115
guanyl-nucleotide exchange factor activity,molfunc,0.58,0.25835960195314894,0.25023616718408376
guanyl-nucleotide exchange factor activity,molfunc,0.59,0.2262191730020395,0.24570196452750737
guanyl-nucleotide exchange factor activity,molfunc,0.6,0.22869151369058635,0.2326434608765674
guanyl-nucleotide exchange factor activity,molfunc,0.61,0.2014957661165707,0.22751333444226954
guanyl-nucleotide exchange factor activity,molfunc,0.62,0.21262129921503164,0.21406618484933734
guanyl-nucleotide exchange factor activity,molfunc,0.63,0.18418938129674253,0.20466095305312462
guanyl-nucleotide exchange factor activity,molfunc,0.64,0.19902342542802381,0.19999720174921748
guanyl-nucleotide exchange factor activity,molfunc,0.65,0.1681191668211878,0.18828600403051735
guanyl-nucleotide exchange factor activity,molfunc,0.66,0.143395759935719,0.18592821864909764
guanyl-nucleotide exchange factor activity,molfunc,0.67,0.11867235305025021,0.175849333886765
guanyl-nucleotide exchange factor activity,molfunc,0.68,0.1681191668211878,0.16245400375276506
guanyl-nucleotide exchange factor activity,molfunc,0.6900000000000001,0.14957661165708622,0.15631339786928733
guanyl-nucleotide exchange factor activity,molfunc,0.7000000000000001,0.1384510785586268,0.15066507684566816
guanyl-nucleotide exchange factor activity,molfunc,0.71,0.12608937511589086,0.13918706669216172
guanyl-nucleotide exchange factor activity,molfunc,0.72,0.12608937511589086,0.1398866293877478
guanyl-nucleotide exchange factor activity,molfunc,0.73,0.11743618270597678,0.13089595326299347
guanyl-nucleotide exchange factor activity,molfunc,0.74,0.0840595834105939,0.1221643744329007
guanyl-nucleotide exchange factor activity,molfunc,0.75,0.10383830891896895,0.11682697016287363
guanyl-nucleotide exchange factor activity,molfunc,0.76,0.10878299029606271,0.1118004826464404
guanyl-nucleotide exchange factor activity,molfunc,0.77,0.0716978799678595,0.1104272669847344
guanyl-nucleotide exchange factor activity,molfunc,0.78,0.0902404351319611,0.1028098065216861
guanyl-nucleotide exchange factor activity,molfunc,0.79,0.07540639100067982,0.09983018763307876
guanyl-nucleotide exchange factor activity,molfunc,0.8,0.0679893689350392,0.09239409527629351
guanyl-nucleotide exchange factor activity,molfunc,0.81,0.05933617652512511,0.09260137311202271
guanyl-nucleotide exchange factor activity,molfunc,0.8200000000000001,0.046974473082390715,0.08798944126704789
guanyl-nucleotide exchange factor activity,molfunc,0.8300000000000001,0.058100006180852315,0.08506164183737379
guanyl-nucleotide exchange factor activity,molfunc,0.84,0.048210643426664146,0.07809192461097829
guanyl-nucleotide exchange factor activity,molfunc,0.85,0.04202979170529695,0.07599323652422009
guanyl-nucleotide exchange factor activity,molfunc,0.86,0.034612769639656316,0.07288406898828201
guanyl-nucleotide exchange factor activity,molfunc,0.87,0.03337659929538288,0.06697665066999964
guanyl-nucleotide exchange factor activity,molfunc,0.88,0.027195747574015678,0.0657848031145567
guanyl-nucleotide exchange factor activity,molfunc,0.89,0.030904258606835995,0.06125060045798032
guanyl-nucleotide exchange factor activity,molfunc,0.9,0.04079362136102352,0.056016835105817876
guanyl-nucleotide exchange factor activity,molfunc,0.91,0.027195747574015678,0.05570591835222406
guanyl-nucleotide exchange factor activity,molfunc,0.92,0.025959577229742237,0.05404769566639042
guanyl-nucleotide exchange factor activity,molfunc,0.93,0.025959577229742237,0.05757141887378692
guanyl-nucleotide exchange factor activity,molfunc,0.9400000000000001,0.018542555164101596,0.05544682105756256
guanyl-nucleotide exchange factor activity,molfunc,0.9500000000000001,0.01730638481982835,0.04798481897131168
guanyl-nucleotide exchange factor activity,molfunc,0.96,0.013597873787007839,0.048192096807040355
guanyl-nucleotide exchange factor activity,molfunc,0.97,0.022251066196921916,0.0496948611160771
guanyl-nucleotide exchange factor activity,molfunc,0.98,0.027195747574015678,0.06386748313406154
guanyl-nucleotide exchange factor activity,molfunc,0.99,0.03214042895110943,0.16367176103767414
heparin binding,molfunc,0.0,16.077574596713855,20.744984177263788
heparin binding,molfunc,0.01,6.2071648759464875,7.5703679208484385
heparin binding,molfunc,0.02,4.5311705024990285,5.275636057615032
heparin binding,molfunc,0.03,3.7679944931613436,4.237201807201162
heparin binding,molfunc,0.04,3.4148385358992,3.6518475898353633
heparin binding,molfunc,0.05,2.9569329302965923,3.297282134078111
heparin binding,molfunc,0.06,3.055696884446171,3.107701080819319
heparin binding,molfunc,0.07,2.5050130188848665,2.803557479378231
heparin binding,molfunc,0.08,2.5289557956484017,2.506529246211196
heparin binding,molfunc,0.09,2.46909885373956,2.283239775625306
heparin binding,molfunc,0.1,2.3374135815401202,2.137605079656293
heparin binding,molfunc,0.11,2.1847783796725837,1.9647886530863816
heparin binding,molfunc,0.12,1.8884865172238332,1.8685776122871645
heparin binding,molfunc,0.13,1.9722862358962063,1.7724945457374832
heparin binding,molfunc,0.14,1.759794092119837,1.6597236370486508
heparin binding,molfunc,0.15,1.8465866578876469,1.5626935610524177
heparin binding,molfunc,0.16,1.7478227037380645,1.4749288207224083
heparin binding,molfunc,0.17,1.7089156914973247,1.3945353971655265
heparin binding,molfunc,0.18,1.5742375722024349,1.3393017110669048
heparin binding,molfunc,0.19,1.4545236883847592,1.260776711553207
heparin binding,molfunc,0.2,1.3826953580941577,1.2057221894039394
heparin binding,molfunc,0.21,1.322838416185316,1.1534831007443997
heparin binding,molfunc,0.22,1.1193248136952672,1.0815103828068122
heparin binding,molfunc,0.23,1.1731960614132246,1.0267118091566108
heparin binding,molfunc,0.24,1.0594678717864296,0.9891641643435066
heparin binding,molfunc,0.25,1.0893963427408484,0.9523587701776991
heparin binding,molfunc,0.26,0.9397539879687538,0.9111766566778491
heparin binding,molfunc,0.27,0.9786610002094984,0.8798485603920713
heparin binding,molfunc,0.28,0.8409900338191761,0.8376170580460521
heparin binding,molfunc,0.29,0.7811330919103336,0.7997110853342526
heparin binding,molfunc,0.3,0.7212761500014958,0.7746537272756118
heparin binding,molfunc,0.31,0.8320114925328458,0.7363894266651235
heparin binding,molfunc,0.32,0.772154550624008,0.7139683381468709
heparin binding,molfunc,0.33,0.7512046209559147,0.6934156736718059
heparin binding,molfunc,0.34,0.685361984856193,0.6604495069920006
heparin binding,molfunc,0.35000000000000003,0.6554335139017778,0.6226203188299292
heparin binding,molfunc,0.36,0.7033190674288444,0.6029378792516881
heparin binding,molfunc,0.37,0.550683865561308,0.566490812984574
heparin binding,molfunc,0.38,0.6554335139017742,0.5564320369712483
heparin binding,molfunc,0.39,0.5417053242749823,0.5340365433029023
heparin binding,molfunc,0.4,0.5985694190883782,0.5116922393343696
heparin binding,molfunc,0.41000000000000003,0.553676712656753,0.49546510449353653
heparin binding,molfunc,0.42,0.5417053242749823,0.47104761768256
heparin binding,molfunc,0.43,0.4549127585071675,0.4497527025602012
heparin binding,molfunc,0.44,0.5057911591296796,0.4328856964716984
heparin binding,molfunc,0.45,0.5417053242749823,0.42292929985799943
heparin binding,molfunc,0.46,0.4010415107892134,0.41294730839439375
heparin binding,molfunc,0.47000000000000003,0.44593421722084425,0.3856376035439671
heparin binding,molfunc,0.48,0.413012899170981,0.3790085374181345
heparin binding,molfunc,0.49,0.42199144045730663,0.3658015948662871
heparin binding,molfunc,0.5,0.39505581659832967,0.3466310522861829
heparin binding,molfunc,0.51,0.4339628288390742,0.3341151706818158
heparin binding,molfunc,0.52,0.4160057462664229,0.3201915723325812
heparin binding,molfunc,0.53,0.523748241702331,0.3031454022947316
heparin binding,molfunc,0.54,0.3381917217849337,0.29065511554027124
heparin binding,molfunc,0.55,0.36812019273935265,0.28269511721929336
heparin binding,molfunc,0.56,0.3890701224074459,0.274453575549342
heparin binding,molfunc,0.5700000000000001,0.3322060275940536,0.25991570080235
heparin binding,molfunc,0.58,0.32622033340316614,0.2497545453893947
heparin binding,molfunc,0.59,0.33220602759404994,0.24455879085833843
heparin binding,molfunc,0.6,0.3381917217849337,0.23165898650537112
heparin binding,molfunc,0.61,0.2992847095441891,0.22636085257468813
heparin binding,molfunc,0.62,0.34417741597581747,0.21292355637368054
heparin binding,molfunc,0.63,0.26337054439888646,0.203735005257182
heparin binding,molfunc,0.64,0.275341932780654,0.19933269107323284
heparin binding,molfunc,0.65,0.29030616825786343,0.1869959734182125
heparin binding,molfunc,0.66,0.24840630892167698,0.18451327297726441
heparin binding,molfunc,0.67,0.2992847095441891,0.17360986691701827
heparin binding,molfunc,0.68,0.22745637925358375,0.1620153999092917
heparin binding,molfunc,0.6900000000000001,0.275341932780654,0.15515598013430115
heparin binding,molfunc,0.7000000000000001,0.25139915601712165,0.14955070800473963
heparin binding,molfunc,0.71,0.20949929668093237,0.13831456889570495
heparin binding,molfunc,0.72,0.24840630892167698,0.1386728967943985
heparin binding,molfunc,0.73,0.22147068506269996,0.1298426735765935
heparin binding,molfunc,0.74,0.23942776763535129,0.12037257911112147
heparin binding,molfunc,0.75,0.17957082572651348,0.11602145462698567
heparin binding,molfunc,0.76,0.2005207553946067,0.11097926919536948
heparin binding,molfunc,0.77,0.18555651991739724,0.10898287090264837
heparin binding,molfunc,0.78,0.21548499087181616,0.1015859592796175
heparin binding,molfunc,0.79,0.15562804896297835,0.09884731033960262
heparin binding,molfunc,0.8,0.18555651991739724,0.09109207081787823
heparin binding,molfunc,0.81,0.11971388381767564,0.09168075236573191
heparin binding,molfunc,0.8200000000000001,0.17657797863107158,0.0863826184350489
heparin binding,molfunc,0.8300000000000001,0.158620896058422,0.08387432314419509
heparin binding,molfunc,0.84,0.14964235477209456,0.0768613342697635
heparin binding,molfunc,0.85,0.16759943734474592,0.07450660807834884
heparin binding,molfunc,0.86,0.14066381348576887,0.07151201063926715
heparin binding,molfunc,0.87,0.08978541286325674,0.06608590245905074
heparin binding,molfunc,0.88,0.14066381348576887,0.06434545266539642
heparin binding,molfunc,0.89,0.14964235477209456,0.05986635393172722
heparin binding,molfunc,0.9,0.12270673091311754,0.0551313066989912
heparin binding,molfunc,0.91,0.09577110705414052,0.05477297880029767
heparin binding,molfunc,0.92,0.09277825995869862,0.05313490840627008
heparin binding,molfunc,0.93,0.12270673091311754,0.0563598594945119
heparin binding,molfunc,0.9400000000000001,0.11971388381767564,0.05413310755263064
heparin binding,molfunc,0.9500000000000001,0.08679256576781581,0.0470177392785738
heparin binding,molfunc,0.96,0.09277825995869862,0.04709452382829332
heparin binding,molfunc,0.97,0.07182833029060538,0.04893735302157436
heparin binding,molfunc,0.98,0.15263520186753646,0.062349054372675294
heparin binding,molfunc,0.99,0.3172417921168405,0.15963507886797035
histone binding,molfunc,0.0,22.552277674129353,20.655879018234874
histone binding,molfunc,0.01,7.825132151741293,7.551666602823634
histone binding,molfunc,0.02,5.282182835820897,5.268978514083383
histone binding,molfunc,0.03,4.33477145522388,4.230499927427409
histone binding,molfunc,0.04,3.8887593283582085,3.643430669202668
histone binding,molfunc,0.05,3.4787002487562204,3.289453626114877
histone binding,molfunc,0.06,3.284359452736316,3.1025108031531654
histone binding,molfunc,0.07,2.809196206467663,2.800806871699219
histone binding,molfunc,0.08,2.6410914179104488,2.5031159308692024
histone binding,molfunc,0.09,2.4302316542288533,2.280916118854357
histone binding,molfunc,0.1,2.2329757462686577,2.1367872153415077
histone binding,molfunc,0.11,2.0415500621890557,1.9646455526031419
histone binding,molfunc,0.12,1.8491526741293516,1.8692718793330183
histone binding,molfunc,0.13,1.8161147388059684,1.7730643378813011
histone binding,molfunc,0.14,1.6829912935323414,1.6599709657522552
histone binding,molfunc,0.15,1.6188588308457696,1.5636591907778334
histone binding,molfunc,0.16,1.4779617537313419,1.4772235420792021
histone binding,molfunc,0.17,1.3992537313432862,1.3971461382652495
histone binding,molfunc,0.18,1.3380363805970137,1.3413812036209671
histone binding,molfunc,0.19,1.1728467039800985,1.2648216811981214
histone binding,molfunc,0.2,1.1126010572139324,1.2097603228320686
histone binding,molfunc,0.21,1.152440920398009,1.1549856066534332
histone binding,molfunc,0.22,1.0164023631840788,1.083585643604217
histone binding,molfunc,0.23,1.0008550995024894,1.0286806355222131
histone binding,molfunc,0.24,0.9823927238805962,0.9899578818393143
histone binding,molfunc,0.25,0.8823072139303474,0.9554305274450765
histone binding,molfunc,0.26,0.9095149253731335,0.9114700392465263
histone binding,molfunc,0.27,0.8240049751243774,0.8822064777486177
histone binding,molfunc,0.28,0.8405239427860736,0.8375684716525248
histone binding,molfunc,0.29,0.7967972636815913,0.799627469389871
histone binding,molfunc,0.3,0.7375233208955216,0.7751847083168181
histone binding,molfunc,0.31,0.7511271766169147,0.7368267719633707
histone binding,molfunc,0.32,0.6325792910447755,0.7166575853210009
histone binding,molfunc,0.33,0.6685323383084572,0.6945861368893635
histone binding,molfunc,0.34,0.619947139303482,0.661752577238994
histone binding,molfunc,0.35000000000000003,0.5869092039801023,0.6238636917376982
histone binding,molfunc,0.36,0.6092583955223875,0.6036423883339752
histone binding,molfunc,0.37,0.60439987562189,0.5653365687418774
histone binding,molfunc,0.38,0.5528995646766164,0.557388762636034
histone binding,molfunc,0.39,0.49459732587064636,0.5351609639203474
histone binding,molfunc,0.4,0.4314365671641788,0.5146009015678541
histone binding,molfunc,0.41000000000000003,0.4285214552238826,0.49776718765187383
histone binding,molfunc,0.42,0.4139458955223877,0.47319413467544374
histone binding,molfunc,0.43,0.4246346393034822,0.45047122672693407
histone binding,molfunc,0.44,0.32843594527363157,0.43632152602046537
histone binding,molfunc,0.45,0.3663324004975121,0.42548123965970847
histone binding,molfunc,0.46,0.3779928482587061,0.41378102673667994
histone binding,molfunc,0.47000000000000003,0.3216340174129368,0.3878789963458351
histone binding,molfunc,0.48,0.3566153606965171,0.3799051318593146
histone binding,molfunc,0.49,0.308030161691542,0.3678401016068376
histone binding,molfunc,0.5,0.27985074626865647,0.34884354209483814
histone binding,molfunc,0.51,0.3012282338308455,0.3358664685187397
histone binding,molfunc,0.52,0.27304881840795997,0.32229005218711865
histone binding,molfunc,0.53,0.21668998756218888,0.307384658441078
histone binding,molfunc,0.54,0.2293221393034824,0.2927137901211113
histone binding,molfunc,0.55,0.23612406716417889,0.2846878088732432
histone binding,molfunc,0.56,0.23029384328358188,0.2766357692447002
histone binding,molfunc,0.5700000000000001,0.23903917910448005,0.2611049743624648
histone binding,molfunc,0.58,0.2322372512437809,0.25089008913790256
histone binding,molfunc,0.59,0.20308613184079585,0.24643410604249527
histone binding,molfunc,0.6,0.18753886815920381,0.2337697330344956
histone binding,molfunc,0.61,0.1865671641791043,0.2280629476666933
histone binding,molfunc,0.62,0.15741604477611926,0.21555492494274303
histone binding,molfunc,0.63,0.1719916044776118,0.20510551429210958
histone binding,molfunc,0.64,0.13895366915422874,0.20161369128167345
histone binding,molfunc,0.65,0.14964241293532324,0.188897201512324
histone binding,molfunc,0.66,0.1204912935323382,0.1867864726776574
histone binding,molfunc,0.67,0.1185478855721392,0.17618071174297456
histone binding,molfunc,0.68,0.1185478855721392,0.16375086416104898
histone binding,molfunc,0.6900000000000001,0.10300062189054718,0.15760108632177341
histone binding,molfunc,0.7000000000000001,0.09717039800995124,0.15184218419262302
histone binding,molfunc,0.71,0.07190609452736313,0.14071525564444057
histone binding,molfunc,0.72,0.09231187810945264,0.14087160592848996
histone binding,molfunc,0.73,0.07190609452736313,0.13219416516374943
histone binding,molfunc,0.74,0.07287779850746262,0.12268285621741226
histone binding,molfunc,0.75,0.07967972636815913,0.11754935522445767
histone binding,molfunc,0.76,0.06996268656716412,0.11285884670297631
histone binding,molfunc,0.77,0.05538712686567159,0.11108687681708335
histone binding,molfunc,0.78,0.05150031094527359,0.10392082213148685
histone binding,molfunc,0.79,0.06607587064676611,0.10022053207565156
histone binding,molfunc,0.8,0.05052860696517408,0.09300236062870526
histone binding,molfunc,0.81,0.05247201492537309,0.09297630224803037
histone binding,molfunc,0.8200000000000001,0.05052860696517408,0.08812944344249964
histone binding,molfunc,0.8300000000000001,0.04567008706467709,0.08554966375568585
histone binding,molfunc,0.84,0.045670087064676575,0.07833149230873858
histone binding,molfunc,0.85,0.04858519900497508,0.07601229642867281
histone binding,molfunc,0.86,0.036924751243781063,0.07304164103173462
histone binding,molfunc,0.87,0.03012282338308455,0.06725668052190761
histone binding,molfunc,0.88,0.040811567164179066,0.06564106092006403
histone binding,molfunc,0.89,0.023320895522388037,0.06162807029612999
histone binding,molfunc,0.9,0.01943407960199003,0.056676977967899674
histone binding,molfunc,0.91,0.018462375621890532,0.05610369359305195
histone binding,molfunc,0.92,0.026236007462686544,0.05420143180378452
histone binding,molfunc,0.93,0.027207711442786046,0.057719313194895525
histone binding,molfunc,0.9400000000000001,0.01749067164179103,0.05568675950225361
histone binding,molfunc,0.9500000000000001,0.01943407960199025,0.04810377072585929
histone binding,molfunc,0.96,0.01943407960199003,0.048234062629233236
histone binding,molfunc,0.97,0.029151119402985048,0.04966727356635254
histone binding,molfunc,0.98,0.020405783582089533,0.06425996674429452
histone binding,molfunc,0.99,0.06607587064676611,0.16351633873497493
histone deacetylase binding,molfunc,0.0,21.889975081464442,20.694325974082528
histone deacetylase binding,molfunc,0.01,7.869875954982338,7.5558987994149485
histone deacetylase binding,molfunc,0.02,5.536843834716176,5.2668208702512604
histone deacetylase binding,molfunc,0.03,4.121142419014759,4.234271618599718
histone deacetylase binding,molfunc,0.04,3.762425039020783,3.6487846862008277
histone deacetylase binding,molfunc,0.05,3.285960732769245,3.294475054624444
histone deacetylase binding,molfunc,0.06,3.1134477942988554,3.1072022295481703
histone deacetylase binding,molfunc,0.07,2.9217667515539874,2.7998965145379158
histone deacetylase binding,molfunc,0.08,2.5822174758344985,2.506013171342725
histone deacetylase binding,molfunc,0.09,2.5000684575152636,2.282802201883741
histone deacetylase binding,molfunc,0.1,2.256359703168215,2.138204322311108
histone deacetylase binding,molfunc,0.11,2.2371915988937277,1.9641233321294194
histone deacetylase binding,molfunc,0.12,1.7333442865357742,1.8700130381436126
histone deacetylase binding,molfunc,0.13,1.538924943180261,1.7763894332121717
histone deacetylase binding,molfunc,0.14,1.6731016731016763,1.6604549774201924
histone deacetylase binding,molfunc,0.15,1.5197568389057736,1.5655249966059828
histone deacetylase binding,molfunc,0.16,1.5553547468441071,1.4765121300842985
histone deacetylase binding,molfunc,0.17,1.4074865138694952,1.3971049685829433
histone deacetylase binding,molfunc,0.18,1.4595142254716709,1.3401879644358365
histone deacetylase binding,molfunc,0.19,1.2158054711246191,1.262855635218868
histone deacetylase binding,molfunc,0.2,1.4102248144801361,1.2053238659504677
histone deacetylase binding,molfunc,0.21,1.3171225937183373,1.1534018284139307
histone deacetylase binding,molfunc,0.22,1.0268627289903876,1.0823452264769082
histone deacetylase binding,molfunc,0.23,1.0405542320435957,1.0278360523882364
histone deacetylase binding,molfunc,0.24,0.9611435143350029,0.9900279974282318
histone deacetylase binding,molfunc,0.25,0.805060379528464,0.9549095398739211
histone deacetylase binding,molfunc,0.26,0.8406582874667974,0.9120809030899624
histone deacetylase binding,molfunc,0.27,0.9173307045647463,0.8803436537028063
histone deacetylase binding,molfunc,0.28,0.7667241709794937,0.838309088533866
histone deacetylase binding,molfunc,0.29,0.7995837783071819,0.7995532706785207
histone deacetylase binding,molfunc,0.3,0.8214901831923102,0.7737587507972729
histone deacetylase binding,molfunc,0.31,0.7694624715901305,0.7368984587326098
histone deacetylase binding,molfunc,0.32,0.7283879624305151,0.7143314557381915
histone deacetylase binding,molfunc,0.33,0.566828226402694,0.6950944304841525
histone deacetylase binding,molfunc,0.34,0.6845751526602585,0.6604370467708175
histone deacetylase binding,molfunc,0.35000000000000003,0.6051644349516718,0.6230644504384072
histone deacetylase binding,molfunc,0.36,0.569566527013335,0.6041091925316279
histone deacetylase binding,molfunc,0.37,0.5394452202962836,0.5666085201322765
histone deacetylase binding,molfunc,0.38,0.5558750239601299,0.5572845824592138
histone deacetylase binding,molfunc,0.39,0.484679208083463,0.5345638881844701
histone deacetylase binding,molfunc,0.4,0.4983707111366682,0.5125604198845773
histone deacetylase binding,molfunc,0.41000000000000003,0.5065856129685941,0.4958593007559073
histone deacetylase binding,molfunc,0.42,0.4572962019770526,0.4717810001716215
histone deacetylase binding,molfunc,0.43,0.45181960075577055,0.44977753187172886
histone deacetylase binding,molfunc,0.44,0.42717489526000124,0.4335631017974192
histone deacetylase binding,molfunc,0.45,0.41895999342807816,0.42398301199048105
histone deacetylase binding,molfunc,0.46,0.3477641775514113,0.4134551592882041
histone deacetylase binding,molfunc,0.47000000000000003,0.33954927571949006,0.3865848004446819
histone deacetylase binding,molfunc,0.48,0.402530189764232,0.379079542922132
histone deacetylase binding,molfunc,0.49,0.29299816533859063,0.3669635469898279
histone deacetylase binding,molfunc,0.5,0.3012130671705137,0.3474703696019137
histone deacetylase binding,molfunc,0.51,0.3012130671705137,0.33527752802944694
histone deacetylase binding,molfunc,0.52,0.34502587694077025,0.32077931725210207
histone deacetylase binding,molfunc,0.53,0.29025986472794957,0.30515403708570565
histone deacetylase binding,molfunc,0.54,0.24644705495769306,0.29147551313676195
histone deacetylase binding,molfunc,0.55,0.2272789506832058,0.2839446404008266
histone deacetylase binding,molfunc,0.56,0.2491853555683341,0.27567092647665276
histone deacetylase binding,molfunc,0.5700000000000001,0.2656151592321832,0.2604811049378473
histone deacetylase binding,molfunc,0.58,0.18346614091294924,0.251029091197844
histone deacetylase binding,molfunc,0.59,0.22454065007256477,0.24549620510613643
histone deacetylase binding,molfunc,0.6,0.1697746378597441,0.2331496722533445
histone deacetylase binding,molfunc,0.61,0.2026342451874365,0.22720694274743636
histone deacetylase binding,molfunc,0.62,0.1779895396916672,0.21437372084028128
histone deacetylase binding,molfunc,0.63,0.14786823297461582,0.2047680158199556
histone deacetylase binding,molfunc,0.64,0.1533448341958979,0.20041342954407465
histone deacetylase binding,molfunc,0.65,0.1560831348065389,0.18816935754483285
histone deacetylase binding,molfunc,0.66,0.2026342451874365,0.18489061023122835
histone deacetylase binding,molfunc,0.67,0.17251293847038512,0.1746957553029894
histone deacetylase binding,molfunc,0.68,0.15882143541717994,0.16260537458407281
histone deacetylase binding,molfunc,0.6900000000000001,0.12322352747884653,0.15648333858445193
histone deacetylase binding,molfunc,0.7000000000000001,0.12048522686820681,0.1506943003588707
histone deacetylase binding,molfunc,0.71,0.12322352747884653,0.13906499348092807
histone deacetylase binding,molfunc,0.72,0.10131712259371825,0.1399615259494918
histone deacetylase binding,molfunc,0.73,0.08762561954051308,0.13102181647724204
histone deacetylase binding,molfunc,0.74,0.06298091404474378,0.12192841572466709
histone deacetylase binding,molfunc,0.75,0.06024261343410275,0.11708714039442294
histone deacetylase binding,molfunc,0.76,0.07667241709794895,0.11206655857046607
histone deacetylase binding,molfunc,0.77,0.052027711602179644,0.11017103277978847
histone deacetylase binding,molfunc,0.78,0.04381280977025654,0.1031012338848288
histone deacetylase binding,molfunc,0.79,0.04381280977025654,0.09984810178461183
histone deacetylase binding,molfunc,0.8,0.05750431282346171,0.09221476819512638
histone deacetylase binding,molfunc,0.81,0.030121306717051374,0.09249653554238925
histone deacetylase binding,molfunc,0.8200000000000001,0.0328596073276924,0.08765526021214512
histone deacetylase binding,molfunc,0.8300000000000001,0.0383362085489749,0.08494004759306734
histone deacetylase binding,molfunc,0.84,0.0328596073276924,0.07789586391149424
histone deacetylase binding,molfunc,0.85,0.024644705495769303,0.07576980120032882
histone deacetylase binding,molfunc,0.86,0.030121306717051374,0.07249105388672435
histone deacetylase binding,molfunc,0.87,0.038336208548974474,0.06654832438081619
histone deacetylase binding,molfunc,0.88,0.013691503053205168,0.06547248541853971
histone deacetylase binding,molfunc,0.89,0.0164298036638462,0.061041053502496154
histone deacetylase binding,molfunc,0.9,0.0164298036638462,0.056071702105314335
histone deacetylase binding,molfunc,0.91,0.0,0.05563624347772624
histone deacetylase binding,molfunc,0.92,0.0082149018319231,0.05389440896737386
histone deacetylase binding,molfunc,0.93,0.0164298036638462,0.05730123234791602
histone deacetylase binding,molfunc,0.9400000000000001,0.0082149018319231,0.055123939209975534
histone deacetylase binding,molfunc,0.9500000000000001,0.002738300610641064,0.047772372967753496
histone deacetylase binding,molfunc,0.96,0.0027383006106410338,0.04790044903469064
histone deacetylase binding,molfunc,0.97,0.0054766012212820675,0.04953982269149289
histone deacetylase binding,molfunc,0.98,0.013691503053205168,0.06357695962786213
histone deacetylase binding,molfunc,0.99,0.0054766012212820675,0.1624260680903601
identical protein binding,molfunc,0.0,20.579304281283328,20.71841672503834
identical protein binding,molfunc,0.01,7.570737372832832,7.557577987075923
identical protein binding,molfunc,0.02,5.27962530290819,5.268260535317244
identical protein binding,molfunc,0.03,4.298107790540851,4.226529127885198
identical protein binding,molfunc,0.04,3.678587613395529,3.646871810204992
identical protein binding,molfunc,0.05,3.2606896402007015,3.297873591310937
identical protein binding,molfunc,0.06,3.0484843057602053,3.113323915476694
identical protein binding,molfunc,0.07,2.74157352155024,2.8071595867565464
identical protein binding,molfunc,0.08,2.5280113755084663,2.504522754874246
identical protein binding,molfunc,0.09,2.325032359956688,2.2806666857039493
identical protein binding,molfunc,0.1,2.149732301071068,2.138223003870729
identical protein binding,molfunc,0.11,1.9790454016298031,1.9653756588160276
identical protein binding,molfunc,0.12,1.8949230823503218,1.8660458272232032
identical protein binding,molfunc,0.13,1.7586991975816175,1.7757867017848559
identical protein binding,molfunc,0.14,1.6748482406223997,1.6590993460692798
identical protein binding,molfunc,0.15,1.595881805427788,1.561925206988474
identical protein binding,molfunc,0.16,1.4604720076198527,1.478973039285675
identical protein binding,molfunc,0.17,1.4658992540249844,1.390113714179812
identical protein binding,molfunc,0.18,1.341072586707044,1.3413166745895353
identical protein binding,molfunc,0.19,1.263734325433975,1.2622839478176822
identical protein binding,molfunc,0.2,1.2013209917750103,1.2078317148841913
identical protein binding,molfunc,0.21,1.1817829047165473,1.1521476576581107
identical protein binding,molfunc,0.22,1.1188268464170668,1.0780142320499395
identical protein binding,molfunc,0.23,1.066725280927844,1.0239539432095426
identical protein binding,molfunc,0.24,1.0097391936740006,0.9876991145982927
identical protein binding,molfunc,0.25,0.9497681208973401,0.9539079345722118
identical protein binding,molfunc,0.26,0.9362000048845209,0.9088623598729869
identical protein binding,molfunc,0.27,0.9356572802440082,0.8750151878336067
identical protein binding,molfunc,0.28,0.8878975118788897,0.8324612577262018
identical protein binding,molfunc,0.29,0.8054033665209444,0.7989500377666123
identical protein binding,molfunc,0.3,0.7883075403447923,0.772745775542576
identical protein binding,molfunc,0.31,0.7421759459012072,0.7366869189778763
identical protein binding,molfunc,0.32,0.7446182067835146,0.711350532959978
identical protein binding,molfunc,0.33,0.7025570471437753,0.6930131486044824
identical protein binding,molfunc,0.34,0.6813907861637774,0.6585220684121612
identical protein binding,molfunc,0.35000000000000003,0.659410438223014,0.6191316870561612
identical protein binding,molfunc,0.36,0.6347164670796795,0.6005983306541149
identical protein binding,molfunc,0.37,0.5679613362966094,0.5661912384817425
identical protein binding,molfunc,0.38,0.5888562349563509,0.5540129755891614
identical protein binding,molfunc,0.39,0.5139602345655891,0.536179519353359
identical protein binding,molfunc,0.4,0.5077189011996923,0.5129148378275318
identical protein binding,molfunc,0.41000000000000003,0.501206205513542,0.49541733367152735
identical protein binding,molfunc,0.42,0.46864272708277327,0.47195668009915026
identical protein binding,molfunc,0.43,0.47624087204995197,0.44706823018764563
identical protein binding,molfunc,0.44,0.4512755385863647,0.4316704265303593
identical protein binding,molfunc,0.45,0.4075862050250871,0.42562328909404323
identical protein binding,molfunc,0.46,0.37855043675765415,0.41638460689967144
identical protein binding,molfunc,0.47000000000000003,0.37746498747663065,0.3870447919308808
identical protein binding,molfunc,0.48,0.3809926976399616,0.3791219220490386
identical protein binding,molfunc,0.49,0.3584696250586818,0.36708363918970566
identical protein binding,molfunc,0.5,0.32590614662791584,0.34922218694725354
identical protein binding,molfunc,0.51,0.3096244074125329,0.33757584818101516
identical protein binding,molfunc,0.52,0.31749391469996796,0.32136616033089016
identical protein binding,molfunc,0.53,0.2963276537199701,0.3059123646603046
identical protein binding,molfunc,0.54,0.2708195956158701,0.29314618562808176
identical protein binding,molfunc,0.55,0.2643068999297169,0.28539129178613937
identical protein binding,molfunc,0.56,0.24992469695612862,0.27805633804394114
identical protein binding,molfunc,0.5700000000000001,0.25508058104100273,0.2610907580142795
identical protein binding,molfunc,0.58,0.24911060999535947,0.25053626350737307
identical protein binding,molfunc,0.59,0.24992469695612862,0.24482507815085233
identical protein binding,molfunc,0.6,0.21844666780638822,0.23401861958410233
identical protein binding,molfunc,0.61,0.21329078372151694,0.22839142224753042
identical protein binding,molfunc,0.62,0.19429542130357016,0.21607317932170136
identical protein binding,molfunc,0.63,0.18398365313382758,0.20633056900763655
identical protein binding,molfunc,0.64,0.18805408793767334,0.2012072997907577
identical protein binding,molfunc,0.65,0.17312916032357228,0.18939298498462162
identical protein binding,molfunc,0.66,0.16715918927793186,0.1869013403928062
identical protein binding,molfunc,0.67,0.17638550816664886,0.17449910944702832
identical protein binding,molfunc,0.68,0.14843518918024143,0.16402860296007366
identical protein binding,molfunc,0.6900000000000001,0.1473497398992159,0.15708559331097
identical protein binding,molfunc,0.7000000000000001,0.1424652181346026,0.15123442792120284
identical protein binding,molfunc,0.71,0.13351026156614038,0.13947610512836436
identical protein binding,molfunc,0.72,0.12428394267742335,0.14118386153399065
identical protein binding,molfunc,0.73,0.11831397163178294,0.13188918732631966
identical protein binding,molfunc,0.74,0.1174998846710138,0.1217826289258099
identical protein binding,molfunc,0.75,0.1158717107494755,0.11663136370228142
identical protein binding,molfunc,0.76,0.1061026672202457,0.11231997867824124
identical protein binding,molfunc,0.77,0.09606226137075954,0.1110321623723591
identical protein binding,molfunc,0.78,0.09823315993281061,0.1029973084639206
identical protein binding,molfunc,0.79,0.08846411640358082,0.10044967185880598
identical protein binding,molfunc,0.8,0.09199182656691379,0.09188289382402486
identical protein binding,molfunc,0.81,0.08466504391999145,0.09266678201021399
identical protein binding,molfunc,0.8200000000000001,0.08303686999845317,0.08757150879998468
identical protein binding,molfunc,0.8300000000000001,0.07136829022742949,0.08586375239435935
identical protein binding,molfunc,0.84,0.07082556558691594,0.07816485056571525
identical protein binding,molfunc,0.85,0.07218237718819785,0.0756172139606006
identical protein binding,molfunc,0.86,0.0697401163058904,0.07234168118259605
identical protein binding,molfunc,0.87,0.0681119423843521,0.0660985716997327
identical protein binding,molfunc,0.88,0.057528811894353174,0.06576261961993736
identical protein binding,molfunc,0.89,0.057528811894353174,0.06094730647620418
identical protein binding,molfunc,0.9,0.05345837709050742,0.055936021285923725
identical protein binding,molfunc,0.91,0.05210156548922551,0.05543209316623072
identical protein binding,molfunc,0.92,0.04857385532589254,0.05397630082045092
identical protein binding,molfunc,0.93,0.05291565244999466,0.0573358216184043
identical protein binding,molfunc,0.9400000000000001,0.05291565244999466,0.05487217303323849
identical protein binding,molfunc,0.9500000000000001,0.03554846395358655,0.04857307153707645
identical protein binding,molfunc,0.96,0.04151843499922658,0.048097139424032515
identical protein binding,molfunc,0.97,0.04558886980307233,0.04949693975651309
identical protein binding,molfunc,0.98,0.0697401163058904,0.062431094828633585
identical protein binding,molfunc,0.99,0.16091785591203506,0.160977038235266
integrin binding,molfunc,0.0,14.55766772728509,20.763316031701386
integrin binding,molfunc,0.01,6.668298387316091,7.567196884579107
integrin binding,molfunc,0.02,5.142639580103887,5.270516676836563
integrin binding,molfunc,0.03,4.220717413178863,4.2333409671596876
integrin binding,molfunc,0.04,3.883495145631067,3.647636920873084
integrin binding,molfunc,0.05,3.3667836066465435,3.293714286885344
integrin binding,molfunc,0.06,3.630578444970218,3.102330673790202
integrin binding,molfunc,0.07,3.141062250142777,2.7978229761778524
integrin binding,molfunc,0.08,2.7467297598651124,2.504458615695251
integrin binding,molfunc,0.09,2.4122270267330213,2.283615605590418
integrin binding,molfunc,0.1,2.3959098202387765,2.1368821916151903
integrin binding,molfunc,0.11,2.191944739060674,1.9645319106750105
integrin binding,molfunc,0.12,1.9335889695684083,1.868135640285903
integrin binding,molfunc,0.13,1.9444671072312405,1.7725847265066415
integrin binding,molfunc,0.14,1.7676973702102234,1.6595631094572894
integrin binding,molfunc,0.15,1.7840145767044666,1.563038754733355
integrin binding,molfunc,0.16,1.6371597182562332,1.4757364721168076
integrin binding,molfunc,0.17,1.5365369448750403,1.395888697787064
integrin binding,molfunc,0.18,1.5229392727964959,1.3395828241981012
integrin binding,molfunc,0.19,1.416877430583883,1.2609646594826713
integrin binding,molfunc,0.2,1.4767071877294635,1.204684402760681
integrin binding,molfunc,0.21,1.3815234831796785,1.15278463028969
integrin binding,molfunc,0.22,1.1177286448559998,1.0814928895262357
integrin binding,molfunc,0.23,1.136765385765959,1.0269289628908962
integrin binding,molfunc,0.24,1.0850942318675032,0.9888622985809784
integrin binding,molfunc,0.25,1.044301215631883,0.9526656655595048
integrin binding,molfunc,0.26,1.044301215631883,0.9101672832646537
integrin binding,molfunc,0.27,1.0198254058905105,0.8793758091727845
integrin binding,molfunc,0.28,0.8865682195208222,0.8371848292815174
integrin binding,molfunc,0.29,0.8539338065323209,0.799041314370703
integrin binding,molfunc,0.3,0.8212993935438246,0.7737574666762979
integrin binding,molfunc,0.31,0.9273612357564377,0.7354090168297687
integrin binding,molfunc,0.32,0.8566533409480289,0.7131223425702626
integrin binding,molfunc,0.33,0.77234777406108,0.693166803204567
integrin binding,molfunc,0.34,0.7152375513312115,0.6601466616867472
integrin binding,molfunc,0.35000000000000003,0.7179570857469235,0.6220031467759408
integrin binding,molfunc,0.36,0.6336515188599706,0.603507768827244
integrin binding,molfunc,0.37,0.5846998993772261,0.5661839936593126
integrin binding,molfunc,0.38,0.5330287454787735,0.5574998757581947
integrin binding,molfunc,0.39,0.5330287454787735,0.5341116762191959
integrin binding,molfunc,0.4,0.57926083054581,0.5117993850927249
integrin binding,molfunc,0.41000000000000003,0.5575045552201489,0.4953789733681951
integrin binding,molfunc,0.42,0.5275896766473575,0.4711198003523852
integrin binding,molfunc,0.43,0.4840771259960291,0.4494735477670029
integrin binding,molfunc,0.44,0.4568817818389488,0.4332836878451549
integrin binding,molfunc,0.45,0.4949552636588612,0.42326749286185966
integrin binding,molfunc,0.46,0.4106496967719123,0.4128670448740902
integrin binding,molfunc,0.47000000000000003,0.4432841097604111,0.3856106984233861
integrin binding,molfunc,0.48,0.44600364417611665,0.37866852747588264
integrin binding,molfunc,0.49,0.4052106279404962,0.36591132772733787
integrin binding,molfunc,0.5,0.3345027331320875,0.34715978110899487
integrin binding,molfunc,0.51,0.383454352614832,0.33450504882830984
integrin binding,molfunc,0.52,0.3508199396263357,0.320723174401167
integrin binding,molfunc,0.53,0.34810040521062763,0.3046101650802138
integrin binding,molfunc,0.54,0.2991487857278831,0.29098199185486073
integrin binding,molfunc,0.55,0.30186832014359116,0.283245698031446
integrin binding,molfunc,0.56,0.2937097168964671,0.27525323553838177
integrin binding,molfunc,0.5700000000000001,0.28283157923363805,0.2603186020978191
integrin binding,molfunc,0.58,0.29099018248075903,0.25002062157790655
integrin binding,molfunc,0.59,0.3290636643006714,0.24451299518044245
integrin binding,molfunc,0.6,0.26107530390797073,0.23229374963816155
integrin binding,molfunc,0.61,0.2202822876723503,0.22704229191034692
integrin binding,molfunc,0.62,0.26107530390797073,0.21359343675374848
integrin binding,molfunc,0.63,0.2583557694922627,0.20373094297224292
integrin binding,molfunc,0.64,0.23387995975089046,0.19965786112481596
integrin binding,molfunc,0.65,0.2202822876723503,0.1875666999173598
integrin binding,molfunc,0.66,0.21756275325664226,0.18474884455121537
integrin binding,molfunc,0.67,0.285551113649343,0.17363112428842734
integrin binding,molfunc,0.68,0.22572135650376635,0.1619754498193753
integrin binding,molfunc,0.6900000000000001,0.2121236844252262,0.1556480836790328
integrin binding,molfunc,0.7000000000000001,0.13597672078540293,0.15055032715300956
integrin binding,molfunc,0.71,0.18492834026814592,0.1384847828125167
integrin binding,molfunc,0.72,0.14141578961681747,0.13958630809200953
integrin binding,molfunc,0.73,0.14685485844823354,0.1304667034524875
integrin binding,molfunc,0.74,0.14957439286394156,0.12111654701028098
integrin binding,molfunc,0.75,0.11693997987544523,0.11655674469051996
integrin binding,molfunc,0.76,0.12781811753827732,0.11158707249931976
integrin binding,molfunc,0.77,0.12509858312256933,0.10948648940819392
integrin binding,molfunc,0.78,0.13053765195398537,0.10228814979104313
integrin binding,molfunc,0.79,0.1359767207854014,0.09898357395256464
integrin binding,molfunc,0.8,0.14141578961681747,0.09142659819790457
integrin binding,molfunc,0.81,0.1631720649424817,0.09124728012914993
integrin binding,molfunc,0.8200000000000001,0.10062277338119706,0.08702049707993326
integrin binding,molfunc,0.8300000000000001,0.12237904870686264,0.08415140797985986
integrin binding,molfunc,0.84,0.13053765195398537,0.07697868522967306
integrin binding,molfunc,0.85,0.12509858312256933,0.07482686840461733
integrin binding,molfunc,0.86,0.13053765195398537,0.0715479094331038
integrin binding,molfunc,0.87,0.08158603247124085,0.06614275050349946
integrin binding,molfunc,0.88,0.07070789480840874,0.06493875775614684
integrin binding,molfunc,0.89,0.10334230779690508,0.06022525423459614
integrin binding,molfunc,0.9,0.0679883603927007,0.055588601313940285
integrin binding,molfunc,0.91,0.08430556688694887,0.05484571217195675
integrin binding,molfunc,0.92,0.1060618422126131,0.05297568088351545
integrin binding,molfunc,0.93,0.10878137662832113,0.05643395792378362
integrin binding,molfunc,0.9400000000000001,0.07886649805553282,0.05446145916748252
integrin binding,molfunc,0.9500000000000001,0.05711022272986923,0.04726311955033225
integrin binding,molfunc,0.96,0.029914878572788312,0.04764737255480596
integrin binding,molfunc,0.97,0.0679883603927007,0.048953832770018385
integrin binding,molfunc,0.98,0.1142204454597372,0.06263323972930139
integrin binding,molfunc,0.99,0.26107530390797073,0.16002856793003917
mRNA binding,molfunc,0.0,29.913324167613126,20.505708871905338
mRNA binding,molfunc,0.01,8.959292246996235,7.528435461070877
mRNA binding,molfunc,0.02,6.037420049016679,5.252665160065174
mRNA binding,molfunc,0.03,4.696036822284655,4.223185829510651
mRNA binding,molfunc,0.04,3.6069101560164976,3.6507688749544953
mRNA binding,molfunc,0.05,3.3140056189849973,3.2939708629217366
mRNA binding,molfunc,0.06,3.0665311734114384,3.108143426526209
mRNA binding,molfunc,0.07,2.826229900173353,2.8004793606312393
mRNA binding,molfunc,0.08,2.535716420587006,2.5060905350647857
mRNA binding,molfunc,0.09,2.4137724908840914,2.282018998113462
mRNA binding,molfunc,0.1,2.0885886783429983,2.140399149140066
mRNA binding,molfunc,0.11,1.842309761492021,1.9693507888915287
mRNA binding,molfunc,0.12,1.6809133839440478,1.872820086268318
mRNA binding,molfunc,0.13,1.6725446828860049,1.7763930964601762
mRNA binding,molfunc,0.14,1.550600753183098,1.6629572049811223
mRNA binding,molfunc,0.15,1.4286568234801829,1.568059979195208
mRNA binding,molfunc,0.16,1.422679179867295,1.4784261787739266
mRNA binding,molfunc,0.17,1.2230258831968461,1.4009786341229709
mRNA binding,molfunc,0.18,1.078366907764958,1.3469961138808182
mRNA binding,molfunc,0.19,1.06760714926176,1.2666446104079947
mRNA binding,molfunc,0.2,0.9791380237910235,1.2121694542942831
mRNA binding,molfunc,0.21,0.9659872078426676,1.159016636572664
mRNA binding,molfunc,0.22,0.8069818877398522,1.0877918608256982
mRNA binding,molfunc,0.23,0.8237192898559403,1.0323832893763871
mRNA binding,molfunc,0.24,0.7567696813915947,0.9948133221185201
mRNA binding,molfunc,0.25,0.7005798314304496,0.9590064727167874
mRNA binding,molfunc,0.26,0.6575407974176574,0.9169249980035274
mRNA binding,molfunc,0.27,0.6766692569788983,0.8851110919818577
mRNA binding,molfunc,0.28,0.6563452686950835,0.8415776378576706
mRNA binding,molfunc,0.29,0.5762448442823833,0.8043965936563012
mRNA binding,molfunc,0.3,0.5332058102695912,0.7794277334290249
mRNA binding,molfunc,0.31,0.528423695379281,0.7417281251523276
mRNA binding,molfunc,0.32,0.48897124753422155,0.7193520853017156
mRNA binding,molfunc,0.33,0.4698427879729806,0.6987650915110017
mRNA binding,molfunc,0.34,0.4160439954569905,0.6659659137461996
mRNA binding,molfunc,0.35000000000000003,0.3981110646183293,0.6277736695979395
mRNA binding,molfunc,0.36,0.40289317950863734,0.6081460193465881
mRNA binding,molfunc,0.37,0.3742004901667759,0.5705241956811905
mRNA binding,molfunc,0.38,0.3502899157152248,0.5617604628080655
mRNA binding,molfunc,0.39,0.32996592743140624,0.5385287922331542
mRNA binding,molfunc,0.4,0.3084464104250102,0.5168528138842415
mRNA binding,molfunc,0.41000000000000003,0.3335525135991408,0.4994809173605942
mRNA binding,molfunc,0.42,0.28931795086376927,0.4756010416915141
mRNA binding,molfunc,0.43,0.2917090083089244,0.45322500184090203
mRNA binding,molfunc,0.44,0.24866997429613225,0.43751251035831706
mRNA binding,molfunc,0.45,0.26301631896706296,0.4274264390930933
mRNA binding,molfunc,0.46,0.2235638711220035,0.4169514447713699
mRNA binding,molfunc,0.47000000000000003,0.20682646900591883,0.3900379692615977
mRNA binding,molfunc,0.48,0.20204435411560745,0.3831410670596687
mRNA binding,molfunc,0.49,0.19367565305756454,0.37002139595374794
mRNA binding,molfunc,0.5,0.18172036583178897,0.3506270995362997
mRNA binding,molfunc,0.51,0.2092175264510728,0.3376889258567453
mRNA binding,molfunc,0.52,0.16378743499312556,0.32441368552822464
mRNA binding,molfunc,0.53,0.16020084882539287,0.3081567017665401
mRNA binding,molfunc,0.54,0.1422679179867295,0.29428511275138663
mRNA binding,molfunc,0.55,0.10401099886424763,0.28731042593816
mRNA binding,molfunc,0.56,0.14346344670930705,0.27828741102736854
mRNA binding,molfunc,0.5700000000000001,0.11357522864486934,0.26371576051051865
mRNA binding,molfunc,0.58,0.121943929702911,0.2531889097812591
mRNA binding,molfunc,0.59,0.10520652758682518,0.24834033567689703
mRNA binding,molfunc,0.6,0.1159662860900232,0.23509102355214295
mRNA binding,molfunc,0.61,0.10640205630940275,0.22959424435361486
mRNA binding,molfunc,0.62,0.11237969992229052,0.21624121941379423
mRNA binding,molfunc,0.63,0.09683782652878227,0.20656999940883677
mRNA binding,molfunc,0.64,0.08010042441269644,0.2025770560287739
mRNA binding,molfunc,0.65,0.09205571163847202,0.18995002079441925
mRNA binding,molfunc,0.66,0.081295953135274,0.18730534401022175
mRNA binding,molfunc,0.67,0.09205571163847202,0.17646735483576542
mRNA binding,molfunc,0.68,0.07053619463207597,0.16456630930687674
mRNA binding,molfunc,0.6900000000000001,0.07412278079980865,0.15795461734638302
mRNA binding,molfunc,0.7000000000000001,0.06934066590949918,0.15217262790642355
mRNA binding,molfunc,0.71,0.06216749357403306,0.1405827208227329
mRNA binding,molfunc,0.72,0.0729272520772311,0.14104942849053245
mRNA binding,molfunc,0.73,0.04184350529021456,0.13254497765507386
mRNA binding,molfunc,0.74,0.04423456273536968,0.1230552550764829
mRNA binding,molfunc,0.75,0.037061390399904325,0.11828446558342078
mRNA binding,molfunc,0.76,0.03945244784505945,0.11330625046022551
mRNA binding,molfunc,0.77,0.03227927550959409,0.11130977877019407
mRNA binding,molfunc,0.78,0.03945244784505945,0.10392024069670111
mRNA binding,molfunc,0.79,0.03108374678701653,0.10080885624470408
mRNA binding,molfunc,0.8,0.03467033295474921,0.09313410792977805
mRNA binding,molfunc,0.81,0.026301631896706295,0.09334153355991119
mRNA binding,molfunc,0.8200000000000001,0.0203239882838185,0.0885966722706157
mRNA binding,molfunc,0.8300000000000001,0.026301631896706586,0.08577049806005267
mRNA binding,molfunc,0.84,0.02151951700639606,0.07869209843175845
mRNA binding,molfunc,0.85,0.014346344670930706,0.07661784213042709
mRNA binding,molfunc,0.86,0.0203239882838185,0.073221247436997
mRNA binding,molfunc,0.87,0.01793293083866338,0.06733554518196926
mRNA binding,molfunc,0.88,0.007173172335465353,0.0662465606237703
mRNA binding,molfunc,0.89,0.005977643612887794,0.061812837779674515
mRNA binding,molfunc,0.9,0.01075975850319803,0.0566790534338794
mRNA binding,molfunc,0.91,0.007173172335465353,0.056160489358546554
mRNA binding,molfunc,0.92,0.004782114890310236,0.05452701252124812
mRNA binding,molfunc,0.93,0.01075975850319803,0.057923607214678215
mRNA binding,molfunc,0.9400000000000001,0.007173172335465353,0.05571970989451364
mRNA binding,molfunc,0.9500000000000001,0.01075975850319815,0.048148674394654714
mRNA binding,molfunc,0.96,0.001195528722577559,0.04848574104362053
mRNA binding,molfunc,0.97,0.001195528722577559,0.05017107428845226
mRNA binding,molfunc,0.98,0.023910574451551175,0.0639648786923058
mRNA binding,molfunc,0.99,0.013150815948353147,0.16417738625037712
magnesium ion binding,molfunc,0.0,22.660244097047784,20.688474150222316
magnesium ion binding,molfunc,0.01,8.12671769260321,7.553889433549804
magnesium ion binding,molfunc,0.02,5.670971364402022,5.265844299789332
magnesium ion binding,molfunc,0.03,4.553917077927834,4.230445322159109
magnesium ion binding,molfunc,0.04,4.042672655811341,3.646435144537079
magnesium ion binding,molfunc,0.05,3.4102662608233123,3.293392480948957
magnesium ion binding,molfunc,0.06,3.2329560566210556,3.1061713352497407
magnesium ion binding,molfunc,0.07,2.7069357841543793,2.8018409823350696
magnesium ion binding,molfunc,0.08,2.588728981352878,2.506009046206303
magnesium ion binding,molfunc,0.09,2.37891190638021,2.2840007064948877
magnesium ion binding,molfunc,0.1,2.213422382458112,2.1386573013431094
magnesium ion binding,molfunc,0.11,1.84402612370342,1.9677162552699152
magnesium ion binding,molfunc,0.12,1.6874021099914285,1.8703172315639374
magnesium ion binding,molfunc,0.13,1.684446939921391,1.7749660191316752
magnesium ion binding,molfunc,0.14,1.702177960341621,1.660211794880987
magnesium ion binding,molfunc,0.15,1.8499364638434925,1.562633587688557
magnesium ion binding,molfunc,0.16,1.6164780283105278,1.4760367684514184
magnesium ion binding,molfunc,0.17,1.4953160554389933,1.3963513122630644
magnesium ion binding,molfunc,0.18,1.1850231980850487,1.3426474616099369
magnesium ion binding,molfunc,0.19,1.2411714294157619,1.2626036384486794
magnesium ion binding,molfunc,0.2,1.0727267354236256,1.2083878349771309
magnesium ion binding,molfunc,0.21,1.158426667454711,1.154888765451375
magnesium ion binding,molfunc,0.22,1.0136233340228722,1.0824218440028557
magnesium ion binding,molfunc,0.23,0.9604302727621993,1.0285388098632848
magnesium ion binding,molfunc,0.24,0.9367889122018963,0.9902191414039274
magnesium ion binding,molfunc,0.25,0.9308785720618213,0.9537169054499929
magnesium ion binding,molfunc,0.26,0.951564762552084,0.9110712356749193
magnesium ion binding,molfunc,0.27,0.8215372794704328,0.8811987887196308
magnesium ion binding,molfunc,0.28,0.7565235379296114,0.8383483378171906
magnesium ion binding,molfunc,0.29,0.6737787759685564,0.8006430127399452
magnesium ion binding,molfunc,0.3,0.6767339460385938,0.7750453718185325
magnesium ion binding,molfunc,0.31,0.6058098643576932,0.7383383547372268
magnesium ion binding,molfunc,0.32,0.638316735128106,0.7151212944215055
magnesium ion binding,molfunc,0.33,0.632406394988031,0.6944384005570041
magnesium ion binding,molfunc,0.34,0.49942374183634225,0.6620573847914171
magnesium ion binding,molfunc,0.35000000000000003,0.531930612606758,0.6236865210502228
magnesium ion binding,molfunc,0.36,0.5792133337273555,0.604001935181653
magnesium ion binding,molfunc,0.37,0.4816927214161171,0.567090136972976
magnesium ion binding,molfunc,0.38,0.419634149945329,0.55846373198246
magnesium ion binding,molfunc,0.39,0.4521410207157418,0.5348115117710747
magnesium ion binding,molfunc,0.4,0.4019031295251038,0.5133862863198523
magnesium ion binding,molfunc,0.41000000000000003,0.4462306805756692,0.4963894527480371
magnesium ion binding,molfunc,0.42,0.4019031295251038,0.4722508773591422
magnesium ion binding,molfunc,0.43,0.34575489819439076,0.4506976637033127
magnesium ion binding,molfunc,0.44,0.3575755784745409,0.43416158766808016
magnesium ion binding,molfunc,0.45,0.3398445580543157,0.42466486288623606
magnesium ion binding,molfunc,0.46,0.3368893879842782,0.4135042914445001
magnesium ion binding,molfunc,0.47000000000000003,0.33688938798428003,0.3865755731951761
magnesium ion binding,molfunc,0.48,0.34575489819439076,0.3795874172236283
magnesium ion binding,molfunc,0.49,0.31029285735394047,0.3667629991220006
magnesium ion binding,molfunc,0.5,0.2600549661633025,0.3477951471992338
magnesium ion binding,molfunc,0.51,0.319158367564053,0.33509871730221313
magnesium ion binding,molfunc,0.52,0.2718756464434526,0.32142957705017877
magnesium ion binding,molfunc,0.53,0.21572741511273955,0.3057894184471956
magnesium ion binding,molfunc,0.54,0.23345843553296472,0.2915571300948902
magnesium ion binding,molfunc,0.55,0.22754809539288964,0.28390343545938784
magnesium ion binding,molfunc,0.56,0.22459292532285213,0.27586577621006425
magnesium ion binding,molfunc,0.5700000000000001,0.2511894559531927,0.2606095822209052
magnesium ion binding,molfunc,0.58,0.22163775525281462,0.2506520999024728
magnesium ion binding,molfunc,0.59,0.22459292532285213,0.2454813764363474
magnesium ion binding,molfunc,0.6,0.2009515647625519,0.23283614182116955
magnesium ion binding,molfunc,0.61,0.19504122462247686,0.22725585610030158
magnesium ion binding,molfunc,0.62,0.1477585035018764,0.21461062148512375
magnesium ion binding,molfunc,0.63,0.20390673483258942,0.2042435769119516
magnesium ion binding,molfunc,0.64,0.1388929932917638,0.20050632133742535
magnesium ion binding,molfunc,0.65,0.1891308844824018,0.1878610867222475
magnesium ion binding,molfunc,0.66,0.13002748308165124,0.18553170139839895
magnesium ion binding,molfunc,0.67,0.15071367357191393,0.1748830827750913
magnesium ion binding,molfunc,0.68,0.14480333343183888,0.16272420333742027
magnesium ion binding,molfunc,0.6900000000000001,0.09752061231123843,0.15668316007996688
magnesium ion binding,molfunc,0.7000000000000001,0.1122964626614273,0.15074450738620085
magnesium ion binding,molfunc,0.71,0.13002748308165124,0.13899519020327075
magnesium ion binding,molfunc,0.72,0.0856999320310883,0.1400702911219701
magnesium ion binding,molfunc,0.73,0.09161027217116337,0.13095753095394716
magnesium ion binding,molfunc,0.74,0.07092408168090067,0.12181917314500285
magnesium ion binding,molfunc,0.75,0.0856999320310883,0.11682763316532738
magnesium ion binding,molfunc,0.76,0.07978959189101326,0.1120152766721018
magnesium ion binding,molfunc,0.77,0.07092408168090067,0.10996746539838878
magnesium ion binding,molfunc,0.78,0.10343095245131348,0.10254414953117912
magnesium ion binding,molfunc,0.79,0.04728272112060045,0.09977960431166655
magnesium ion binding,molfunc,0.8,0.07092408168090067,0.09207471439432134
magnesium ion binding,molfunc,0.81,0.0206861904902627,0.09253547193090676
magnesium ion binding,molfunc,0.8200000000000001,0.07978959189101326,0.08721116261925294
magnesium ion binding,molfunc,0.8300000000000001,0.07683442182097658,0.08457460560434837
magnesium ion binding,molfunc,0.84,0.0531930612606755,0.07768884019648742
magnesium ion binding,molfunc,0.85,0.06205857147078809,0.0754106501544817
magnesium ion binding,molfunc,0.86,0.038417210910487866,0.07239012852575501
magnesium ion binding,molfunc,0.87,0.0413723809805254,0.06650267111383008
magnesium ion binding,molfunc,0.88,0.035462040840450335,0.06524838670868087
magnesium ion binding,molfunc,0.89,0.035462040840450335,0.06084559247019789
magnesium ion binding,molfunc,0.9,0.04432755105056292,0.0558028572086796
magnesium ion binding,molfunc,0.91,0.0413723809805254,0.055239709108408516
magnesium ion binding,molfunc,0.92,0.02955170070037528,0.05367825301220235
magnesium ion binding,molfunc,0.93,0.005910340140075057,0.05736431330488577
magnesium ion binding,molfunc,0.9400000000000001,0.023641360560300227,0.054958135058272975
magnesium ion binding,molfunc,0.9500000000000001,0.014775850350187804,0.047637209754749485
magnesium ion binding,molfunc,0.96,0.017731020420225167,0.047739600318434605
magnesium ion binding,molfunc,0.97,0.02659653063033775,0.04932665405556219
magnesium ion binding,molfunc,0.98,0.023641360560300227,0.06345655184418197
magnesium ion binding,molfunc,0.99,0.023641360560300227,0.1621610552371492
metal ion binding,molfunc,0.0,18.994192440525573,21.31625083638415
metal ion binding,molfunc,0.01,7.170888884601285,7.697282487605329
metal ion binding,molfunc,0.02,5.037816666345098,5.351963191177013
metal ion binding,molfunc,0.03,4.081884659167646,4.2872457400798725
metal ion binding,molfunc,0.04,3.549074842269771,3.685806763321623
metal ion binding,molfunc,0.05,3.1964730170367956,3.3293512896070743
metal ion binding,molfunc,0.06,3.0206062243145704,3.138192528657454
metal ion binding,molfunc,0.07,2.7788496787512798,2.8089421389188023
metal ion binding,molfunc,0.08,2.4690810164193806,2.520155006992397
metal ion binding,molfunc,0.09,2.3018966215825096,2.27871849591011
metal ion binding,molfunc,0.1,2.1553570394952644,2.133567320013404
metal ion binding,molfunc,0.11,1.9785255358968925,1.962416348671377
metal ion binding,molfunc,0.12,1.9081981130255246,1.854663554037732
metal ion binding,molfunc,0.13,1.825715333114664,1.7557954577152053
metal ion binding,molfunc,0.14,1.7003993903027295,1.6463552591387591
metal ion binding,molfunc,0.15,1.5868529201798207,1.5573360919518051
metal ion binding,molfunc,0.16,1.5144031333809245,1.463977886054776
metal ion binding,molfunc,0.17,1.471859383742695,1.370550806527432
metal ion binding,molfunc,0.18,1.3749059406895743,1.3292955019665131
metal ion binding,molfunc,0.19,1.3358351502054824,1.236212790590759
metal ion binding,molfunc,0.2,1.2681124466997267,1.1854873618610229
metal ion binding,molfunc,0.21,1.2079144880279369,1.1360016584770172
metal ion binding,molfunc,0.22,1.1422176773620936,1.060275101941581
metal ion binding,molfunc,0.23,1.0951397866059562,1.0039709091560278
metal ion binding,molfunc,0.24,1.043817167994751,0.9704638880059664
metal ion binding,molfunc,0.25,1.0152617260606986,0.9314814132455692
metal ion binding,molfunc,0.26,0.9734897451233856,0.889261877860192
metal ion binding,molfunc,0.27,0.9451272453645635,0.8576833183590574
metal ion binding,molfunc,0.28,0.9128094310135295,0.8108148129271711
metal ion binding,molfunc,0.29,0.8638985895926983,0.7765846186587612
metal ion binding,molfunc,0.3,0.8374655115861769,0.7516179276682241
metal ion binding,molfunc,0.31,0.8031218043952221,0.7136685573626077
metal ion binding,molfunc,0.32,0.7727334117964839,0.6936607677550186
metal ion binding,molfunc,0.33,0.7721545852707936,0.665973568366892
metal ion binding,molfunc,0.34,0.7200601979586712,0.6394572206941836
metal ion binding,molfunc,0.35000000000000003,0.6865847305562556,0.6001648145973555
metal ion binding,molfunc,0.36,0.6707634721873849,0.5798815304684883
metal ion binding,molfunc,0.37,0.6282197225491515,0.5442738635937084
metal ion binding,molfunc,0.38,0.613170232881205,0.5373176269315174
metal ion binding,molfunc,0.39,0.5939724864458116,0.5127297409077333
metal ion binding,molfunc,0.4,0.5503675548438128,0.49888614121367
metal ion binding,molfunc,0.41000000000000003,0.5467981246020593,0.4778108103361434
metal ion binding,molfunc,0.42,0.5256709564143621,0.4523620039333726
metal ion binding,molfunc,0.43,0.5083061606436546,0.4289105328098474
metal ion binding,molfunc,0.44,0.4878542900692658,0.41410270229132196
metal ion binding,molfunc,0.45,0.47704952825638114,0.40497694627409125
metal ion binding,molfunc,0.46,0.4561153022439171,0.3974008469390317
metal ion binding,molfunc,0.47000000000000003,0.4513882189507825,0.3628607213341941
metal ion binding,molfunc,0.48,0.43585637384475834,0.3591071084818217
metal ion binding,molfunc,0.49,0.41579038762082965,0.34860387985821645
metal ion binding,molfunc,0.5,0.38848906982577286,0.33224639265751976
metal ion binding,molfunc,0.51,0.37228192710644586,0.3216398535884364
metal ion binding,molfunc,0.52,0.3617665785564063,0.30645321810315795
metal ion binding,molfunc,0.53,0.34208647668293785,0.29178313484526996
metal ion binding,molfunc,0.54,0.32269578807231447,0.2797646863546528
metal ion binding,molfunc,0.55,0.3247216809122303,0.2686760318733384
metal ion binding,molfunc,0.56,0.30533099230160693,0.2647502349451712
metal ion binding,molfunc,0.5700000000000001,0.2922109243859645,0.2492192313083019
metal ion binding,molfunc,0.58,0.28401088193868274,0.23840607134825967
metal ion binding,molfunc,0.59,0.27590731057901924,0.23437696397461436
metal ion binding,molfunc,0.6,0.2625943004881435,0.22184196325660677
metal ion binding,molfunc,0.61,0.2533330760770995,0.21757179817684594
metal ion binding,molfunc,0.62,0.24262478535182982,0.20383150892826069
metal ion binding,molfunc,0.63,0.22854000656003376,0.19556667329001395
metal ion binding,molfunc,0.64,0.2228482123907463,0.19181306043764354
metal ion binding,molfunc,0.65,0.21435875668062263,0.17841713934065193
metal ion binding,molfunc,0.66,0.20307163942966275,0.1786237602316081
metal ion binding,molfunc,0.67,0.18522448822088003,0.1709099136359111
metal ion binding,molfunc,0.68,0.18020799166489787,0.15627426719318246
metal ion binding,molfunc,0.6900000000000001,0.1631326091570355,0.15369150605623036
metal ion binding,molfunc,0.7000000000000001,0.1590808234772055,0.14732069525175012
metal ion binding,molfunc,0.71,0.14403133380925723,0.13709296114941813
metal ion binding,molfunc,0.72,0.145864284473943,0.137368455670693
metal ion binding,molfunc,0.73,0.14682899535009344,0.12483345495268541
metal ion binding,molfunc,0.74,0.13255127438306727,0.11739510287826335
metal ion binding,molfunc,0.75,0.12367593432248344,0.11402029499264592
metal ion binding,molfunc,0.76,0.11740531362750574,0.10971569309772573
metal ion binding,molfunc,0.77,0.11248528815913861,0.10861371501262616
metal ion binding,molfunc,0.78,0.10370641918616981,0.1021395937626662
metal ion binding,molfunc,0.79,0.09386636824943556,0.10127867338368217
metal ion binding,molfunc,0.8,0.09290165737328514,0.09153305469358286
metal ion binding,molfunc,0.81,0.08894634278106843,0.09297940093027604
metal ion binding,molfunc,0.8200000000000001,0.08508749927646678,0.08788275228669054
metal ion binding,molfunc,0.8300000000000001,0.08749927646684379,0.08344040313113384
metal ion binding,molfunc,0.84,0.07264272897412638,0.07920467486653145
metal ion binding,molfunc,0.85,0.07399332420073697,0.07576099335059529
metal ion binding,molfunc,0.86,0.07486156398927235,0.07111202330408149
metal ion binding,molfunc,0.87,0.0703274228713654,0.0648445229450777
metal ion binding,molfunc,0.88,0.06492504196492306,0.0650167070208745
metal ion binding,molfunc,0.89,0.06116266954793643,0.06043661060467943
metal ion binding,molfunc,0.9,0.05576028864149409,0.05568433011268754
metal ion binding,molfunc,0.91,0.05875089235756039,0.053824742094082015
metal ion binding,molfunc,0.92,0.05595323081672418,0.052585016748345
metal ion binding,molfunc,0.93,0.05537440429103393,0.05747504450097434
metal ion binding,molfunc,0.9400000000000001,0.060390900847016094,0.05265389037866373
metal ion binding,molfunc,0.9500000000000001,0.053155569275888555,0.04528441193456087
metal ion binding,molfunc,0.96,0.049200254683671264,0.046868505431891
metal ion binding,molfunc,0.97,0.04524494009145455,0.05051880783878332
metal ion binding,molfunc,0.98,0.06164502498601163,0.06363923441450005
metal ion binding,molfunc,0.99,0.1531960871326862,0.16374705608276394
metalloendopeptidase activity,molfunc,0.0,19.84520554293924,20.710143122816973
metalloendopeptidase activity,molfunc,0.01,6.715484080270659,7.56345193208658
metalloendopeptidase activity,molfunc,0.02,4.555776984752283,5.2732520990734075
metalloendopeptidase activity,molfunc,0.03,3.4481160494971492,4.237545906066847
metalloendopeptidase activity,molfunc,0.04,2.924410251656856,3.653832021050955
metalloendopeptidase activity,molfunc,0.05,2.7065857162719578,3.2976325840701115
metalloendopeptidase activity,molfunc,0.06,2.56754877879223,3.110231719739759
metalloendopeptidase activity,molfunc,0.07,2.414608147564538,2.8031535605143536
metalloendopeptidase activity,molfunc,0.08,1.7472308476618632,2.5109010960296754
metalloendopeptidase activity,molfunc,0.09,2.1133614496917996,2.2857597798550175
metalloendopeptidase activity,molfunc,0.1,1.886267785141587,2.140692525808448
metalloendopeptidase activity,molfunc,0.11,1.6730778143393434,1.968270461500147
metalloendopeptidase activity,molfunc,0.12,1.5942902164341646,1.8702575639112462
metalloendopeptidase activity,molfunc,0.13,1.6499049914260542,1.7748729736516
metalloendopeptidase activity,molfunc,0.14,1.5757519581035393,1.6610391969934237
metalloendopeptidase activity,molfunc,0.15,1.5386754414422752,1.565246325983598
metalloendopeptidase activity,molfunc,0.16,1.5618482643555625,1.4767769909300417
metalloendopeptidase activity,molfunc,0.17,1.228159614404229,1.3981319114275768
metalloendopeptidase activity,molfunc,0.18,1.4923297956157004,1.340462255465347
metalloendopeptidase activity,molfunc,0.19,1.200352226908281,1.2627613251976577
metalloendopeptidase activity,molfunc,0.2,1.3903693747972405,1.2062144412984168
metalloendopeptidase activity,molfunc,0.21,1.395003939379894,1.1535972596196038
metalloendopeptidase activity,molfunc,0.22,1.2559670019001703,1.080872250994673
metalloendopeptidase activity,molfunc,0.23,1.010335079019328,1.0280509289407787
metalloendopeptidase activity,molfunc,0.24,1.0613152894285571,0.98936632786169
metalloendopeptidase activity,molfunc,0.25,1.03814246651527,0.9530548586429964
metalloendopeptidase activity,molfunc,0.26,0.9500857394447784,0.9112060817500538
metalloendopeptidase activity,molfunc,0.27,0.8991055290355463,0.880585025486925
metalloendopeptidase activity,molfunc,0.28,0.9686239977754135,0.8369245027650853
metalloendopeptidase activity,molfunc,0.29,0.8759327061222589,0.7991330158270026
metalloendopeptidase activity,molfunc,0.3,0.8342216248783421,0.7738706444099214
metalloendopeptidase activity,molfunc,0.31,0.9176437873661761,0.7362067452062729
metalloendopeptidase activity,molfunc,0.32,0.8156833665477121,0.713904409227961
metalloendopeptidase activity,molfunc,0.33,1.03814246651527,0.6920103539998238
metalloendopeptidase activity,molfunc,0.34,0.9686239977754082,0.6589651307825307
metalloendopeptidase activity,molfunc,0.35000000000000003,0.8064142373824016,0.6218881351572624
metalloendopeptidase activity,molfunc,0.36,0.7090883811465907,0.6032092908367503
metalloendopeptidase activity,molfunc,0.37,0.560782314501552,0.5663874706803381
metalloendopeptidase activity,molfunc,0.38,0.6998192519812758,0.5564866624885931
metalloendopeptidase activity,molfunc,0.39,0.7183575103119055,0.5330870719941856
metalloendopeptidase activity,molfunc,0.4,0.6024933957454692,0.5119330256257408
metalloendopeptidase activity,molfunc,0.41000000000000003,0.7044538165639371,0.49481075166527744
metalloendopeptidase activity,molfunc,0.42,0.5144366686749776,0.4714111611708671
metalloendopeptidase activity,molfunc,0.43,0.5051675395096626,0.4494915883958441
metalloendopeptidase activity,molfunc,0.44,0.570051443666867,0.4327520776386671
metalloendopeptidase activity,molfunc,0.45,0.6071279603281267,0.42292782208757995
metalloendopeptidase activity,molfunc,0.46,0.44028363535245824,0.41269528578631776
metalloendopeptidase activity,molfunc,0.47000000000000003,0.5793205728321851,0.3850853000557321
metalloendopeptidase activity,molfunc,0.48,0.40320711869119863,0.37916522917819173
metalloendopeptidase activity,molfunc,0.49,0.5376094915882648,0.365334718766012
metalloendopeptidase activity,molfunc,0.5,0.4819947165963753,0.3462986287891002
metalloendopeptidase activity,molfunc,0.51,0.3244195207860219,0.33501987306551445
metalloendopeptidase activity,molfunc,0.52,0.34759234369930914,0.32085763454381744
metalloendopeptidase activity,molfunc,0.53,0.36613060202993897,0.304679509818131
metalloendopeptidase activity,molfunc,0.54,0.35686147286462405,0.29069589412463565
metalloendopeptidase activity,molfunc,0.55,0.2919775687074197,0.28337235816837064
metalloendopeptidase activity,molfunc,0.56,0.29661213329007713,0.2753088133524134
metalloendopeptidase activity,molfunc,0.5700000000000001,0.31978495620336794,0.2602024255959394
metalloendopeptidase activity,molfunc,0.58,0.2919775687074197,0.25017402966976193
metalloendopeptidase activity,molfunc,0.59,0.3846688603605688,0.24453465180796902
metalloendopeptidase activity,molfunc,0.6,0.2827084395421048,0.2322862293027175
metalloendopeptidase activity,molfunc,0.61,0.2919775687074197,0.22662133389403868
metalloendopeptidase activity,molfunc,0.62,0.30588126245539204,0.21353083234155118
metalloendopeptidase activity,molfunc,0.63,0.26417018121147495,0.20391071716555154
metalloendopeptidase activity,molfunc,0.64,0.2595356166288175,0.19964928683559946
metalloendopeptidase activity,molfunc,0.65,0.2827084395421048,0.18734982923657606
metalloendopeptidase activity,molfunc,0.66,0.3105158270380495,0.184364276250921
metalloendopeptidase activity,molfunc,0.67,0.22245909996755783,0.17441243296540418
metalloendopeptidase activity,molfunc,0.68,0.21318997080224297,0.1622915981945824
metalloendopeptidase activity,molfunc,0.6900000000000001,0.21782453538490038,0.15583565883243938
metalloendopeptidase activity,molfunc,0.7000000000000001,0.21782453538490282,0.15004317568933256
metalloendopeptidase activity,molfunc,0.71,0.1853825833062982,0.13866234977820135
metalloendopeptidase activity,molfunc,0.72,0.19928627705427057,0.13927477090346393
metalloendopeptidase activity,molfunc,0.73,0.1853825833062982,0.13031811194649878
metalloendopeptidase activity,molfunc,0.74,0.1668443249756684,0.12113179506756015
metalloendopeptidase activity,molfunc,0.75,0.15757519581035348,0.11633449625300331
metalloendopeptidase activity,molfunc,0.76,0.26417018121147495,0.11089925876629796
metalloendopeptidase activity,molfunc,0.77,0.16220976039301094,0.10934268840625558
metalloendopeptidase activity,molfunc,0.78,0.2270936645502153,0.10186604716867498
metalloendopeptidase activity,molfunc,0.79,0.1761134541409833,0.09890601172990586
metalloendopeptidase activity,molfunc,0.8,0.1761134541409833,0.09142937049232527
metalloendopeptidase activity,molfunc,0.81,0.23172822913287275,0.09114867747657993
metalloendopeptidase activity,molfunc,0.8200000000000001,0.1668443249756684,0.08670862431842624
metalloendopeptidase activity,molfunc,0.8300000000000001,0.21782453538490282,0.08377410642654401
metalloendopeptidase activity,molfunc,0.84,0.16220976039301094,0.0770119565017688
metalloendopeptidase activity,molfunc,0.85,0.1251332437317513,0.07502158784466545
metalloendopeptidase activity,molfunc,0.86,0.0926912916531491,0.0719849997652385
metalloendopeptidase activity,molfunc,0.87,0.09732585623580656,0.06611596398147215
metalloendopeptidase activity,molfunc,0.88,0.07415303332251928,0.06494215682471889
metalloendopeptidase activity,molfunc,0.89,0.1436715020623811,0.060170375557047996
metalloendopeptidase activity,molfunc,0.9,0.07878759790517674,0.05557721711757868
metalloendopeptidase activity,molfunc,0.91,0.09732585623580656,0.05488824335165828
metalloendopeptidase activity,molfunc,0.92,0.10659498540112149,0.053178567710300266
metalloendopeptidase activity,molfunc,0.93,0.1761134541409833,0.05626619088349908
metalloendopeptidase activity,molfunc,0.9400000000000001,0.1853825833062982,0.053969611663764426
metalloendopeptidase activity,molfunc,0.9500000000000001,0.10659498540112267,0.0470288389107891
metalloendopeptidase activity,molfunc,0.96,0.0926912916531491,0.047232979285876095
metalloendopeptidase activity,molfunc,0.97,0.11586411456643637,0.04876403209903253
metalloendopeptidase activity,molfunc,0.98,0.16220976039301094,0.06256902496432641
metalloendopeptidase activity,molfunc,0.99,0.519071233257635,0.15899983464629602
microtubule binding,molfunc,0.0,21.247465992890092,20.6909865676238
microtubule binding,molfunc,0.01,8.267473631636161,7.539956095580952
microtubule binding,molfunc,0.02,5.827971521187728,5.254461696703105
microtubule binding,molfunc,0.03,4.733084584422833,4.2199253947932664
microtubule binding,molfunc,0.04,4.062245987209996,3.638866613622875
microtubule binding,molfunc,0.05,3.7008745384924264,3.2835826339420877
microtubule binding,molfunc,0.06,3.2768261989403658,3.1027491586202123
microtubule binding,molfunc,0.07,2.95560713341364,2.796913664195286
microtubule binding,molfunc,0.08,2.705878896494992,2.50142118802461
microtubule binding,molfunc,0.09,2.377804546033236,2.282341992810428
microtubule binding,molfunc,0.1,2.302396411748001,2.134960495922976
microtubule binding,molfunc,0.11,1.9194797818060747,1.9679090272925428
microtubule binding,molfunc,0.12,1.9282937195796714,1.8671622978487026
microtubule binding,molfunc,0.13,1.9361283309339818,1.7698806097847544
microtubule binding,molfunc,0.14,1.6452683844052092,1.6609793092739649
microtubule binding,molfunc,0.15,1.5845501464092984,1.5645834212620136
microtubule binding,molfunc,0.16,1.4846588516418393,1.4770455337700836
microtubule binding,molfunc,0.17,1.360284396392164,1.3981832761992325
microtubule binding,molfunc,0.18,1.304462790492698,1.3422736611522996
microtubule binding,molfunc,0.19,1.210447454240972,1.2638021977220337
microtubule binding,molfunc,0.2,1.169315744630845,1.208231270930285
microtubule binding,molfunc,0.21,1.1242667293435564,1.1557345913778299
microtubule binding,molfunc,0.22,1.0880316518298705,1.0816660752648664
microtubule binding,molfunc,0.23,1.0214374553182342,1.0281272780041797
microtubule binding,molfunc,0.24,0.8960836736492632,0.9922523758981092
microtubule binding,molfunc,0.25,0.8588692697162884,0.9560387855368643
microtubule binding,molfunc,0.26,0.7775851769153169,0.9149793478323162
microtubule binding,molfunc,0.27,0.8265514978797576,0.8821265870801366
microtubule binding,molfunc,0.28,0.7482053843366566,0.8400250316673558
microtubule binding,molfunc,0.29,0.7335154880473204,0.8013103588063368
microtubule binding,molfunc,0.3,0.705115021887945,0.7760390043815831
microtubule binding,molfunc,0.31,0.6855284935021686,0.7385748727704536
microtubule binding,molfunc,0.32,0.6463554367306161,0.7162735538141762
microtubule binding,molfunc,0.33,0.6081617063783524,0.6961867349879031
microtubule binding,molfunc,0.34,0.589554504411865,0.6625523859545454
microtubule binding,molfunc,0.35000000000000003,0.5758439345418248,0.6241503484060057
microtubule binding,molfunc,0.36,0.5817198930575546,0.6043761648922003
microtubule binding,molfunc,0.37,0.5023944530951607,0.5680583627601317
microtubule binding,molfunc,0.38,0.49749782099871664,0.5588616739849378
microtubule binding,molfunc,0.39,0.51120839086876,0.5347105960965393
microtubule binding,molfunc,0.4,0.4465728471956984,0.5141808772442651
microtubule binding,molfunc,0.41000000000000003,0.4309036244870798,0.4976893645114132
microtubule binding,molfunc,0.42,0.42992429806778865,0.472756698341834
microtubule binding,molfunc,0.43,0.40544113758556827,0.4509764382396752
microtubule binding,molfunc,0.44,0.3848752827805032,0.4347975608192917
microtubule binding,molfunc,0.45,0.3848752827805032,0.4249756014191555
microtubule binding,molfunc,0.46,0.35843346945970533,0.41429389490972357
microtubule binding,molfunc,0.47000000000000003,0.34961953168610793,0.38712067566743913
microtubule binding,molfunc,0.48,0.2947772522059325,0.3815453459283676
microtubule binding,molfunc,0.49,0.3359089618160626,0.3670859627265756
microtubule binding,molfunc,0.5,0.2722527445622898,0.34903127343136503
microtubule binding,molfunc,0.51,0.27714937665873385,0.33649980798981194
microtubule binding,molfunc,0.52,0.26148015395011287,0.3225875365848445
microtubule binding,molfunc,0.53,0.24189362556433663,0.3066952415342263
microtubule binding,molfunc,0.54,0.271273418143001,0.29158453476478596
microtubule binding,molfunc,0.55,0.20859652730851702,0.28540998734348016
microtubule binding,molfunc,0.56,0.20957585372780585,0.2771772574484058
microtubule binding,molfunc,0.5700000000000001,0.1988032631156311,0.26217076244979215
microtubule binding,molfunc,0.58,0.20859652730851702,0.2515151088830632
microtubule binding,molfunc,0.59,0.21251383298567228,0.24617425562834727
microtubule binding,molfunc,0.6,0.15571290066692114,0.23460674906691364
microtubule binding,molfunc,0.61,0.17823740831056384,0.22827588398937226
microtubule binding,molfunc,0.62,0.1655061648598093,0.2153275714645243
microtubule binding,molfunc,0.63,0.1752994290526974,0.2050106061529754
microtubule binding,molfunc,0.64,0.1655061648598093,0.20089424120543822
microtubule binding,molfunc,0.65,0.1429816572161666,0.18906620521694528
microtubule binding,molfunc,0.66,0.14591963647403303,0.1860961697484691
microtubule binding,molfunc,0.67,0.13318839302327845,0.17577920443692022
microtubule binding,molfunc,0.68,0.10870523254105817,0.16400327433383913
microtubule binding,molfunc,0.6900000000000001,0.10576725328319173,0.15751609160006216
microtubule binding,molfunc,0.7000000000000001,0.10478792686390408,0.15162812654852334
microtubule binding,molfunc,0.71,0.10478792686390292,0.13982614350273465
microtubule binding,molfunc,0.72,0.10087062118674767,0.14063378472661853
microtubule binding,molfunc,0.73,0.08324274563954905,0.13187999597742553
microtubule binding,molfunc,0.74,0.08324274563954905,0.12239672483246644
microtubule binding,molfunc,0.75,0.07442880786594974,0.11768114220269282
microtubule binding,molfunc,0.76,0.05386295306088468,0.1132781948853904
microtubule binding,molfunc,0.77,0.06561487009235042,0.1108031653283269
microtubule binding,molfunc,0.78,0.06855284935021685,0.1034562354852542
microtubule binding,molfunc,0.79,0.058759585157328736,0.10040804118866022
microtubule binding,molfunc,0.8,0.05092497380301824,0.09298295251746973
microtubule binding,molfunc,0.81,0.04700766812586299,0.09311321723099938
microtubule binding,molfunc,0.8200000000000001,0.04406968886799656,0.08829342283040204
microtubule binding,molfunc,0.8300000000000001,0.05288362664159645,0.0853494403046327
microtubule binding,molfunc,0.84,0.04896632096444061,0.07823698694591245
microtubule binding,molfunc,0.85,0.03427642467510843,0.07638722801379133
microtubule binding,molfunc,0.86,0.02546248690150912,0.07333903371719733
microtubule binding,molfunc,0.87,0.032317771836530805,0.06719053923859748
microtubule binding,molfunc,0.88,0.027421139740086746,0.06599210387412463
microtubule binding,molfunc,0.89,0.024483160482220306,0.0615891565568222
microtubule binding,molfunc,0.9,0.027421139740086746,0.05645672684375368
microtubule binding,molfunc,0.91,0.015669222708621,0.05617014447398843
microtubule binding,molfunc,0.92,0.014689896289332184,0.054502756140808815
microtubule binding,molfunc,0.93,0.020565854805065058,0.05788963869257991
microtubule binding,molfunc,0.9400000000000001,0.015669222708621,0.055727244447987594
microtubule binding,molfunc,0.9500000000000001,0.015669222708621172,0.04819794400597391
microtubule binding,molfunc,0.96,0.014689896289332184,0.048354261662208964
microtubule binding,molfunc,0.97,0.00881393777359931,0.05020402059433011
microtubule binding,molfunc,0.98,0.018607201966487436,0.06429866259823908
microtubule binding,molfunc,0.99,0.023503834062931495,0.1646285449587815
molecular adaptor activity,molfunc,0.0,20.530950697435237,20.711834115875124
molecular adaptor activity,molfunc,0.01,7.942119660317256,7.544686978020416
molecular adaptor activity,molfunc,0.02,5.5330576446472834,5.259607055611515
molecular adaptor activity,molfunc,0.03,4.481726696806724,4.224067975358616
molecular adaptor activity,molfunc,0.04,3.75250869562112,3.6460553473338315
molecular adaptor activity,molfunc,0.05,3.499675030175771,3.286833405430326
molecular adaptor activity,molfunc,0.06,3.197560226550389,3.10393333817488
molecular adaptor activity,molfunc,0.07,2.8961596423189286,2.7975211265233795
molecular adaptor activity,molfunc,0.08,2.6083292265718194,2.5029759743355777
molecular adaptor activity,molfunc,0.09,2.4497725211230366,2.2787385447353916
molecular adaptor activity,molfunc,0.1,2.269075014462944,2.1345182500113156
molecular adaptor activity,molfunc,0.11,2.0748073393184927,1.9626695463362636
molecular adaptor activity,molfunc,0.12,1.9448194096262472,1.8659438022374257
molecular adaptor activity,molfunc,0.13,1.9098226593244896,1.7691917453681616
molecular adaptor activity,molfunc,0.14,1.8369722811453257,1.654073374739112
molecular adaptor activity,molfunc,0.15,1.5984230035782376,1.563873197706788
molecular adaptor activity,molfunc,0.16,1.5377143550955967,1.4750149719663732
molecular adaptor activity,molfunc,0.17,1.4384378593416354,1.3956819691214404
molecular adaptor activity,molfunc,0.18,1.4455800532807654,1.3374518081609572
molecular adaptor activity,molfunc,0.19,1.299165077528514,1.2610658356041242
molecular adaptor activity,molfunc,0.2,1.252740816924145,1.2055458899978866
molecular adaptor activity,molfunc,0.21,1.180604658138886,1.1539728599560672
molecular adaptor activity,molfunc,0.22,1.0656153357188252,1.082428437158262
molecular adaptor activity,molfunc,0.23,1.0591873611736073,1.0268032404703058
molecular adaptor activity,molfunc,0.24,0.9956218351153099,0.9895443575421338
molecular adaptor activity,molfunc,0.25,0.9249141151178811,0.9545746856413309
molecular adaptor activity,molfunc,0.26,0.8984879975430845,0.911895372004685
molecular adaptor activity,molfunc,0.27,0.9334847478448421,0.8787412812635175
molecular adaptor activity,molfunc,0.28,0.8363509102726215,0.8376933593935051
molecular adaptor activity,molfunc,0.29,0.7849271139108505,0.8000924104497477
molecular adaptor activity,molfunc,0.3,0.7220758072464694,0.7761214765884749
molecular adaptor activity,molfunc,0.31,0.7149336133073351,0.7380205850065618
molecular adaptor activity,molfunc,0.32,0.6670809139151358,0.7162072983205079
molecular adaptor activity,molfunc,0.33,0.6128002399777158,0.6968937248252562
molecular adaptor activity,molfunc,0.34,0.597801632705534,0.6629765637416333
molecular adaptor activity,molfunc,0.35000000000000003,0.56709019876726,0.6249546104710121
molecular adaptor activity,molfunc,0.36,0.5920878775542265,0.6042201473725641
molecular adaptor activity,molfunc,0.37,0.5363787648289796,0.5674612070825553
molecular adaptor activity,molfunc,0.38,0.4749558969524254,0.5603041335257318
molecular adaptor activity,molfunc,0.39,0.4835265296793865,0.5359648208784461
molecular adaptor activity,molfunc,0.4,0.4806696521037328,0.5135989660133727
molecular adaptor activity,molfunc,0.41000000000000003,0.46067150907415955,0.49725873557665723
molecular adaptor activity,molfunc,0.42,0.48209809089155964,0.47126171839231035
molecular adaptor activity,molfunc,0.43,0.428531636348053,0.45057988083472483
molecular adaptor activity,molfunc,0.44,0.4078192739245638,0.4344501525614426
molecular adaptor activity,molfunc,0.45,0.3678229878654122,0.4260037532535737
molecular adaptor activity,molfunc,0.46,0.3385399927149619,0.41558389616349245
molecular adaptor activity,molfunc,0.47000000000000003,0.32068450786712815,0.3885606809324001
molecular adaptor activity,molfunc,0.48,0.3735367430167196,0.3795090879046506
molecular adaptor activity,molfunc,0.49,0.3121138751401653,0.368273534931255
molecular adaptor activity,molfunc,0.5,0.2999721454436371,0.34877577204299687
molecular adaptor activity,molfunc,0.51,0.29497260968624317,0.33643508271156225
molecular adaptor activity,molfunc,0.52,0.28783041574710894,0.3222261866796333
molecular adaptor activity,molfunc,0.53,0.23783505817316944,0.3074910352391144
molecular adaptor activity,molfunc,0.54,0.23140708362794862,0.29325582643675596
molecular adaptor activity,molfunc,0.55,0.23283552241577546,0.28528305699661805
molecular adaptor activity,molfunc,0.56,0.2035525272653252,0.27807335789893556
molecular adaptor activity,molfunc,0.5700000000000001,0.23569239999143177,0.2614436869874957
molecular adaptor activity,molfunc,0.58,0.23140708362794862,0.25110276820870003
molecular adaptor activity,molfunc,0.59,0.21783691514359363,0.2463138439905314
molecular adaptor activity,molfunc,0.6,0.17855484847835543,0.23455203560854576
molecular adaptor activity,molfunc,0.61,0.17284109332704806,0.22897372827749216
molecular adaptor activity,molfunc,0.62,0.1678415575696541,0.21573840475145464
molecular adaptor activity,molfunc,0.63,0.18783970059922991,0.20484491779364244
molecular adaptor activity,molfunc,0.64,0.1485576339339917,0.20187157473510917
molecular adaptor activity,molfunc,0.65,0.1485576339339917,0.1893203832402386
molecular adaptor activity,molfunc,0.66,0.17855484847835543,0.1852945293645254
molecular adaptor activity,molfunc,0.67,0.17069843514530778,0.17482204673358515
molecular adaptor activity,molfunc,0.68,0.14141543999485748,0.16334967882632398
molecular adaptor activity,molfunc,0.6900000000000001,0.13427324605572327,0.15698198838238545
molecular adaptor activity,molfunc,0.7000000000000001,0.11784619999571588,0.15161418321476955
molecular adaptor activity,molfunc,0.71,0.09713383757222535,0.14045756855266067
molecular adaptor activity,molfunc,0.72,0.12998792969224277,0.1399576259145002
molecular adaptor activity,molfunc,0.73,0.09856227636005219,0.1318006670813558
molecular adaptor activity,molfunc,0.74,0.09713383757222535,0.12227544418587752
molecular adaptor activity,molfunc,0.75,0.08642054666352403,0.11767070936071534
molecular adaptor activity,molfunc,0.76,0.08284944969395691,0.1128028468312582
molecular adaptor activity,molfunc,0.77,0.08784898545135086,0.11043469749260339
molecular adaptor activity,molfunc,0.78,0.061422867876554266,0.10406700704866485
molecular adaptor activity,molfunc,0.79,0.06213708727046769,0.1006989724336891
molecular adaptor activity,molfunc,0.8,0.05356645454350663,0.09330508394300015
molecular adaptor activity,molfunc,0.81,0.0692792812096019,0.09275251576398069
molecular adaptor activity,molfunc,0.8200000000000001,0.05856599030090058,0.08820040647967752
molecular adaptor activity,molfunc,0.8300000000000001,0.05713755151307437,0.08551650389586966
molecular adaptor activity,molfunc,0.84,0.04213894424089188,0.0787804346659172
molecular adaptor activity,molfunc,0.85,0.044995821816545566,0.0764122853272624
molecular adaptor activity,molfunc,0.86,0.052138015755679785,0.07283374854885065
molecular adaptor activity,molfunc,0.87,0.03999628605915162,0.06725544121779706
molecular adaptor activity,molfunc,0.88,0.04213894424089188,0.06583455161460416
molecular adaptor activity,molfunc,0.89,0.032139872726103975,0.061677133886743465
molecular adaptor activity,molfunc,0.9,0.02928299515045029,0.05667770750513883
molecular adaptor activity,molfunc,0.91,0.027854556362623444,0.05612513932611937
molecular adaptor activity,molfunc,0.92,0.0364251890895845,0.05409905600304803
molecular adaptor activity,molfunc,0.93,0.04071050545306503,0.05751971615888277
molecular adaptor activity,molfunc,0.9400000000000001,0.03356831151393082,0.05546732006538192
molecular adaptor activity,molfunc,0.9500000000000001,0.028568775756537185,0.048047118804264
molecular adaptor activity,molfunc,0.96,0.019283923635662385,0.04852074867199443
molecular adaptor activity,molfunc,0.97,0.0328540921200174,0.04973113611175134
molecular adaptor activity,molfunc,0.98,0.03142565333219056,0.06428209815926378
molecular adaptor activity,molfunc,0.99,0.08427788848178376,0.16379699592362545
nucleic acid binding,molfunc,0.0,22.31070313842277,20.069926973426686
nucleic acid binding,molfunc,0.01,7.578317393047363,7.551085834120041
nucleic acid binding,molfunc,0.02,5.330898144436173,5.244948094985911
nucleic acid binding,molfunc,0.03,4.291975688677623,4.209965125073283
nucleic acid binding,molfunc,0.04,3.674349264074222,3.640134682043043
nucleic acid binding,molfunc,0.05,3.289026258518987,3.2965218946879955
nucleic acid binding,molfunc,0.06,3.054038285321571,3.1283287488774993
nucleic acid binding,molfunc,0.07,2.785582870396886,2.807139352697273
nucleic acid binding,molfunc,0.08,2.4758748067121026,2.5189296993033885
nucleic acid binding,molfunc,0.09,2.2867032243285013,2.284068587946274
nucleic acid binding,molfunc,0.1,2.136368191970679,2.1404596972310843
nucleic acid binding,molfunc,0.11,1.9532815989920402,1.9719477354323243
nucleic acid binding,molfunc,0.12,1.822543811923714,1.8870364105570585
nucleic acid binding,molfunc,0.13,1.7513136418303634,1.7832440943766157
nucleic acid binding,molfunc,0.14,1.6447368421052664,1.6668408346602606
nucleic acid binding,molfunc,0.15,1.521694776931446,1.5822837497719566
nucleic acid binding,molfunc,0.16,1.4334624305595314,1.494573928999678
nucleic acid binding,molfunc,0.17,1.364021963232349,1.4103356600996504
nucleic acid binding,molfunc,0.18,1.3136418303648119,1.3522403022375558
nucleic acid binding,molfunc,0.19,1.2428590859630022,1.2701628972580041
nucleic acid binding,molfunc,0.2,1.1685864211671748,1.222517619011354
nucleic acid binding,molfunc,0.21,1.1325239104289548,1.1637846291727247
nucleic acid binding,molfunc,0.22,1.063262413378385,1.0891816879181129
nucleic acid binding,molfunc,0.23,1.01261382509593,1.034026521947826
nucleic acid binding,molfunc,0.24,0.9781620468472588,0.9943516434078586
nucleic acid binding,molfunc,0.25,0.9389675562682541,0.9592818846984258
nucleic acid binding,molfunc,0.26,0.8954777790504544,0.9177295342275523
nucleic acid binding,molfunc,0.27,0.8666635645152045,0.8862375993864555
nucleic acid binding,molfunc,0.28,0.8357911917988698,0.8383797771476281
nucleic acid binding,molfunc,0.29,0.8023237500715874,0.7984569306167842
nucleic acid binding,molfunc,0.3,0.7660822690567544,0.7774150753911245
nucleic acid binding,molfunc,0.31,0.7242032243285029,0.7423453166816917
nucleic acid binding,molfunc,0.32,0.7046059790390006,0.718363269564231
nucleic acid binding,molfunc,0.33,0.6941362178569377,0.6938144384676281
nucleic acid binding,molfunc,0.34,0.65610503407594,0.6624641996213169
nucleic acid binding,molfunc,0.35000000000000003,0.6218322261038915,0.6233206810618018
nucleic acid binding,molfunc,0.36,0.6092148216024278,0.6016411938596036
nucleic acid binding,molfunc,0.37,0.5761053204283827,0.5624976753000851
nucleic acid binding,molfunc,0.38,0.5770896569497732,0.5494262197811146
nucleic acid binding,molfunc,0.39,0.5365528892961452,0.5331311803807721
nucleic acid binding,molfunc,0.4,0.5043382395051825,0.5156317250247521
nucleic acid binding,molfunc,0.41000000000000003,0.5015642002176302,0.4937396938303816
nucleic acid binding,molfunc,0.42,0.46917058015004826,0.4726269906073263
nucleic acid binding,molfunc,0.43,0.4482310577859225,0.4504161434246855
nucleic acid binding,molfunc,0.44,0.432839613996907,0.433766864037379
nucleic acid binding,molfunc,0.45,0.41547949716511046,0.42728427227593835
nucleic acid binding,molfunc,0.46,0.41002090372830846,0.41396484876609324
nucleic acid binding,molfunc,0.47000000000000003,0.39516637076914446,0.38257918592108775
nucleic acid binding,molfunc,0.48,0.37744831338411283,0.38002865801494506
nucleic acid binding,molfunc,0.49,0.3538242368707402,0.3712080823395422
nucleic acid binding,molfunc,0.5,0.33691154573048476,0.35105182708129246
nucleic acid binding,molfunc,0.51,0.3333321401981556,0.33560696364966347
nucleic acid binding,molfunc,0.52,0.31113982589771466,0.3249089160433516
nucleic acid binding,molfunc,0.53,0.29377970906591805,0.30946405261172255
nucleic acid binding,molfunc,0.54,0.2740929786381075,0.29777413304191164
nucleic acid binding,molfunc,0.55,0.2716768799037853,0.2880679573990989
nucleic acid binding,molfunc,0.56,0.2670236527117574,0.27875144574194655
nucleic acid binding,molfunc,0.5700000000000001,0.250200446709813,0.2646172702620872
nucleic acid binding,molfunc,0.58,0.23973068552774734,0.25462770262970036
nucleic acid binding,molfunc,0.59,0.2374935570700416,0.2483930788591345
nucleic acid binding,molfunc,0.6,0.2204018956531697,0.23737621526455507
nucleic acid binding,molfunc,0.61,0.21181132237557967,0.23298363942620187
nucleic acid binding,molfunc,0.62,0.2031312639596814,0.21835352796458996
nucleic acid binding,molfunc,0.63,0.18675548364927538,0.21116245622922142
nucleic acid binding,molfunc,0.64,0.18031255369108282,0.20776175235436734
nucleic acid binding,molfunc,0.65,0.17753851440352772,0.19196264893577436
nucleic acid binding,molfunc,0.66,0.1658159612851496,0.19267112890970228
nucleic acid binding,molfunc,0.67,0.14595026058072263,0.18604684115347608
nucleic acid binding,molfunc,0.68,0.1489032701448942,0.1679806018183137
nucleic acid binding,molfunc,0.6900000000000001,0.13619638050512559,0.16408396196171005
nucleic acid binding,molfunc,0.7000000000000001,0.13064830193001678,0.15823900217680634
nucleic acid binding,molfunc,0.71,0.11427252161960931,0.14867452252877744
nucleic acid binding,molfunc,0.72,0.11489891758776692,0.1493830025027054
nucleic acid binding,molfunc,0.73,0.1048765820972452,0.14081039481817734
nucleic acid binding,molfunc,0.74,0.09610703854303868,0.13138761116493577
nucleic acid binding,molfunc,0.75,0.09789674130920327,0.12394857143869246
nucleic acid binding,molfunc,0.76,0.08456345570127706,0.1224961874921402
nucleic acid binding,molfunc,0.77,0.08277375293511245,0.1202644755742672
nucleic acid binding,molfunc,0.78,0.07293038772120719,0.11427781979457613
nucleic acid binding,molfunc,0.79,0.07060377412519322,0.11069999592624005
nucleic acid binding,molfunc,0.8,0.06657694290132288,0.10191484424953365
nucleic acid binding,molfunc,0.81,0.06407135902869246,0.10294214021172916
nucleic acid binding,molfunc,0.8200000000000001,0.05682306282572585,0.0991517723512147
nucleic acid binding,molfunc,0.8300000000000001,0.052796231601856106,0.09706175642812835
nucleic acid binding,molfunc,0.84,0.04885888551629341,0.08880796473186682
nucleic acid binding,molfunc,0.85,0.04626381650535475,0.0867887968061722
nucleic acid binding,molfunc,0.86,0.038568094610846995,0.08537183685831633
nucleic acid binding,molfunc,0.87,0.03794169864268939,0.07750770914771624
nucleic acid binding,molfunc,0.88,0.03364641200389436,0.07740143715162703
nucleic acid binding,molfunc,0.89,0.03328847145066144,0.07145020537063237
nucleic acid binding,molfunc,0.9,0.024876868449687853,0.0679078055009927
nucleic acid binding,molfunc,0.91,0.024787383311379623,0.06712847752967196
nucleic acid binding,molfunc,0.92,0.021029007502433975,0.06631372555965484
nucleic acid binding,molfunc,0.93,0.019328789874577614,0.07180444535759635
nucleic acid binding,molfunc,0.9400000000000001,0.020402611534276367,0.06826204548795667
nucleic acid binding,molfunc,0.9500000000000001,0.02085003722581775,0.05784738987121664
nucleic acid binding,molfunc,0.96,0.01780754252333771,0.05922892582037548
nucleic acid binding,molfunc,0.97,0.017091661416871868,0.06181487772521245
nucleic acid binding,molfunc,0.98,0.022192314300440965,0.07931433308123247
nucleic acid binding,molfunc,0.99,0.04125264876009389,0.20836396033220608
other,molfunc,0.0,20.683938706293194,20.717671143621157
other,molfunc,0.01,7.600567622219911,7.534952863180007
other,molfunc,0.02,5.260556886816884,5.274331427550616
other,molfunc,0.03,4.315380733371816,4.186288732063006
other,molfunc,0.04,3.6873805965617388,3.6283907128382333
other,molfunc,0.05,3.3168765700875955,3.2815536767995623
other,molfunc,0.06,3.0972126342710613,3.112999968897113
other,molfunc,0.07,2.799511113375769,2.8018913743726603
other,molfunc,0.08,2.5490649100997262,2.482528552846593
other,molfunc,0.09,2.310903693383486,2.2699124254427954
other,molfunc,0.1,2.1708129659657023,2.121296463921054
other,molfunc,0.11,1.9588271467490515,1.9711253581816148
other,molfunc,0.12,1.8944705694300656,1.8540509114341366
other,molfunc,0.13,1.7892803720117278,1.765567192996586
other,molfunc,0.14,1.669571554113624,1.6554310819895988
other,molfunc,0.15,1.5534923913354535,1.5717324226834117
other,molfunc,0.16,1.4619832016768994,1.4859602377536367
other,molfunc,0.17,1.3891108950380546,1.4018229480270827
other,molfunc,0.18,1.3167271958191946,1.3553281234672847
other,molfunc,0.19,1.2659818251999964,1.260384575202387
other,molfunc,0.2,1.191853099481171,1.21600315175895
other,molfunc,0.21,1.1479482327418615,1.1589014461246194
other,molfunc,0.22,1.0829634458828883,1.0811841107326474
other,molfunc,0.23,1.0267735925837789,1.0286282112731227
other,molfunc,0.24,0.9863587788444147,0.9917035049760619
other,molfunc,0.25,0.9508300393049761,0.9550579271283336
other,molfunc,0.26,0.8964550135658352,0.9199674934983002
other,molfunc,0.27,0.8658123482263194,0.889183613086498
other,molfunc,0.28,0.8361468977267927,0.8385018617867609
other,molfunc,0.29,0.7837263016676165,0.8085952422157049
other,molfunc,0.3,0.7687190737678535,0.7773328558907661
other,molfunc,0.31,0.7354239681483796,0.7382149974918308
other,molfunc,0.32,0.7057585176488483,0.7194336404012106
other,molfunc,0.33,0.6853068070691716,0.6988180106435659
other,molfunc,0.34,0.6457994071097958,0.6691506440290831
other,molfunc,0.35000000000000003,0.6074786251704046,0.6317075563261303
other,molfunc,0.36,0.6028717552104741,0.6043130927990437
other,molfunc,0.37,0.5520565835312771,0.5745260997062767
other,molfunc,0.38,0.5484967294713332,0.5622843234285263
other,molfunc,0.39,0.5186916768518042,0.542904833946485
other,molfunc,0.4,0.5045220616720281,0.5169458881588125
other,molfunc,0.41000000000000003,0.49684394507215224,0.49545299756041966
other,molfunc,0.42,0.4597097811527362,0.4784660376440597
other,molfunc,0.43,0.4447025532529733,0.45270646932019426
other,molfunc,0.44,0.4201325801333615,0.44114257641938776
other,molfunc,0.45,0.4210399939133472,0.42559113424244105
other,molfunc,0.46,0.40205410559364724,0.4190116779368097
other,molfunc,0.47000000000000003,0.37483169219407947,0.39261410172876393
other,molfunc,0.48,0.37217925191411927,0.3833629874081166
other,molfunc,0.49,0.35905665263432657,0.37040345226066096
other,molfunc,0.5,0.33902374841464317,0.3516220951700407
other,molfunc,0.51,0.335045087994706,0.3349142637030134
other,molfunc,0.52,0.31654780709499825,0.3235497482660139
other,molfunc,0.53,0.291628828675392,0.31266373874215125
other,molfunc,0.54,0.2793438421155861,0.29775030444938694
other,molfunc,0.55,0.2819264813355453,0.2842723878960332
other,molfunc,0.56,0.2724335371756953,0.27713467469174224
other,molfunc,0.5700000000000001,0.2597297442558989,0.26098510012337744
other,molfunc,0.58,0.25184222447602067,0.24958070919361364
other,molfunc,0.59,0.24311709197615855,0.2465501717437471
other,molfunc,0.6,0.22817966513639457,0.23506602982846342
other,molfunc,0.61,0.21722089871656772,0.2325538737844951
other,molfunc,0.62,0.21170661497665483,0.21536753640433093
other,molfunc,0.63,0.20067804749682913,0.20627592405473133
other,molfunc,0.64,0.19977063371684345,0.20009522267671404
other,molfunc,0.65,0.18629902913705632,0.18877058273247596
other,molfunc,0.66,0.18022633691715226,0.18781357090620232
other,molfunc,0.67,0.1718502097172846,0.1762895534981572
other,molfunc,0.68,0.15963502421747763,0.16424715468421386
other,molfunc,0.6900000000000001,0.15384153623756916,0.15750819640753697
other,molfunc,0.7000000000000001,0.15712218605751907,0.14658231139091452
other,molfunc,0.71,0.13960211999779418,0.13852746185310974
other,molfunc,0.72,0.13813629773781733,0.14044148550565702
other,molfunc,0.73,0.13325022353789454,0.12911684556141892
other,molfunc,0.74,0.12103503803808754,0.12158037742951397
other,molfunc,0.75,0.11775438821813938,0.11587818196463354
other,molfunc,0.76,0.11635836701816143,0.10909934819519523
other,molfunc,0.77,0.1123099055382254,0.10810246087616018
other,molfunc,0.78,0.10581840695832796,0.10068561922253945
other,molfunc,0.79,0.10309616561837098,0.0971765758595361
other,molfunc,0.8,0.0955576511384901,0.08979960969867677
other,molfunc,0.81,0.0933240172185254,0.09111550095980303
other,molfunc,0.8200000000000001,0.0910205822385618,0.08493479958178575
other,molfunc,0.8300000000000001,0.08662311545863224,0.08329990437856921
other,molfunc,0.84,0.08069002535872502,0.07564380976837914
other,molfunc,0.85,0.07957320839874267,0.07285252527508101
other,molfunc,0.86,0.07845639143876032,0.06846622107132683
other,molfunc,0.87,0.06868424303891472,0.06491730221556206
other,molfunc,0.88,0.0692426515189059,0.06256464814263936
other,molfunc,0.89,0.06561299639896326,0.057779589011271164
other,molfunc,0.9,0.060447717959044876,0.05299452987990295
other,molfunc,0.91,0.05730667025909451,0.05387179072065378
other,molfunc,0.92,0.0503265642592048,0.05526743296730285
other,molfunc,0.93,0.05870269145907245,0.05590544085148528
other,molfunc,0.9400000000000001,0.05465422997913641,0.05470917606864322
other,molfunc,0.9500000000000001,0.04732511867925275,0.04737208540054582
other,molfunc,0.96,0.049488951539218035,0.046335322588748847
other,molfunc,0.97,0.055631444819120975,0.04541818625523661
other,molfunc,0.98,0.07049907059888605,0.0588961028085904
other,molfunc,0.99,0.17610807437721732,0.15232438234855472
phosphatidylinositol binding,molfunc,0.0,18.906553660116604,20.739880709288574
phosphatidylinositol binding,molfunc,0.01,7.580706110991146,7.558389003797636
phosphatidylinositol binding,molfunc,0.02,5.3592636579572455,5.267599725115633
phosphatidylinositol binding,molfunc,0.03,4.3511120708270346,4.230963908365324
phosphatidylinositol binding,molfunc,0.04,4.154070395163031,3.6401746038191543
phosphatidylinositol binding,molfunc,0.05,3.4198877132368835,3.2919911865264258
phosphatidylinositol binding,molfunc,0.06,3.221496437054629,3.1050708510061003
phosphatidylinositol binding,molfunc,0.07,2.866551500755778,2.799770222739622
phosphatidylinositol binding,molfunc,0.08,2.4670697473547842,2.5074792705166873
phosphatidylinositol binding,molfunc,0.09,2.4130857266249173,2.2823575602124255
phosphatidylinositol binding,molfunc,0.1,2.1823040380047516,2.1384751987208626
phosphatidylinositol binding,molfunc,0.11,1.9258799395378976,1.967435461790479
phosphatidylinositol binding,molfunc,0.12,1.9866119628589922,1.8664876176593275
phosphatidylinositol binding,molfunc,0.13,1.7760742820125228,1.7741525411673464
phosphatidylinositol binding,molfunc,0.14,1.8786439213992694,1.6563929884312198
phosphatidylinositol binding,molfunc,0.15,1.687000647808247,1.562764703585005
phosphatidylinositol binding,molfunc,0.16,1.476462966961778,1.4772577672033556
phosphatidylinositol binding,molfunc,0.17,1.489958972144248,1.3954235425477215
phosphatidylinositol binding,molfunc,0.18,1.4049341394947084,1.3400742249866981
phosphatidylinositol binding,molfunc,0.19,1.3361045130641318,1.261007466209111
phosphatidylinositol binding,molfunc,0.2,1.3496005182466015,1.2044942611292886
phosphatidylinositol binding,molfunc,0.21,1.1970956596847324,1.1541108636485071
phosphatidylinositol binding,molfunc,0.22,1.144461239473115,1.080630764961191
phosphatidylinositol binding,molfunc,0.23,1.0594364068235822,1.0273505807669416
phosphatidylinositol binding,molfunc,0.24,1.016249190239688,0.98925266265134
phosphatidylinositol binding,molfunc,0.25,0.9771107752105369,0.9530686929000007
phosphatidylinositol binding,molfunc,0.26,0.9055819477434671,0.9115308405621516
phosphatidylinositol binding,molfunc,0.27,0.9285251565536593,0.8797696433822771
phosphatidylinositol binding,molfunc,0.28,0.8448499244223749,0.837507594366064
phosphatidylinositol binding,molfunc,0.29,0.7598250917728345,0.8003149220984213
phosphatidylinositol binding,molfunc,0.3,0.8475491254588634,0.772795448320419
phosphatidylinositol binding,molfunc,0.31,0.7935651047289995,0.7361200593944727
phosphatidylinositol binding,molfunc,0.32,0.7409306845173822,0.7139544682029804
phosphatidylinositol binding,molfunc,0.33,0.7058410710429707,0.693676961208663
phosphatidylinositol binding,molfunc,0.34,0.6842474627510251,0.6602087290012054
phosphatidylinositol binding,molfunc,0.35000000000000003,0.5978730295832461,0.623378155072755
phosphatidylinositol binding,molfunc,0.36,0.5816778233642836,0.6042128072630715
phosphatidylinositol binding,molfunc,0.37,0.5965234290649962,0.5657786549753729
phosphatidylinositol binding,molfunc,0.38,0.5506370114446119,0.5573986648399663
phosphatidylinositol binding,molfunc,0.39,0.510148995897214,0.5345606053042746
phosphatidylinositol binding,molfunc,0.4,0.4899049881235151,0.5128605691203049
phosphatidylinositol binding,molfunc,0.41000000000000003,0.4534657741308594,0.4967730571936936
phosphatidylinositol binding,molfunc,0.42,0.45751457568559667,0.47191759262540134
phosphatidylinositol binding,molfunc,0.43,0.4548153746491035,0.4497002730997398
phosphatidylinositol binding,molfunc,0.44,0.4467177715396239,0.4332506628339416
phosphatidylinositol binding,molfunc,0.45,0.45211617361261025,0.4233964151747134
phosphatidylinositol binding,molfunc,0.46,0.3846361477002804,0.4133869825129776
phosphatidylinositol binding,molfunc,0.47000000000000003,0.3562945368171038,0.38672102624876903
phosphatidylinositol binding,molfunc,0.48,0.3738393435543076,0.3794014669638283
phosphatidylinositol binding,molfunc,0.49,0.39813215288274634,0.3656675942419119
phosphatidylinositol binding,molfunc,0.5,0.38733534873677355,0.34626946892847055
phosphatidylinositol binding,molfunc,0.51,0.32660332541567666,0.33512201291501287
phosphatidylinositol binding,molfunc,0.52,0.28341610883178553,0.3217243743651961
phosphatidylinositol binding,molfunc,0.53,0.29151371194126513,0.30527476409939774
phosphatidylinositol binding,molfunc,0.54,0.3239041243791835,0.29042873219284404
phosphatidylinositol binding,molfunc,0.55,0.28746491038652533,0.28334195041166677
phosphatidylinositol binding,molfunc,0.56,0.3198553228244437,0.27457399776999125
phosphatidylinositol binding,molfunc,0.5700000000000001,0.2550744979486098,0.26063321171140097
phosphatidylinositol binding,molfunc,0.58,0.27666810624055255,0.24989958237129387
phosphatidylinositol binding,molfunc,0.59,0.24562729432088082,0.24529576063023711
phosphatidylinositol binding,molfunc,0.6,0.26857050313107295,0.23187225791333568
phosphatidylinositol binding,molfunc,0.61,0.20783847980997605,0.2273460286735327
phosphatidylinositol binding,molfunc,0.62,0.1943424746275101,0.2144139451312385
phosphatidylinositol binding,molfunc,0.63,0.21188728136471585,0.20409414246448768
phosphatidylinositol binding,molfunc,0.64,0.2024400777369897,0.19993001156386891
phosphatidylinositol binding,molfunc,0.65,0.16870006478082472,0.18823940804163491
phosphatidylinositol binding,molfunc,0.66,0.15520405959835873,0.1856271271660915
phosphatidylinositol binding,molfunc,0.67,0.1835456704815373,0.17450553531971846
phosphatidylinositol binding,molfunc,0.68,0.16195206218959174,0.16258215429372316
phosphatidylinositol binding,molfunc,0.6900000000000001,0.1295616497516734,0.15668512419843697
phosphatidylinositol binding,molfunc,0.7000000000000001,0.12416324767868839,0.15091741493857544
phosphatidylinositol binding,molfunc,0.71,0.15115525804361896,0.13868366390756343
phosphatidylinositol binding,molfunc,0.72,0.12011444612394721,0.13997687226179284
phosphatidylinositol binding,molfunc,0.73,0.11066724249622102,0.13100200628344064
phosphatidylinositol binding,molfunc,0.74,0.11336644353271422,0.12153572113048125
phosphatidylinositol binding,molfunc,0.75,0.07962643057654926,0.11726813356152416
phosphatidylinositol binding,molfunc,0.76,0.11336644353271422,0.11170733763833762
phosphatidylinositol binding,molfunc,0.77,0.09987043835024824,0.10981925344116268
phosphatidylinositol binding,molfunc,0.78,0.07827683005830267,0.1030169774979159
phosphatidylinositol binding,molfunc,0.79,0.09042323472252205,0.09949945077441187
phosphatidylinositol binding,molfunc,0.8,0.07017922694882309,0.09230921232489628
phosphatidylinositol binding,molfunc,0.81,0.08907363420427546,0.09197297815279663
phosphatidylinositol binding,molfunc,0.8200000000000001,0.07557762902180948,0.08736915641173988
phosphatidylinositol binding,molfunc,0.8300000000000001,0.05398402072986451,0.08509310970829703
phosphatidylinositol binding,molfunc,0.84,0.07152882746706969,0.07759250125376542
phosphatidylinositol binding,molfunc,0.85,0.06073202332109691,0.07557509622116754
phosphatidylinositol binding,molfunc,0.86,0.05398402072986391,0.07244553200393233
phosphatidylinositol binding,molfunc,0.87,0.04183761606564453,0.06675541524532286
phosphatidylinositol binding,molfunc,0.88,0.058032822284603706,0.06512597271899379
phosphatidylinositol binding,molfunc,0.89,0.04318721658389113,0.060961841818375044
phosphatidylinositol binding,molfunc,0.9,0.03643921399265814,0.05607351423938781
phosphatidylinositol binding,molfunc,0.91,0.03778881451090474,0.05545277422935769
phosphatidylinositol binding,molfunc,0.92,0.04183761606564453,0.05369401086760568
phosphatidylinositol binding,molfunc,0.93,0.03778881451090474,0.05728913009236347
phosphatidylinositol binding,molfunc,0.9400000000000001,0.03913841502915134,0.0549872192218351
phosphatidylinositol binding,molfunc,0.9500000000000001,0.022943208810192416,0.04782284493940463
phosphatidylinositol binding,molfunc,0.96,0.026992010364931956,0.047874573273573265
phosphatidylinositol binding,molfunc,0.97,0.045886417620384326,0.04919364579488728
phosphatidylinositol binding,molfunc,0.98,0.05398402072986391,0.06328961685598801
phosphatidylinositol binding,molfunc,0.99,0.1336104513064132,0.16149585927617044
protein dimerization activity,molfunc,0.0,19.336288690105963,20.769742759250132
protein dimerization activity,molfunc,0.01,7.350130616214504,7.568614582599881
protein dimerization activity,molfunc,0.02,5.337170773632488,5.266135171292342
protein dimerization activity,molfunc,0.03,4.266230902326212,4.231672111372237
protein dimerization activity,molfunc,0.04,3.680436970608524,3.648400000531406
protein dimerization activity,molfunc,0.05,3.3366505705271035,3.2924105808409263
protein dimerization activity,molfunc,0.06,3.070329198095602,3.108995521569135
protein dimerization activity,molfunc,0.07,2.8486774401483723,2.798786798260707
protein dimerization activity,molfunc,0.08,2.474357379533402,2.5082401267936656
protein dimerization activity,molfunc,0.09,2.310945751863117,2.2835878993356067
protein dimerization activity,molfunc,0.1,2.2255645900007925,2.1352456892944125
protein dimerization activity,molfunc,0.11,2.015787033372161,1.9643452603162677
protein dimerization activity,molfunc,0.12,1.865380483336536,1.86890459786454
protein dimerization activity,molfunc,0.13,1.7590781096271484,1.7748987337904303
protein dimerization activity,molfunc,0.14,1.6595609938141098,1.6606197000474312
protein dimerization activity,molfunc,0.15,1.5493005529985173,1.5658432961038566
protein dimerization activity,molfunc,0.16,1.4876677937733938,1.4767529449900947
protein dimerization activity,molfunc,0.17,1.3649677134811793,1.3987158554520374
protein dimerization activity,molfunc,0.18,1.3463082542662297,1.3410582169441705
protein dimerization activity,molfunc,0.19,1.2920261910954787,1.2610283518816439
protein dimerization activity,molfunc,0.2,1.193639951598496,1.2078611008889129
protein dimerization activity,molfunc,0.21,1.2320897463444411,1.1512928463344212
protein dimerization activity,molfunc,0.22,1.1563210331686014,1.0783306917986648
protein dimerization activity,molfunc,0.23,1.0765942528865637,1.0256682772721315
protein dimerization activity,molfunc,0.24,1.0274011331380677,0.9879915346895712
protein dimerization activity,molfunc,0.25,0.9668992502290016,0.9528921151186557
protein dimerization activity,molfunc,0.26,0.9736845081253455,0.9084930764335686
protein dimerization activity,molfunc,0.27,0.9510669818041992,0.8773792079115837
protein dimerization activity,molfunc,0.28,0.9177061304805136,0.8338835607975923
protein dimerization activity,molfunc,0.29,0.8017913080846342,0.7994483997348273
protein dimerization activity,molfunc,0.3,0.8227125199316944,0.7719215271568799
protein dimerization activity,molfunc,0.31,0.7995295554525195,0.7342713549146488
protein dimerization activity,molfunc,0.32,0.7429857396496539,0.7131213640149904
protein dimerization activity,molfunc,0.33,0.7469438067558545,0.6914133959684816
protein dimerization activity,molfunc,0.34,0.6960543725332754,0.6589975807705126
protein dimerization activity,molfunc,0.35000000000000003,0.7090594501679385,0.6188497965376218
protein dimerization activity,molfunc,0.36,0.6519501962070403,0.6015259346449334
protein dimerization activity,molfunc,0.37,0.6197202211994068,0.563849192062376
protein dimerization activity,molfunc,0.38,0.6174584685672923,0.5544432915868998
protein dimerization activity,molfunc,0.39,0.5592183382903407,0.5329213159226746
protein dimerization activity,molfunc,0.4,0.5462132606556815,0.510841363111599
protein dimerization activity,molfunc,0.41000000000000003,0.5315118685469394,0.4942880410883766
protein dimerization activity,molfunc,0.42,0.4710099856378704,0.4716766814707742
protein dimerization activity,molfunc,0.43,0.4987164553812745,0.4474976717739285
protein dimerization activity,molfunc,0.44,0.46818279484772707,0.43187431166212054
protein dimerization activity,molfunc,0.45,0.43369106720797906,0.4234780841190401
protein dimerization activity,molfunc,0.46,0.3963721487780878,0.41362048785801836
protein dimerization activity,molfunc,0.47000000000000003,0.39863390141020466,0.38556220847354905
protein dimerization activity,molfunc,0.48,0.40372284483246035,0.378149083522536
protein dimerization activity,molfunc,0.49,0.3771472514051135,0.3657673049305249
protein dimerization activity,molfunc,0.5,0.36470761192848306,0.3462115344504387
protein dimerization activity,molfunc,0.51,0.3567914777160819,0.3339360372197324
protein dimerization activity,molfunc,0.52,0.3222997500763339,0.32094314080021863
protein dimerization activity,molfunc,0.53,0.3115564250737894,0.30470866286090803
protein dimerization activity,molfunc,0.54,0.3109909869157607,0.290121546021822
protein dimerization activity,molfunc,0.55,0.28498083164644256,0.28334610923863995
protein dimerization activity,molfunc,0.56,0.2702794395376975,0.275667280884367
protein dimerization activity,molfunc,0.5700000000000001,0.2810227645402451,0.2595656546466902
protein dimerization activity,molfunc,0.58,0.261232429009239,0.24989405076794904
protein dimerization activity,molfunc,0.59,0.26292874348332496,0.24447370134140342
protein dimerization activity,molfunc,0.6,0.226740701369491,0.23283589227852602
protein dimerization activity,molfunc,0.61,0.23748402637203547,0.22648558094056326
protein dimerization activity,molfunc,0.62,0.2295678921596343,0.21330669213876607
protein dimerization activity,molfunc,0.63,0.19959966978411556,0.2044587688101401
protein dimerization activity,molfunc,0.64,0.19337985004580033,0.20028722537892607
protein dimerization activity,molfunc,0.65,0.1950761645198863,0.18753346202234816
protein dimerization activity,molfunc,0.66,0.19620704083594362,0.1845310135654871
protein dimerization activity,molfunc,0.67,0.1820710868852272,0.17432800288022474
protein dimerization activity,molfunc,0.68,0.1752858289888833,0.16197279462853983
protein dimerization activity,molfunc,0.6900000000000001,0.15662636977393768,0.15615389009710118
protein dimerization activity,molfunc,0.7000000000000001,0.15493005529985343,0.15020213386403314
protein dimerization activity,molfunc,0.71,0.14249041582322128,0.13875031718343753
protein dimerization activity,molfunc,0.72,0.14984111187759383,0.13912230194800437
protein dimerization activity,molfunc,0.73,0.12496183292433297,0.1308854964468811
protein dimerization activity,molfunc,0.74,0.11761113686996043,0.1215593069923835
protein dimerization activity,molfunc,0.75,0.1243963947663043,0.11619209824649028
protein dimerization activity,molfunc,0.76,0.1204383276601037,0.11132972596679495
protein dimerization activity,molfunc,0.77,0.09838623949698613,0.11016063099244197
protein dimerization activity,molfunc,0.78,0.10573693555135864,0.10240209161719038
protein dimerization activity,molfunc,0.79,0.10121343028712941,0.09924022111837211
protein dimerization activity,molfunc,0.8,0.09725536318092882,0.09164110378507775
protein dimerization activity,molfunc,0.81,0.09160098160064226,0.091933377528666
protein dimerization activity,molfunc,0.8200000000000001,0.09047010528458495,0.08699129422799204
protein dimerization activity,molfunc,0.8300000000000001,0.06672170264738213,0.08534393312776833
protein dimerization activity,molfunc,0.84,0.08425028554626973,0.07716026830729655
protein dimerization activity,molfunc,0.85,0.08425028554626973,0.074875219039243
protein dimerization activity,molfunc,0.86,0.06898345527949602,0.0722447553469488
protein dimerization activity,molfunc,0.87,0.0627636355411808,0.06645242115583631
protein dimerization activity,molfunc,0.88,0.05597837764483693,0.06541617788311435
protein dimerization activity,molfunc,0.89,0.057109253960894245,0.06079293866635485
protein dimerization activity,molfunc,0.9,0.06106732106709484,0.055452300260787846
protein dimerization activity,molfunc,0.91,0.05032399606455038,0.05534601889948303
protein dimerization activity,molfunc,0.92,0.05597837764483693,0.05335324337501772
protein dimerization activity,molfunc,0.93,0.05202031053863635,0.057152802041664896
protein dimerization activity,molfunc,0.9400000000000001,0.05597837764483693,0.054628619710675515
protein dimerization activity,molfunc,0.9500000000000001,0.03901523290397769,0.0477469015661892
protein dimerization activity,molfunc,0.96,0.04127698553609188,0.047773471906514875
protein dimerization activity,molfunc,0.97,0.04580049080032113,0.0492879813051085
protein dimerization activity,molfunc,0.98,0.07067976975358199,0.06275914385049396
protein dimerization activity,molfunc,0.99,0.14475216845533592,0.161733661565604
protein domain specific binding,molfunc,0.0,22.53705124356537,20.617790474458214
protein domain specific binding,molfunc,0.01,8.092347375560077,7.533286904115155
protein domain specific binding,molfunc,0.02,5.493479203495548,5.258600906300467
protein domain specific binding,molfunc,0.03,4.414462492912177,4.224553610722649
protein domain specific binding,molfunc,0.04,3.845213079394727,3.6404921284392784
protein domain specific binding,molfunc,0.05,3.375471131716756,3.2905179357452607
protein domain specific binding,molfunc,0.06,3.1970247823621603,3.1029662313860955
protein domain specific binding,molfunc,0.07,2.9513136097306085,2.793836986642693
protein domain specific binding,molfunc,0.08,2.499916613855443,2.5070448228097777
protein domain specific binding,molfunc,0.09,2.3047930355892046,2.2838601560457814
protein domain specific binding,molfunc,0.1,2.1563656982755757,2.13848298778667
protein domain specific binding,molfunc,0.11,1.9412294453153673,1.9678702364512983
protein domain specific binding,molfunc,0.12,1.9123222485351818,1.866661986516379
protein domain specific binding,molfunc,0.13,1.7121955015954533,1.7771541122964818
protein domain specific binding,molfunc,0.14,1.5554295498260038,1.6656016665589732
protein domain specific binding,molfunc,0.15,1.4081140277731439,1.572610271387554
protein domain specific binding,molfunc,0.16,1.4008872285780982,1.4808952808395965
protein domain specific binding,molfunc,0.17,1.3113861000856122,1.4013061342144808
protein domain specific binding,molfunc,0.18,1.3013797627386223,1.3432031320842106
protein domain specific binding,molfunc,0.19,1.155731963576931,1.267522974618427
protein domain specific binding,molfunc,0.2,1.158511501728875,1.2095529313031077
protein domain specific binding,molfunc,0.21,1.0706780961275464,1.1589488063356461
protein domain specific binding,molfunc,0.22,1.0089723491544635,1.0853162146199908
protein domain specific binding,molfunc,0.23,1.015643240719124,1.0285428006391617
protein domain specific binding,molfunc,0.24,0.9022380841199418,0.9939469169908859
protein domain specific binding,molfunc,0.25,0.9005703612287774,0.9560536547320166
protein domain specific binding,molfunc,0.26,0.8438677829291876,0.9146502797586417
protein domain specific binding,molfunc,0.27,0.8749986102309232,0.880958516051984
protein domain specific binding,molfunc,0.28,0.7627052688925243,0.8412304221469006
protein domain specific binding,molfunc,0.29,0.712673582157588,0.8037094445698681
protein domain specific binding,molfunc,0.3,0.6948845379851677,0.7779952097598145
protein domain specific binding,molfunc,0.31,0.6815427548558526,0.7398626216340473
protein domain specific binding,molfunc,0.32,0.6809868472254644,0.7160629937591785
protein domain specific binding,molfunc,0.33,0.6515237428148933,0.6959330291767476
protein domain specific binding,molfunc,0.34,0.6354024215336374,0.6618689807882484
protein domain specific binding,molfunc,0.35000000000000003,0.5703612287782289,0.6254116737307714
protein domain specific binding,molfunc,0.36,0.5942652568849154,0.6042446303917786
protein domain specific binding,molfunc,0.37,0.5214413573040698,0.5685053009349925
protein domain specific binding,molfunc,0.38,0.5231090801952343,0.558905674496079
protein domain specific binding,molfunc,0.39,0.4891987147415581,0.5362494924297234
protein domain specific binding,molfunc,0.4,0.4791923773945717,0.5140187785711869
protein domain specific binding,molfunc,0.41000000000000003,0.44250247378895735,0.49851578074878916
protein domain specific binding,molfunc,0.42,0.44639382720167176,0.47285472946471
protein domain specific binding,molfunc,0.43,0.4152629998999362,0.45144836025882257
protein domain specific binding,molfunc,0.44,0.42248979909498197,0.4340307555012371
protein domain specific binding,molfunc,0.45,0.4008094015098448,0.4250427396110632
protein domain specific binding,molfunc,0.46,0.34910999188374825,0.4158951731429572
protein domain specific binding,molfunc,0.47000000000000003,0.3329886706024942,0.38869179960553957
protein domain specific binding,molfunc,0.48,0.34688636136219575,0.38084722952387684
protein domain specific binding,molfunc,0.49,0.31631144169084835,0.36866820207506135
protein domain specific binding,molfunc,0.5,0.3051932890830857,0.34904348098941534
protein domain specific binding,molfunc,0.51,0.31742325695162465,0.33580078302105265
protein domain specific binding,molfunc,0.52,0.2807333533460078,0.3229303697345315
protein domain specific binding,molfunc,0.53,0.2618324939128112,0.30708167899327815
protein domain specific binding,molfunc,0.54,0.2762860923029027,0.2917648235117984
protein domain specific binding,molfunc,0.55,0.23514892765418077,0.28572849331336797
protein domain specific binding,molfunc,0.56,0.2501584336746604,0.27663411037123936
protein domain specific binding,molfunc,0.5700000000000001,0.21180080717788147,0.262859577143106
protein domain specific binding,molfunc,0.58,0.22291895978564183,0.2517176284508461
protein domain specific binding,molfunc,0.59,0.22013942163370115,0.2465056429050648
protein domain specific binding,molfunc,0.6,0.1962353935270114,0.2343000236932606
protein domain specific binding,molfunc,0.61,0.182337702767308,0.22911462991046797
protein domain specific binding,molfunc,0.62,0.1834495180280843,0.21549964726026377
protein domain specific binding,molfunc,0.63,0.1528745983567369,0.20669777371101064
protein domain specific binding,molfunc,0.64,0.16788410437721654,0.20151237992821802
protein domain specific binding,molfunc,0.65,0.15732185939984197,0.18933335247940253
protein domain specific binding,molfunc,0.66,0.17010773489876907,0.1857700562389194
protein domain specific binding,molfunc,0.67,0.15398641361751317,0.17566518630322092
protein domain specific binding,molfunc,0.68,0.1428682610097505,0.1635127506173941
protein domain specific binding,molfunc,0.6900000000000001,0.1428682610097505,0.15681162634424672
protein domain specific binding,molfunc,0.7000000000000001,0.1350855541843181,0.15114758082765953
protein domain specific binding,molfunc,0.71,0.11451697185995564,0.14008540742436693
protein domain specific binding,molfunc,0.72,0.10339881925219295,0.1413352202848349
protein domain specific binding,molfunc,0.73,0.11674060238150819,0.1312835338751138
protein domain specific binding,molfunc,0.74,0.09005703612287774,0.12288053677069087
protein domain specific binding,molfunc,0.75,0.09561611242675909,0.11756218417295485
protein domain specific binding,molfunc,0.76,0.09506020479637095,0.11253634096809431
protein domain specific binding,molfunc,0.77,0.07504753010239812,0.11128652810762635
protein domain specific binding,molfunc,0.78,0.07004436142890491,0.10410675210068271
protein domain specific binding,molfunc,0.79,0.07782706825433879,0.1003573135192788
protein domain specific binding,molfunc,0.8,0.07782706825433879,0.09256592696359553
protein domain specific binding,molfunc,0.81,0.07282389958084559,0.09283184459348233
protein domain specific binding,molfunc,0.8200000000000001,0.06281756223385916,0.0883112448854067
protein domain specific binding,molfunc,0.8300000000000001,0.0605939317123073,0.08565206858653965
protein domain specific binding,molfunc,0.84,0.06837663853774051,0.07791386555683279
protein domain specific binding,molfunc,0.85,0.053923040147649016,0.07631835977751197
protein domain specific binding,molfunc,0.86,0.0633734698642473,0.07251573767013071
protein domain specific binding,molfunc,0.87,0.052255317256484614,0.06695805920549656
protein domain specific binding,molfunc,0.88,0.04614033332221514,0.06589438868594935
protein domain specific binding,molfunc,0.89,0.04447261043105074,0.06140038074086242
protein domain specific binding,molfunc,0.9,0.03668990360561686,0.0566138634029
protein domain specific binding,molfunc,0.91,0.03780171886639312,0.05594906932818299
protein domain specific binding,molfunc,0.92,0.030019012040959248,0.05459288941576031
protein domain specific binding,molfunc,0.93,0.029463104410571116,0.058235960945209476
protein domain specific binding,molfunc,0.9400000000000001,0.03780171886639312,0.055497009357375435
protein domain specific binding,molfunc,0.9500000000000001,0.030019012040959584,0.04818427453548893
protein domain specific binding,molfunc,0.96,0.029463104410571116,0.04834382511342047
protein domain specific binding,molfunc,0.97,0.02890719678018298,0.05009888147067336
protein domain specific binding,molfunc,0.98,0.028351289149794845,0.0647775346404248
protein domain specific binding,molfunc,0.99,0.09228066664443028,0.16425731998107715
protein heterodimerization activity,molfunc,0.0,19.929145921103025,20.715832323662006
protein heterodimerization activity,molfunc,0.01,7.527767139027192,7.55922554972971
protein heterodimerization activity,molfunc,0.02,5.072769054002299,5.271963148261073
protein heterodimerization activity,molfunc,0.03,4.176560704710838,4.233984160912332
protein heterodimerization activity,molfunc,0.04,3.757181156644963,3.6483962235763374
protein heterodimerization activity,molfunc,0.05,3.3914209115281517,3.2930930765651936
protein heterodimerization activity,molfunc,0.06,2.9145921103025634,3.109847696727736
protein heterodimerization activity,molfunc,0.07,2.6886250478743787,2.802535550246656
protein heterodimerization activity,molfunc,0.08,2.4722328609728086,2.5071825759233843
protein heterodimerization activity,molfunc,0.09,2.3152049023362675,2.284407631340642
protein heterodimerization activity,molfunc,0.1,2.215626196859442,2.138274263167114
protein heterodimerization activity,molfunc,0.11,2.014553810800461,1.9660107467950072
protein heterodimerization activity,molfunc,0.12,1.9379548065875127,1.8678169418519315
protein heterodimerization activity,molfunc,0.13,1.8211413251627713,1.7735580903285257
protein heterodimerization activity,molfunc,0.14,1.690923018000769,1.6601645633526245
protein heterodimerization activity,molfunc,0.15,1.4592110302566053,1.5665229594244563
protein heterodimerization activity,molfunc,0.16,1.4496361547299872,1.4776135870598144
protein heterodimerization activity,molfunc,0.17,1.325162772883955,1.3981686778222193
protein heterodimerization activity,molfunc,0.18,1.336652623515893,1.3413561804101546
protein heterodimerization activity,molfunc,0.19,1.1987744159325917,1.2632743596120484
protein heterodimerization activity,molfunc,0.2,1.0800459594025298,1.208930852580959
protein heterodimerization activity,molfunc,0.21,1.2351589429337408,1.1538415047056119
protein heterodimerization activity,molfunc,0.22,1.1011106855610868,1.0815720987627004
protein heterodimerization activity,molfunc,0.23,1.1068556108770606,1.0268942492841875
protein heterodimerization activity,molfunc,0.24,1.0360015319800833,0.9891392713752191
protein heterodimerization activity,molfunc,0.25,1.0283416315587888,0.9525159140575302
protein heterodimerization activity,molfunc,0.26,1.0283416315587888,0.9098486740364307
protein heterodimerization activity,molfunc,0.27,0.8904634239754875,0.8805551319122399
protein heterodimerization activity,molfunc,0.28,0.8617387973956379,0.8373220815955067
protein heterodimerization activity,molfunc,0.29,0.800459594025277,0.7995413850367346
protein heterodimerization activity,molfunc,0.3,0.8100344695518952,0.7737198606357797
protein heterodimerization activity,molfunc,0.31,0.7755649176560698,0.736685004921263
protein heterodimerization activity,molfunc,0.32,0.7717349674454225,0.7136925319985005
protein heterodimerization activity,molfunc,0.33,0.7410953657602444,0.6932719240559128
protein heterodimerization activity,molfunc,0.34,0.7353504404442736,0.6596576487650284
protein heterodimerization activity,molfunc,0.35000000000000003,0.7142857142857176,0.6216712030078504
protein heterodimerization activity,molfunc,0.36,0.6223669092301795,0.6035395548976149
protein heterodimerization activity,molfunc,0.37,0.5955572577556486,0.5659646075372613
protein heterodimerization activity,molfunc,0.38,0.6376867100727684,0.5561915206125971
protein heterodimerization activity,molfunc,0.39,0.593642282650325,0.5333019222890416
protein heterodimerization activity,molfunc,0.4,0.5725775564917651,0.5116211005061683
protein heterodimerization activity,molfunc,0.41000000000000003,0.5304481041746483,0.49549550708047524
protein heterodimerization activity,molfunc,0.42,0.4557640750670237,0.47186006791266627
protein heterodimerization activity,molfunc,0.43,0.4672539256989655,0.4495619985345509
protein heterodimerization activity,molfunc,0.44,0.47491382612026,0.43294775076262193
protein heterodimerization activity,molfunc,0.45,0.4557640750670237,0.42350900628538046
protein heterodimerization activity,molfunc,0.46,0.47108387590961276,0.4120642071236027
protein heterodimerization activity,molfunc,0.47000000000000003,0.4002297970126407,0.38595977757483085
protein heterodimerization activity,molfunc,0.48,0.4174645729605512,0.37878427428014105
protein heterodimerization activity,molfunc,0.49,0.39256989659134395,0.36592494937926723
protein heterodimerization activity,molfunc,0.5,0.3887399463806967,0.3464816501291459
protein heterodimerization activity,molfunc,0.51,0.4174645729605512,0.3338537930764877
protein heterodimerization activity,molfunc,0.52,0.3236307927996933,0.3209687495258121
protein heterodimerization activity,molfunc,0.53,0.3217158176943697,0.30479171880051276
protein heterodimerization activity,molfunc,0.54,0.29873611643048614,0.2909550852071725
protein heterodimerization activity,molfunc,0.55,0.3102259670624279,0.2830594597180359
protein heterodimerization activity,molfunc,0.56,0.26043661432401355,0.2756267699253308
protein heterodimerization activity,molfunc,0.5700000000000001,0.2929911911145185,0.26009270544507807
protein heterodimerization activity,molfunc,0.58,0.2240520873228646,0.2507568355670407
protein heterodimerization activity,molfunc,0.59,0.2642665645346608,0.2450472953110527
protein heterodimerization activity,molfunc,0.6,0.2106472615855992,0.23285665530502425
protein heterodimerization activity,molfunc,0.61,0.2489467636920718,0.2266841793526048
protein heterodimerization activity,molfunc,0.62,0.24128686327077728,0.21367054255292045
protein heterodimerization activity,molfunc,0.63,0.185752585216392,0.2044889845736965
protein heterodimerization activity,molfunc,0.64,0.15894293374186122,0.2005283125042273
protein heterodimerization activity,molfunc,0.65,0.20681731137495196,0.18761755030374994
protein heterodimerization activity,molfunc,0.66,0.20298736116430469,0.18481421747535945
protein heterodimerization activity,molfunc,0.67,0.15511298353121394,0.1749382559514883
protein heterodimerization activity,molfunc,0.68,0.18192263500574476,0.16231039889883014
protein heterodimerization activity,molfunc,0.6900000000000001,0.15511298353121394,0.15618936024601418
protein heterodimerization activity,molfunc,0.7000000000000001,0.16468785905783392,0.15022263349201034
protein heterodimerization activity,molfunc,0.71,0.16468785905783212,0.13857208513181696
protein heterodimerization activity,molfunc,0.72,0.1512830333205667,0.1394465192250764
protein heterodimerization activity,molfunc,0.73,0.12064343163538864,0.13075361559208565
protein heterodimerization activity,molfunc,0.74,0.10915358100344685,0.12154633896305994
protein heterodimerization activity,molfunc,0.75,0.1053236307927996,0.11671123280033135
protein heterodimerization activity,molfunc,0.76,0.14745308310991942,0.11125887904236083
protein heterodimerization activity,molfunc,0.77,0.09766373037150508,0.1097929160036612
protein heterodimerization activity,molfunc,0.78,0.10340865568747598,0.10254025675956834
protein heterodimerization activity,molfunc,0.79,0.07659900421294516,0.09963404933197084
protein heterodimerization activity,molfunc,0.8,0.07276905400229791,0.09214992223966224
protein heterodimerization activity,molfunc,0.81,0.09000382995021056,0.09194417304124827
protein heterodimerization activity,molfunc,0.8200000000000001,0.08617387973956332,0.08716050417812318
protein heterodimerization activity,molfunc,0.8300000000000001,0.07085407889697506,0.08469151379715634
protein heterodimerization activity,molfunc,0.84,0.07659900421294516,0.07749029185266601
protein heterodimerization activity,molfunc,0.85,0.06893910379165065,0.07538136256892271
protein heterodimerization activity,molfunc,0.86,0.08234392952891606,0.07196078214529025
protein heterodimerization activity,molfunc,0.87,0.04787437763309073,0.06653414703712147
protein heterodimerization activity,molfunc,0.88,0.03829950210647258,0.06535108914624108
protein heterodimerization activity,molfunc,0.89,0.0459594025277671,0.06082460678113347
protein heterodimerization activity,molfunc,0.9,0.05361930294906162,0.055732314120387406
protein heterodimerization activity,molfunc,0.91,0.032554576790501694,0.05542369032276643
protein heterodimerization activity,molfunc,0.92,0.04978935273841436,0.053520510237437105
protein heterodimerization activity,molfunc,0.93,0.04978935273841436,0.05701824661047479
protein heterodimerization activity,molfunc,0.9400000000000001,0.06510915358100339,0.054549256229507015
protein heterodimerization activity,molfunc,0.9500000000000001,0.040214477211796655,0.04745090888422516
protein heterodimerization activity,molfunc,0.96,0.04021447721179621,0.047579502133233365
protein heterodimerization activity,molfunc,0.97,0.028724626579854435,0.04940552626915746
protein heterodimerization activity,molfunc,0.98,0.05744925315970887,0.06319072256289426
protein heterodimerization activity,molfunc,0.99,0.11298353121409412,0.16161599535418295
protein homodimerization activity,molfunc,0.0,18.99735463457648,20.757064141027904
protein homodimerization activity,molfunc,0.01,7.437280633504504,7.5624840676902565
protein homodimerization activity,molfunc,0.02,5.427321610733615,5.26454497323372
protein homodimerization activity,molfunc,0.03,4.355343465255804,4.22952984162467
protein homodimerization activity,molfunc,0.04,3.6412677006068774,3.6500970645332074
protein homodimerization activity,molfunc,0.05,3.267804346698482,3.2952003712636704
protein homodimerization activity,molfunc,0.06,3.0542732161073336,3.108862612833432
protein homodimerization activity,molfunc,0.07,2.841606584020611,2.799798680968163
protein homodimerization activity,molfunc,0.08,2.58398602970417,2.5043826107418097
protein homodimerization activity,molfunc,0.09,2.386015872192539,2.281755135923026
protein homodimerization activity,molfunc,0.1,2.21830316233553,2.1369100143145685
protein homodimerization activity,molfunc,0.11,2.031571485381331,1.9646907334418373
protein homodimerization activity,molfunc,0.12,1.8655877725331518,1.8688419580236728
protein homodimerization activity,molfunc,0.13,1.7929698981620747,1.773620670496956
protein homodimerization activity,molfunc,0.14,1.6485986479243422,1.6609343033250354
protein homodimerization activity,molfunc,0.15,1.6001867316769527,1.5640397147544611
protein homodimerization activity,molfunc,0.16,1.5068208931998535,1.4763482819250793
protein homodimerization activity,molfunc,0.17,1.4264225322890218,1.3963174304370871
protein homodimerization activity,molfunc,0.18,1.3157667237235666,1.342065873155936
protein homodimerization activity,molfunc,0.19,1.3624496429621165,1.2593943434581107
protein homodimerization activity,molfunc,0.2,1.238826356830405,1.2062670353158051
protein homodimerization activity,molfunc,0.21,1.2284523747773906,1.1526952565837196
protein homodimerization activity,molfunc,0.22,1.1549700019018958,1.0796190625592346
protein homodimerization activity,molfunc,0.23,1.0927261095838325,1.0259949931695347
protein homodimerization activity,molfunc,0.24,0.9993602711067301,0.9894699688216946
protein homodimerization activity,molfunc,0.25,0.9215554057091473,0.9544875188736583
protein homodimerization activity,molfunc,0.26,0.9552708473814332,0.9100927505539533
protein homodimerization activity,molfunc,0.27,0.9760188114874553,0.877803269473367
protein homodimerization activity,molfunc,0.28,0.9163684146826468,0.8352648194991901
protein homodimerization activity,molfunc,0.29,0.794474125559762,0.7997071723173251
protein homodimerization activity,molfunc,0.3,0.8039836091083555,0.7733003902190317
protein homodimerization activity,molfunc,0.31,0.7849646420111686,0.735755698047597
protein homodimerization activity,molfunc,0.32,0.7261787437107727,0.7141073657927585
protein homodimerization activity,molfunc,0.33,0.7244497467019376,0.6929819401141237
protein homodimerization activity,molfunc,0.34,0.6829538184898933,0.6599865351556622
protein homodimerization activity,molfunc,0.35000000000000003,0.6941922990473259,0.6207423966115683
protein homodimerization activity,molfunc,0.36,0.6587478603662009,0.6021269224987086
protein homodimerization activity,molfunc,0.37,0.6267614157027503,0.5645299396696533
protein homodimerization activity,molfunc,0.38,0.6241679201894975,0.5552483479420354
protein homodimerization activity,molfunc,0.39,0.5221570966682223,0.5344628115379331
protein homodimerization activity,molfunc,0.4,0.5273440876947278,0.5119778287611685
protein homodimerization activity,molfunc,0.41000000000000003,0.5143766101284669,0.4954016902955099
protein homodimerization activity,molfunc,0.42,0.453861714819233,0.47218463831205715
protein homodimerization activity,molfunc,0.43,0.5048671265798705,0.448130935806681
protein homodimerization activity,molfunc,0.44,0.4676936908899143,0.4324698838493764
protein homodimerization activity,molfunc,0.45,0.4296557566955405,0.42376348935558267
protein homodimerization activity,molfunc,0.46,0.3682763628818919,0.4141942990110526
protein homodimerization activity,molfunc,0.47000000000000003,0.397669312032092,0.38580047192318684
protein homodimerization activity,molfunc,0.48,0.4063142970762657,0.3784797798563311
protein homodimerization activity,molfunc,0.49,0.3682763628818919,0.3662176206443513
protein homodimerization activity,molfunc,0.5,0.34493490326261705,0.3471053852841014
protein homodimerization activity,molfunc,0.51,0.3181354496256719,0.3354707139635662
protein homodimerization activity,molfunc,0.52,0.3172709511212543,0.3211169284467711
protein homodimerization activity,molfunc,0.53,0.299116482528485,0.30519442320136453
protein homodimerization activity,molfunc,0.54,0.2861490049622212,0.29120667228791214
protein homodimerization activity,molfunc,0.55,0.26194304683852876,0.28406899752272985
protein homodimerization activity,molfunc,0.56,0.259349551325276,0.27591165493395015
protein homodimerization activity,molfunc,0.5700000000000001,0.26972353337829,0.2602506029766483
protein homodimerization activity,molfunc,0.58,0.2679945363694518,0.24987090743899948
protein homodimerization activity,molfunc,0.59,0.2636720438473639,0.24474642299220195
protein homodimerization activity,molfunc,0.6,0.22131161713090217,0.23290258904118522
protein homodimerization activity,molfunc,0.61,0.22822760516624288,0.22694145407246158
protein homodimerization activity,molfunc,0.62,0.22304061413973736,0.21376420835212512
protein homodimerization activity,molfunc,0.63,0.19710565900720972,0.20445647129569694
protein homodimerization activity,molfunc,0.64,0.21007313657347354,0.1996718761234319
protein homodimerization activity,molfunc,0.65,0.194512163493957,0.18767117019955407
protein homodimerization activity,molfunc,0.66,0.17722219340560524,0.18529194527782664
protein homodimerization activity,molfunc,0.67,0.18586717844978112,0.17433705250635642
protein homodimerization activity,molfunc,0.68,0.17203520237909972,0.16228405592485817
protein homodimerization activity,molfunc,0.6900000000000001,0.14350675173331937,0.15655822891542626
protein homodimerization activity,molfunc,0.7000000000000001,0.15128723827307933,0.15038793131622274
protein homodimerization activity,molfunc,0.71,0.14264225322890178,0.13880555065330627
protein homodimerization activity,molfunc,0.72,0.14004875771564904,0.13958991051761202
protein homodimerization activity,molfunc,0.73,0.12102979061846211,0.13090966135262846
protein homodimerization activity,molfunc,0.74,0.12275878762729729,0.1213404710080984
protein homodimerization activity,molfunc,0.75,0.12535228314055005,0.11629442254773147
protein homodimerization activity,molfunc,0.76,0.11757179660079177,0.11156211803308681
protein homodimerization activity,molfunc,0.77,0.09163684146826419,0.11017641560614667
protein homodimerization activity,molfunc,0.78,0.11670729809637419,0.10212365433260771
protein homodimerization activity,molfunc,0.79,0.11238480557428626,0.09893392421776435
protein homodimerization activity,molfunc,0.8,0.10892681155661592,0.09137792419161904
protein homodimerization activity,molfunc,0.81,0.08558535193734107,0.0921099933983044
protein homodimerization activity,molfunc,0.8200000000000001,0.09768833099918728,0.08682863697864572
protein homodimerization activity,molfunc,0.8300000000000001,0.07694036689316607,0.08473701067383135
protein homodimerization activity,molfunc,0.84,0.09509483548593453,0.07694570268839337
protein homodimerization activity,molfunc,0.85,0.09509483548593453,0.07469720441071691
protein homodimerization activity,molfunc,0.86,0.07607586838874762,0.071978090214457
protein homodimerization activity,molfunc,0.87,0.07434687137991244,0.06604310057454355
protein homodimerization activity,molfunc,0.88,0.06829538184898934,0.06489270610689511
protein homodimerization activity,molfunc,0.89,0.0708888773622421,0.06031727356511162
protein homodimerization activity,molfunc,0.9,0.07348237287549486,0.055166643789503915
protein homodimerization activity,molfunc,0.91,0.060514895309231057,0.05495748115902238
protein homodimerization activity,molfunc,0.92,0.07002437885782452,0.05297043616944783
protein homodimerization activity,molfunc,0.93,0.061379393813648646,0.05678765417573577
protein homodimerization activity,molfunc,0.9400000000000001,0.064837387831319,0.05438228392519817
protein homodimerization activity,molfunc,0.9500000000000001,0.0440894237252974,0.047453771790497964
protein homodimerization activity,molfunc,0.96,0.04927641475180243,0.047427626461687244
protein homodimerization activity,molfunc,0.97,0.05705690129156072,0.04889176487505796
protein homodimerization activity,molfunc,0.98,0.08817884745059383,0.062356609212306555
protein homodimerization activity,molfunc,0.99,0.17376419938793491,0.16058460955219572
protein kinase activity,molfunc,0.0,20.932786329004596,20.69565212788426
protein kinase activity,molfunc,0.01,7.744224066134057,7.550854155010357
protein kinase activity,molfunc,0.02,5.17350936179401,5.27343388152619
protein kinase activity,molfunc,0.03,4.448008883679323,4.224008655620938
protein kinase activity,molfunc,0.04,3.6799407754711737,3.648546430535624
protein kinase activity,molfunc,0.05,3.2647521515160878,3.2956679019488395
protein kinase activity,molfunc,0.06,2.9624602856349647,3.113472162745997
protein kinase activity,molfunc,0.07,2.682377618063483,2.8061161024086165
protein kinase activity,molfunc,0.08,2.4022949504919966,2.5111993211858934
protein kinase activity,molfunc,0.09,2.288164348067489,2.284672108542501
protein kinase activity,molfunc,0.1,2.0845800302291875,2.1416468652751974
protein kinase activity,molfunc,0.11,1.9439217742681771,1.9676292904264672
protein kinase activity,molfunc,0.12,1.8291742496684025,1.8704441140242534
protein kinase activity,molfunc,0.13,1.8316419383694729,1.7717238776461905
protein kinase activity,molfunc,0.14,1.7039390480890868,1.6587117035619245
protein kinase activity,molfunc,0.15,1.621271476603225,1.5626910554172517
protein kinase activity,molfunc,0.16,1.4553194114562436,1.478183357091473
protein kinase activity,molfunc,0.17,1.4787624541164162,1.3937021253170059
protein kinase activity,molfunc,0.18,1.3350195872790636,1.3415630192406522
protein kinase activity,molfunc,0.19,1.2831981245565862,1.26152816808589
protein kinase activity,molfunc,0.2,1.2159536074524222,1.206848273083996
protein kinase activity,molfunc,0.21,1.186958265214842,1.1535446387501003
protein kinase activity,molfunc,0.22,1.065424596687127,1.0825348815912952
protein kinase activity,molfunc,0.23,1.0173046670162578,1.0284107841668642
protein kinase activity,molfunc,0.24,0.9636324377679747,0.9908812144124126
protein kinase activity,molfunc,0.25,0.9475924612110174,0.9537751094788887
protein kinase activity,molfunc,0.26,0.9204478854992434,0.911031629116805
protein kinase activity,molfunc,0.27,0.8778802554057799,0.8808068275233071
protein kinase activity,molfunc,0.28,0.8217403374564336,0.838328012674306
protein kinase activity,molfunc,0.29,0.800764983497331,0.7995015819057709
protein kinase activity,molfunc,0.3,0.8001480613220635,0.7730879637005948
protein kinase activity,molfunc,0.31,0.7366050772695019,0.7372257866785372
protein kinase activity,molfunc,0.32,0.7230327894136148,0.7140940208355272
protein kinase activity,molfunc,0.33,0.700206668928714,0.6936353766746043
protein kinase activity,molfunc,0.34,0.63728060705142,0.6616637826947919
protein kinase activity,molfunc,0.35000000000000003,0.6089021869891142,0.6234990157089598
protein kinase activity,molfunc,0.36,0.610136031339646,0.6035167694715736
protein kinase activity,molfunc,0.37,0.5552299577408305,0.5668341293589744
protein kinase activity,molfunc,0.38,0.5638668681945768,0.5569885722724758
protein kinase activity,molfunc,0.39,0.5095777167710289,0.5351536674435476
protein kinase activity,molfunc,0.4,0.5145130941731696,0.5123395002162313
protein kinase activity,molfunc,0.41000000000000003,0.49847311761621504,0.49585083875147984
protein kinase activity,molfunc,0.42,0.4608408649248893,0.47211034222838794
protein kinase activity,molfunc,0.43,0.4589900983990865,0.44940204120630267
protein kinase activity,molfunc,0.44,0.43307936703784783,0.4335221104216277
protein kinase activity,molfunc,0.45,0.41889015700669324,0.4241529512586694
protein kinase activity,molfunc,0.46,0.3985317252228628,0.41346046453032154
protein kinase activity,molfunc,0.47000000000000003,0.3929794256454567,0.385855851516297
protein kinase activity,molfunc,0.48,0.38064098214010267,0.37923921368934693
protein kinase activity,molfunc,0.49,0.399765569573398,0.3648414097779083
protein kinase activity,molfunc,0.5,0.3491779512014556,0.3469500210938411
protein kinase activity,molfunc,0.51,0.3238841420154845,0.3354370712749517
protein kinase activity,molfunc,0.52,0.3306702859434279,0.32058933599128053
protein kinase activity,molfunc,0.53,0.28933650020049945,0.3056886676049939
protein kinase activity,molfunc,0.54,0.28871957802523185,0.29115853093701627
protein kinase activity,molfunc,0.55,0.2714457571177394,0.2839331624299891
protein kinase activity,molfunc,0.56,0.2578734692618524,0.27617846289680614
protein kinase activity,molfunc,0.5700000000000001,0.2806995897467563,0.259663334880747
protein kinase activity,molfunc,0.58,0.24738579228230337,0.250532374679556
protein kinase activity,molfunc,0.59,0.25108732533390893,0.24505379855884313
protein kinase activity,molfunc,0.6,0.23134581572534602,0.23261451944418104
protein kinase activity,molfunc,0.61,0.20358431783830452,0.2279828729653175
protein kinase activity,molfunc,0.62,0.20728585088991006,0.214326132490497
protein kinase activity,molfunc,0.63,0.1887781856318824,0.20490404022492315
protein kinase activity,molfunc,0.64,0.20049970696196656,0.1999547951303661
protein kinase activity,molfunc,0.65,0.19124587433295273,0.18772724842616637
protein kinase activity,molfunc,0.66,0.17150436472438987,0.18563639087285083
protein kinase activity,molfunc,0.67,0.17705666430179817,0.1745733724261939
protein kinase activity,molfunc,0.68,0.16225053209537604,0.16258402468376426
protein kinase activity,molfunc,0.6900000000000001,0.1579320768685029,0.1560997196133553
protein kinase activity,molfunc,0.7000000000000001,0.12091674635244887,0.15167980554495578
protein kinase activity,molfunc,0.71,0.1344890342083345,0.13910819367375304
protein kinase activity,molfunc,0.72,0.11906597982664475,0.1404844543417582
protein kinase activity,molfunc,0.73,0.10672753632129298,0.1316446262049558
protein kinase activity,molfunc,0.74,0.10055831456861708,0.12227546704199754
protein kinase activity,molfunc,0.75,0.0999413923933495,0.11727328884482491
protein kinase activity,molfunc,0.76,0.07896603843425146,0.11314450684080941
protein kinase activity,molfunc,0.77,0.0943890928159412,0.11028611929956791
protein kinase activity,molfunc,0.78,0.0993244702180819,0.1026902190742317
protein kinase activity,molfunc,0.79,0.0999413923933495,0.09930250050683437
protein kinase activity,molfunc,0.8,0.08883679323853289,0.09202419889719167
protein kinase activity,molfunc,0.81,0.07834911625898386,0.09250059682073192
protein kinase activity,molfunc,0.8200000000000001,0.09130448193960324,0.08696908759740345
protein kinase activity,molfunc,0.8300000000000001,0.08945371541380145,0.08429596591531742
protein kinase activity,molfunc,0.84,0.07279681668157555,0.07767932808836858
protein kinase activity,molfunc,0.85,0.07217989450630796,0.07542967122720629
protein kinase activity,molfunc,0.86,0.06724451710416725,0.07230661817288686
protein kinase activity,molfunc,0.87,0.07094605015577278,0.06608697861555582
protein kinase activity,molfunc,0.88,0.07773219408371627,0.06444605243447274
protein kinase activity,molfunc,0.89,0.056756840124618235,0.06079366835399748
protein kinase activity,molfunc,0.9,0.04626916314506921,0.056109088772518356
protein kinase activity,molfunc,0.91,0.04565224096980162,0.05552682464374694
protein kinase activity,molfunc,0.92,0.04935377402140716,0.05364769950089373
protein kinase activity,molfunc,0.93,0.04256763009346367,0.0575382825431391
protein kinase activity,molfunc,0.9400000000000001,0.06354298405256172,0.05430936328358852
protein kinase activity,molfunc,0.9500000000000001,0.045652240969802124,0.04742805994356321
protein kinase activity,molfunc,0.96,0.0468860853203368,0.04750745959748606
protein kinase activity,molfunc,0.97,0.04565224096980162,0.0492807185351081
protein kinase activity,molfunc,0.98,0.06354298405256172,0.06309625831777536
protein kinase activity,molfunc,0.99,0.18445973040500926,0.15996383610429288
protein kinase binding,molfunc,0.0,21.33365065835718,20.675216475892686
protein kinase binding,molfunc,0.01,8.095662425211842,7.533009980392428
protein kinase binding,molfunc,0.02,5.520348467154093,5.257260280676595
protein kinase binding,molfunc,0.03,4.385173541734697,4.225921146282274
protein kinase binding,molfunc,0.04,3.6700852903247223,3.6488648779766426
protein kinase binding,molfunc,0.05,3.398883089712583,3.289374994015596
protein kinase binding,molfunc,0.06,3.1636566912224553,3.1045499567526935
protein kinase binding,molfunc,0.07,2.915146919641129,2.7955418573253925
protein kinase binding,molfunc,0.08,2.648372510059389,2.4999122287202535
protein kinase binding,molfunc,0.09,2.3234833432036157,2.2829575835981526
protein kinase binding,molfunc,0.1,2.1159306386535097,2.1404223447592043
protein kinase binding,molfunc,0.11,2.0544950381066776,1.9624328283736363
protein kinase binding,molfunc,0.12,1.9155730945278022,1.8664961598735226
protein kinase binding,molfunc,0.13,1.793255367312938,1.773272421838344
protein kinase binding,molfunc,0.14,1.6925231213712901,1.659036771378693
protein kinase binding,molfunc,0.15,1.5646706553684187,1.565121502048527
protein kinase binding,molfunc,0.16,1.4312834505775487,1.4794514135431605
protein kinase binding,molfunc,0.17,1.4091444954255412,1.3966272422902266
protein kinase binding,molfunc,0.18,1.3349789956662983,1.341597309624093
protein kinase binding,molfunc,0.19,1.2436558056642506,1.2633212865035421
protein kinase binding,molfunc,0.2,1.1816667312386215,1.2084509379824118
protein kinase binding,molfunc,0.21,1.116356813540184,1.1567722723611953
protein kinase binding,molfunc,0.22,1.0471725786901478,1.08349655245052
protein kinase binding,molfunc,0.23,1.004001616143728,1.0291049563643773
protein kinase binding,molfunc,0.24,0.9785418177189119,0.9902994117728406
protein kinase binding,molfunc,0.25,0.9525285454152983,0.9535684610662553
protein kinase binding,molfunc,0.26,0.871721359110456,0.9133266591697573
protein kinase binding,molfunc,0.27,0.8606518815344502,0.8816492063880462
protein kinase binding,molfunc,0.28,0.816927445109232,0.8386412793116218
protein kinase binding,molfunc,0.29,0.736120258804385,0.8026018599000144
protein kinase binding,molfunc,0.3,0.741654997592388,0.7757651261831827
protein kinase binding,molfunc,0.31,0.7056791954703692,0.7387150071866054
protein kinase binding,molfunc,0.32,0.7145347775311738,0.7144582171472094
protein kinase binding,molfunc,0.33,0.6580804418935443,0.6956272880376783
protein kinase binding,molfunc,0.34,0.6359414867415327,0.6618486440135194
protein kinase binding,molfunc,0.35000000000000003,0.5839149421343087,0.6247719276594461
protein kinase binding,molfunc,0.36,0.5949844197103112,0.6042121703124547
protein kinase binding,molfunc,0.37,0.5197119721934719,0.5685983086208414
protein kinase binding,molfunc,0.38,0.514177233405469,0.5593424282110718
protein kinase binding,molfunc,0.39,0.47432711413184814,0.5369740505541288
protein kinase binding,molfunc,0.4,0.48705701334425483,0.5136481680272097
protein kinase binding,molfunc,0.41000000000000003,0.4715597447378493,0.4971312090201237
protein kinase binding,molfunc,0.42,0.46934584922264555,0.4717573299657528
protein kinase binding,molfunc,0.43,0.433923520979427,0.45055923603878073
protein kinase binding,molfunc,0.44,0.4023755098878105,0.43499978190166816
protein kinase binding,molfunc,0.45,0.37802265922059775,0.42614286185438865
protein kinase binding,molfunc,0.46,0.36252539061418965,0.41526454263715956
protein kinase binding,molfunc,0.47000000000000003,0.3630788644929919,0.3872575251903591
protein kinase binding,molfunc,0.48,0.3641858122505905,0.3800230439505371
protein kinase binding,molfunc,0.49,0.3348516966741752,0.36778825950084176
protein kinase binding,molfunc,0.5,0.32931695788617227,0.34789343609133716
protein kinase binding,molfunc,0.51,0.3160335847949653,0.3358714305016365
protein kinase binding,molfunc,0.52,0.29776894679455573,0.3221205966744789
protein kinase binding,molfunc,0.53,0.2606861969149364,0.3071462844023518
protein kinase binding,molfunc,0.54,0.24684934994492916,0.2931826717151995
protein kinase binding,molfunc,0.55,0.2579188275209349,0.2846449199579121
protein kinase binding,molfunc,0.56,0.2429750327933271,0.2769848809981028
protein kinase binding,molfunc,0.5700000000000001,0.22249649927771883,0.26235633437347
protein kinase binding,molfunc,0.58,0.23135208133852103,0.25131843101124196
protein kinase binding,molfunc,0.59,0.21917565600491465,0.2465575040188605
protein kinase binding,molfunc,0.6,0.1848602755192967,0.2348546667191519
protein kinase binding,molfunc,0.61,0.189288066549699,0.2287904692093029
protein kinase binding,molfunc,0.62,0.1754512195796918,0.21589075082212414
protein kinase binding,molfunc,0.63,0.17711164121609266,0.20554437875488177
protein kinase binding,molfunc,0.64,0.18375332776169612,0.20075685440500096
protein kinase binding,molfunc,0.65,0.1527587905488799,0.18955936689777983
protein kinase binding,molfunc,0.66,0.16493521588248627,0.1860219183503679
protein kinase binding,molfunc,0.67,0.14168931297287413,0.17626068814811097
protein kinase binding,molfunc,0.68,0.13560110030607092,0.16386631955341957
protein kinase binding,molfunc,0.6900000000000001,0.12840593988166715,0.15750955111107787
protein kinase binding,molfunc,0.7000000000000001,0.12895941376046888,0.15144535360123057
protein kinase binding,molfunc,0.71,0.11401561903285964,0.140114879306511
protein kinase binding,molfunc,0.72,0.11456909291165994,0.1408064106014938
protein kinase binding,molfunc,0.73,0.11180172351765848,0.13152393283422492
protein kinase binding,molfunc,0.74,0.08136066018364256,0.12330534936692959
protein kinase binding,molfunc,0.75,0.09353708551724893,0.11766670957707
protein kinase binding,molfunc,0.76,0.08025371242604198,0.11325154823217995
protein kinase binding,molfunc,0.77,0.08744887285044574,0.11069820191224353
protein kinase binding,molfunc,0.78,0.08191413406244286,0.10354351274492167
protein kinase binding,molfunc,0.79,0.07361202588043851,0.10056460870499585
protein kinase binding,molfunc,0.8,0.08136066018364256,0.09239921995269919
protein kinase binding,molfunc,0.81,0.07139813036523736,0.0929045697451866
protein kinase binding,molfunc,0.8200000000000001,0.06254254830443272,0.0883298242553005
protein kinase binding,molfunc,0.8300000000000001,0.06641686545603548,0.08537751757287497
protein kinase binding,molfunc,0.84,0.04815222745562519,0.07888776234303561
protein kinase binding,molfunc,0.85,0.0581147572740304,0.07612163716310451
protein kinase binding,molfunc,0.86,0.05700780951642982,0.07282356483318664
protein kinase binding,molfunc,0.87,0.04593833194042403,0.06726471711582505
protein kinase binding,molfunc,0.88,0.048705701334425484,0.06577526509586214
protein kinase binding,molfunc,0.89,0.04593833194042403,0.06133350639347274
protein kinase binding,molfunc,0.9,0.042064014788822005,0.05635980054109659
protein kinase binding,molfunc,0.91,0.037636223758419685,0.05596084017860653
protein kinase binding,molfunc,0.92,0.030441063334015927,0.05457777758864097
protein kinase binding,molfunc,0.93,0.03376190660681766,0.05803543406355487
protein kinase binding,molfunc,0.9400000000000001,0.03210148497041679,0.055774658676111165
protein kinase binding,molfunc,0.9500000000000001,0.025459798424813603,0.04840719064879516
protein kinase binding,molfunc,0.96,0.030994537212816215,0.048274203861297924
protein kinase binding,molfunc,0.97,0.030441063334015927,0.050029629456254214
protein kinase binding,molfunc,0.98,0.03431538048561795,0.06449859193589393
protein kinase binding,molfunc,0.99,0.1057135108508553,0.16362694333592553
protein serine kinase activity,molfunc,0.0,21.521656615073173,20.68008688885668
protein serine kinase activity,molfunc,0.01,8.143899455948716,7.5406591600918285
protein serine kinase activity,molfunc,0.02,5.418582092699592,5.2646933693085165
protein serine kinase activity,molfunc,0.03,4.649318881531777,4.220315895731278
protein serine kinase activity,molfunc,0.04,3.810889460587912,3.6448420599838713
protein serine kinase activity,molfunc,0.05,3.3832398464847553,3.2916402181745505
protein serine kinase activity,molfunc,0.06,2.9876428661802517,3.1109706339317595
protein serine kinase activity,molfunc,0.07,2.7784572561258503,2.8017260551967182
protein serine kinase activity,molfunc,0.08,2.476487706127959,2.507657198237315
protein serine kinase activity,molfunc,0.09,2.3052591624140675,2.284181612572194
protein serine kinase activity,molfunc,0.1,2.087638648728439,2.14090186698009
protein serine kinase activity,molfunc,0.11,1.984732824427482,1.9660932511472071
protein serine kinase activity,molfunc,0.12,1.824469655434185,1.8701198934350334
protein serine kinase activity,molfunc,0.13,1.866644173590315,1.7713207116680878
protein serine kinase activity,molfunc,0.14,1.713972417865129,1.658915710378156
protein serine kinase activity,molfunc,0.15,1.5823879212179985,1.5645645849937215
protein serine kinase activity,molfunc,0.16,1.4828560583695318,1.4770686994458757
protein serine kinase activity,molfunc,0.17,1.480325587280168,1.3946226661440664
protein serine kinase activity,molfunc,0.18,1.3200624182868699,1.3419524455675629
protein serine kinase activity,molfunc,0.19,1.2871662941250883,1.261651945344375
protein serine kinase activity,molfunc,0.2,1.2247480072540193,1.2066792014639884
protein serine kinase activity,molfunc,0.21,1.201973767449706,1.1534595150990572
protein serine kinase activity,molfunc,0.22,1.0425540888195342,1.0830493990675818
protein serine kinase activity,molfunc,0.23,1.0206233393783495,1.0281813153373713
protein serine kinase activity,molfunc,0.24,0.9379612837923318,0.9913671075126618
protein serine kinase activity,molfunc,0.25,0.931213360887351,0.9542127541998802
protein serine kinase activity,molfunc,0.26,0.8746995065581369,0.912558014429494
protein serine kinase activity,molfunc,0.27,0.8822909198262402,0.8806366686255551
protein serine kinase activity,molfunc,0.28,0.8105942389608237,0.8384847931418336
protein serine kinase activity,molfunc,0.29,0.7827590569777733,0.8000745180269252
protein serine kinase activity,molfunc,0.3,0.7895069798827541,0.7737263252199034
protein serine kinase activity,molfunc,0.31,0.720340770106701,0.7377232335590672
protein serine kinase activity,molfunc,0.32,0.7034709628442489,0.7148026606703372
protein serine kinase activity,molfunc,0.33,0.6764792712243256,0.6944462614609399
protein serine kinase activity,molfunc,0.34,0.6073130614482725,0.6623155953566472
protein serine kinase activity,molfunc,0.35000000000000003,0.5794778794652298,0.6242454657298216
protein serine kinase activity,molfunc,0.36,0.5988781578170465,0.6039413965955095
protein serine kinase activity,molfunc,0.37,0.5263379865885027,0.5675981594465985
protein serine kinase activity,molfunc,0.38,0.5330859094934836,0.5580217557054168
protein serine kinase activity,molfunc,0.39,0.5119986504154186,0.5347872023661562
protein serine kinase activity,molfunc,0.4,0.48331997806925014,0.5133318715799021
protein serine kinase activity,molfunc,0.41000000000000003,0.47572856480114933,0.4965862475516089
protein serine kinase activity,molfunc,0.42,0.4343975370081393,0.4728022284239171
protein serine kinase activity,molfunc,0.43,0.4445194213656105,0.44996015064781975
protein serine kinase activity,molfunc,0.44,0.3880055670363962,0.43491525405989767
protein serine kinase activity,molfunc,0.45,0.38463160558390586,0.42515569505590645
protein serine kinase activity,molfunc,0.46,0.38969254776264145,0.4135645834238204
protein serine kinase activity,molfunc,0.47000000000000003,0.3660748175952107,0.38677158497854913
protein serine kinase activity,molfunc,0.48,0.34751802960651146,0.38028265566758224
protein serine kinase activity,molfunc,0.49,0.35342246214836964,0.3666768361445919
protein serine kinase activity,molfunc,0.5,0.3163088861709752,0.34799499933802425
protein serine kinase activity,molfunc,0.51,0.3011260596347684,0.33601141214277497
protein serine kinase activity,molfunc,0.52,0.29859558854540064,0.3216991366060908
protein serine kinase activity,molfunc,0.53,0.2741343680148452,0.30597394904201924
protein serine kinase activity,molfunc,0.54,0.2825692716460712,0.2913215280172603
protein serine kinase activity,molfunc,0.55,0.24461220530555416,0.2846232784059419
protein serine kinase activity,molfunc,0.56,0.24798616675804458,0.27627663142933817
protein serine kinase activity,molfunc,0.5700000000000001,0.2564210703892734,0.2606561040154463
protein serine kinase activity,molfunc,0.58,0.21340306187001795,0.2515506709500575
protein serine kinase activity,molfunc,0.59,0.23533381131120557,0.24561120742752132
protein serine kinase activity,molfunc,0.6,0.22268145586436658,0.2328688341434899
protein serine kinase activity,molfunc,0.61,0.18725486061321733,0.2282114574606201
protein serine kinase activity,molfunc,0.62,0.18472438952384954,0.21494578342570445
protein serine kinase activity,molfunc,0.63,0.18388089916072695,0.2048722439711827
protein serine kinase activity,molfunc,0.64,0.18135042807135912,0.20055501277638765
protein serine kinase activity,molfunc,0.65,0.1619501497195393,0.18867608573131522
protein serine kinase activity,molfunc,0.66,0.1442368520939647,0.18632123235233616
protein serine kinase activity,molfunc,0.67,0.1417063810045969,0.17569822710938593
protein serine kinase activity,molfunc,0.68,0.13833241955210648,0.16332216435097346
protein serine kinase activity,molfunc,0.6900000000000001,0.12314959301589969,0.1571995455656278
protein serine kinase activity,molfunc,0.7000000000000001,0.09784488212222275,0.15204503316941964
protein serine kinase activity,molfunc,0.71,0.11724516047404147,0.13959047529837287
protein serine kinase activity,molfunc,0.72,0.09953186284846686,0.14084639710049507
protein serine kinase activity,molfunc,0.73,0.07591413268103406,0.13231659486108185
protein serine kinase activity,molfunc,0.74,0.07169668086542105,0.12292334638270962
protein serine kinase activity,molfunc,0.75,0.07760111340727927,0.11776883398649977
protein serine kinase activity,molfunc,0.76,0.05735734469233684,0.11342543775416053
protein serine kinase activity,molfunc,0.77,0.07928809413352444,0.11057344866184139
protein serine kinase activity,molfunc,0.78,0.07254017122854366,0.10348272348735985
protein serine kinase activity,molfunc,0.79,0.07422715195478885,0.10010743364415645
protein serine kinase activity,molfunc,0.8,0.058200835055459435,0.09293821335704228
protein serine kinase activity,molfunc,0.81,0.05988781578170464,0.09291204831949806
protein serine kinase activity,molfunc,0.8200000000000001,0.05904432541858204,0.08801918629873035
protein serine kinase activity,molfunc,0.8300000000000001,0.05820083505546008,0.08532418743167741
protein serine kinase activity,molfunc,0.84,0.04133102779300743,0.0785997727828139
protein serine kinase activity,molfunc,0.85,0.040487537429884826,0.07637574459155586
protein serine kinase activity,molfunc,0.86,0.045548479608620435,0.07292195963571982
protein serine kinase activity,molfunc,0.87,0.040487537429884826,0.06708715626336047
protein serine kinase activity,molfunc,0.88,0.04386149888237523,0.06564807919842879
protein serine kinase activity,molfunc,0.89,0.03036565307241362,0.06156633334153166
protein serine kinase activity,molfunc,0.9,0.020243768714942413,0.05680429650848501
protein serine kinase activity,molfunc,0.91,0.024461220530555414,0.05607167545724706
protein serine kinase activity,molfunc,0.92,0.022774239804310217,0.05442327809196169
protein serine kinase activity,molfunc,0.93,0.020243768714942413,0.0580602183106072
protein serine kinase activity,molfunc,0.9400000000000001,0.023617730167432818,0.05565303485653967
protein serine kinase activity,molfunc,0.9500000000000001,0.012652355446839148,0.048431484494337596
protein serine kinase activity,molfunc,0.96,0.017713297625574612,0.04840531945679284
protein serine kinase activity,molfunc,0.97,0.02699169161992322,0.04981823148418031
protein serine kinase activity,molfunc,0.98,0.017713297625574612,0.06452298258402765
protein serine kinase activity,molfunc,0.99,0.04386149888237523,0.16460425119063987
protein serine/threonine kinase activity,molfunc,0.0,21.60171299751947,20.674186988026733
protein serine/threonine kinase activity,molfunc,0.01,8.029675872520414,7.54240751128731
protein serine/threonine kinase activity,molfunc,0.02,5.377243973973296,5.265564302476801
protein serine/threonine kinase activity,molfunc,0.03,4.557689262853136,4.221921437380376
protein serine/threonine kinase activity,molfunc,0.04,3.767538998590094,3.6457381344056534
protein serine/threonine kinase activity,molfunc,0.05,3.3490911010080464,3.2924910237259377
protein serine/threonine kinase activity,molfunc,0.06,2.9856822962611087,3.1114948831561158
protein serine/threonine kinase activity,molfunc,0.07,2.7413991992942948,2.8031028810215632
protein serine/threonine kinase activity,molfunc,0.08,2.463187894415418,2.5082356920607523
protein serine/threonine kinase activity,molfunc,0.09,2.295808735382595,2.2844328612516973
protein serine/threonine kinase activity,molfunc,0.1,2.0703746428113674,2.1417001241656646
protein serine/threonine kinase activity,molfunc,0.11,1.9678360588993697,1.9666128825552505
protein serine/threonine kinase activity,molfunc,0.12,1.8004568998665476,1.8711250753712871
protein serine/threonine kinase activity,molfunc,0.13,1.8419247095368407,1.7718293110801557
protein serine/threonine kinase activity,molfunc,0.14,1.7047039575369662,1.6590349953884358
protein serine/threonine kinase activity,molfunc,0.15,1.589348050635964,1.564256256079599
protein serine/threonine kinase activity,molfunc,0.16,1.4679604623283784,1.4775661429018616
protein serine/threonine kinase activity,molfunc,0.17,1.4604208605701476,1.394999128109134
protein serine/threonine kinase activity,molfunc,0.18,1.3103827855812644,1.3423705347107096
protein serine/threonine kinase activity,molfunc,0.19,1.275700617493383,1.2619569853165162
protein serine/threonine kinase activity,molfunc,0.2,1.206336281317623,1.2072537118390196
protein serine/threonine kinase activity,molfunc,0.21,1.2085981618450903,1.1530494120514216
protein serine/threonine kinase activity,molfunc,0.22,1.0517744452737998,1.082877954186861
protein serine/threonine kinase activity,molfunc,0.23,1.0268937594716268,1.0279908482972937
protein serine/threonine kinase activity,molfunc,0.24,0.9560215029442136,0.9909354863785427
protein serine/threonine kinase activity,molfunc,0.25,0.9371724985486258,0.9540902186450178
protein serine/threonine kinase activity,molfunc,0.26,0.8821334057135094,0.9124390464245112
protein serine/threonine kinase activity,molfunc,0.27,0.8700700429003332,0.8810562275067906
protein serine/threonine kinase activity,molfunc,0.28,0.8165388704168685,0.8383808461333255
protein serine/threonine kinase activity,molfunc,0.29,0.8022136270762171,0.7994608983207164
protein serine/threonine kinase activity,molfunc,0.3,0.7893963040872175,0.7736718370845643
protein serine/threonine kinase activity,molfunc,0.31,0.7087225652741016,0.7381921815549904
protein serine/threonine kinase activity,molfunc,0.32,0.7200319679114543,0.7142677062126945
protein serine/threonine kinase activity,molfunc,0.33,0.7140002865048661,0.6932057641440652
protein serine/threonine kinase activity,molfunc,0.34,0.6212631848785741,0.6620330394115675
protein serine/threonine kinase activity,molfunc,0.35000000000000003,0.594120618548931,0.6239009447935538
protein serine/threonine kinase activity,molfunc,0.36,0.5978904194280452,0.6039945207436489
protein serine/threonine kinase activity,molfunc,0.37,0.5571765699335756,0.5666765410933716
protein serine/threonine kinase activity,molfunc,0.38,0.5503909283511641,0.557511182263008
protein serine/threonine kinase activity,molfunc,0.39,0.5096770788566943,0.5349523191246631
protein serine/threonine kinase activity,molfunc,0.4,0.49912163639516516,0.5128924296762234
protein serine/threonine kinase activity,molfunc,0.41000000000000003,0.4840424328786976,0.4963737743630493
protein serine/threonine kinase activity,molfunc,0.42,0.44936026479081337,0.47242303724759765
protein serine/threonine kinase activity,molfunc,0.43,0.4508681851424604,0.4497591270166411
protein serine/threonine kinase activity,molfunc,0.44,0.3965830524831675,0.43478991631948566
protein serine/threonine kinase activity,molfunc,0.45,0.39356721177987347,0.4249942749334523
protein serine/threonine kinase activity,molfunc,0.46,0.39507513213152046,0.41346535651932725
protein serine/threonine kinase activity,molfunc,0.47000000000000003,0.3686865259776996,0.38675713322282557
protein serine/threonine kinase activity,molfunc,0.48,0.3513454419337567,0.38027047525405605
protein serine/threonine kinase activity,molfunc,0.49,0.37471820738428563,0.36598407065887606
protein serine/threonine kinase activity,molfunc,0.5,0.32495683577993384,0.34781092363706617
protein serine/threonine kinase activity,molfunc,0.51,0.3053538712085225,0.3359931257182592
protein serine/threonine kinase activity,molfunc,0.52,0.306107831384346,0.3215228887110088
protein serine/threonine kinase activity,molfunc,0.53,0.27217962347228797,0.3061597514165598
protein serine/threonine kinase activity,molfunc,0.54,0.2827350659338171,0.29134811135832167
protein serine/threonine kinase activity,molfunc,0.55,0.24880685802175906,0.28462509743117814
protein serine/threonine kinase activity,molfunc,0.56,0.24277517661517098,0.2765627330732365
protein serine/threonine kinase activity,molfunc,0.5700000000000001,0.2578543801316441,0.2606218367694264
protein serine/threonine kinase activity,molfunc,0.58,0.2254340925712302,0.2512726455269895
protein serine/threonine kinase activity,molfunc,0.59,0.23448161468111234,0.24567888784542088
protein serine/threonine kinase activity,molfunc,0.6,0.214878650109701,0.23317828382463837
protein serine/threonine kinase activity,molfunc,0.61,0.1892440041317016,0.22829359401819815
protein serine/threonine kinase activity,molfunc,0.62,0.183966282900937,0.21508392212228725
protein serine/threonine kinase activity,molfunc,0.63,0.18095044219764295,0.20505192477787773
protein serine/threonine kinase activity,molfunc,0.64,0.18170440237346647,0.20061368511503688
protein serine/threonine kinase activity,molfunc,0.65,0.1651172785053492,0.1886645783304654
protein serine/threonine kinase activity,molfunc,0.66,0.15079203516470246,0.18624849520039818
protein serine/threonine kinase activity,molfunc,0.67,0.1477761944614084,0.17561247707347188
protein serine/threonine kinase activity,molfunc,0.68,0.14400639358229084,0.16321692014530098
protein serine/threonine kinase activity,molfunc,0.6900000000000001,0.12666530953835006,0.15720297409328587
protein serine/threonine kinase activity,molfunc,0.7000000000000001,0.10329254408782233,0.1520556665553183
protein serine/threonine kinase activity,molfunc,0.71,0.11761778742846792,0.13966010962714573
protein serine/threonine kinase activity,molfunc,0.72,0.10480046443946821,0.14081562764587352
protein serine/threonine kinase activity,molfunc,0.73,0.08142769898893934,0.1323330749174854
protein serine/threonine kinase activity,molfunc,0.74,0.07614997775817474,0.12295762190189852
protein serine/threonine kinase activity,molfunc,0.75,0.08293561934058637,0.11773152904447053
protein serine/threonine kinase activity,molfunc,0.76,0.06257869459335152,0.1134508600205471
protein serine/threonine kinase activity,molfunc,0.77,0.07991977863729231,0.11066711206633925
protein serine/threonine kinase activity,molfunc,0.78,0.07464205740652771,0.10352390976874924
protein serine/threonine kinase activity,molfunc,0.79,0.08368957951640987,0.09987352330049552
protein serine/threonine kinase activity,molfunc,0.8,0.06333265476917503,0.09288789164182296
protein serine/threonine kinase activity,molfunc,0.81,0.05880889371423396,0.09307172405389329
protein serine/threonine kinase activity,molfunc,0.8200000000000001,0.06408661494499855,0.08795067828907692
protein serine/threonine kinase activity,molfunc,0.8300000000000001,0.06333265476917574,0.0852457156543287
protein serine/threonine kinase activity,molfunc,0.84,0.04749949107688128,0.07852270172718422
protein serine/threonine kinase activity,molfunc,0.85,0.04523761054941074,0.07634297455549317
protein serine/threonine kinase activity,molfunc,0.86,0.04825345125270479,0.07292894404561559
protein serine/threonine kinase activity,molfunc,0.87,0.04071384949446967,0.06717761572512951
protein serine/threonine kinase activity,molfunc,0.88,0.05202325213182235,0.06544433869703782
protein serine/threonine kinase activity,molfunc,0.89,0.03317424773623454,0.061583858043560875
protein serine/threonine kinase activity,molfunc,0.9,0.02488068580217591,0.05677795355657936
protein serine/threonine kinase activity,molfunc,0.91,0.027896526505469955,0.05606888568145094
protein serine/threonine kinase activity,molfunc,0.92,0.027142566329646445,0.05438813219966506
protein serine/threonine kinase activity,molfunc,0.93,0.026388606153822932,0.05798599512161297
protein serine/threonine kinase activity,molfunc,0.9400000000000001,0.02865048668129347,0.05559617376469867
protein serine/threonine kinase activity,molfunc,0.9500000000000001,0.015079203516470414,0.048479233240262105
protein serine/threonine kinase activity,molfunc,0.96,0.023372765450528882,0.048321662601344136
protein serine/threonine kinase activity,molfunc,0.97,0.031666327384587516,0.04973979835160098
protein serine/threonine kinase activity,molfunc,0.98,0.021864845098881855,0.06455143840983907
protein serine/threonine kinase activity,molfunc,0.99,0.06182473441752801,0.16442496171033458
protein tyrosine kinase activity,molfunc,0.0,18.950180177909935,20.72326307191972
protein tyrosine kinase activity,molfunc,0.01,7.375954438928509,7.560668853245748
protein tyrosine kinase activity,molfunc,0.02,4.651866038353956,5.275604842741145
protein tyrosine kinase activity,molfunc,0.03,4.1151122646977285,4.234424725810263
protein tyrosine kinase activity,molfunc,0.04,3.540558929516417,3.6509495827229825
protein tyrosine kinase activity,molfunc,0.05,2.8828465589799173,3.298582893718825
protein tyrosine kinase activity,molfunc,0.06,2.729128342111229,3.1111068954148977
protein tyrosine kinase activity,molfunc,0.07,2.391452259153795,2.8051926211415927
protein tyrosine kinase activity,molfunc,0.08,2.2578938084318234,2.5092507471609435
protein tyrosine kinase activity,molfunc,0.09,2.373812463775418,2.283910390933471
protein tyrosine kinase activity,molfunc,0.1,2.139455182319886,2.1392977686946626
protein tyrosine kinase activity,molfunc,0.11,1.9202177254743855,1.9671264567010693
protein tyrosine kinase activity,molfunc,0.12,1.988256936219538,1.8675306337268098
protein tyrosine kinase activity,molfunc,0.13,1.8294987778141758,1.7736260006367963
protein tyrosine kinase activity,molfunc,0.14,1.6783005317138355,1.660391830732736
protein tyrosine kinase activity,molfunc,0.15,1.7690194793740377,1.5630263389293269
protein tyrosine kinase activity,molfunc,0.16,1.4313433964166002,1.4777097626466174
protein tyrosine kinase activity,molfunc,0.17,1.562381876370237,1.3955207772011986
protein tyrosine kinase activity,molfunc,0.18,1.4414232794899566,1.3402752177392838
protein tyrosine kinase activity,molfunc,0.19,1.2524254718645254,1.2625212586450958
protein tyrosine kinase activity,molfunc,0.2,1.2448655595595115,1.206839887345206
protein tyrosine kinase activity,molfunc,0.21,1.121386991910893,1.1552602745204394
protein tyrosine kinase activity,molfunc,0.22,1.0911473426908238,1.0817362538537294
protein tyrosine kinase activity,molfunc,0.23,1.040747927324045,1.0278237658962388
protein tyrosine kinase activity,molfunc,0.24,0.9147493889070879,0.9905233997630201
protein tyrosine kinase activity,molfunc,0.25,1.0130282488723121,0.9529154017441694
protein tyrosine kinase activity,molfunc,0.26,1.0609076934707549,0.9098982097362407
protein tyrosine kinase activity,molfunc,0.27,0.9147493889070879,0.8803399127248333
protein tyrosine kinase activity,molfunc,0.28,0.8215104704785463,0.837809804535831
protein tyrosine kinase activity,molfunc,0.29,0.7257515812816565,0.800304350478854
protein tyrosine kinase activity,molfunc,0.3,0.8341103243202371,0.7735916484095681
protein tyrosine kinase activity,molfunc,0.31,0.8542700904669499,0.7360092863811871
protein tyrosine kinase activity,molfunc,0.32,0.7509512889650474,0.7140905145297097
protein tyrosine kinase activity,molfunc,0.33,0.6904719905249093,0.6939406260206322
protein tyrosine kinase activity,molfunc,0.34,0.6627523120731794,0.6606394744006684
protein tyrosine kinase activity,molfunc,0.35000000000000003,0.6400725751581312,0.6227238444961865
protein tyrosine kinase activity,molfunc,0.36,0.6627523120731794,0.6031892197583751
protein tyrosine kinase activity,molfunc,0.37,0.5317138321195469,0.5667092053201853
protein tyrosine kinase activity,molfunc,0.38,0.5821132474863286,0.5570188009226901
protein tyrosine kinase activity,molfunc,0.39,0.4888743290577825,0.5345616732713518
protein tyrosine kinase activity,molfunc,0.4,0.5720333644129723,0.5118225497248484
protein tyrosine kinase activity,molfunc,0.41000000000000003,0.584633218254671,0.49505661195775624
protein tyrosine kinase activity,molfunc,0.42,0.5140740367411734,0.4712151408210588
protein tyrosine kinase activity,molfunc,0.43,0.415795176775949,0.45014235665507707
protein tyrosine kinase activity,molfunc,0.44,0.5140740367411734,0.4326842471453039
protein tyrosine kinase activity,molfunc,0.45,0.5014741828994779,0.42314765869062604
protein tyrosine kinase activity,molfunc,0.46,0.4183151475442881,0.41279071854092214
protein tyrosine kinase activity,molfunc,0.47000000000000003,0.46619459214273334,0.385334572748021
protein tyrosine kinase activity,molfunc,0.48,0.4031953229342536,0.3790537550829757
protein tyrosine kinase activity,molfunc,0.49,0.47375450444774797,0.3651846842389415
protein tyrosine kinase activity,molfunc,0.5,0.4107552352392709,0.34639350322475093
protein tyrosine kinase activity,molfunc,0.51,0.36539576140916735,0.33465221958969055
protein tyrosine kinase activity,molfunc,0.52,0.36287579064082826,0.3205780608218998
protein tyrosine kinase activity,molfunc,0.53,0.3376760829574374,0.30468374673077003
protein tyrosine kinase activity,molfunc,0.54,0.2948365798956729,0.2910197638104924
protein tyrosine kinase activity,molfunc,0.55,0.34019605372577644,0.2828418828507014
protein tyrosine kinase activity,molfunc,0.56,0.34523599526245463,0.2747152738718495
protein tyrosine kinase activity,molfunc,0.5700000000000001,0.34019605372578027,0.2597182194471574
protein tyrosine kinase activity,molfunc,0.58,0.30995640450570744,0.2497970911354332
protein tyrosine kinase activity,molfunc,0.59,0.32507622911574197,0.2444904411082334
protein tyrosine kinase activity,molfunc,0.6,0.2746768137489603,0.23213389370190346
protein tyrosine kinase activity,molfunc,0.61,0.2545170476022476,0.22669906372235585
protein tyrosine kinase activity,molfunc,0.62,0.2746768137489603,0.21341962065912165
protein tyrosine kinase activity,molfunc,0.63,0.19655771993044863,0.20431884404242637
protein tyrosine kinase activity,molfunc,0.64,0.24695713529723032,0.19949927783414828
protein tyrosine kinase activity,molfunc,0.65,0.22931733991885675,0.18745036231345313
protein tyrosine kinase activity,molfunc,0.66,0.24695713529723032,0.18442531543804458
protein tyrosine kinase activity,molfunc,0.67,0.2217574276138395,0.17419655524068847
protein tyrosine kinase activity,molfunc,0.68,0.19403774916210953,0.16225018368187155
protein tyrosine kinase activity,molfunc,0.6900000000000001,0.21419751530882222,0.1555848261597849
protein tyrosine kinase activity,molfunc,0.7000000000000001,0.14363833379532945,0.1504832640563433
protein tyrosine kinase activity,molfunc,0.71,0.15623818763702327,0.13874198042128125
protein tyrosine kinase activity,molfunc,0.72,0.14363833379532784,0.13956233211630728
protein tyrosine kinase activity,molfunc,0.73,0.1537182168686842,0.1303846475282033
protein tyrosine kinase activity,molfunc,0.74,0.1360784214903106,0.12123259893056891
protein tyrosine kinase activity,molfunc,0.75,0.11843862611193699,0.11654121267463867
protein tyrosine kinase activity,molfunc,0.76,0.11843862611193699,0.11167037448542148
protein tyrosine kinase activity,molfunc,0.77,0.10835874303858066,0.10964513123832591
protein tyrosine kinase activity,molfunc,0.78,0.1511982461003451,0.10205687805933493
protein tyrosine kinase activity,molfunc,0.79,0.12599853841695424,0.09905746717439591
protein tyrosine kinase activity,molfunc,0.8,0.1688380414787187,0.09111031012883103
protein tyrosine kinase activity,molfunc,0.81,0.12095859688027608,0.09162302993822231
protein tyrosine kinase activity,molfunc,0.8200000000000001,0.17135801224705777,0.08629074392055297
protein tyrosine kinase activity,molfunc,0.8300000000000001,0.1537182168686859,0.08380405284500617
protein tyrosine kinase activity,molfunc,0.84,0.1360784214903106,0.07688233541822291
protein tyrosine kinase activity,molfunc,0.85,0.1511982461003451,0.07452382429502302
protein tyrosine kinase activity,molfunc,0.86,0.12095859688027608,0.07160132138149271
protein tyrosine kinase activity,molfunc,0.87,0.1537182168686842,0.06539741168785818
protein tyrosine kinase activity,molfunc,0.88,0.14363833379532784,0.06419252013578866
protein tyrosine kinase activity,molfunc,0.89,0.12347856764861516,0.059988217698780134
protein tyrosine kinase activity,molfunc,0.9,0.11591865534359792,0.05509174351909338
protein tyrosine kinase activity,molfunc,0.91,0.08819897689186798,0.05478411163345861
protein tyrosine kinase activity,molfunc,0.92,0.11087871380691974,0.052887048338710864
protein tyrosine kinase activity,molfunc,0.93,0.09071894766020706,0.0565786309663281
protein tyrosine kinase activity,molfunc,0.9400000000000001,0.16379809994204053,0.0535792200813891
protein tyrosine kinase activity,molfunc,0.9500000000000001,0.133558450721973,0.046478050721320344
protein tyrosine kinase activity,molfunc,0.96,0.11591865534359792,0.046785682606954586
protein tyrosine kinase activity,molfunc,0.97,0.08063906458685072,0.04881092585405016
protein tyrosine kinase activity,molfunc,0.98,0.17639795378373596,0.061962188964936576
protein tyrosine kinase activity,molfunc,0.99,0.5468336567295815,0.15704607761655004
protein-containing complex binding,molfunc,0.0,21.673561149187908,20.57254538884855
protein-containing complex binding,molfunc,0.01,7.753506301774339,7.532089947670211
protein-containing complex binding,molfunc,0.02,5.464972734021591,5.242474057330732
protein-containing complex binding,molfunc,0.03,4.360243196123666,4.215791983025429
protein-containing complex binding,molfunc,0.04,3.882010763384303,3.617976373671408
protein-containing complex binding,molfunc,0.05,3.4403713136249996,3.2743637133948345
protein-containing complex binding,molfunc,0.06,3.2079848412516454,3.0934374772723836
protein-containing complex binding,molfunc,0.07,2.9095627559142896,2.7861312781605974
protein-containing complex binding,molfunc,0.08,2.584011390091715,2.4961124957719436
protein-containing complex binding,molfunc,0.09,2.338375734225583,2.277465635847924
protein-containing complex binding,molfunc,0.1,2.2065148127974505,2.1300752565406476
protein-containing complex binding,molfunc,0.11,1.997051530911608,1.962482553850737
protein-containing complex binding,molfunc,0.12,1.8818046649744147,1.8669544247128655
protein-containing complex binding,molfunc,0.13,1.7543601380438723,1.7769097833502825
protein-containing complex binding,molfunc,0.14,1.6384823586070303,1.6636036096357034
protein-containing complex binding,molfunc,0.15,1.5339610221639899,1.5693742012867136
protein-containing complex binding,molfunc,0.16,1.470449063198604,1.4781751414451227
protein-containing complex binding,molfunc,0.17,1.3964218792389527,1.397308126990653
protein-containing complex binding,molfunc,0.18,1.3215534772797521,1.344002853722479
protein-containing complex binding,molfunc,0.19,1.212405441839238,1.26928311766872
protein-containing complex binding,molfunc,0.2,1.154782008870646,1.214419379453893
protein-containing complex binding,molfunc,0.21,1.1646663203652559,1.1535815256101958
protein-containing complex binding,molfunc,0.22,1.0439515374310455,1.0870293002954148
protein-containing complex binding,molfunc,0.23,1.0296508314388422,1.0277210509364085
protein-containing complex binding,molfunc,0.24,0.9301768029930528,0.9979370541780127
protein-containing complex binding,molfunc,0.25,0.9316489344922505,0.9565222912436195
protein-containing complex binding,molfunc,0.26,0.9171379240001589,0.9106341567030724
protein-containing complex binding,molfunc,0.27,0.855729010033627,0.8841113921478756
protein-containing complex binding,molfunc,0.28,0.7981055770650362,0.8430718152191645
protein-containing complex binding,molfunc,0.29,0.7573065040872673,0.8053511914175906
protein-containing complex binding,molfunc,0.3,0.7520488915901328,0.7772411014537585
protein-containing complex binding,molfunc,0.31,0.7131425591113367,0.7405017333593455
protein-containing complex binding,molfunc,0.32,0.6740259221326552,0.7200108053569628
protein-containing complex binding,molfunc,0.33,0.6477378596469823,0.7002413889039598
protein-containing complex binding,molfunc,0.34,0.62187040616108,0.6659840205394131
protein-containing complex binding,molfunc,0.35000000000000003,0.5726591531879035,0.6297930012225321
protein-containing complex binding,molfunc,0.36,0.5684530631901926,0.6086382825947166
protein-containing complex binding,molfunc,0.37,0.5488947447008519,0.5687531241450082
protein-containing complex binding,molfunc,0.38,0.5251303362138035,0.5616823109610876
protein-containing complex binding,molfunc,0.39,0.4963186197295059,0.5392865924683425
protein-containing complex binding,molfunc,0.4,0.46456264024681293,0.518997687699786
protein-containing complex binding,molfunc,0.41000000000000003,0.4479485847558701,0.5025472243739324
protein-containing complex binding,molfunc,0.42,0.4450043217574723,0.47530294826935315
protein-containing complex binding,molfunc,0.43,0.4084113387774155,0.4554758108923997
protein-containing complex binding,molfunc,0.44,0.3951621552846363,0.43876560340876647
protein-containing complex binding,molfunc,0.45,0.39032515178727245,0.4285489998695503
protein-containing complex binding,molfunc,0.46,0.3646680028012556,0.41945795434736644
protein-containing complex binding,molfunc,0.47000000000000003,0.3404829853144384,0.3924157014766185
protein-containing complex binding,molfunc,0.48,0.3402726808145511,0.38465223720529107
protein-containing complex binding,molfunc,0.49,0.3310192828195942,0.3711166805389284
protein-containing complex binding,molfunc,0.5,0.302417870835182,0.3531654731903621
protein-containing complex binding,molfunc,0.51,0.3167185768273881,0.3374653818758605
protein-containing complex binding,molfunc,0.52,0.28096681184687283,0.3264984063252895
protein-containing complex binding,molfunc,0.53,0.25362722686177297,0.312068175337696
protein-containing complex binding,molfunc,0.54,0.26246001585695905,0.29498278184838533
protein-containing complex binding,molfunc,0.55,0.24121926136853528,0.28921068945334794
protein-containing complex binding,molfunc,0.56,0.24731809186521142,0.27928269053388366
protein-containing complex binding,molfunc,0.5700000000000001,0.23049373187438327,0.2646504363124668
protein-containing complex binding,molfunc,0.58,0.2307040363742661,0.25310625152238914
protein-containing complex binding,molfunc,0.59,0.2241845968778192,0.24819997298660734
protein-containing complex binding,molfunc,0.6,0.20231292888973926,0.236713509120483
protein-containing complex binding,molfunc,0.61,0.19474196689386544,0.2314031841170486
protein-containing complex binding,molfunc,0.62,0.18717100489799166,0.21772332514081
protein-containing complex binding,molfunc,0.63,0.1745527349048686,0.20831481453689904
protein-containing complex binding,molfunc,0.64,0.17371151690532707,0.20358169877296842
protein-containing complex binding,molfunc,0.65,0.15983141991289174,0.1917200489011666
protein-containing complex binding,molfunc,0.66,0.15646654791472558,0.18897830501352383
protein-containing complex binding,molfunc,0.67,0.15141923991747638,0.17786702715307687
protein-containing complex binding,molfunc,0.68,0.1421658419225195,0.16537044711782098
protein-containing complex binding,molfunc,0.6900000000000001,0.1314403124283649,0.1595694942608084
protein-containing complex binding,molfunc,0.7000000000000001,0.12302813243295092,0.15417258787145016
protein-containing complex binding,molfunc,0.71,0.11335412543822189,0.14242637984754736
protein-containing complex binding,molfunc,0.72,0.10998925344005576,0.1436673797124804
protein-containing complex binding,molfunc,0.73,0.10346981394360887,0.13434545049449503
protein-containing complex binding,molfunc,0.74,0.09589885194773504,0.12487921896663373
protein-containing complex binding,molfunc,0.75,0.0912721529502566,0.12003066135480234
protein-containing complex binding,molfunc,0.76,0.09211337094979814,0.11443173173161607
protein-containing complex binding,molfunc,0.77,0.0820187549552997,0.11342161556248453
protein-containing complex binding,molfunc,0.78,0.07465809745931128,0.10637966284053892
protein-containing complex binding,molfunc,0.79,0.07087261646137437,0.10323387248524356
protein-containing complex binding,molfunc,0.8,0.07613022895850896,0.09405624557713411
protein-containing complex binding,molfunc,0.81,0.07549931545885281,0.09417168742503487
protein-containing complex binding,molfunc,0.8200000000000001,0.06582530846412514,0.09007350182455832
protein-containing complex binding,molfunc,0.8300000000000001,0.05951617346756429,0.08793782763839546
protein-containing complex binding,molfunc,0.84,0.05972647796744902,0.07991461920929253
protein-containing complex binding,molfunc,0.85,0.06098830496676132,0.07725945670757534
protein-containing complex binding,molfunc,0.86,0.057833737468480556,0.07405594542832959
protein-containing complex binding,molfunc,0.87,0.057413128468709794,0.06750462055996218
protein-containing complex binding,molfunc,0.88,0.05425856097042904,0.06646564392885544
protein-containing complex binding,molfunc,0.89,0.04626698997478445,0.0625983420241804
protein-containing complex binding,molfunc,0.9,0.04416394497593061,0.057288017020746006
protein-containing complex binding,molfunc,0.91,0.04142998647742062,0.05699941240099413
protein-containing complex binding,molfunc,0.92,0.05173490697180443,0.053709319735822825
protein-containing complex binding,molfunc,0.93,0.04668759897455522,0.05832699365185273
protein-containing complex binding,molfunc,0.9400000000000001,0.04584638097501369,0.055902714845937035
protein-containing complex binding,molfunc,0.9500000000000001,0.05278642947123193,0.04660964608992737
protein-containing complex binding,molfunc,0.96,0.03932694147856678,0.04860101796621474
protein-containing complex binding,molfunc,0.97,0.03890633247879601,0.050534668918552274
protein-containing complex binding,molfunc,0.98,0.04100937747764985,0.06614817884712838
protein-containing complex binding,molfunc,0.99,0.10515224994269193,0.16863167932101708
sequence-specific DNA binding,molfunc,0.0,19.526108824874257,20.895400564398905
sequence-specific DNA binding,molfunc,0.01,7.463923182441701,7.57409540445396
sequence-specific DNA binding,molfunc,0.02,5.2751714677640615,5.268381197036038
sequence-specific DNA binding,molfunc,0.03,4.2185642432556,4.235584829414747
sequence-specific DNA binding,molfunc,0.04,3.6790123456790114,3.6451376506873467
sequence-specific DNA binding,molfunc,0.05,3.291266575217194,3.294900343253779
sequence-specific DNA binding,molfunc,0.06,3.114220393232736,3.1061387589176266
sequence-specific DNA binding,molfunc,0.07,2.848834019204391,2.7933237449756168
sequence-specific DNA binding,molfunc,0.08,2.472976680384089,2.5121556154508706
sequence-specific DNA binding,molfunc,0.09,2.322816643804296,2.2786935435346485
sequence-specific DNA binding,molfunc,0.1,2.1905807041609524,2.1310375492935596
sequence-specific DNA binding,molfunc,0.11,2.0139003200731604,1.9590423310965421
sequence-specific DNA binding,molfunc,0.12,1.8454503886602636,1.8724995941007125
sequence-specific DNA binding,molfunc,0.13,1.800457247370826,1.7699566166592837
sequence-specific DNA binding,molfunc,0.14,1.6634659350708765,1.6601059787565162
sequence-specific DNA binding,molfunc,0.15,1.5529949702789196,1.5670511733656978
sequence-specific DNA binding,molfunc,0.16,1.4622770919067203,1.4796539115578593
sequence-specific DNA binding,molfunc,0.17,1.3783264746227735,1.400242036786412
sequence-specific DNA binding,molfunc,0.18,1.3702789208962036,1.3366241378507628
sequence-specific DNA binding,molfunc,0.19,1.304618198445358,1.2556210789465996
sequence-specific DNA binding,molfunc,0.2,1.225971650663011,1.2042022583617487
sequence-specific DNA binding,molfunc,0.21,1.1831732967535427,1.1503671952049952
sequence-specific DNA binding,molfunc,0.22,1.1290352080475528,1.0742260878174512
sequence-specific DNA binding,molfunc,0.23,1.0959304983996363,1.0170023917854845
sequence-specific DNA binding,molfunc,0.24,1.02898948331047,0.9834401931343932
sequence-specific DNA binding,molfunc,0.25,1.0032007315957925,0.9455169713047613
sequence-specific DNA binding,molfunc,0.26,0.9764974851394596,0.9009343492160021
sequence-specific DNA binding,molfunc,0.27,0.9278463648834011,0.8730886268935452
sequence-specific DNA binding,molfunc,0.28,0.8934613625971692,0.8286533366689306
sequence-specific DNA binding,molfunc,0.29,0.8486511202560578,0.791643572396962
sequence-specific DNA binding,molfunc,0.3,0.8352994970278913,0.764357711158237
sequence-specific DNA binding,molfunc,0.31,0.787197073616826,0.7291453956287808
sequence-specific DNA binding,molfunc,0.32,0.7731138545953354,0.7050124362826514
sequence-specific DNA binding,molfunc,0.33,0.7590306355738448,0.6834135849997298
sequence-specific DNA binding,molfunc,0.34,0.7155006858710556,0.6518256333281173
sequence-specific DNA binding,molfunc,0.35000000000000003,0.6962962962962995,0.611073639707001
sequence-specific DNA binding,molfunc,0.36,0.6695930498399628,0.5931875514004036
sequence-specific DNA binding,molfunc,0.37,0.6363054412437124,0.5550875313338037
sequence-specific DNA binding,molfunc,0.38,0.6330132601737535,0.5450689645722848
sequence-specific DNA binding,molfunc,0.39,0.5909465020576127,0.524943431930763
sequence-specific DNA binding,molfunc,0.4,0.5439414723365336,0.5073520073524489
sequence-specific DNA binding,molfunc,0.41000000000000003,0.549611339734799,0.4873148738294138
sequence-specific DNA binding,molfunc,0.42,0.5038866026520343,0.46645268186718936
sequence-specific DNA binding,molfunc,0.43,0.49931412894375815,0.441818794182984
sequence-specific DNA binding,molfunc,0.44,0.4788294467306809,0.4262016165841457
sequence-specific DNA binding,molfunc,0.45,0.4660265203475076,0.41715544012595074
sequence-specific DNA binding,molfunc,0.46,0.4400548696844989,0.40846286014169164
sequence-specific DNA binding,molfunc,0.47000000000000003,0.43859167809785293,0.3776999669092651
sequence-specific DNA binding,molfunc,0.48,0.428715134887974,0.37133523037841565
sequence-specific DNA binding,molfunc,0.49,0.39085505258344727,0.3623185202930486
sequence-specific DNA binding,molfunc,0.5,0.38408779149519856,0.34107326548406297
sequence-specific DNA binding,molfunc,0.51,0.36616369455875597,0.3299349765550802
sequence-specific DNA binding,molfunc,0.52,0.3480566986739823,0.3166456424096536
sequence-specific DNA binding,molfunc,0.53,0.33818015546410574,0.29967301166072746
sequence-specific DNA binding,molfunc,0.54,0.30727023319615887,0.28844632361326067
sequence-specific DNA binding,molfunc,0.55,0.3178783721993596,0.27786789576800985
sequence-specific DNA binding,molfunc,0.56,0.3061728395061726,0.2704718361881826
sequence-specific DNA binding,molfunc,0.5700000000000001,0.28331047096479484,0.25685837194165095
sequence-specific DNA binding,molfunc,0.58,0.26008230452674874,0.248843518532433
sequence-specific DNA binding,molfunc,0.59,0.27160493827160465,0.24106439610584182
sequence-specific DNA binding,molfunc,0.6,0.2529492455418379,0.2292778469746431
sequence-specific DNA binding,molfunc,0.61,0.2527663465935069,0.2228247113253118
sequence-specific DNA binding,molfunc,0.62,0.23795153177869205,0.2101836373821012
sequence-specific DNA binding,molfunc,0.63,0.2077732053040693,0.2036715689871139
sequence-specific DNA binding,molfunc,0.64,0.2046639231824415,0.19922214669008637
sequence-specific DNA binding,molfunc,0.65,0.20393232738911732,0.18528455234244387
sequence-specific DNA binding,molfunc,0.66,0.1913122999542751,0.184046964683668
sequence-specific DNA binding,molfunc,0.67,0.16625514403292166,0.17603211127445287
sequence-specific DNA binding,molfunc,0.68,0.17668038408779133,0.1602970681843026
sequence-specific DNA binding,molfunc,0.6900000000000001,0.1530864197530863,0.156672704326459
sequence-specific DNA binding,molfunc,0.7000000000000001,0.14887974394147385,0.15066156426954933
sequence-specific DNA binding,molfunc,0.71,0.13058984910836752,0.14025993466126477
sequence-specific DNA binding,molfunc,0.72,0.12985825331504333,0.1411733922189327
sequence-specific DNA binding,molfunc,0.73,0.12181069958847726,0.13203881664225367
sequence-specific DNA binding,molfunc,0.74,0.10973936899862817,0.12325783753951063
sequence-specific DNA binding,molfunc,0.75,0.11394604481024223,0.1169815001271473
sequence-specific DNA binding,molfunc,0.76,0.09291266575217184,0.11477152216504753
sequence-specific DNA binding,molfunc,0.77,0.0861454046639231,0.11341606901495968
sequence-specific DNA binding,molfunc,0.78,0.08010973936899857,0.10616734129927248
sequence-specific DNA binding,molfunc,0.79,0.08010973936899857,0.10242511195011689
sequence-specific DNA binding,molfunc,0.8,0.0748056698673982,0.09464598952352572
sequence-specific DNA binding,molfunc,0.81,0.06968449931412887,0.09550051433553762
sequence-specific DNA binding,molfunc,0.8200000000000001,0.06328303612254224,0.09099215929285412
sequence-specific DNA binding,molfunc,0.8300000000000001,0.05743026977594937,0.08887058044923933
sequence-specific DNA binding,molfunc,0.84,0.05340649291266571,0.08135665537809916
sequence-specific DNA binding,molfunc,0.85,0.04846822130772744,0.07961813938124736
sequence-specific DNA binding,molfunc,0.86,0.04023776863283033,0.07723136318217962
sequence-specific DNA binding,molfunc,0.87,0.040420667581161376,0.07045409743174035
sequence-specific DNA binding,molfunc,0.88,0.0354823959762231,0.06974690448386843
sequence-specific DNA binding,molfunc,0.89,0.03749428440786462,0.064354558256345
sequence-specific DNA binding,molfunc,0.9,0.025240054869684475,0.06061232890718942
sequence-specific DNA binding,molfunc,0.91,0.0268861454046639,0.05966940497669352
sequence-specific DNA binding,molfunc,0.92,0.021582075903063536,0.05860861555488563
sequence-specific DNA binding,molfunc,0.93,0.020484682213077258,0.06279284049646118
sequence-specific DNA binding,molfunc,0.9400000000000001,0.018655692729766787,0.060494463415877435
sequence-specific DNA binding,molfunc,0.9500000000000001,0.018472793781435945,0.05200814804141493
sequence-specific DNA binding,molfunc,0.96,0.016460905349794226,0.052479610006662306
sequence-specific DNA binding,molfunc,0.97,0.01609510745313213,0.05445385698613808
sequence-specific DNA binding,molfunc,0.98,0.017192501143118412,0.07051303017739634
sequence-specific DNA binding,molfunc,0.99,0.02981252857796065,0.18210218407702022
sequence-specific double-stranded DNA binding,molfunc,0.0,19.156780168966257,20.935047601840544
sequence-specific double-stranded DNA binding,molfunc,0.01,7.384560359549502,7.584647350062216
sequence-specific double-stranded DNA binding,molfunc,0.02,5.2381897539396975,5.273940068597939
sequence-specific double-stranded DNA binding,molfunc,0.03,4.186621441302993,4.2401335823918345
sequence-specific double-stranded DNA binding,molfunc,0.04,3.6731196657620275,3.6463854947706453
sequence-specific double-stranded DNA binding,molfunc,0.05,3.302093507238746,3.2932547303145205
sequence-specific double-stranded DNA binding,molfunc,0.06,3.1212968621956154,3.1051786489644715
sequence-specific double-stranded DNA binding,molfunc,0.07,2.8607138716225924,2.7921750558778893
sequence-specific double-stranded DNA binding,molfunc,0.08,2.471215012410119,2.511984240541558
sequence-specific double-stranded DNA binding,molfunc,0.09,2.3063363328544826,2.2816245530497508
sequence-specific double-stranded DNA binding,molfunc,0.1,2.194124502072284,2.1311695161718047
sequence-specific double-stranded DNA binding,molfunc,0.11,2.0121487484745293,1.9599077978429835
sequence-specific double-stranded DNA binding,molfunc,0.12,1.8643671429610151,1.8693958194306413
sequence-specific double-stranded DNA binding,molfunc,0.13,1.8111107399102682,1.7687136283763487
sequence-specific double-stranded DNA binding,molfunc,0.14,1.657433591623616,1.661037594817566
sequence-specific double-stranded DNA binding,molfunc,0.15,1.5780402822785866,1.5631820817755022
sequence-specific double-stranded DNA binding,molfunc,0.16,1.48587329692508,1.4759630375423625
sequence-specific double-stranded DNA binding,molfunc,0.17,1.3909550582774428,1.3981273986694243
sequence-specific double-stranded DNA binding,molfunc,0.18,1.3882038049833045,1.334337726826339
sequence-specific double-stranded DNA binding,molfunc,0.19,1.3219772078316379,1.253587986909857
sequence-specific double-stranded DNA binding,molfunc,0.2,1.2447455975034365,1.201658706313985
sequence-specific double-stranded DNA binding,molfunc,0.21,1.1954195563014498,1.148913477425915
sequence-specific double-stranded DNA binding,molfunc,0.22,1.136660646662434,1.0737005294921587
sequence-specific double-stranded DNA binding,molfunc,0.23,1.101680426208441,1.0170212641953167
sequence-specific double-stranded DNA binding,molfunc,0.24,1.0435110708467366,0.9817897825789204
sequence-specific double-stranded DNA binding,molfunc,0.25,1.0128542484263805,0.9447224173050969
sequence-specific double-stranded DNA binding,molfunc,0.26,0.9924163668128098,0.8994081460780563
sequence-specific double-stranded DNA binding,molfunc,0.27,0.9344435295435466,0.8727149805192337
sequence-specific double-stranded DNA binding,molfunc,0.28,0.9098787679887791,0.8269344531252315
sequence-specific double-stranded DNA binding,molfunc,0.29,0.8593736182321617,0.7906830361435946
sequence-specific double-stranded DNA binding,molfunc,0.3,0.8432591346522309,0.7639607295743366
sequence-specific double-stranded DNA binding,molfunc,0.31,0.7978634552990114,0.7282047097701059
sequence-specific double-stranded DNA binding,molfunc,0.32,0.7827315621812715,0.7043382222235167
sequence-specific double-stranded DNA binding,molfunc,0.33,0.7677961871559699,0.6829487205639363
sequence-specific double-stranded DNA binding,molfunc,0.34,0.7275099782061428,0.6507479040328239
sequence-specific double-stranded DNA binding,molfunc,0.35000000000000003,0.7060895061303852,0.6105624506424164
sequence-specific double-stranded DNA binding,molfunc,0.36,0.6762187560797779,0.5930487033707401
sequence-specific double-stranded DNA binding,molfunc,0.37,0.6461514879367363,0.5545242875751469
sequence-specific double-stranded DNA binding,molfunc,0.38,0.6382907642392092,0.545257446256691
sequence-specific double-stranded DNA binding,molfunc,0.39,0.6007558085835166,0.5242176367223352
sequence-specific double-stranded DNA binding,molfunc,0.4,0.5494645864571517,0.5069370175341456
sequence-specific double-stranded DNA binding,molfunc,0.41000000000000003,0.559487009171502,0.4865383102293711
sequence-specific double-stranded DNA binding,molfunc,0.42,0.5164495469275374,0.465003103517611
sequence-specific double-stranded DNA binding,molfunc,0.43,0.5068201603980665,0.4413406030440695
sequence-specific double-stranded DNA binding,molfunc,0.44,0.4836310254903613,0.42607071357592213
sequence-specific double-stranded DNA binding,molfunc,0.45,0.47518074751551964,0.41633761609049996
sequence-specific double-stranded DNA binding,molfunc,0.46,0.45493938399438705,0.4066045186050778
sequence-specific double-stranded DNA binding,molfunc,0.47000000000000003,0.4496333954985587,0.37673498290879914
sequence-specific double-stranded DNA binding,molfunc,0.48,0.4341084661959399,0.37116904991563643
sequence-specific double-stranded DNA binding,molfunc,0.49,0.39775261909487664,0.3616107984928266
sequence-specific double-stranded DNA binding,molfunc,0.5,0.3887127868427203,0.34086239906282484
sequence-specific double-stranded DNA binding,molfunc,0.51,0.37574259274180044,0.3289145847843125
sequence-specific double-stranded DNA binding,molfunc,0.52,0.3525534578340952,0.31632566827622155
sequence-specific double-stranded DNA binding,molfunc,0.53,0.34547880650632073,0.2990159080775964
sequence-specific double-stranded DNA binding,molfunc,0.54,0.31285680316158276,0.2878257600704044
sequence-specific double-stranded DNA binding,molfunc,0.55,0.3248444068003118,0.27727671429279116
sequence-specific double-stranded DNA binding,molfunc,0.56,0.3136428755313355,0.26975833360045903
sequence-specific double-stranded DNA binding,molfunc,0.5700000000000001,0.2851477521278026,0.25687800698801694
sequence-specific double-stranded DNA binding,molfunc,0.58,0.262941207682285,0.24854367800349086
sequence-specific double-stranded DNA binding,molfunc,0.59,0.27512532941345225,0.24087959225898178
sequence-specific double-stranded DNA binding,molfunc,0.6,0.25665262872426325,0.22899006000134028
sequence-specific double-stranded DNA binding,molfunc,0.61,0.25567003826207235,0.2227247427577302
sequence-specific double-stranded DNA binding,molfunc,0.62,0.23955555468214162,0.21025239029138076
sequence-specific double-stranded DNA binding,molfunc,0.63,0.21361516648030182,0.20285057364079026
sequence-specific double-stranded DNA binding,molfunc,0.64,0.2079161417995946,0.19879997319027023
sequence-specific double-stranded DNA binding,molfunc,0.65,0.20634399706008916,0.18513283929606958
sequence-specific double-stranded DNA binding,molfunc,0.66,0.19573202006842744,0.18347180170125202
sequence-specific double-stranded DNA binding,molfunc,0.67,0.16704037857245313,0.1758077159567429
sequence-specific double-stranded DNA binding,molfunc,0.68,0.17824190984142937,0.16024641638424156
sequence-specific double-stranded DNA binding,molfunc,0.6900000000000001,0.15564232921103868,0.15625409795459233
sequence-specific double-stranded DNA binding,molfunc,0.7000000000000001,0.1503363407152095,0.15042589586751484
sequence-specific double-stranded DNA binding,molfunc,0.71,0.1314706038411425,0.14002255514207687
sequence-specific double-stranded DNA binding,molfunc,0.72,0.13009497719407526,0.14101334949688032
sequence-specific double-stranded DNA binding,molfunc,0.73,0.12321684395873894,0.13171736716798907
sequence-specific double-stranded DNA binding,molfunc,0.74,0.11319442124439176,0.12259623090171018
sequence-specific double-stranded DNA binding,molfunc,0.75,0.11653522881584083,0.11656404174158325
sequence-specific double-stranded DNA binding,molfunc,0.76,0.09452520246276465,0.11429104292762238
sequence-specific double-stranded DNA binding,molfunc,0.77,0.08607492448792291,0.11312540251020654
sequence-specific double-stranded DNA binding,molfunc,0.78,0.08293063500891203,0.10546131676569744
sequence-specific double-stranded DNA binding,molfunc,0.79,0.08253759882403566,0.10181869046127297
sequence-specific double-stranded DNA binding,molfunc,0.8,0.07506991131138481,0.09438773280024704
sequence-specific double-stranded DNA binding,molfunc,0.81,0.06976392281555396,0.09520368109243811
sequence-specific double-stranded DNA binding,molfunc,0.8200000000000001,0.06504748859703763,0.0904245553810332
sequence-specific double-stranded DNA binding,molfunc,0.8300000000000001,0.05679372871463469,0.08861781273403964
sequence-specific double-stranded DNA binding,molfunc,0.84,0.0524703306809941,0.08118685507301274
sequence-specific double-stranded DNA binding,molfunc,0.85,0.04716434218516324,0.07946753545732438
sequence-specific double-stranded DNA binding,molfunc,0.86,0.04008969085738875,0.07684484451813875
sequence-specific double-stranded DNA binding,molfunc,0.87,0.03969665467251239,0.0702298351493039
sequence-specific double-stranded DNA binding,molfunc,0.88,0.03576629282374879,0.06932646382580664
sequence-specific double-stranded DNA binding,molfunc,0.89,0.036945401378377866,0.06413936396830618
sequence-specific double-stranded DNA binding,molfunc,0.9,0.02613690629427796,0.060088763517786165
sequence-specific double-stranded DNA binding,molfunc,0.91,0.026922978664030678,0.059301956236030476
sequence-specific double-stranded DNA binding,molfunc,0.92,0.022403062537952535,0.05807803379774385
sequence-specific double-stranded DNA binding,molfunc,0.93,0.020241363521132556,0.062361762331747034
sequence-specific double-stranded DNA binding,molfunc,0.9400000000000001,0.017293592134559853,0.060234468569963145
sequence-specific double-stranded DNA binding,molfunc,0.9500000000000001,0.01749011022699823,0.05178357554369893
sequence-specific double-stranded DNA binding,molfunc,0.96,0.01532841121017805,0.05224983171066469
sequence-specific double-stranded DNA binding,molfunc,0.97,0.016507519764807133,0.05396915132635304
sequence-specific double-stranded DNA binding,molfunc,0.98,0.016704037857245314,0.06999670706582074
sequence-specific double-stranded DNA binding,molfunc,0.99,0.02751253294134522,0.1807616877307602
signaling receptor activity,molfunc,0.0,16.58154269659087,20.89800662854514
signaling receptor activity,molfunc,0.01,6.454254871404034,7.610395399066096
signaling receptor activity,molfunc,0.02,4.437442413349866,5.308175285360277
signaling receptor activity,molfunc,0.03,3.683839337511801,4.258881424374844
signaling receptor activity,molfunc,0.04,3.213477266781176,3.670217527526631
signaling receptor activity,molfunc,0.05,2.7869094880049152,3.318097649514814
signaling receptor activity,molfunc,0.06,2.772690562045703,3.1228857467154088
signaling receptor activity,molfunc,0.07,2.5463252607751032,2.8129214394945383
signaling receptor activity,molfunc,0.08,2.15445166133931,2.523171618330317
signaling receptor activity,molfunc,0.09,2.0162437010157985,2.297359074351853
signaling receptor activity,molfunc,0.1,1.9479928564115991,2.148234074717098
signaling receptor activity,molfunc,0.11,1.856991730272663,1.9717756898625027
signaling receptor activity,molfunc,0.12,1.7938596990137736,1.8722439168608187
signaling receptor activity,molfunc,0.13,1.6772645061482623,1.778715394646002
signaling receptor activity,molfunc,0.14,1.622663830464905,1.662342643773211
signaling receptor activity,molfunc,0.15,1.5919509503930098,1.5638468299781079
signaling receptor activity,molfunc,0.16,1.494693496832022,1.4764278107764714
signaling receptor activity,molfunc,0.17,1.424736381112719,1.3959151862853905
signaling receptor activity,molfunc,0.18,1.3325977408970424,1.3416999878075557
signaling receptor activity,molfunc,0.19,1.2785658222520493,1.2616654983348936
signaling receptor activity,molfunc,0.2,1.2262401747221645,1.2063346514807465
signaling receptor activity,molfunc,0.21,1.1892709672282185,1.1533147905489698
signaling receptor activity,molfunc,0.22,1.1102137388950177,1.0805054524658078
signaling receptor activity,molfunc,0.23,1.0982698410892857,1.0246699075366583
signaling receptor activity,molfunc,0.24,1.026037697216502,0.9880660155707316
signaling receptor activity,molfunc,0.25,1.037412837983869,0.9496027096442746
signaling receptor activity,molfunc,0.26,1.0186438557177138,0.9064111796467477
signaling receptor activity,molfunc,0.27,0.9026174198905703,0.8796621816716496
signaling receptor activity,molfunc,0.28,0.9299177577322563,0.8333362109977999
signaling receptor activity,molfunc,0.29,0.9111487754660955,0.7943416439397575
signaling receptor activity,molfunc,0.3,0.9293490006938827,0.7669551326067622
signaling receptor activity,molfunc,0.31,0.8292477619410533,0.7329012940724268
signaling receptor activity,molfunc,0.32,0.8337978182480001,0.7088882909249702
signaling receptor activity,molfunc,0.33,0.8087725085597928,0.6885409895854218
signaling receptor activity,molfunc,0.34,0.8121850507900029,0.6535840071273987
signaling receptor activity,molfunc,0.35000000000000003,0.7331278224568063,0.6177504438022706
signaling receptor activity,molfunc,0.36,0.7177713824208568,0.5984656647258807
signaling receptor activity,molfunc,0.37,0.6864897453105976,0.560746124383637
signaling receptor activity,molfunc,0.38,0.6836459601187559,0.5513693654112342
signaling receptor activity,molfunc,0.39,0.6654457348909687,0.5279673125650955
signaling receptor activity,molfunc,0.4,0.6614644356223902,0.5054684036426447
signaling receptor activity,molfunc,0.41000000000000003,0.6250639851668194,0.4899290155439061
signaling receptor activity,molfunc,0.42,0.5989011614018719,0.46570350794381443
signaling receptor activity,molfunc,0.43,0.5687570383683493,0.4442405582279462
signaling receptor activity,molfunc,0.44,0.5971948902867668,0.4258589230752472
signaling receptor activity,molfunc,0.45,0.5511255701789305,0.4179962583278499
signaling receptor activity,molfunc,0.46,0.5659132531765075,0.40569756313175215
signaling receptor activity,molfunc,0.47000000000000003,0.5118813345315172,0.38027671798560836
signaling receptor activity,molfunc,0.48,0.4993686796874107,0.3736890799540031
signaling receptor activity,molfunc,0.49,0.4936811093037272,0.3603278624947435
signaling receptor activity,molfunc,0.5,0.4692245566538882,0.3413352770407264
signaling receptor activity,molfunc,0.51,0.4476117891958909,0.3297006582591048
signaling receptor activity,molfunc,0.52,0.4498868173493643,0.3149847249143139
signaling receptor activity,molfunc,0.53,0.4345303773134188,0.2989672017971499
signaling receptor activity,molfunc,0.54,0.3844797579370041,0.2866950696576312
signaling receptor activity,molfunc,0.55,0.4157613950472634,0.27723862151549117
signaling receptor activity,molfunc,0.56,0.3895985712823193,0.27009315929572814
signaling receptor activity,molfunc,0.5700000000000001,0.4026799831647958,0.2538896947825136
signaling receptor activity,molfunc,0.58,0.379360944591689,0.2443801205272127
signaling receptor activity,molfunc,0.59,0.3645732615941119,0.23973158562587984
signaling receptor activity,molfunc,0.6,0.3543356349034816,0.22687506624162213
signaling receptor activity,molfunc,0.61,0.3577481771336917,0.220871815454758
signaling receptor activity,molfunc,0.62,0.3389791948675362,0.2082012374665536
signaling receptor activity,molfunc,0.63,0.33272286744548435,0.19824009124941178
signaling receptor activity,molfunc,0.64,0.31224761406422374,0.19473376778097784
signaling receptor activity,molfunc,0.65,0.320778969639749,0.1816647439440878
signaling receptor activity,molfunc,0.66,0.2997349592201201,0.17969907775723848
signaling receptor activity,molfunc,0.67,0.29234111772133153,0.1691801073519367
signaling receptor activity,molfunc,0.68,0.2769846776853861,0.15722673189136652
signaling receptor activity,molfunc,0.6900000000000001,0.28779106141438476,0.15002814355844538
signaling receptor activity,molfunc,0.7000000000000001,0.26049072357270686,0.14527335643079795
signaling receptor activity,molfunc,0.71,0.2468405546518636,0.1338778051583861
signaling receptor activity,molfunc,0.72,0.23319038573102321,0.13523252104391736
signaling receptor activity,molfunc,0.73,0.24627179761349527,0.12521824871361747
signaling receptor activity,molfunc,0.74,0.23717168499960167,0.11597430502410985
signaling receptor activity,molfunc,0.75,0.20930259011955257,0.11222891404646454
signaling receptor activity,molfunc,0.76,0.2275028153473397,0.10633191548591657
signaling receptor activity,molfunc,0.77,0.21954021681018282,0.10449906458196248
signaling receptor activity,molfunc,0.78,0.23262162869265487,0.09647702149509092
signaling receptor activity,molfunc,0.79,0.21669643161834107,0.0938472788937655
signaling receptor activity,molfunc,0.8,0.21157761827302593,0.08630337082531675
signaling receptor activity,molfunc,0.81,0.19337739304523877,0.08717995169242523
signaling receptor activity,molfunc,0.8200000000000001,0.22465903015549796,0.08072512894371732
signaling receptor activity,molfunc,0.8300000000000001,0.2075963190044498,0.07875946275686888
signaling receptor activity,molfunc,0.84,0.18882733673829197,0.07227807695158106
signaling receptor activity,molfunc,0.85,0.17005835447213644,0.07087023495289169
signaling receptor activity,molfunc,0.86,0.1740396537407149,0.06733734842787871
signaling receptor activity,molfunc,0.87,0.18427728043134517,0.060776273452854634
signaling receptor activity,molfunc,0.88,0.17802095300929333,0.05971375118969284
signaling receptor activity,molfunc,0.89,0.15185812924434924,0.056366806060733195
signaling receptor activity,molfunc,0.9,0.14162050255371897,0.051691708102821296
signaling receptor activity,molfunc,0.91,0.14560180182229743,0.05089481640544995
signaling receptor activity,molfunc,0.92,0.14730807293740247,0.0490885285580749
signaling receptor activity,molfunc,0.93,0.1649395411268213,0.05187764949887461
signaling receptor activity,molfunc,0.9400000000000001,0.16892084039539976,0.04935415912386534
signaling receptor activity,molfunc,0.9500000000000001,0.1268328195561433,0.04364310195937119
signaling receptor activity,molfunc,0.96,0.13820796032350888,0.04324465611068503
signaling receptor activity,molfunc,0.97,0.16095824185824284,0.04390873252516115
signaling receptor activity,molfunc,0.98,0.20247750565913236,0.05660587356994459
signaling receptor activity,molfunc,0.99,0.5863885065577682,0.1411029565478863
signaling receptor binding,molfunc,0.0,19.449476254233282,20.791919943773365
signaling receptor binding,molfunc,0.01,7.255650941167205,7.579691247193483
signaling receptor binding,molfunc,0.02,5.057887690005514,5.283887819072191
signaling receptor binding,molfunc,0.03,4.218319288020791,4.234249801099088
signaling receptor binding,molfunc,0.04,3.7201701189257297,3.644993135782389
signaling receptor binding,molfunc,0.05,3.259037567929434,3.2968317722810405
signaling receptor binding,molfunc,0.06,3.0578089312435983,3.110666486912141
signaling receptor binding,molfunc,0.07,2.7797905016933147,2.8024887501970035
signaling receptor binding,molfunc,0.08,2.49350240214224,2.5076298470992486
signaling receptor binding,molfunc,0.09,2.202882570685987,2.2904596191139075
signaling receptor binding,molfunc,0.1,2.1205796644876753,2.1405888335007464
signaling receptor binding,molfunc,0.11,1.9130503268488628,1.9703464714178112
signaling receptor binding,molfunc,0.12,1.7913680396944145,1.874076531482764
signaling receptor binding,molfunc,0.13,1.8020004725525698,1.7722729010020033
signaling receptor binding,molfunc,0.14,1.67165472158778,1.6598087784405278
signaling receptor binding,molfunc,0.15,1.554697960148065,1.56581741696548
signaling receptor binding,molfunc,0.16,1.4263211782310767,1.4807504877921078
signaling receptor binding,molfunc,0.17,1.4219894463259064,1.3954936770804056
signaling receptor binding,molfunc,0.18,1.353469323462234,1.3404551568977576
signaling receptor binding,molfunc,0.19,1.3136961486965413,1.2588874732165298
signaling receptor binding,molfunc,0.2,1.2715602110734843,1.2027910416060312
signaling receptor binding,molfunc,0.21,1.1467275734425446,1.1554834126269586
signaling receptor binding,molfunc,0.22,1.0451287705757257,1.0843592135540687
signaling receptor binding,molfunc,0.23,1.0526108529573937,1.026255462824045
signaling receptor binding,molfunc,0.24,0.9978735134283679,0.9892014369149775
signaling receptor binding,molfunc,0.25,0.9793652043789862,0.9517405219951983
signaling receptor binding,molfunc,0.26,0.9356540915176805,0.9097495760894649
signaling receptor binding,molfunc,0.27,0.8943057415137426,0.8797482930327845
signaling receptor binding,molfunc,0.28,0.8462628967472671,0.8370520728418172
signaling receptor binding,molfunc,0.29,0.7730172481688581,0.801381469569177
signaling receptor binding,molfunc,0.3,0.7773489800740325,0.7739842761810694
signaling receptor binding,molfunc,0.31,0.774198629597542,0.7346516718120036
signaling receptor binding,molfunc,0.32,0.7549027329290376,0.7116760056736597
signaling receptor binding,molfunc,0.33,0.7710482791210516,0.6885918357991253
signaling receptor binding,molfunc,0.34,0.6859888162558079,0.6589160639510164
signaling receptor binding,molfunc,0.35000000000000003,0.6521225486335386,0.6208855044162406
signaling receptor binding,molfunc,0.36,0.6088052295817904,0.6034435288236101
signaling receptor binding,molfunc,0.37,0.5989603843427576,0.5641109244545445
signaling receptor binding,molfunc,0.38,0.580452075293376,0.555674758965731
signaling receptor binding,molfunc,0.39,0.5473733952902256,0.5331873596402446
signaling receptor binding,molfunc,0.4,0.5430416633850511,0.5103201972380912
signaling receptor binding,molfunc,0.41000000000000003,0.5225643852878656,0.4941260146116579
signaling receptor binding,molfunc,0.42,0.47806568480743444,0.47120460034140654
signaling receptor binding,molfunc,0.43,0.4686146333779629,0.44850019354353904
signaling receptor binding,molfunc,0.44,0.45955737575805267,0.43170924036805514
signaling receptor binding,molfunc,0.45,0.45010632432858116,0.4221337856492412
signaling receptor binding,molfunc,0.46,0.39064345908482284,0.4143757685116186
signaling receptor binding,molfunc,0.47000000000000003,0.38906828384657977,0.38594778962970294
signaling receptor binding,molfunc,0.48,0.42450972670709575,0.3761824533725535
signaling receptor binding,molfunc,0.49,0.3843427581318418,0.36503369447897693
signaling receptor binding,molfunc,0.5,0.3524454595573755,0.34666943712873044
signaling receptor binding,molfunc,0.51,0.3575647790816725,0.3334048553794386
signaling receptor binding,molfunc,0.52,0.33472473812711634,0.3200588958280039
signaling receptor binding,molfunc,0.53,0.33196818146018714,0.3031594389163295
signaling receptor binding,molfunc,0.54,0.30479640860045654,0.2901118646394188
signaling receptor binding,molfunc,0.55,0.2929825943136171,0.28276073651251066
signaling receptor binding,molfunc,0.56,0.29377018193273974,0.2741618154194114
signaling receptor binding,molfunc,0.5700000000000001,0.2669922028825734,0.2600834556486936
signaling receptor binding,molfunc,0.58,0.2788060171694099,0.2484464299422568
signaling receptor binding,molfunc,0.59,0.26462944002520256,0.24397065082439762
signaling receptor binding,molfunc,0.6,0.26187288335827336,0.23054331347082005
signaling receptor binding,molfunc,0.61,0.24887768764275003,0.22547076380391295
signaling receptor binding,molfunc,0.62,0.21776797668740627,0.21377948622938375
signaling receptor binding,molfunc,0.63,0.23115696621249093,0.20238659392937852
signaling receptor binding,molfunc,0.64,0.22840040954556173,0.19801931854770985
signaling receptor binding,molfunc,0.65,0.21107348192486394,0.18627378910508544
signaling receptor binding,molfunc,0.66,0.2000472552571472,0.18402233657913203
signaling receptor binding,molfunc,0.67,0.2094983066866187,0.1722768071365076
signaling receptor binding,molfunc,0.68,0.19847208001890193,0.16009726274912103
signaling receptor binding,molfunc,0.6900000000000001,0.1968969047806567,0.15337003110530845
signaling receptor binding,molfunc,0.7000000000000001,0.17287548239741848,0.14886712605340327
signaling receptor binding,molfunc,0.71,0.1594864928723319,0.137501359687444
signaling receptor binding,molfunc,0.72,0.15988028668189322,0.13820663397268243
signaling receptor binding,molfunc,0.73,0.16066787430101584,0.12854980145172562
signaling receptor binding,molfunc,0.74,0.1586989052532093,0.11881159112862591
signaling receptor binding,molfunc,0.75,0.14609750334724725,0.11452569354910015
signaling receptor binding,molfunc,0.76,0.13782783334645968,0.10994141069505042
signaling receptor binding,molfunc,0.77,0.13743403953689837,0.10771708410314464
signaling receptor binding,molfunc,0.78,0.13704024572733706,0.10017607443790308
signaling receptor binding,molfunc,0.79,0.13507127667953048,0.09686671048409205
signaling receptor binding,molfunc,0.8,0.1268016066787429,0.08948845642313628
signaling receptor binding,molfunc,0.81,0.12207608096400713,0.0898410935657555
signaling receptor binding,molfunc,0.8200000000000001,0.11892573048751663,0.08495842543718182
signaling receptor binding,molfunc,0.8300000000000001,0.11735055524927268,0.08224583203241959
signaling receptor binding,molfunc,0.84,0.11420020477278087,0.0749489557736058
signaling receptor binding,molfunc,0.85,0.11341261715365825,0.07267037731360476
signaling receptor binding,molfunc,0.86,0.11341261715365825,0.06925250962360319
signaling receptor binding,molfunc,0.87,0.08899740096085682,0.06472247863764874
signaling receptor binding,molfunc,0.88,0.10041742143813491,0.0625524039138382
signaling receptor binding,molfunc,0.89,0.10278018429550279,0.05772398765335981
signaling receptor binding,molfunc,0.9,0.08978498857997944,0.053356712271691135
signaling receptor binding,molfunc,0.91,0.08112152476963055,0.05332958633764351
signaling receptor binding,molfunc,0.92,0.09017878238954075,0.05094250414145193
signaling receptor binding,molfunc,0.93,0.09411672048515389,0.0543603718314535
signaling receptor binding,molfunc,0.9400000000000001,0.08309049381743712,0.052732815788595615
signaling receptor binding,molfunc,0.9500000000000001,0.075608411435773,0.04540881359573562
signaling receptor binding,molfunc,0.96,0.08427187524612106,0.044947672716925374
signaling receptor binding,molfunc,0.97,0.08702843191305025,0.04652097689168801
signaling receptor binding,molfunc,0.98,0.10908088524848379,0.05994831424526559
signaling receptor binding,molfunc,0.99,0.23194455383161355,0.1560826245100716
small GTPase binding,molfunc,0.0,19.977342815784507,20.720387754066042
small GTPase binding,molfunc,0.01,7.812952356976525,7.5535793280711445
small GTPase binding,molfunc,0.02,5.223739694128014,5.270261310270594
small GTPase binding,molfunc,0.03,4.138712316697085,4.2351678475339565
small GTPase binding,molfunc,0.04,3.7925608911825783,3.6469011687115573
small GTPase binding,molfunc,0.05,3.5949398955252074,3.2882120816243665
small GTPase binding,molfunc,0.06,3.153124803323051,3.106316388172607
small GTPase binding,molfunc,0.07,2.8233368997419612,2.800566899179593
small GTPase binding,molfunc,0.08,2.4494933601862936,2.5078969097157127
small GTPase binding,molfunc,0.09,2.3563471584114772,2.283343917799617
small GTPase binding,molfunc,0.1,2.0995657373025374,2.1401169229557917
small GTPase binding,molfunc,0.11,2.108376864497452,1.9637379293054356
small GTPase binding,molfunc,0.12,1.8931336144502469,1.8682446327431916
small GTPase binding,molfunc,0.13,1.857889105670588,1.7724664361912066
small GTPase binding,molfunc,0.14,1.6741141670338002,1.6602935402294356
small GTPase binding,molfunc,0.15,1.5381710617408257,1.5656549436364207
small GTPase binding,molfunc,0.16,1.5633457108691533,1.4754711468830375
small GTPase binding,molfunc,0.17,1.4525772547045153,1.3960617497417798
small GTPase binding,molfunc,0.18,1.4399899301403474,1.339263051786529
small GTPase binding,molfunc,0.19,1.2562149915035548,1.2625472545482976
small GTPase binding,molfunc,0.2,1.2675435836113058,1.2059816565846626
small GTPase binding,molfunc,0.21,1.1127194914720866,1.1557874583916505
small GTPase binding,molfunc,0.22,1.14292907042608,1.08057386109934
small GTPase binding,molfunc,0.23,1.1391528730568339,1.025665863076031
small GTPase binding,molfunc,0.24,1.0472654037384346,0.9885770644112248
small GTPase binding,molfunc,0.25,0.8647491975580583,0.955347365607494
small GTPase binding,molfunc,0.26,0.8785952545786386,0.9120943671646019
small GTPase binding,molfunc,0.27,0.9100635659890483,0.8800819683170484
small GTPase binding,molfunc,0.28,0.8395745484297351,0.837605969846189
small GTPase binding,molfunc,0.29,0.8622317326452256,0.7982638712624999
small GTPase binding,molfunc,0.3,0.7980363773679897,0.7737106721464151
small GTPase binding,molfunc,0.31,0.7665680659575801,0.7365959734825444
small GTPase binding,molfunc,0.32,0.6935615834854295,0.7148917742638955
small GTPase binding,molfunc,0.33,0.7149600352445081,0.6934724750349903
small GTPase binding,molfunc,0.34,0.6860091887469312,0.6601391762349891
small GTPase binding,molfunc,0.35000000000000003,0.6432122852287776,0.6224805775907021
small GTPase binding,molfunc,0.36,0.6394360878595249,0.6030555782899987
small GTPase binding,molfunc,0.37,0.5752407325822891,0.5661739796177363
small GTPase binding,molfunc,0.38,0.5513248159103777,0.5573938799338198
small GTPase binding,molfunc,0.39,0.5576184781924597,0.533617680789763
small GTPase binding,molfunc,0.4,0.5563597457360433,0.5115249815851002
small GTPase binding,molfunc,0.41000000000000003,0.507269179935807,0.49572598215386693
small GTPase binding,molfunc,0.42,0.4909056580023911,0.4712504830349822
small GTPase binding,molfunc,0.43,0.516080307130719,0.44843258385642654
small GTPase binding,molfunc,0.44,0.48461199572030916,0.4324522844317174
small GTPase binding,molfunc,0.45,0.4279690351815718,0.4238534847412742
small GTPase binding,molfunc,0.46,0.3662911448171688,0.4138042851030454
small GTPase binding,molfunc,0.47000000000000003,0.40782931587891186,0.3857027861147015
small GTPase binding,molfunc,0.48,0.3662911448171688,0.37956448633567813
small GTPase binding,molfunc,0.49,0.3751022720120835,0.36609648682052615
small GTPase binding,molfunc,0.5,0.3549625527094213,0.34687868751236695
small GTPase binding,molfunc,0.51,0.3562212851658377,0.33452438795712175
small GTPase binding,molfunc,0.52,0.3335641009503427,0.32074558845315854
small GTPase binding,molfunc,0.53,0.3159418465605133,0.30479118902751695
small GTPase binding,molfunc,0.54,0.3159418465605133,0.29054618954033695
small GTPase binding,molfunc,0.55,0.2983195921706838,0.28311288980793575
small GTPase binding,molfunc,0.56,0.23160677198061533,0.2763270900522245
small GTPase binding,molfunc,0.5700000000000001,0.2316067719806179,0.2611237905995462
small GTPase binding,molfunc,0.58,0.25048775882686114,0.2504011909855569
small GTPase binding,molfunc,0.59,0.24293536408836278,0.2453506911673749
small GTPase binding,molfunc,0.6,0.21650198250361868,0.2328927916158593
small GTPase binding,molfunc,0.61,0.2152432500472023,0.2272206918200549
small GTPase binding,molfunc,0.62,0.20643212285228757,0.2141929922890521
small GTPase binding,molfunc,0.63,0.1812574737239598,0.2047135926303105
small GTPase binding,molfunc,0.64,0.17622254389829425,0.20046599278322408
small GTPase binding,molfunc,0.65,0.17244634652904509,0.18818939322518166
small GTPase binding,molfunc,0.66,0.17496381144187786,0.18526269333054288
small GTPase binding,molfunc,0.67,0.1812574737239598,0.1745400937165565
small GTPase binding,molfunc,0.68,0.14601296494430094,0.16291099413520407
small GTPase binding,molfunc,0.6900000000000001,0.12587324564163876,0.15679859435525045
small GTPase binding,molfunc,0.7000000000000001,0.14349550003146977,0.15055669457996054
small GTPase binding,molfunc,0.71,0.13971930266221902,0.13890169499953886
small GTPase binding,molfunc,0.72,0.11328592107747489,0.14014489495478366
small GTPase binding,molfunc,0.73,0.1321669079237207,0.13058779529883924
small GTPase binding,molfunc,0.74,0.10950972370822573,0.12162639562144965
small GTPase binding,molfunc,0.75,0.10825099125180934,0.11673129579767325
small GTPase binding,molfunc,0.76,0.09818113160047823,0.11201749596737004
small GTPase binding,molfunc,0.77,0.08433507457989796,0.11015269603450285
small GTPase binding,molfunc,0.78,0.09818113160047823,0.10264169630489885
small GTPase binding,molfunc,0.79,0.07930014475423242,0.09974089640932764
small GTPase binding,molfunc,0.8,0.07300648247215047,0.09228169667785885
small GTPase binding,molfunc,0.81,0.061677890364402986,0.09254069666853484
small GTPase binding,molfunc,0.8200000000000001,0.0604191579079866,0.08769739684289364
small GTPase binding,molfunc,0.8300000000000001,0.06797155264648569,0.08484839694545857
small GTPase binding,molfunc,0.84,0.0503492982566555,0.07803669719067882
small GTPase binding,molfunc,0.85,0.05538422808232106,0.07570569727459484
small GTPase binding,molfunc,0.86,0.03146831141040969,0.07293439737436164
small GTPase binding,molfunc,0.87,0.03398577632324246,0.06695149758974603
small GTPase binding,molfunc,0.88,0.02769211404116053,0.06576009763263642
small GTPase binding,molfunc,0.89,0.04783183334382273,0.06089089780792763
small GTPase binding,molfunc,0.9,0.03398577632324246,0.05615119797855682
small GTPase binding,molfunc,0.91,0.028950846497576916,0.055659097996272416
small GTPase binding,molfunc,0.92,0.02517464912832775,0.054053298054081225
small GTPase binding,molfunc,0.93,0.023915916671911366,0.057601597926342424
small GTPase binding,molfunc,0.9400000000000001,0.013846057020580265,0.05552959800093442
small GTPase binding,molfunc,0.9500000000000001,0.01636352193341322,0.04799269827226335
small GTPase binding,molfunc,0.96,0.0201397193026622,0.048044498270398014
small GTPase binding,molfunc,0.97,0.0201397193026622,0.04972799820979202
small GTPase binding,molfunc,0.98,0.0302095789539933,0.06379169770349882
small GTPase binding,molfunc,0.99,0.04783183334382273,0.16329949412121805
structural molecule activity,molfunc,0.0,15.750398661542885,20.958187168194467
structural molecule activity,molfunc,0.01,7.005463623768071,7.587037606049743
structural molecule activity,molfunc,0.02,5.0934567223485745,5.278295223707346
structural molecule activity,molfunc,0.03,4.283585601129323,4.230653923627114
structural molecule activity,molfunc,0.04,3.9259665908556185,3.6357511394479434
structural molecule activity,molfunc,0.05,3.50979008182365,3.2834078028712397
structural molecule activity,molfunc,0.06,3.4961963767547615,3.087418488929855
structural molecule activity,molfunc,0.07,3.2049773873944547,2.78041835236681
structural molecule activity,molfunc,0.08,2.9231694246202924,2.4854741725132734
structural molecule activity,molfunc,0.09,2.680051237811411,2.264652788446764
structural molecule activity,molfunc,0.1,2.6272449219669056,2.114406761577987
structural molecule activity,molfunc,0.11,2.3036101743654105,1.949464203410663
structural molecule activity,molfunc,0.12,2.2999503306930156,1.8467485191444308
structural molecule activity,molfunc,0.13,2.0845423888322467,1.7583559515883975
structural molecule activity,molfunc,0.14,1.9512195121951257,1.6457447807309569
structural molecule activity,molfunc,0.15,1.9261234412987198,1.5466832249364113
structural molecule activity,molfunc,0.16,1.8090084437821854,1.4603177651456944
structural molecule activity,molfunc,0.17,1.6950304551277058,1.3820073914750544
structural molecule activity,molfunc,0.18,1.6667973753692507,1.3246882521636696
structural molecule activity,molfunc,0.19,1.5794839620421912,1.2462445161400444
structural molecule activity,molfunc,0.2,1.489033539853086,1.1928462300063183
structural molecule activity,molfunc,0.21,1.374532716388256,1.1437155391679887
structural molecule activity,molfunc,0.22,1.2652602410268465,1.0724733702053557
structural molecule activity,molfunc,0.23,1.2087940815099492,1.0187283419538777
structural molecule activity,molfunc,0.24,1.0932475884244364,0.9844808897082663
structural molecule activity,molfunc,0.25,1.090633414372728,0.9465259640497764
structural molecule activity,molfunc,0.26,1.0608318301832527,0.9037966661545545
structural molecule activity,molfunc,0.27,1.0038428358560103,0.8744036035574667
structural molecule activity,molfunc,0.28,0.9045042218910978,0.8342348628394911
structural molecule activity,molfunc,0.29,0.8375813661673587,0.7976135607108099
structural molecule activity,molfunc,0.3,0.8469923927535088,0.7704876581144049
structural molecule activity,molfunc,0.31,0.8156223041330084,0.7331995442208218
structural molecule activity,molfunc,0.32,0.736674247771416,0.7133285536266019
structural molecule activity,molfunc,0.33,0.7204663686508241,0.6925506990321088
structural molecule activity,molfunc,0.34,0.6483151648236734,0.6612905634932822
structural molecule activity,molfunc,0.35000000000000003,0.6179907458238598,0.6231489305406218
structural molecule activity,molfunc,0.36,0.5986458578412145,0.6040514415936903
structural molecule activity,molfunc,0.37,0.550022220479439,0.5671900872296474
structural molecule activity,molfunc,0.38,0.5040127571693719,0.5599885201686549
structural molecule activity,molfunc,0.39,0.5034899223590302,0.535663226984858
structural molecule activity,molfunc,0.4,0.49198755653151344,0.5134717314487628
structural molecule activity,molfunc,0.41000000000000003,0.4559119546179406,0.49800169850292986
structural molecule activity,molfunc,0.42,0.41513083941128764,0.47452992437821095
structural molecule activity,molfunc,0.43,0.4172221786526543,0.45145823731243884
structural molecule activity,molfunc,0.44,0.384283585601129,0.4360148768371994
structural molecule activity,molfunc,0.45,0.4062426476354792,0.42483911165736293
structural molecule activity,molfunc,0.46,0.355527671032337,0.41577047165463166
structural molecule activity,molfunc,0.47000000000000003,0.3466394792565305,0.38816446458749604
structural molecule activity,molfunc,0.48,0.32886309570491173,0.3818697615267746
structural molecule activity,molfunc,0.49,0.3199749039291033,0.36864021611102543
structural molecule activity,molfunc,0.5,0.3184063994980783,0.3485025008108428
structural molecule activity,molfunc,0.51,0.3032441899981698,0.3365799064543108
structural molecule activity,molfunc,0.52,0.2865134760672363,0.32276356668544376
structural molecule activity,molfunc,0.53,0.26246307479151937,0.30718684385722306
structural molecule activity,molfunc,0.54,0.24834653491229422,0.2932371417353747
structural molecule activity,molfunc,0.55,0.2436410216192192,0.2854487803212643
structural molecule activity,molfunc,0.56,0.23213865579170243,0.2776337464365577
structural molecule activity,molfunc,0.5700000000000001,0.2274331424986299,0.26221705843191745
structural molecule activity,molfunc,0.58,0.2096567589470105,0.2524816066642766
structural molecule activity,molfunc,0.59,0.194494549447102,0.24789394172171844
structural molecule activity,molfunc,0.6,0.19188037539539368,0.234637723835373
structural molecule activity,molfunc,0.61,0.19710872349881037,0.22850305559823128
structural molecule activity,molfunc,0.62,0.1741039918437768,0.21607368430037024
structural molecule activity,molfunc,0.63,0.15371343424045159,0.2068183370034651
structural molecule activity,molfunc,0.64,0.16626146968865171,0.20169722264898157
structural molecule activity,molfunc,0.65,0.14639374689566817,0.18998800805721977
structural molecule activity,molfunc,0.66,0.1479622513266932,0.18694734640924515
structural molecule activity,molfunc,0.67,0.16364729563694336,0.17523813181748332
structural molecule activity,molfunc,0.68,0.13227720701644305,0.1641157115788394
structural molecule activity,molfunc,0.6900000000000001,0.12077484118892624,0.15798104334169766
structural molecule activity,molfunc,0.7000000000000001,0.10770397093038565,0.15259320428125314
structural molecule activity,molfunc,0.71,0.10822680574072613,0.1404839026305456
structural molecule activity,molfunc,0.72,0.11084097979243449,0.1410706969836635
structural molecule activity,molfunc,0.73,0.10561263168901776,0.13189536709854718
structural molecule activity,molfunc,0.74,0.097247274723551,0.1226133473310458
structural molecule activity,molfunc,0.75,0.09411026586150098,0.1177056127413324
structural molecule activity,molfunc,0.76,0.08522207408569255,0.11309127532817799
structural molecule activity,molfunc,0.77,0.08469923927535088,0.11090413273928397
structural molecule activity,molfunc,0.78,0.08208506522364252,0.10359587579590643
structural molecule activity,molfunc,0.79,0.0747653778788591,0.1005818866185281
structural molecule activity,molfunc,0.8,0.07581104749954246,0.09271350779262894
structural molecule activity,molfunc,0.81,0.06692285572373403,0.09319361226336176
structural molecule activity,molfunc,0.8200000000000001,0.06117167280997563,0.08847258496782226
structural molecule activity,molfunc,0.8300000000000001,0.06901419496510149,0.08529856096686726
structural molecule activity,molfunc,0.84,0.063785846861684,0.07817701131766266
structural molecule activity,molfunc,0.85,0.07319687344783408,0.07540307437565075
structural molecule activity,molfunc,0.86,0.06535435129270901,0.07244243013946496
structural molecule activity,molfunc,0.87,0.06901419496510072,0.06614772707874561
structural molecule activity,molfunc,0.88,0.06953702977544239,0.06476075860773965
structural molecule activity,molfunc,0.89,0.050192141792800515,0.06115997507724342
structural molecule activity,molfunc,0.9,0.05698899432724226,0.055638773663815866
structural molecule activity,molfunc,0.91,0.06483151648236733,0.05462521978115767
structural molecule activity,molfunc,0.92,0.0747653778788591,0.05238473225107112
structural molecule activity,molfunc,0.93,0.060648837999633956,0.05673234495826287
structural molecule activity,molfunc,0.9400000000000001,0.0674456905340757,0.054038425428039764
structural molecule activity,molfunc,0.9500000000000001,0.09045042218911029,0.04515649271948288
structural molecule activity,molfunc,0.96,0.07005986458578406,0.0463300814257182
structural molecule activity,molfunc,0.97,0.05489765508587557,0.04883729366176742
structural molecule activity,molfunc,0.98,0.03659843672391704,0.0644673614311807
structural molecule activity,molfunc,0.99,0.07999372598227583,0.16510259299090133
transcription cis-regulatory region binding,molfunc,0.0,19.112711678920874,20.9333994388765
transcription cis-regulatory region binding,molfunc,0.01,7.382720352791446,7.584015493994365
transcription cis-regulatory region binding,molfunc,0.02,5.225196378051055,5.275640097672972
transcription cis-regulatory region binding,molfunc,0.03,4.176428148736614,4.241353310823022
transcription cis-regulatory region binding,molfunc,0.04,3.6720060960286633,3.646664517946407
transcription cis-regulatory region binding,molfunc,0.05,3.3043798993182514,3.292966983298295
transcription cis-regulatory region binding,molfunc,0.06,3.1300918457510165,3.1039917749077217
transcription cis-regulatory region binding,molfunc,0.07,2.856094812701142,2.7931429327362576
transcription cis-regulatory region binding,molfunc,0.08,2.4771196264561173,2.5109565876310893
transcription cis-regulatory region binding,molfunc,0.09,2.296549096539367,2.283136152953294
transcription cis-regulatory region binding,molfunc,0.1,2.196434796001914,2.131120480253484
transcription cis-regulatory region binding,molfunc,0.11,2.010797752900073,1.9603349334626832
transcription cis-regulatory region binding,molfunc,0.12,1.8644768521145583,1.869357614839281
transcription cis-regulatory region binding,molfunc,0.13,1.807326583386699,1.7694450238510833
transcription cis-regulatory region binding,molfunc,0.14,1.6535072430872524,1.6615835217331676
transcription cis-regulatory region binding,molfunc,0.15,1.5766989032012242,1.5634405788431884
transcription cis-regulatory region binding,molfunc,0.16,1.4850963448147263,1.4761185989144792
transcription cis-regulatory region binding,molfunc,0.17,1.382955439003237,1.3992404438277457
transcription cis-regulatory region binding,molfunc,0.18,1.388224612715731,1.3345757616811995
transcription cis-regulatory region binding,molfunc,0.19,1.3203333360354725,1.254129299773455
transcription cis-regulatory region binding,molfunc,0.2,1.237242519799936,1.2029255474232352
transcription cis-regulatory region binding,molfunc,0.21,1.1961024327369698,1.1490238069888323
transcription cis-regulatory region binding,molfunc,0.22,1.1397628061187257,1.0735381618810247
transcription cis-regulatory region binding,molfunc,0.23,1.1069318006793203,1.0166483271168418
transcription cis-regulatory region binding,molfunc,0.24,1.0441070371841525,0.9819806307664047
transcription cis-regulatory region binding,molfunc,0.25,1.013707958073589,0.9449050525774046
transcription cis-regulatory region binding,molfunc,0.26,0.9910099790043685,0.9000256163814866
transcription cis-regulatory region binding,molfunc,0.27,0.9358863155505468,0.8727846399186766
transcription cis-regulatory region binding,molfunc,0.28,0.909135125933256,0.8274120231052258
transcription cis-regulatory region binding,molfunc,0.29,0.8637391677948094,0.7903654555407821
transcription cis-regulatory region binding,molfunc,0.3,0.8432704545270302,0.7643139146849744
transcription cis-regulatory region binding,molfunc,0.31,0.8005090832448375,0.7281376658573663
transcription cis-regulatory region binding,molfunc,0.32,0.785106883162152,0.7043489537173192
transcription cis-regulatory region binding,molfunc,0.33,0.7701100041342741,0.6829971340403991
transcription cis-regulatory region binding,molfunc,0.34,0.7301858802357342,0.6507083089039694
transcription cis-regulatory region binding,molfunc,0.35000000000000003,0.7056639564198834,0.6110507851290407
transcription cis-regulatory region binding,molfunc,0.36,0.6783047852203725,0.5931222191503189
transcription cis-regulatory region binding,molfunc,0.37,0.647905706109809,0.5546831416069502
transcription cis-regulatory region binding,molfunc,0.38,0.6410152481780813,0.5452836992491755
transcription cis-regulatory region binding,molfunc,0.39,0.6019017663891563,0.5243960495652318
transcription cis-regulatory region binding,molfunc,0.4,0.5534659003396586,0.5065545154601965
transcription cis-regulatory region binding,molfunc,0.41000000000000003,0.5587350740521593,0.486972343881502
transcription cis-regulatory region binding,molfunc,0.42,0.5167843448795787,0.4651853648361635
transcription cis-regulatory region binding,molfunc,0.43,0.5090832448382359,0.4413096208224334
transcription cis-regulatory region binding,molfunc,0.44,0.48395333944017016,0.4262821172998183
transcription cis-regulatory region binding,molfunc,0.45,0.47746820256324995,0.416273451826262
transcription cis-regulatory region binding,molfunc,0.46,0.4569994892954705,0.4065258819737549
transcription cis-regulatory region binding,molfunc,0.47000000000000003,0.45233829716518664,0.37667394930045406
transcription cis-regulatory region binding,molfunc,0.48,0.4375440786647099,0.3709588562619285
transcription cis-regulatory region binding,molfunc,0.49,0.39843059687578497,0.3616754564023979
transcription cis-regulatory region binding,molfunc,0.5,0.3895135336700197,0.34096187046582044
transcription cis-regulatory region binding,molfunc,0.51,0.37796188360800553,0.3288064187747476
transcription cis-regulatory region binding,molfunc,0.52,0.3546559229565736,0.31618679709069825
transcription cis-regulatory region binding,molfunc,0.53,0.3465495018604233,0.2990705285996888
transcription cis-regulatory region binding,molfunc,0.54,0.31392115694841854,0.287785395645447
transcription cis-regulatory region binding,molfunc,0.55,0.32527014648302893,0.27742860267715824
transcription cis-regulatory region binding,molfunc,0.56,0.3169610648594749,0.2694796915474352
transcription cis-regulatory region binding,molfunc,0.5700000000000001,0.28534602258449204,0.2569761123616328
transcription cis-regulatory region binding,molfunc,0.58,0.26204006193305696,0.2487370949862966
transcription cis-regulatory region binding,molfunc,0.59,0.2776449225431462,0.24067214135832946
transcription cis-regulatory region binding,molfunc,0.6,0.25879749349459685,0.22880679591286696
transcription cis-regulatory region binding,molfunc,0.61,0.25636556716575176,0.2227725860041721
transcription cis-regulatory region binding,molfunc,0.62,0.2423819907748926,0.20997890057275656
transcription cis-regulatory region binding,molfunc,0.63,0.21461749852057796,0.20275525505705938
transcription cis-regulatory region binding,molfunc,0.64,0.207929701116254,0.19883882074131992
transcription cis-regulatory region binding,molfunc,0.65,0.20691639847923524,0.18514580594851235
transcription cis-regulatory region binding,molfunc,0.66,0.19759401421866243,0.1832601153520452
transcription cis-regulatory region binding,molfunc,0.67,0.16881621932732904,0.1755142785942494
transcription cis-regulatory region binding,molfunc,0.68,0.17935456675232436,0.16016765820146298
transcription cis-regulatory region binding,molfunc,0.6900000000000001,0.15746722979271865,0.15599012826467423
transcription cis-regulatory region binding,molfunc,0.7000000000000001,0.1511847534432039,0.15030404585071344
transcription cis-regulatory region binding,molfunc,0.71,0.13152668228503786,0.13997626350698406
transcription cis-regulatory region binding,molfunc,0.72,0.13193200333984537,0.14070152912100986
transcription cis-regulatory region binding,molfunc,0.73,0.1244335638259064,0.13150516113516242
transcription cis-regulatory region binding,molfunc,0.74,0.11450319798312233,0.12236681439843704
transcription cis-regulatory region binding,molfunc,0.75,0.11794842694898619,0.11636161511430321
transcription cis-regulatory region binding,molfunc,0.76,0.09443980577015045,0.11421482889678677
transcription cis-regulatory region binding,molfunc,0.77,0.08795466889323025,0.11273528704417408
transcription cis-regulatory region binding,molfunc,0.78,0.08329347676294385,0.10530856715654964
transcription cis-regulatory region binding,molfunc,0.79,0.08288815570813635,0.10168223908642053
transcription cis-regulatory region binding,molfunc,0.8,0.07640301883121613,0.09411046607599093
transcription cis-regulatory region binding,molfunc,0.81,0.07032320300910345,0.09500979543738294
transcription cis-regulatory region binding,molfunc,0.8200000000000001,0.06566201087881705,0.0902230423848125
transcription cis-regulatory region binding,molfunc,0.8300000000000001,0.057758250310071195,0.08833735178834634
transcription cis-regulatory region binding,molfunc,0.84,0.05329971870718792,0.08093964252528196
transcription cis-regulatory region binding,molfunc,0.85,0.047625223939882735,0.07925702630074205
transcription cis-regulatory region binding,molfunc,0.86,0.03992412389854,0.07670409133937114
transcription cis-regulatory region binding,molfunc,0.87,0.040734766008155024,0.06994461581665047
transcription cis-regulatory region binding,molfunc,0.88,0.03647889493267614,0.06907429707981948
transcription cis-regulatory region binding,molfunc,0.89,0.03749219756969492,0.06393941653251664
transcription cis-regulatory region binding,molfunc,0.9,0.026751189617295838,0.059848918469411004
transcription cis-regulatory region binding,molfunc,0.91,0.026953850144699594,0.05915266347994621
transcription cis-regulatory region binding,molfunc,0.92,0.022697979069220713,0.057876195999260756
transcription cis-regulatory region binding,molfunc,0.93,0.020063392212971876,0.06219877905885467
transcription cis-regulatory region binding,molfunc,0.9400000000000001,0.01783412641153056,0.059964960967655134
transcription cis-regulatory region binding,molfunc,0.9500000000000001,0.017428805356723236,0.05163891171863924
transcription cis-regulatory region binding,molfunc,0.96,0.015402200082685483,0.05207407108705417
transcription cis-regulatory region binding,molfunc,0.97,0.017023484301915533,0.053727676687033044
transcription cis-regulatory region binding,molfunc,0.98,0.016820823774511776,0.06974154144472325
transcription cis-regulatory region binding,molfunc,0.99,0.02756183172691086,0.18006894665033157
transcription coactivator activity,molfunc,0.0,23.459430072939792,20.626048932608267
transcription coactivator activity,molfunc,0.01,8.390341140760205,7.534847799682723
transcription coactivator activity,molfunc,0.02,5.684773252389799,5.257352058074967
transcription coactivator activity,molfunc,0.03,4.556698228605082,4.22390213896092
transcription coactivator activity,molfunc,0.04,4.061070085624971,3.637988096344623
transcription coactivator activity,molfunc,0.05,3.637022606804695,3.284523263719544
transcription coactivator activity,molfunc,0.06,3.2881801295700597,3.102046848058682
transcription coactivator activity,molfunc,0.07,2.8505413854029826,2.7995991732818406
transcription coactivator activity,molfunc,0.08,2.536130113713588,2.5058719338792583
transcription coactivator activity,molfunc,0.09,2.2588683006387873,2.285563449783345
transcription coactivator activity,molfunc,0.1,2.18547546776605,2.1379687756195436
transcription coactivator activity,molfunc,0.11,1.8846554614234596,1.9690168675151782
transcription coactivator activity,molfunc,0.12,1.8139808816200773,1.8703245150759078
transcription coactivator activity,molfunc,0.13,1.637294432111628,1.7781333255354177
transcription coactivator activity,molfunc,0.14,1.5249399719113879,1.6644804657025831
transcription coactivator activity,molfunc,0.15,1.465138404385447,1.56798127665085
transcription coactivator activity,molfunc,0.16,1.3790603905223564,1.4800719775336508
transcription coactivator activity,molfunc,0.17,1.2793911113124656,1.4005959138233026
transcription coactivator activity,molfunc,0.18,1.2957006297286267,1.3426076294932423
transcription coactivator activity,molfunc,0.19,1.1316993612105277,1.2661863290726771
transcription coactivator activity,molfunc,0.2,1.0990803243782017,1.2103389899542696
transcription coactivator activity,molfunc,0.21,1.0265935758619118,1.158616886731465
transcription coactivator activity,molfunc,0.22,0.9559189960585323,1.0854592223042618
transcription coactivator activity,molfunc,0.23,0.9187695374439377,1.0311001011988268
transcription coactivator activity,molfunc,0.24,0.9223938748697496,0.9917014874869576
transcription coactivator activity,molfunc,0.25,0.8743714039777095,0.9558014915599754
transcription coactivator activity,molfunc,0.26,0.9151452000181209,0.9113116056984643
transcription coactivator activity,molfunc,0.27,0.7982603180356085,0.8830615725399227
transcription coactivator activity,molfunc,0.28,0.7321161600145007,0.8406865228021148
transcription coactivator activity,molfunc,0.29,0.7067457980337963,0.802227836256332
transcription coactivator activity,molfunc,0.3,0.7330222443709503,0.7753876938469227
transcription coactivator activity,molfunc,0.31,0.6750328455579208,0.7389916252489496
transcription coactivator activity,molfunc,0.32,0.6587233271417564,0.7160678460315747
transcription coactivator activity,molfunc,0.33,0.6967788701128068,0.6938229031008191
transcription coactivator activity,molfunc,0.34,0.6161373623884379,0.6619437067176589
transcription coactivator activity,molfunc,0.35000000000000003,0.548181035654422,0.625051565448698
transcription coactivator activity,molfunc,0.36,0.5499932043673261,0.605339204048788
transcription coactivator activity,molfunc,0.37,0.5291532641688936,0.5674288083498947
transcription coactivator activity,molfunc,0.38,0.4784125402074929,0.559543863789932
transcription coactivator activity,molfunc,0.39,0.4793186245639465,0.5356801574064689
transcription coactivator activity,molfunc,0.4,0.4947220586236574,0.5129391418047224
transcription coactivator activity,molfunc,0.41000000000000003,0.44669958773161994,0.497378125388375
transcription coactivator activity,molfunc,0.42,0.4140805508992883,0.473305546301334
transcription coactivator activity,molfunc,0.43,0.39233452634440236,0.4514522396897818
transcription coactivator activity,molfunc,0.44,0.3687763330766091,0.43536904151449385
transcription coactivator activity,molfunc,0.45,0.37693109228469135,0.4252909335669919
transcription coactivator activity,molfunc,0.46,0.351560730303991,0.41461231659671133
transcription coactivator activity,molfunc,0.47000000000000003,0.33525121188782836,0.3876155196596229
transcription coactivator activity,molfunc,0.48,0.35065464594753737,0.3801222114188615
transcription coactivator activity,molfunc,0.49,0.27182530693607554,0.36899973995348373
transcription coactivator activity,molfunc,0.5,0.2609522946586325,0.3495223603450992
transcription coactivator activity,molfunc,0.51,0.27998006614415777,0.3365461436354918
transcription coactivator activity,molfunc,0.52,0.26910705386671474,0.3224994543200616
transcription coactivator activity,molfunc,0.53,0.2473610293118287,0.30667734702424254
transcription coactivator activity,molfunc,0.54,0.22108458297467473,0.2930745122039096
transcription coactivator activity,molfunc,0.55,0.218366329905314,0.28529400399573457
transcription coactivator activity,molfunc,0.56,0.20568114891496378,0.2774351685237188
transcription coactivator activity,molfunc,0.5700000000000001,0.19480813663752294,0.26242244295425643
transcription coactivator activity,molfunc,0.58,0.18665337742943852,0.252239898654964
transcription coactivator activity,molfunc,0.59,0.17940470257780983,0.24720084468121303
transcription coactivator activity,molfunc,0.6,0.15312825624065587,0.23485124608233113
transcription coactivator activity,molfunc,0.61,0.15312825624065587,0.22910724673401398
transcription coactivator activity,molfunc,0.62,0.1504100031712951,0.21586993914493763
transcription coactivator activity,molfunc,0.63,0.1341004847551306,0.20626179478047982
transcription coactivator activity,molfunc,0.64,0.13591265346803777,0.20182324982950747
transcription coactivator activity,molfunc,0.65,0.12503964119059474,0.18968252393420074
transcription coactivator activity,molfunc,0.66,0.1159787976260589,0.18704550605156425
transcription coactivator activity,molfunc,0.67,0.1268518099035019,0.17605358002592095
transcription coactivator activity,molfunc,0.68,0.11326054455669812,0.1639911813944549
transcription coactivator activity,molfunc,0.6900000000000001,0.10329361663570868,0.15769889119925293
transcription coactivator activity,molfunc,0.7000000000000001,0.10057536356634905,0.15185045549914988
transcription coactivator activity,molfunc,0.71,0.09242060435826567,0.14025802045072627
transcription coactivator activity,molfunc,0.72,0.1023875322792551,0.1406757658578766
transcription coactivator activity,molfunc,0.73,0.08154759208082266,0.132033657747454
transcription coactivator activity,molfunc,0.74,0.08154759208082266,0.12252994973478377
transcription coactivator activity,molfunc,0.75,0.07520500158564755,0.11775198664050178
transcription coactivator activity,molfunc,0.76,0.07339283287274039,0.11284347810648529
transcription coactivator activity,molfunc,0.77,0.06976849544692604,0.11078086015868051
transcription coactivator activity,molfunc,0.78,0.0661441580211117,0.10360086097328404
transcription coactivator activity,molfunc,0.79,0.07067457980337963,0.10015446136429375
transcription coactivator activity,molfunc,0.8,0.06342590495175095,0.09271337129942835
transcription coactivator activity,molfunc,0.81,0.0670502423775653,0.09263504403558766
transcription coactivator activity,molfunc,0.8200000000000001,0.04530421782267925,0.08835315361229668
transcription coactivator activity,molfunc,0.8300000000000001,0.05527114574366931,0.08535060849840456
transcription coactivator activity,molfunc,0.84,0.04892855524849359,0.07830115475274164
transcription coactivator activity,molfunc,0.85,0.04892855524849359,0.07605577318930858
transcription coactivator activity,molfunc,0.86,0.028088615050061137,0.07336653713077827
transcription coactivator activity,molfunc,0.87,0.031712952475875474,0.06728311963915146
transcription coactivator activity,molfunc,0.88,0.014497349703257362,0.06644762882485078
transcription coactivator activity,molfunc,0.89,0.02083994019843246,0.06177410208235636
transcription coactivator activity,molfunc,0.9,0.0181216871290717,0.05678726628449919
transcription coactivator activity,molfunc,0.91,0.012685180990350192,0.056343411789401956
transcription coactivator activity,molfunc,0.92,0.014497349703257362,0.054594102896959915
transcription coactivator activity,molfunc,0.93,0.015403434059710945,0.058118829769790895
transcription coactivator activity,molfunc,0.9400000000000001,0.0181216871290717,0.055742902766623345
transcription coactivator activity,molfunc,0.9500000000000001,0.015403434059711115,0.048275703613811574
transcription coactivator activity,molfunc,0.96,0.01087301227744302,0.048536794493279994
transcription coactivator activity,molfunc,0.97,0.015403434059710945,0.05010333977009377
transcription coactivator activity,molfunc,0.98,0.009966927920989436,0.06464610175651495
transcription coactivator activity,molfunc,0.99,0.019933855841978872,0.16503554491233074
transcription coregulator activity,molfunc,0.0,23.636383079974976,20.55936599822882
transcription coregulator activity,molfunc,0.01,8.319386592949455,7.520911550721101
transcription coregulator activity,molfunc,0.02,5.7442747071184534,5.245658102406654
transcription coregulator activity,molfunc,0.03,4.658835104079221,4.212016322146048
transcription coregulator activity,molfunc,0.04,3.8712230177359754,3.6388069785806465
transcription coregulator activity,molfunc,0.05,3.500676394629482,3.2841178783767813
transcription coregulator activity,molfunc,0.06,3.204987675180859,3.1023906679440736
transcription coregulator activity,molfunc,0.07,2.8697312066559384,2.7976026181932903
transcription coregulator activity,molfunc,0.08,2.515225562904702,2.506295578335326
transcription coregulator activity,molfunc,0.09,2.3221991113297413,2.282953076494339
transcription coregulator activity,molfunc,0.1,2.1842466888745125,2.137059775756989
transcription coregulator activity,molfunc,0.11,1.935611508867989,1.9682008020401627
transcription coregulator activity,molfunc,0.12,1.846316723790375,1.869864028296265
transcription coregulator activity,molfunc,0.13,1.6479432790969983,1.7804790713981977
transcription coregulator activity,molfunc,0.14,1.5613219905786009,1.6655174949406282
transcription coregulator activity,molfunc,0.15,1.4570556247694098,1.5704843678898315
transcription coregulator activity,molfunc,0.16,1.36829553900364,1.4826713074021922
transcription coregulator activity,molfunc,0.17,1.28648654429182,1.4027177289666966
transcription coregulator activity,molfunc,0.18,1.2838130477326064,1.3441579271002388
transcription coregulator activity,molfunc,0.19,1.1250073521155368,1.2692663879525583
transcription coregulator activity,molfunc,0.2,1.0886477989102847,1.213131036481853
transcription coregulator activity,molfunc,0.21,1.0661904278129184,1.1593402084707622
transcription coregulator activity,molfunc,0.22,0.9672710551221512,1.0875391775198555
transcription coregulator activity,molfunc,0.23,0.9560423695734722,1.0315370376093553
transcription coregulator activity,molfunc,0.24,0.937327893659,0.992372838908858
transcription coregulator activity,molfunc,0.25,0.8507066051405984,0.9586436718647585
transcription coregulator activity,molfunc,0.26,0.8726292769261198,0.9133517413947988
transcription coregulator activity,molfunc,0.27,0.8041877650103456,0.8844981174542305
transcription coregulator activity,molfunc,0.28,0.7303992599761558,0.8429893952941191
transcription coregulator activity,molfunc,0.29,0.7159623785564182,0.8037186273454552
transcription coregulator activity,molfunc,0.3,0.7164970778682601,0.7770763153043024
transcription coregulator activity,molfunc,0.31,0.6763946294801112,0.7402299977513882
transcription coregulator activity,molfunc,0.32,0.649659663888012,0.717690601764573
transcription coregulator activity,molfunc,0.33,0.6731864336090593,0.6949380672814285
transcription coregulator activity,molfunc,0.34,0.6058143203169692,0.6633935698247037
transcription coregulator activity,molfunc,0.35000000000000003,0.542719801519618,0.6268936023283279
transcription coregulator activity,molfunc,0.36,0.5336299132183012,0.607284860666036
transcription coregulator activity,molfunc,0.37,0.502617353131466,0.5695327045037225
transcription coregulator activity,molfunc,0.38,0.48390287721699654,0.5609272377144302
transcription coregulator activity,molfunc,0.39,0.4726741916683149,0.5371622953737218
transcription coregulator activity,molfunc,0.4,0.471604793044631,0.5144630455146597
transcription coregulator activity,molfunc,0.41000000000000003,0.44861272263542806,0.4983178044177239
transcription coregulator activity,molfunc,0.42,0.39888568663412094,0.47527220450212404
transcription coregulator activity,molfunc,0.43,0.37482421760123164,0.4535320778765434
transcription coregulator activity,molfunc,0.44,0.36306083274070794,0.4370138444110287
transcription coregulator activity,molfunc,0.45,0.38498350452622937,0.42587735797782683
transcription coregulator activity,molfunc,0.46,0.3496933499446583,0.41599306021055915
transcription coregulator activity,molfunc,0.47000000000000003,0.3315135733420327,0.3888711865526678
transcription coregulator activity,molfunc,0.48,0.33097887403018883,0.38170440461359556
transcription coregulator activity,molfunc,0.49,0.2844600338999361,0.3703547796840645
transcription coregulator activity,molfunc,0.5,0.27697424353414835,0.3505328995254468
transcription coregulator activity,molfunc,0.51,0.29034172633019795,0.3371851011928293
transcription coregulator activity,molfunc,0.52,0.2673496559209926,0.3236774489879648
transcription coregulator activity,molfunc,0.53,0.23259420065126357,0.30862454268471357
transcription coregulator activity,molfunc,0.54,0.22831660615652768,0.29418440955840874
transcription coregulator activity,molfunc,0.55,0.2202961164788979,0.28656470831463904
transcription coregulator activity,molfunc,0.56,0.21120622817758414,0.27862529932637553
transcription coregulator activity,molfunc,0.5700000000000001,0.20265103918811464,0.26341253915088025
transcription coregulator activity,molfunc,0.58,0.1876794584565368,0.25352824138360963
transcription coregulator activity,molfunc,0.59,0.17484667497232914,0.24881255215232562
transcription coregulator activity,molfunc,0.6,0.17003438116575129,0.23567789231603728
transcription coregulator activity,molfunc,0.61,0.15827099630522762,0.23040271453188904
transcription coregulator activity,molfunc,0.62,0.1620138914881215,0.21662863920661307
transcription coregulator activity,molfunc,0.63,0.14276471626181003,0.20730382999220962
transcription coregulator activity,molfunc,0.64,0.1416953176381261,0.20288120619337824
transcription coregulator activity,molfunc,0.65,0.1261890375947085,0.1909454503989418
transcription coregulator activity,molfunc,0.66,0.12405024034734055,0.18809472301053848
transcription coregulator activity,molfunc,0.67,0.1293972334657604,0.17693159426529545
transcription coregulator activity,molfunc,0.68,0.12137674378813063,0.16462284610228287
transcription coregulator activity,molfunc,0.6900000000000001,0.10854396030392299,0.15854839895690004
transcription coregulator activity,molfunc,0.7000000000000001,0.10961335892760819,0.15244730949947777
transcription coregulator activity,molfunc,0.71,0.08822538645392755,0.14144403462648
transcription coregulator activity,molfunc,0.72,0.0941070788841894,0.14187031161913843
transcription coregulator activity,molfunc,0.73,0.08448249127103366,0.1329184947733111
transcription coregulator activity,molfunc,0.74,0.0753926029697199,0.1236736124950311
transcription coregulator activity,molfunc,0.75,0.08127429539998175,0.11831850777475938
transcription coregulator activity,molfunc,0.76,0.07860079884077183,0.11338968004714614
transcription coregulator activity,molfunc,0.77,0.07004560985130007,0.11160464514038891
transcription coregulator activity,molfunc,0.78,0.06790681260393212,0.10427800932907189
transcription coregulator activity,molfunc,0.79,0.06630271466840616,0.10097436263596894
transcription coregulator activity,molfunc,0.8,0.058816924302618374,0.09354115757648733
transcription coregulator activity,molfunc,0.81,0.06149042086182829,0.09343458832832273
transcription coregulator activity,molfunc,0.8200000000000001,0.048657637377620654,0.08906524915357367
transcription coregulator activity,molfunc,0.8300000000000001,0.049727036001305173,0.08624116407721244
transcription coregulator activity,molfunc,0.84,0.04972703600130462,0.07886124364181216
transcription coregulator activity,molfunc,0.85,0.04598414081841073,0.0767565009905611
transcription coregulator activity,molfunc,0.86,0.03368605664604507,0.07401234285032236
transcription coregulator activity,molfunc,0.87,0.03208195871051911,0.06799118032902184
transcription coregulator activity,molfunc,0.88,0.017645077290785512,0.06735176484003416
transcription coregulator activity,molfunc,0.89,0.017645077290785512,0.0627692871689559
transcription coregulator activity,molfunc,0.9,0.019249175226311466,0.0575207516968488
transcription coregulator activity,molfunc,0.91,0.0144368814197336,0.05714775932827266
transcription coregulator activity,molfunc,0.92,0.015506280043417569,0.05536272442151543
transcription coregulator activity,molfunc,0.93,0.014971580731575587,0.05901272117115335
transcription coregulator activity,molfunc,0.9400000000000001,0.0144368814197336,0.05669484002357307
transcription coregulator activity,molfunc,0.9500000000000001,0.017645077290785707,0.04883535797143354
transcription coregulator activity,molfunc,0.96,0.010693986236839703,0.04931491958817375
transcription coregulator activity,molfunc,0.97,0.012832783484207643,0.05094010062268407
transcription coregulator activity,molfunc,0.98,0.02085327316183742,0.06522037987674195
transcription coregulator activity,molfunc,0.99,0.027269664903941244,0.16763342736293313
transcription corepressor activity,molfunc,0.0,24.887418863939875,20.635925585086472
transcription corepressor activity,molfunc,0.01,8.511133886145533,7.542986405493632
transcription corepressor activity,molfunc,0.02,5.748625733718439,5.261360080143425
transcription corepressor activity,molfunc,0.03,4.568464859157116,4.227653351310392
transcription corepressor activity,molfunc,0.04,3.751669306500201,3.6481460125266665
transcription corepressor activity,molfunc,0.05,3.2237025994596125,3.2955706723157165
transcription corepressor activity,molfunc,0.06,3.181775831547561,3.1060220827847695
transcription corepressor activity,molfunc,0.07,2.913133948259264,2.799163375301307
transcription corepressor activity,molfunc,0.08,2.490760582626791,2.50698455722074
transcription corepressor activity,molfunc,0.09,2.2593869374825286,2.285238248929127
transcription corepressor activity,molfunc,0.1,2.1879561477064513,2.1384909538084003
transcription corepressor activity,molfunc,0.11,2.0062734867542478,1.9659958034607914
transcription corepressor activity,molfunc,0.12,1.8789403397621027,1.8685770646464646
transcription corepressor activity,molfunc,0.13,1.5823472778657708,1.7773759942787113
transcription corepressor activity,molfunc,0.14,1.5264449206497126,1.6628006184645177
transcription corepressor activity,molfunc,0.15,1.4115345197055795,1.567652231614082
transcription corepressor activity,molfunc,0.16,1.3789248113295434,1.4788763099350333
transcription corepressor activity,molfunc,0.17,1.2407217615453918,1.399800983010804
transcription corepressor activity,molfunc,0.18,1.2515916643374005,1.34278418937212
transcription corepressor activity,molfunc,0.19,1.1615267554892998,1.2640958542599143
transcription corepressor activity,molfunc,0.2,1.071461846641202,1.2094784098558067
transcription corepressor activity,molfunc,0.21,1.1133886145532461,1.1556091496216114
transcription corepressor activity,molfunc,0.22,0.9487872294170618,1.084041463850707
transcription corepressor activity,molfunc,0.23,0.9705270350010888,1.0289080303638956
transcription corepressor activity,molfunc,0.24,0.9254945805770357,0.9908280360604121
transcription corepressor activity,molfunc,0.25,0.8012671200968967,0.9560503718862308
transcription corepressor activity,molfunc,0.26,0.8649336935929679,0.9121912998564768
transcription corepressor activity,molfunc,0.27,0.7158607410168011,0.8834249084957853
transcription corepressor activity,molfunc,0.28,0.7220721140408121,0.839565836466036
transcription corepressor activity,molfunc,0.29,0.7112022112487959,0.8010214519881181
transcription corepressor activity,molfunc,0.3,0.7267306438088132,0.7749898027657524
transcription corepressor activity,molfunc,0.31,0.6521941675207299,0.7386125724351918
transcription corepressor activity,molfunc,0.32,0.6056088698406777,0.7162702451541524
transcription corepressor activity,molfunc,0.33,0.6133730861206864,0.6952436900340057
transcription corepressor activity,molfunc,0.34,0.5621292586726291,0.6622977871034199
transcription corepressor activity,molfunc,0.35000000000000003,0.520202490760585,0.6246047846119701
transcription corepressor activity,molfunc,0.36,0.4596416037765144,0.60618397435947
transcription corepressor activity,molfunc,0.37,0.46274729028851785,0.5680781806018543
transcription corepressor activity,molfunc,0.38,0.4161619926084657,0.5596159596455254
transcription corepressor activity,molfunc,0.39,0.47206434982452833,0.5351322776712686
transcription corepressor activity,molfunc,0.4,0.4596416037765144,0.5133059394729321
transcription corepressor activity,molfunc,0.41000000000000003,0.422373365632475,0.4971812806384666
transcription corepressor activity,molfunc,0.42,0.35560110562439795,0.47357478010480214
transcription corepressor activity,molfunc,0.43,0.33230845678437193,0.45174844190646574
transcription corepressor activity,molfunc,0.44,0.3183328674803563,0.4354173874389162
transcription corepressor activity,molfunc,0.45,0.3633653219044066,0.42494280906004556
transcription corepressor activity,molfunc,0.46,0.3540482623683962,0.41382324432779616
transcription corepressor activity,molfunc,0.47000000000000003,0.30591012143234403,0.38748200165581076
transcription corepressor activity,molfunc,0.48,0.3276499270163667,0.3801549566814262
transcription corepressor activity,molfunc,0.49,0.27330041305630587,0.3678228176048248
transcription corepressor activity,molfunc,0.5,0.26864188328830063,0.348344229732787
transcription corepressor activity,molfunc,0.51,0.29038168887232496,0.3357024972065638
transcription corepressor activity,molfunc,0.52,0.254666293984285,0.32210618487734005
transcription corepressor activity,molfunc,0.53,0.2173980558402433,0.30647171567143955
transcription corepressor activity,molfunc,0.54,0.22050374235224676,0.2922304169888371
transcription corepressor activity,molfunc,0.55,0.2173980558402433,0.2845163802024274
transcription corepressor activity,molfunc,0.56,0.23447933165626242,0.2761057581543687
transcription corepressor activity,molfunc,0.5700000000000001,0.19876393676822465,0.2615548660221474
transcription corepressor activity,molfunc,0.58,0.17857697444019985,0.25159627672597684
transcription corepressor activity,molfunc,0.59,0.1428615795521599,0.24700397388992024
transcription corepressor activity,molfunc,0.6,0.18323550420820506,0.23338186210656134
transcription corepressor activity,molfunc,0.61,0.15839001211217726,0.22811877346299086
transcription corepressor activity,molfunc,0.62,0.17391844467219464,0.2147030573127132
transcription corepressor activity,molfunc,0.63,0.14596726606416335,0.20520885819097823
transcription corepressor activity,molfunc,0.64,0.1444144228081616,0.20090034935040826
transcription corepressor activity,molfunc,0.65,0.12888599024814423,0.1888520042692935
transcription corepressor activity,molfunc,0.66,0.12422746048013902,0.18606566322269735
transcription corepressor activity,molfunc,0.67,0.12422746048013902,0.17551368648142127
transcription corepressor activity,molfunc,0.68,0.12112177396813555,0.1632589457672253
transcription corepressor activity,molfunc,0.6900000000000001,0.1071461846641199,0.156989678412384
transcription corepressor activity,molfunc,0.7000000000000001,0.13043883350414742,0.15074621051167952
transcription corepressor activity,molfunc,0.71,0.08851206559209905,0.13975564305010424
transcription corepressor activity,molfunc,0.72,0.08540637908009559,0.14050382722002355
transcription corepressor activity,molfunc,0.73,0.08695922233609732,0.1313450210020455
transcription corepressor activity,molfunc,0.74,0.06987794652007821,0.1222378136923378
transcription corepressor activity,molfunc,0.75,0.08385353582409384,0.11710372231944306
transcription corepressor activity,molfunc,0.76,0.08074784931209036,0.11225342494203497
transcription corepressor activity,molfunc,0.77,0.06056088698406777,0.11044746315257452
transcription corepressor activity,molfunc,0.78,0.05900804372806604,0.103275214903003
transcription corepressor activity,molfunc,0.79,0.052796670704059086,0.10010188204437961
transcription corepressor activity,molfunc,0.8,0.04969098419205561,0.09259424089105116
transcription corepressor activity,molfunc,0.81,0.06677226000807474,0.09233624634969965
transcription corepressor activity,molfunc,0.8200000000000001,0.05900804372806604,0.08761494624296731
transcription corepressor activity,molfunc,0.8300000000000001,0.029504021864033343,0.08542199264148057
transcription corepressor activity,molfunc,0.84,0.03571539488803997,0.07817234602950263
transcription corepressor activity,molfunc,0.85,0.04813814093605387,0.0757471973407986
transcription corepressor activity,molfunc,0.86,0.02950402186403302,0.07280605956939157
transcription corepressor activity,molfunc,0.87,0.03571539488803997,0.06679478675590175
transcription corepressor activity,molfunc,0.88,0.024845492096027804,0.06565961077395518
transcription corepressor activity,molfunc,0.89,0.012422746048013902,0.06142850029579069
transcription corepressor activity,molfunc,0.9,0.02173980558402433,0.056268609468760805
transcription corepressor activity,molfunc,0.91,0.010869902792012165,0.05585581820259842
transcription corepressor activity,molfunc,0.92,0.02173980558402433,0.05399825750486767
transcription corepressor activity,molfunc,0.93,0.010869902792012165,0.05768757944619402
transcription corepressor activity,molfunc,0.9400000000000001,0.009317059536010426,0.055443026936436025
transcription corepressor activity,molfunc,0.9500000000000001,0.02484549209602808,0.04772899015002689
transcription corepressor activity,molfunc,0.96,0.004658529768005213,0.04819338032445905
transcription corepressor activity,molfunc,0.97,0.006211373024006951,0.04984454538910861
transcription corepressor activity,molfunc,0.98,0.02950402186403302,0.06367305280554868
transcription corepressor activity,molfunc,0.99,0.024845492096027804,0.16323314631309016
transmembrane signaling receptor activity,molfunc,0.0,16.34673285649243,20.861425633004973
transmembrane signaling receptor activity,molfunc,0.01,6.482147840263193,7.597347720656367
transmembrane signaling receptor activity,molfunc,0.02,4.4773598484292165,5.297671698286797
transmembrane signaling receptor activity,molfunc,0.03,3.6592888510288297,4.253767143542461
transmembrane signaling receptor activity,molfunc,0.04,3.181224022206882,3.666611903713585
transmembrane signaling receptor activity,molfunc,0.05,2.863248490901348,3.3098290738708442
transmembrane signaling receptor activity,molfunc,0.06,2.8412178536284434,3.1167830927049147
transmembrane signaling receptor activity,molfunc,0.07,2.5166331311410413,2.811205814511308
transmembrane signaling receptor activity,molfunc,0.08,2.1377061700471462,2.519928238626284
transmembrane signaling receptor activity,molfunc,0.09,2.018006374197716,2.294366206438807
transmembrane signaling receptor activity,molfunc,0.1,1.962195426439703,2.145638787942513
transmembrane signaling receptor activity,molfunc,0.11,1.8579170766813056,1.9705462933147586
transmembrane signaling receptor activity,molfunc,0.12,1.8072466109536311,1.870947815286748
transmembrane signaling receptor activity,molfunc,0.13,1.6552352137706154,1.7784466159780759
transmembrane signaling receptor activity,molfunc,0.14,1.5891433019519174,1.6631289798976183
transmembrane signaling receptor activity,molfunc,0.15,1.5898776565276764,1.5642139435240603
transmembrane signaling receptor activity,molfunc,0.16,1.4628343149206149,1.4777585742355628
transmembrane signaling receptor activity,molfunc,0.17,1.4437410959507717,1.3955352859611911
transmembrane signaling receptor activity,molfunc,0.18,1.3357909733135533,1.3414908228243214
transmembrane signaling receptor activity,molfunc,0.19,1.2821830892828283,1.2617121527754949
transmembrane signaling receptor activity,molfunc,0.2,1.2337156872824497,1.2062745201122445
transmembrane signaling receptor activity,molfunc,0.21,1.1742329666456142,1.154227809503781
transmembrane signaling receptor activity,molfunc,0.22,1.092719608735881,1.0814412733043737
transmembrane signaling receptor activity,molfunc,0.23,1.0809699355236704,1.0260562130760809
transmembrane signaling receptor activity,molfunc,0.24,1.0097375416746213,0.9890452188656175
transmembrane signaling receptor activity,molfunc,0.25,1.0288307606444687,0.9508250586511219
transmembrane signaling receptor activity,molfunc,0.26,0.9979878684624075,0.908320244987546
transmembrane signaling receptor activity,molfunc,0.27,0.892975164128247,0.8802465647199524
transmembrane signaling receptor activity,molfunc,0.28,0.9304272474921835,0.8343245427841086
transmembrane signaling receptor activity,molfunc,0.29,0.858460499067369,0.7974449796610384
transmembrane signaling receptor activity,molfunc,0.3,0.8973812915828271,0.7697918788731091
transmembrane signaling receptor activity,molfunc,0.31,0.8283519614610712,0.7339374782317255
transmembrane signaling receptor activity,molfunc,0.32,0.8151335790973306,0.7108581792851457
transmembrane signaling receptor activity,molfunc,0.33,0.7828219777637427,0.6907229366962161
transmembrane signaling receptor activity,molfunc,0.34,0.7842906869152694,0.6562354193637415
transmembrane signaling receptor activity,molfunc,0.35000000000000003,0.7255423208542047,0.6192244251532845
transmembrane signaling receptor activity,molfunc,0.36,0.7108552293389334,0.5999566277411591
transmembrane signaling receptor activity,molfunc,0.37,0.6682626639446584,0.5627090575733873
transmembrane signaling receptor activity,molfunc,0.38,0.6638565364900783,0.5534563090207721
transmembrane signaling receptor activity,molfunc,0.39,0.6535755724293912,0.5298249995071329
transmembrane signaling receptor activity,molfunc,0.4,0.6513725087021012,0.5074554284324867
transmembrane signaling receptor activity,molfunc,0.41000000000000003,0.6300762260049672,0.4911579735954968
transmembrane signaling receptor activity,molfunc,0.42,0.5918897880652689,0.4673426605595017
transmembrane signaling receptor activity,molfunc,0.43,0.5507659318225206,0.4461822554888904
transmembrane signaling receptor activity,molfunc,0.44,0.5772026965500017,0.42836020003811465
transmembrane signaling receptor activity,molfunc,0.45,0.5456254497921771,0.4195806034001219
transmembrane signaling receptor activity,molfunc,0.46,0.5463598043679405,0.40806724014431095
transmembrane signaling receptor activity,molfunc,0.47000000000000003,0.49936111151908824,0.38209645727504105
transmembrane signaling receptor activity,molfunc,0.48,0.4714556376400777,0.3759980548199062
transmembrane signaling receptor activity,molfunc,0.49,0.49201756576145184,0.3617772111637563
transmembrane signaling receptor activity,molfunc,0.5,0.4575029007005738,0.3430877105361728
transmembrane signaling receptor activity,molfunc,0.51,0.4530967732459937,0.33073318832103327
transmembrane signaling receptor activity,molfunc,0.52,0.4406127454580166,0.31672263440471543
transmembrane signaling receptor activity,molfunc,0.53,0.4325348451246196,0.30045146578520193
transmembrane signaling receptor activity,molfunc,0.54,0.38480179770000117,0.28770265030787706
transmembrane signaling receptor activity,molfunc,0.55,0.41637904445782564,0.2786601914950941
transmembrane signaling receptor activity,molfunc,0.56,0.3899422797303447,0.2713263368184474
transmembrane signaling receptor activity,molfunc,0.5700000000000001,0.41931646276088375,0.25484487845910453
transmembrane signaling receptor activity,molfunc,0.58,0.38480179770000117,0.24559212990648657
transmembrane signaling receptor activity,molfunc,0.59,0.35469326009370333,0.2413863351098433
transmembrane signaling receptor activity,molfunc,0.6,0.3422092323057262,0.22863751963251847
transmembrane signaling receptor activity,molfunc,0.61,0.36423986957862703,0.22206596526276343
transmembrane signaling receptor activity,molfunc,0.62,0.3400061685784361,0.20952743952527073
transmembrane signaling receptor activity,molfunc,0.63,0.32825649536622237,0.19980153905803322
transmembrane signaling receptor activity,molfunc,0.64,0.31577246757824523,0.19583232021870114
transmembrane signaling receptor activity,molfunc,0.65,0.32972520451774906,0.1827943563491071
transmembrane signaling receptor activity,molfunc,0.66,0.3098976309721383,0.1805863140808694
transmembrane signaling receptor activity,molfunc,0.67,0.31063198554790167,0.16980896491447106
transmembrane signaling receptor activity,molfunc,0.68,0.2893357028507642,0.15803273948386998
transmembrane signaling receptor activity,molfunc,0.6900000000000001,0.2988823123356879,0.15106689185192962
transmembrane signaling receptor activity,molfunc,0.7000000000000001,0.2695081293051565,0.14615136918335445
transmembrane signaling receptor activity,molfunc,0.71,0.2658363564263367,0.13437514375275172
transmembrane signaling receptor activity,molfunc,0.72,0.25482103778988624,0.13547916488687056
transmembrane signaling receptor activity,molfunc,0.73,0.2717111930324435,0.12556926089727993
transmembrane signaling receptor activity,molfunc,0.74,0.2606958743959931,0.11639537099710184
transmembrane signaling receptor activity,molfunc,0.75,0.21883766357748155,0.11289930407239214
transmembrane signaling receptor activity,molfunc,0.76,0.24086830085038238,0.10711633622700768
transmembrane signaling receptor activity,molfunc,0.77,0.24307136457767248,0.10485572152381194
transmembrane signaling receptor activity,molfunc,0.78,0.24086830085038238,0.09760072549960233
transmembrane signaling receptor activity,molfunc,0.79,0.2386652371230923,0.09434123453220383
transmembrane signaling receptor activity,molfunc,0.8,0.22324379103206174,0.0871913833779103
transmembrane signaling receptor activity,molfunc,0.81,0.2063536357895044,0.0878222525974068
transmembrane signaling receptor activity,molfunc,0.8200000000000001,0.2445400737291992,0.08151356040244191
transmembrane signaling receptor activity,molfunc,0.8300000000000001,0.23425910966851474,0.07914780082933097
transmembrane signaling receptor activity,molfunc,0.84,0.21002540866832123,0.07273396376444914
transmembrane signaling receptor activity,molfunc,0.85,0.18358864394084023,0.07141965289049813
transmembrane signaling receptor activity,molfunc,0.86,0.18505735309236696,0.06805501705318352
transmembrane signaling receptor activity,molfunc,0.87,0.18726041681965705,0.061956614598050824
transmembrane signaling receptor activity,molfunc,0.88,0.19533831715305403,0.06032686911435156
transmembrane signaling receptor activity,molfunc,0.89,0.17037026157709972,0.05669937110224676
transmembrane signaling receptor activity,molfunc,0.9,0.16302671581946615,0.05186270708610703
transmembrane signaling receptor activity,molfunc,0.91,0.16743284327404628,0.05110040677921544
transmembrane signaling receptor activity,molfunc,0.92,0.1666984886982829,0.049418088860558144
transmembrane signaling receptor activity,molfunc,0.93,0.17697945275896998,0.05262500739299862
transmembrane signaling receptor activity,molfunc,0.9400000000000001,0.19240089885000058,0.04975980968778541
transmembrane signaling receptor activity,molfunc,0.9500000000000001,0.1380586602435134,0.044108272929796535
transmembrane signaling receptor activity,molfunc,0.96,0.14980833345572564,0.04381912453752682
transmembrane signaling receptor activity,molfunc,0.97,0.1711046161528631,0.044765428366771554
transmembrane signaling receptor activity,molfunc,0.98,0.22397814560782509,0.05735652653922227
transmembrane signaling receptor activity,molfunc,0.99,0.646966381247521,0.14357531987040884
transmembrane transporter binding,molfunc,0.0,21.170554629850034,20.701405560144373
transmembrane transporter binding,molfunc,0.01,7.310759343013568,7.560942459649625
transmembrane transporter binding,molfunc,0.02,4.597119733396811,5.275105897578121
transmembrane transporter binding,molfunc,0.03,3.838371816234229,4.236619816368262
transmembrane transporter binding,molfunc,0.04,3.746131873363484,3.649009519455744
transmembrane transporter binding,molfunc,0.05,3.424779814329923,3.2932745407350863
transmembrane transporter binding,molfunc,0.06,3.17483932397048,3.1066787719285194
transmembrane transporter binding,molfunc,0.07,2.868364675077364,2.800446703615531
transmembrane transporter binding,molfunc,0.08,2.7047131635324937,2.5050162010688446
transmembrane transporter binding,molfunc,0.09,2.3506308021899525,2.2842496021721876
transmembrane transporter binding,molfunc,0.1,2.350630802189956,2.1374814076129547
transmembrane transporter binding,molfunc,0.11,2.050107117353012,1.965936161722477
transmembrane transporter binding,molfunc,0.12,1.9727445846227072,1.8678518014938394
transmembrane transporter binding,molfunc,0.13,1.8299214472744567,1.773709244886084
transmembrane transporter binding,molfunc,0.14,1.621637705308263,1.660907111397677
transmembrane transporter binding,molfunc,0.15,1.657343489645321,1.5643073265587195
transmembrane transporter binding,molfunc,0.16,1.5680790288026647,1.4764614172934079
transmembrane transporter binding,molfunc,0.17,1.487741014044278,1.396422326887634
transmembrane transporter binding,molfunc,0.18,1.3895501071173517,1.3408787304116025
transmembrane transporter binding,molfunc,0.19,1.3062366103308725,1.262042657994015
transmembrane transporter binding,molfunc,0.2,1.3925255891454442,1.2056287931861085
transmembrane transporter binding,molfunc,0.21,1.190192811235419,1.154615711261348
transmembrane transporter binding,molfunc,0.22,1.1009283503927625,1.0816667481476714
transmembrane transporter binding,molfunc,0.23,1.0800999761961456,1.0275053425516951
transmembrane transporter binding,molfunc,0.24,1.08605094025232,0.9889319785473729
transmembrane transporter binding,molfunc,0.25,0.9104975005950956,0.9538908801253997
transmembrane transporter binding,molfunc,0.26,0.9462032849321581,0.9111197512261177
transmembrane transporter binding,molfunc,0.27,0.9253749107355382,0.8803020138265153
transmembrane transporter binding,molfunc,0.28,0.853963342061418,0.8375052887998297
transmembrane transporter binding,molfunc,0.29,0.6992382766008087,0.8004165001851873
transmembrane transporter binding,molfunc,0.3,0.8628897881456788,0.773438181896831
transmembrane transporter binding,molfunc,0.31,0.6932873125446316,0.7375780073977921
transmembrane transporter binding,molfunc,0.32,0.6754344203761002,0.7147974540043983
transmembrane transporter binding,molfunc,0.33,0.6962627945727201,0.693885417911811
transmembrane transporter binding,molfunc,0.34,0.7468459890502255,0.6599193568409868
transmembrane transporter binding,molfunc,0.35000000000000003,0.5355867650559416,0.6236496443034183
transmembrane transporter binding,molfunc,0.36,0.5802189954772667,0.6039918184538347
transmembrane transporter binding,molfunc,0.37,0.5802189954772667,0.566237530526581
transmembrane transporter binding,molfunc,0.38,0.5474886931682929,0.5573556743158983
transmembrane transporter binding,molfunc,0.39,0.49988098071887604,0.5343959480306463
transmembrane transporter binding,molfunc,0.4,0.5207093549154959,0.5123576823320934
transmembrane transporter binding,molfunc,0.41000000000000003,0.511782908831233,0.4958225840263295
transmembrane transporter binding,molfunc,0.42,0.4433468221851936,0.4718902048995591
transmembrane transporter binding,molfunc,0.43,0.42846941204475086,0.44997991983804775
transmembrane transporter binding,molfunc,0.44,0.4016900737919539,0.4337775711885891
transmembrane transporter binding,molfunc,0.45,0.43739585812901655,0.4238206776267574
transmembrane transporter binding,molfunc,0.46,0.39573910973577686,0.41299351573304327
transmembrane transporter binding,molfunc,0.47000000000000003,0.3154010949773878,0.3867574851395301
transmembrane transporter binding,molfunc,0.48,0.3451559152582715,0.3795905694652018
transmembrane transporter binding,molfunc,0.49,0.3689597714829799,0.3662549870854736
transmembrane transporter binding,molfunc,0.5,0.28564627469650056,0.34756981407740906
transmembrane transporter binding,molfunc,0.51,0.33325398714591736,0.3349765193925217
transmembrane transporter binding,molfunc,0.52,0.27969531064032344,0.321359379611302
transmembrane transporter binding,molfunc,0.53,0.27076886455605786,0.30531060772629315
transmembrane transporter binding,molfunc,0.54,0.27076886455605786,0.291232737651724
transmembrane transporter binding,molfunc,0.55,0.2558914544156151,0.28365628393886494
transmembrane transporter binding,molfunc,0.56,0.26184241847179224,0.2755423115504314
transmembrane transporter binding,molfunc,0.5700000000000001,0.2291121161628207,0.2607989421632491
transmembrane transporter binding,molfunc,0.58,0.1874553677695785,0.2509444331110478
transmembrane transporter binding,molfunc,0.59,0.2588669364437037,0.2451853044441786
transmembrane transporter binding,molfunc,0.6,0.19043084979766706,0.23292475941559926
transmembrane transporter binding,molfunc,0.61,0.20233277791002124,0.22719122687613835
transmembrane transporter binding,molfunc,0.62,0.20233277791002124,0.21413720189790147
transmembrane transporter binding,molfunc,0.63,0.21423470602237543,0.2041547122086615
transmembrane transporter binding,molfunc,0.64,0.22911211616281815,0.19972658216702427
transmembrane transporter binding,molfunc,0.65,0.20233277791002124,0.1877475945399363
transmembrane transporter binding,molfunc,0.66,0.22613663413472965,0.1847016553783477
transmembrane transporter binding,molfunc,0.67,0.1547250654606045,0.17484714632614928
transmembrane transporter binding,molfunc,0.68,0.19043084979766706,0.16233064002348685
transmembrane transporter binding,molfunc,0.6900000000000001,0.1368721732920732,0.15634114620994288
transmembrane transporter binding,molfunc,0.7000000000000001,0.1725779576291377,0.15022367175935902
transmembrane transporter binding,molfunc,0.71,0.12497024517971901,0.13903816408192693
transmembrane transporter binding,molfunc,0.72,0.1368721732920732,0.13962687501231802
transmembrane transporter binding,molfunc,0.73,0.13984765532016172,0.1305402497823688
transmembrane transporter binding,molfunc,0.74,0.11009283503927626,0.12147922067982792
transmembrane transporter binding,molfunc,0.75,0.13092120923589612,0.11643678358039132
transmembrane transporter binding,molfunc,0.76,0.07736253273030225,0.1120342496661624
transmembrane transporter binding,molfunc,0.77,0.10414187098309917,0.1096794059445981
transmembrane transporter binding,molfunc,0.78,0.08926446084265643,0.10266606703472182
transmembrane transporter binding,molfunc,0.79,0.08628897881456787,0.09944095498127506
transmembrane transporter binding,molfunc,0.8,0.07736253273030225,0.09201807803286587
transmembrane transporter binding,molfunc,0.81,0.09819090692692208,0.09186450126841601
transmembrane transporter binding,molfunc,0.8200000000000001,0.07438705070221369,0.08725719833492064
transmembrane transporter binding,molfunc,0.8300000000000001,0.07438705070221452,0.08459520108445759
transmembrane transporter binding,molfunc,0.84,0.047607712449416764,0.0777354389390302
transmembrane transporter binding,molfunc,0.85,0.04463223042132822,0.07555976810932406
transmembrane transporter binding,molfunc,0.86,0.0684360866460366,0.07212988703661084
transmembrane transporter binding,molfunc,0.87,0.05950964056177095,0.06634516224233332
transmembrane transporter binding,molfunc,0.88,0.02677933825279693,0.06532131714600102
transmembrane transporter binding,molfunc,0.89,0.07141156867412514,0.0605348413206475
transmembrane transporter binding,molfunc,0.9,0.04165674839323967,0.05582515387751889
transmembrane transporter binding,molfunc,0.91,0.04463223042132822,0.05521084681971951
transmembrane transporter binding,molfunc,0.92,0.02677933825279693,0.05370067530262937
transmembrane transporter binding,molfunc,0.93,0.03273030230897403,0.05713055637534258
transmembrane transporter binding,molfunc,0.9400000000000001,0.047607712449416764,0.05475011652636998
transmembrane transporter binding,molfunc,0.9500000000000001,0.02975482028088581,0.04750641246981945
transmembrane transporter binding,molfunc,0.96,0.029754820280885476,0.04763439310686046
transmembrane transporter binding,molfunc,0.97,0.03570578433706257,0.049246949133583844
transmembrane transporter binding,molfunc,0.98,0.0684360866460366,0.06306885793406995
transmembrane transporter binding,molfunc,0.99,0.05355867650559386,0.16189550585754564
ubiquitin protein ligase activity,molfunc,0.0,19.313932448733414,20.72922713724814
ubiquitin protein ligase activity,molfunc,0.01,7.275331724969843,7.563661406215436
ubiquitin protein ligase activity,molfunc,0.02,5.159831121833535,5.2711977324451516
ubiquitin protein ligase activity,molfunc,0.03,3.9249095295536782,4.238501092761752
ubiquitin protein ligase activity,molfunc,0.04,3.7982509047044624,3.6472972376500623
ubiquitin protein ligase activity,molfunc,0.05,3.1619420989143565,3.2966635855440036
ubiquitin protein ligase activity,molfunc,0.06,3.0367913148371506,3.108466444973822
ubiquitin protein ligase activity,molfunc,0.07,2.6718938480096517,2.8032365468470477
ubiquitin protein ligase activity,molfunc,0.08,2.3869119420989158,2.508770358447023
ubiquitin protein ligase activity,molfunc,0.09,2.3944511459589846,2.282938952213515
ubiquitin protein ligase activity,molfunc,0.1,2.175814234016889,2.1386742671707637
ubiquitin protein ligase activity,molfunc,0.11,1.948130277442703,1.9669711566135262
ubiquitin protein ligase activity,molfunc,0.12,1.9224969843184543,1.8678262907610959
ubiquitin protein ligase activity,molfunc,0.13,1.7204463208685148,1.7751086760404708
ubiquitin protein ligase activity,molfunc,0.14,1.586248492159231,1.661844507500915
ubiquitin protein ligase activity,molfunc,0.15,1.5153799758745463,1.5659519855946962
ubiquitin protein ligase activity,molfunc,0.16,1.5545838359469226,1.4759188452423746
ubiquitin protein ligase activity,molfunc,0.17,1.5033172496984346,1.3953846141932833
ubiquitin protein ligase activity,molfunc,0.18,1.4113389626055475,1.3400947671076506
ubiquitin protein ligase activity,molfunc,0.19,1.2379372738238832,1.2628386922583104
ubiquitin protein ligase activity,molfunc,0.2,1.3736429433051895,1.2043739379870955
ubiquitin protein ligase activity,molfunc,0.21,1.192702050663449,1.1542723538632802
ubiquitin protein ligase activity,molfunc,0.22,1.1384197828709277,1.080862304791605
ubiquitin protein ligase activity,molfunc,0.23,1.0328709288299176,1.0278697482711616
ubiquitin protein ligase activity,molfunc,0.24,1.1278648974668264,0.9873961347182804
ubiquitin protein ligase activity,molfunc,0.25,1.0012062726176107,0.9527044659586701
ubiquitin protein ligase activity,molfunc,0.26,0.9559710494571765,0.9106563049397676
ubiquitin protein ligase activity,molfunc,0.27,0.8730398069963804,0.8808173398459361
ubiquitin protein ligase activity,molfunc,0.28,0.9514475271411383,0.8356975206556144
ubiquitin protein ligase activity,molfunc,0.29,0.8670084439083225,0.7983988142883206
ubiquitin protein ligase activity,molfunc,0.3,0.8006634499396857,0.7737481121563059
ubiquitin protein ligase activity,molfunc,0.31,0.7659831121833528,0.7367075283244305
ubiquitin protein ligase activity,molfunc,0.32,0.7735223160434251,0.7134506878836502
ubiquitin protein ligase activity,molfunc,0.33,0.7358262967430633,0.6931880688536695
ubiquitin protein ligase activity,molfunc,0.34,0.7297949336550054,0.6594772657286315
ubiquitin protein ligase activity,molfunc,0.35000000000000003,0.684559710494575,0.6218430000653079
ubiquitin protein ligase activity,molfunc,0.36,0.7433655006031357,0.6013996952605342
ubiquitin protein ligase activity,molfunc,0.37,0.5910735826296738,0.5659336588946827
ubiquitin protein ligase activity,molfunc,0.38,0.5413148371531962,0.5575446764937353
ubiquitin protein ligase activity,molfunc,0.39,0.6061519903498185,0.5328681621081792
ubiquitin protein ligase activity,molfunc,0.4,0.553377563329312,0.5117279264577917
ubiquitin protein ligase activity,molfunc,0.41000000000000003,0.5624246079614019,0.49482090038819276
ubiquitin protein ligase activity,molfunc,0.42,0.5382991556091672,0.47050575755221324
ubiquitin protein ligase activity,molfunc,0.43,0.47044632086851584,0.4494429586624499
ubiquitin protein ligase activity,molfunc,0.44,0.4855247285886606,0.4326133693534724
ubiquitin protein ligase activity,molfunc,0.45,0.4855247285886606,0.4228821497683734
ubiquitin protein ligase activity,molfunc,0.46,0.39203860072376323,0.41320255469035716
ubiquitin protein ligase activity,molfunc,0.47000000000000003,0.39656212303980887,0.38597062720420694
ubiquitin protein ligase activity,molfunc,0.48,0.4191797346200237,0.3786141349449124
ubiquitin protein ligase activity,molfunc,0.49,0.39806996381182114,0.36573382042776553
ubiquitin protein ligase activity,molfunc,0.5,0.3588661037394448,0.34683925083547784
ubiquitin protein ligase activity,molfunc,0.51,0.34529553679131453,0.3347849284316549
ubiquitin protein ligase activity,molfunc,0.52,0.31363088057901056,0.32113024630826664
ubiquitin protein ligase activity,molfunc,0.53,0.34981905910735794,0.3042490324922064
ubiquitin protein ligase activity,molfunc,0.54,0.3302171290711698,0.29038785234048714
ubiquitin protein ligase activity,molfunc,0.55,0.34680337756332896,0.2823344292355776
ubiquitin protein ligase activity,molfunc,0.56,0.34077201447527106,0.27430681838420945
ubiquitin protein ligase activity,molfunc,0.5700000000000001,0.31212303980699957,0.2596454583727104
ubiquitin protein ligase activity,molfunc,0.58,0.3377563329312422,0.24890756089949487
ubiquitin protein ligase activity,molfunc,0.59,0.31061519903498164,0.24418391850142296
ubiquitin protein ligase activity,molfunc,0.6,0.2985524728588658,0.2314326652519829
ubiquitin protein ligase activity,molfunc,0.61,0.2653799758745474,0.2263218390507903
ubiquitin protein ligase activity,molfunc,0.62,0.24427020506634478,0.2135189612942675
ubiquitin protein ligase activity,molfunc,0.63,0.22316043425814214,0.2039168029768754
ubiquitin protein ligase activity,molfunc,0.64,0.23220747889022897,0.19942547086067586
ubiquitin protein ligase activity,molfunc,0.65,0.23974668275030134,0.18698396465373232
ubiquitin protein ligase activity,molfunc,0.66,0.2020506634499395,0.18476411084917393
ubiquitin protein ligase activity,molfunc,0.67,0.1914957780458382,0.17438758492554055
ubiquitin protein ligase activity,molfunc,0.68,0.1794330518697224,0.16228163801463488
ubiquitin protein ligase activity,molfunc,0.6900000000000001,0.18395657418576583,0.15569951336158383
ubiquitin protein ligase activity,molfunc,0.7000000000000001,0.15379975874547805,0.15035637687852055
ubiquitin protein ligase activity,molfunc,0.71,0.16133896260554872,0.13853436475656838
ubiquitin protein ligase activity,molfunc,0.72,0.1628468033775632,0.1392054833486442
ubiquitin protein ligase activity,molfunc,0.73,0.1281664656212303,0.13066162742644852
ubiquitin protein ligase activity,molfunc,0.74,0.12213510253317239,0.12136921615155292
ubiquitin protein ligase activity,molfunc,0.75,0.13721351025331713,0.1162067654432776
ubiquitin protein ligase activity,molfunc,0.76,0.15379975874547633,0.11101850248146089
ubiquitin protein ligase activity,molfunc,0.77,0.14776839565741845,0.10897933445169215
ubiquitin protein ligase activity,molfunc,0.78,0.10102533172496975,0.10257789557343074
ubiquitin protein ligase activity,molfunc,0.79,0.10102533172496975,0.09929973937367591
ubiquitin protein ligase activity,molfunc,0.8,0.08443908323281055,0.0920206838750077
ubiquitin protein ligase activity,molfunc,0.81,0.07991556091676712,0.09212393288917321
ubiquitin protein ligase activity,molfunc,0.8200000000000001,0.08443908323281055,0.08719379246277027
ubiquitin protein ligase activity,molfunc,0.8300000000000001,0.0965018094089274,0.08430282006613701
ubiquitin protein ligase activity,molfunc,0.84,0.07388419782870922,0.0775400096382954
ubiquitin protein ligase activity,molfunc,0.85,0.07086851628468027,0.07537178034081977
ubiquitin protein ligase activity,molfunc,0.86,0.06483715319662238,0.07222268540877182
ubiquitin protein ligase activity,molfunc,0.87,0.06031363088057896,0.0663891161084207
ubiquitin protein ligase activity,molfunc,0.88,0.05880579010856448,0.06509850343135186
ubiquitin protein ligase activity,molfunc,0.89,0.04523522316043422,0.06089110610410748
ubiquitin protein ligase activity,molfunc,0.9,0.04372738238841974,0.05590934117062178
ubiquitin protein ligase activity,molfunc,0.91,0.028648974668275005,0.05557378187458389
ubiquitin protein ligase activity,molfunc,0.92,0.03317249698431843,0.05381854863377028
ubiquitin protein ligase activity,molfunc,0.93,0.04523522316043422,0.057122517087066484
ubiquitin protein ligase activity,molfunc,0.9400000000000001,0.03769601930036185,0.054980100043132224
ubiquitin protein ligase activity,molfunc,0.9500000000000001,0.030156815440289815,0.0476494200373818
ubiquitin protein ligase activity,molfunc,0.96,0.024125452352231583,0.04788173031925365
ubiquitin protein ligase activity,molfunc,0.97,0.021109770808202637,0.04961115130652589
ubiquitin protein ligase activity,molfunc,0.98,0.03769601930036185,0.06354976821886926
ubiquitin protein ligase activity,molfunc,0.99,0.11610373944511448,0.16173958069026598
ubiquitin protein ligase binding,molfunc,0.0,20.519992121331494,20.707827046910555
ubiquitin protein ligase binding,molfunc,0.01,7.847153831002561,7.55504503070819
ubiquitin protein ligase binding,molfunc,0.02,5.353555249162893,5.268223933131758
ubiquitin protein ligase binding,molfunc,0.03,4.018120937561552,4.236030788144728
ubiquitin protein ligase binding,molfunc,0.04,3.827063226314752,3.6475246414935523
ubiquitin protein ligase binding,molfunc,0.05,3.39767579279102,3.2930480895724314
ubiquitin protein ligase binding,molfunc,0.06,3.092377388221388,3.107454368342475
ubiquitin protein ligase binding,molfunc,0.07,2.875714004333269,2.8000511096159877
ubiquitin protein ligase binding,molfunc,0.08,2.5723852668898965,2.505862308946318
ubiquitin protein ligase binding,molfunc,0.09,2.320267874729169,2.284353027589164
ubiquitin protein ligase binding,molfunc,0.1,2.2119361827851103,2.138351262404945
ubiquitin protein ligase binding,molfunc,0.11,1.9440614536143401,1.9669489436017737
ubiquitin protein ligase binding,molfunc,0.12,1.8101240890289523,1.869511597229487
ubiquitin protein ligase binding,molfunc,0.13,1.9046681110892243,1.7724855958550805
ubiquitin protein ligase binding,molfunc,0.14,1.6151270435296465,1.6611653558044281
ubiquitin protein ligase binding,molfunc,0.15,1.5993697065195966,1.5646535356773643
ubiquitin protein ligase binding,molfunc,0.16,1.522552688595626,1.4766514151939003
ubiquitin protein ligase binding,molfunc,0.17,1.4358873350403807,1.396696231231423
ubiquitin protein ligase binding,molfunc,0.18,1.3393736458538497,1.3413189108921315
ubiquitin protein ligase binding,molfunc,0.19,1.1522552688595618,1.263857505979284
ubiquitin protein ligase binding,molfunc,0.2,1.2074059483947235,1.2072204415839993
ubiquitin protein ligase binding,molfunc,0.21,1.0754382509355909,1.1559565712234856
ubiquitin protein ligase binding,molfunc,0.22,1.05771124679929,1.0821458531668027
ubiquitin protein ligase binding,molfunc,0.23,1.1266495962182412,1.0266656965780485
ubiquitin protein ligase binding,molfunc,0.24,1.0557415796730343,0.9888990839603979
ubiquitin protein ligase binding,molfunc,0.25,0.8607445341737239,0.95473174007418
ubiquitin protein ligase binding,molfunc,0.26,0.8508961985424456,0.9122089509185711
ubiquitin protein ligase binding,molfunc,0.27,0.7977151861335428,0.8817694210756201
ubiquitin protein ligase binding,molfunc,0.28,0.7602915107346894,0.8386553234855666
ubiquitin protein ligase binding,molfunc,0.29,0.7760488477447304,0.7998603483732198
ubiquitin protein ligase binding,molfunc,0.3,0.7602915107346851,0.7743826675671687
ubiquitin protein ligase binding,molfunc,0.31,0.7287768367145945,0.7373101996334396
ubiquitin protein ligase binding,molfunc,0.32,0.7386251723458729,0.7141463344404506
ubiquitin protein ligase binding,molfunc,0.33,0.7012014969470154,0.693810466107871
ubiquitin protein ligase binding,molfunc,0.34,0.7051408311995268,0.6600801762818982
ubiquitin protein ligase binding,molfunc,0.35000000000000003,0.6283238132755594,0.622827744911601
ubiquitin protein ligase binding,molfunc,0.36,0.6637778215481578,0.6030060578263652
ubiquitin protein ligase binding,molfunc,0.37,0.575142800866653,0.5662420986410442
ubiquitin protein ligase binding,molfunc,0.38,0.5593854638566077,0.5572439268124691
ubiquitin protein ligase binding,molfunc,0.39,0.49438644869017095,0.5346199519291948
ubiquitin protein ligase binding,molfunc,0.4,0.5002954500689379,0.5125872854803695
ubiquitin protein ligase binding,molfunc,0.41000000000000003,0.5022651171951964,0.4958763949415901
ubiquitin protein ligase binding,molfunc,0.42,0.4924167815639153,0.4713756585054958
ubiquitin protein ligase binding,molfunc,0.43,0.46681110892259164,0.4495743736179768
ubiquitin protein ligase binding,molfunc,0.44,0.447114437660035,0.43332624620180704
ubiquitin protein ligase binding,molfunc,0.45,0.4136300965136888,0.42407098374955843
ubiquitin protein ligase binding,molfunc,0.46,0.39787275950364354,0.4130417959939621
ubiquitin protein ligase binding,molfunc,0.47000000000000003,0.36438841835729935,0.38643291644374944
ubiquitin protein ligase binding,molfunc,0.48,0.4313571006499898,0.3786173614840707
ubiquitin protein ligase binding,molfunc,0.49,0.3387827457159737,0.36663693842088224
ubiquitin protein ligase binding,molfunc,0.5,0.348631081347252,0.3470209238345886
ubiquitin protein ligase binding,molfunc,0.51,0.3131770730746501,0.33524617327033895
ubiquitin protein ligase binding,molfunc,0.52,0.32893441008469537,0.3209005164693536
ubiquitin protein ligase binding,molfunc,0.53,0.27378373054953686,0.3054236609242045
ubiquitin protein ligase binding,molfunc,0.54,0.26393539491825857,0.29141222193399485
ubiquitin protein ligase binding,molfunc,0.55,0.28560173330707084,0.28339099447537935
ubiquitin protein ligase binding,molfunc,0.56,0.3722670868623199,0.27416144108549806
ubiquitin protein ligase binding,molfunc,0.5700000000000001,0.3013590703171195,0.2599957477210871
ubiquitin protein ligase binding,molfunc,0.58,0.25605672641323596,0.2503291402709579
ubiquitin protein ligase binding,molfunc,0.59,0.25999606066574726,0.24511020061038435
ubiquitin protein ligase binding,molfunc,0.6,0.24423872365570198,0.23240992380090983
ubiquitin protein ligase binding,molfunc,0.61,0.27181406342328124,0.22639400320694822
ubiquitin protein ligase binding,molfunc,0.62,0.24029938940319065,0.21369372639747375
ubiquitin protein ligase binding,molfunc,0.63,0.20484538113058876,0.20423279144628625
ubiquitin protein ligase binding,molfunc,0.64,0.19893637975182177,0.1999907961556723
ubiquitin protein ligase binding,molfunc,0.65,0.19302737837305478,0.18780470059354495
ubiquitin protein ligase binding,molfunc,0.66,0.2028757140043331,0.18482244935893152
ubiquitin protein ligase binding,molfunc,0.67,0.1772700413630095,0.17464166066145803
ubiquitin protein ligase binding,molfunc,0.68,0.17923970848926518,0.16235272884986124
ubiquitin protein ligase binding,molfunc,0.6900000000000001,0.16348237147921987,0.15607971763222606
ubiquitin protein ligase binding,molfunc,0.7000000000000001,0.1477250344691762,0.15044943297377647
ubiquitin protein ligase binding,molfunc,0.71,0.10439235769155004,0.13936882709344384
ubiquitin protein ligase binding,molfunc,0.72,0.1418160330904076,0.1395744995923827
ubiquitin protein ligase binding,molfunc,0.73,0.11227102619657267,0.13085912744984857
ubiquitin protein ligase binding,molfunc,0.74,0.12999803033287363,0.12126964718682431
ubiquitin protein ligase binding,molfunc,0.75,0.09848335631278304,0.11679627033490414
ubiquitin protein ligase binding,molfunc,0.76,0.09060468780776042,0.11201438473457567
ubiquitin protein ligase binding,molfunc,0.77,0.09454402206027172,0.1098291144333503
ubiquitin protein ligase binding,molfunc,0.78,0.0866653535552491,0.10275912228232706
ubiquitin protein ligase binding,molfunc,0.79,0.10045302343903871,0.09931410792510119
ubiquitin protein ligase binding,molfunc,0.8,0.07484735079771512,0.09211557046224116
ubiquitin protein ligase binding,molfunc,0.81,0.07484735079771512,0.09214127952460852
ubiquitin protein ligase binding,molfunc,0.8200000000000001,0.05318101240890285,0.08759077548558626
ubiquitin protein ligase binding,molfunc,0.8300000000000001,0.04530234390388071,0.08501986924885148
ubiquitin protein ligase binding,molfunc,0.84,0.04924167815639152,0.07784704084835785
ubiquitin protein ligase binding,molfunc,0.85,0.07878668505022644,0.07525042554925478
ubiquitin protein ligase binding,molfunc,0.86,0.04924167815639152,0.07239671962647812
ubiquitin protein ligase binding,molfunc,0.87,0.04333267677762455,0.06658647153145536
ubiquitin protein ligase binding,molfunc,0.88,0.04136300965136888,0.0653010184130875
ubiquitin protein ligase binding,molfunc,0.89,0.04924167815639152,0.060776223436432616
ubiquitin protein ligase binding,molfunc,0.9,0.03742367539885756,0.05594291971136944
ubiquitin protein ligase binding,molfunc,0.91,0.05121134528264719,0.055171647840348725
ubiquitin protein ligase binding,molfunc,0.92,0.04136300965136888,0.0536291040983073
ubiquitin protein ligase binding,molfunc,0.93,0.01969667126255661,0.05740833626630881
ubiquitin protein ligase binding,molfunc,0.9400000000000001,0.01969667126255661,0.05514593877798137
ubiquitin protein ligase binding,molfunc,0.9500000000000001,0.023636005515068195,0.047664601629080934
ubiquitin protein ligase binding,molfunc,0.96,0.025605672641323594,0.04776743787854983
ubiquitin protein ligase binding,molfunc,0.97,0.04333267677762455,0.04920714537112184
ubiquitin protein ligase binding,molfunc,0.98,0.0354540082726019,0.06347567498500513
ubiquitin protein ligase binding,molfunc,0.99,0.11818002757533966,0.1615300388541058
ubiquitin-protein transferase activity,molfunc,0.0,18.792859230613576,20.749579059559988
ubiquitin-protein transferase activity,molfunc,0.01,7.117161679070081,7.5690089173165225
ubiquitin-protein transferase activity,molfunc,0.02,5.068912021943927,5.273952062770432
ubiquitin-protein transferase activity,molfunc,0.03,3.981833307102547,4.239029260066545
ubiquitin-protein transferase activity,molfunc,0.04,3.73226611507071,3.647934113896032
ubiquitin-protein transferase activity,molfunc,0.05,3.1083481349911204,3.2986931048852473
ubiquitin-protein transferase activity,molfunc,0.06,3.034152483305976,3.108948603074907
ubiquitin-protein transferase activity,molfunc,0.07,2.722755581536526,2.8028337048340983
ubiquitin-protein transferase activity,molfunc,0.08,2.477685095667425,2.5073899875243266
ubiquitin-protein transferase activity,molfunc,0.09,2.3551498527328714,2.283191332196976
ubiquitin-protein transferase activity,molfunc,0.1,2.1561706050318152,2.13890969610502
ubiquitin-protein transferase activity,molfunc,0.11,1.9740540054410154,1.9664831448567384
ubiquitin-protein transferase activity,molfunc,0.12,2.0089034782022153,1.8655093671418483
ubiquitin-protein transferase activity,molfunc,0.13,1.8222901724486797,1.7730777269605682
ubiquitin-protein transferase activity,molfunc,0.14,1.6761472221597713,1.6602124629527006
ubiquitin-protein transferase activity,molfunc,0.15,1.556984508847268,1.565288284159786
ubiquitin-protein transferase activity,molfunc,0.16,1.648042808642668,1.4732980310243153
ubiquitin-protein transferase activity,molfunc,0.17,1.5086449175978625,1.3946272810947464
ubiquitin-protein transferase activity,molfunc,0.18,1.4232075005058782,1.3394019724808146
ubiquitin-protein transferase activity,molfunc,0.19,1.2691953144321773,1.2622630952396394
ubiquitin-protein transferase activity,molfunc,0.2,1.3951030869887833,1.2028835556063318
ubiquitin-protein transferase activity,molfunc,0.21,1.2141106639386638,1.1535520622511508
ubiquitin-protein transferase activity,molfunc,0.22,1.1815095442588295,1.0795288582745133
ubiquitin-protein transferase activity,molfunc,0.23,1.057850124783598,1.027263439261899
ubiquitin-protein transferase activity,molfunc,0.24,1.1522809542010468,0.986006732450645
ubiquitin-protein transferase activity,molfunc,0.25,0.9847786496391385,0.952798848239449
ubiquitin-protein transferase activity,molfunc,0.26,0.9499291768779361,0.9105295476172232
ubiquitin-protein transferase activity,molfunc,0.27,0.8959687029251066,0.8803334808950802
ubiquitin-protein transferase activity,molfunc,0.28,0.9982687681273513,0.8339359131973467
ubiquitin-protein transferase activity,molfunc,0.29,0.8678642894080079,0.7979758509358047
ubiquitin-protein transferase activity,molfunc,0.3,0.821773051239966,0.7731023927072467
ubiquitin-protein transferase activity,molfunc,0.31,0.7666884007464526,0.7365191957928019
ubiquitin-protein transferase activity,molfunc,0.32,0.7711851069091884,0.7131516463087704
ubiquitin-protein transferase activity,molfunc,0.33,0.7621916945837168,0.6923285633241112
ubiquitin-protein transferase activity,molfunc,0.34,0.6969894552240478,0.6598217055974362
ubiquitin-protein transferase activity,molfunc,0.35000000000000003,0.6812509836544763,0.6215508523313703
ubiquitin-protein transferase activity,molfunc,0.36,0.7475773995548254,0.6004681299079963
ubiquitin-protein transferase activity,molfunc,0.37,0.585695977696337,0.5659101206155007
ubiquitin-protein transferase activity,molfunc,0.38,0.5935652134811246,0.5564332811025324
ubiquitin-protein transferase activity,molfunc,0.39,0.6239179800795911,0.5320271738636551
ubiquitin-protein transferase activity,molfunc,0.4,0.5519706814758185,0.5115156582054496
ubiquitin-protein transferase activity,molfunc,0.41000000000000003,0.5767025653708685,0.4940938518679133
ubiquitin-protein transferase activity,molfunc,0.42,0.5665849765047098,0.4694540691341929
ubiquitin-protein transferase activity,molfunc,0.43,0.4845200890347816,0.44899448136372977
ubiquitin-protein transferase activity,molfunc,0.44,0.4654090878431545,0.43276701644426346
ubiquitin-protein transferase activity,molfunc,0.45,0.49463767790093716,0.4223035470641916
ubiquitin-protein transferase activity,molfunc,0.46,0.4215662027564805,0.41264495994412526
ubiquitin-protein transferase activity,molfunc,0.47000000000000003,0.42606290891921866,0.38522703521619706
ubiquitin-protein transferase activity,molfunc,0.48,0.4271870854599002,0.3781908064271143
ubiquitin-protein transferase activity,molfunc,0.49,0.39571014232074975,0.3655982936496085
ubiquitin-protein transferase activity,molfunc,0.5,0.3934617892393818,0.345969552083022
ubiquitin-protein transferase activity,molfunc,0.51,0.3496189041527078,0.33462330861133116
ubiquitin-protein transferase activity,molfunc,0.52,0.3113969017694536,0.32122591357381974
ubiquitin-protein transferase activity,molfunc,0.53,0.3417496683679202,0.3041676024504768
ubiquitin-protein transferase activity,molfunc,0.54,0.32825954987971284,0.29019900064780013
ubiquitin-protein transferase activity,molfunc,0.55,0.3395013152865523,0.2821242141038737
ubiquitin-protein transferase activity,molfunc,0.56,0.32713537333902887,0.27423117516704526
ubiquitin-protein transferase activity,molfunc,0.5700000000000001,0.32825954987971645,0.25896437617081425
ubiquitin-protein transferase activity,molfunc,0.58,0.3147694313915054,0.24891632989267784
ubiquitin-protein transferase activity,molfunc,0.59,0.2990309598219302,0.2440610723887735
ubiquitin-protein transferase activity,molfunc,0.6,0.28216831171167095,0.23141663172352533
ubiquitin-protein transferase activity,molfunc,0.61,0.26418148706072775,0.22611998717381152
ubiquitin-protein transferase activity,molfunc,0.62,0.23944960316568092,0.21344958256469224
ubiquitin-protein transferase activity,molfunc,0.63,0.22820783775884143,0.2036871396691413
ubiquitin-protein transferase activity,molfunc,0.64,0.23270454392157724,0.19922134132330416
ubiquitin-protein transferase activity,molfunc,0.65,0.2315803673808933,0.18686250404063862
ubiquitin-protein transferase activity,molfunc,0.66,0.20460013040447855,0.1846036409238489
ubiquitin-protein transferase activity,molfunc,0.67,0.19785507116037487,0.174140171543777
ubiquitin-protein transferase activity,molfunc,0.68,0.17986824650943167,0.16217079341917864
ubiquitin-protein transferase activity,molfunc,0.6900000000000001,0.1753715403466959,0.1557317353391344
ubiquitin-protein transferase activity,molfunc,0.7000000000000001,0.1618814218584903,0.15014948740683967
ubiquitin-protein transferase activity,molfunc,0.71,0.1450187737482293,0.13877727999127598
ubiquitin-protein transferase activity,molfunc,0.72,0.1472671268295972,0.13942637858805465
ubiquitin-protein transferase activity,molfunc,0.73,0.1337770083413898,0.13054670978412267
ubiquitin-protein transferase activity,molfunc,0.74,0.12253524293455034,0.12135547365373694
ubiquitin-protein transferase activity,molfunc,0.75,0.12590777255660218,0.11634443248660574
ubiquitin-protein transferase activity,molfunc,0.76,0.1337770083413898,0.11122953554398995
ubiquitin-protein transferase activity,molfunc,0.77,0.1450187737482293,0.10881488876397338
ubiquitin-protein transferase activity,molfunc,0.78,0.10117588866155533,0.10258354223489831
ubiquitin-protein transferase activity,molfunc,0.79,0.10230006520223928,0.0992601574193916
ubiquitin-protein transferase activity,molfunc,0.8,0.08543741709198005,0.09204218102321299
ubiquitin-protein transferase activity,molfunc,0.81,0.07644400476650846,0.0922758565180533
ubiquitin-protein transferase activity,molfunc,0.8200000000000001,0.08543741709198005,0.08718692351930867
ubiquitin-protein transferase activity,molfunc,0.8300000000000001,0.08768577017334893,0.0844347454689681
ubiquitin-protein transferase activity,molfunc,0.84,0.07307147514445662,0.07758026428698458
ubiquitin-protein transferase activity,molfunc,0.85,0.06745059244103688,0.07547718483342176
ubiquitin-protein transferase activity,molfunc,0.86,0.06745059244103688,0.07220572790565735
ubiquitin-protein transferase activity,molfunc,0.87,0.0562088270341974,0.06651962419787635
ubiquitin-protein transferase activity,molfunc,0.88,0.0607055331969332,0.06509160728496331
ubiquitin-protein transferase activity,molfunc,0.89,0.04946376779009372,0.060885448377837645
ubiquitin-protein transferase activity,molfunc,0.9,0.04721541470872582,0.055900371154577584
ubiquitin-protein transferase activity,molfunc,0.91,0.02922859005778265,0.055718623547479564
ubiquitin-protein transferase activity,molfunc,0.92,0.03372529622051844,0.05392711142037049
ubiquitin-protein transferase activity,molfunc,0.93,0.04609123816804187,0.05717260440426375
ubiquitin-protein transferase activity,molfunc,0.9400000000000001,0.03597364930188634,0.055121452838443205
ubiquitin-protein transferase activity,molfunc,0.9500000000000001,0.02922859005778297,0.04777365672290939
ubiquitin-protein transferase activity,molfunc,0.96,0.02473188389504686,0.048007332217749166
ubiquitin-protein transferase activity,molfunc,0.97,0.019111001191627116,0.04982480828872939
ubiquitin-protein transferase activity,molfunc,0.98,0.03934617892393818,0.06366359037205029
ubiquitin-protein transferase activity,molfunc,0.99,0.10454841828360716,0.16227464919466322
zinc ion binding,molfunc,0.0,21.304447793986153,20.674098614213985
zinc ion binding,molfunc,0.01,7.55384104437575,7.5590682809513305
zinc ion binding,molfunc,0.02,5.216769281863935,5.272070058914733
zinc ion binding,molfunc,0.03,4.159619855401987,4.237069976131815
zinc ion binding,molfunc,0.04,3.719183506629537,3.646213589536666
zinc ion binding,molfunc,0.05,3.305827350995071,3.2937987050615627
zinc ion binding,molfunc,0.06,3.132616304320054,3.1059348941740557
zinc ion binding,molfunc,0.07,2.827580921237515,2.799638105136441
zinc ion binding,molfunc,0.08,2.5153922795902215,2.5062661326545506
zinc ion binding,molfunc,0.09,2.33962649771351,2.2819511345799173
zinc ion binding,molfunc,0.1,2.219553943233785,2.1351049233403505
zinc ion binding,molfunc,0.11,1.9737884168305964,1.9662811831227542
zinc ion binding,molfunc,0.12,1.8828398436502038,1.8680098506329137
zinc ion binding,molfunc,0.13,1.7367089901131734,1.7761475180880657
zinc ion binding,molfunc,0.14,1.7065631147331612,1.6581685107673902
zinc ion binding,molfunc,0.15,1.5537899496717151,1.5656919823944757
zinc ion binding,molfunc,0.16,1.4791916817821822,1.477140966487872
zinc ion binding,molfunc,0.17,1.4199218251028307,1.396013708850885
zinc ion binding,molfunc,0.18,1.2819661242112244,1.344394555127279
zinc ion binding,molfunc,0.19,1.2640829777993499,1.2623326516649769
zinc ion binding,molfunc,0.2,1.2150320619267836,1.2068146896415095
zinc ion binding,molfunc,0.21,1.1286820121094439,1.1562904067418396
zinc ion binding,molfunc,0.22,1.0837186725595882,1.0817323740484628
zinc ion binding,molfunc,0.23,0.9932810464195405,1.0297660661611765
zinc ion binding,molfunc,0.24,0.9707993766446099,0.9907512789960506
zinc ion binding,molfunc,0.25,0.9048872084408444,0.9560625667937954
zinc ion binding,molfunc,0.26,0.8992667909971124,0.9120541005048681
zinc ion binding,molfunc,0.27,0.8854712209079522,0.8804363674429204
zinc ion binding,molfunc,0.28,0.8318217816723336,0.8379500386409326
zinc ion binding,molfunc,0.29,0.771019083871956,0.8010448806243641
zinc ion binding,molfunc,0.3,0.8021868533326513,0.7727384642006607
zinc ion binding,molfunc,0.31,0.7209462739187077,0.7380497519984057
zinc ion binding,molfunc,0.32,0.7199243798380291,0.7141762272033201
zinc ion binding,molfunc,0.33,0.6999974452647977,0.6935873148800415
zinc ion binding,molfunc,0.34,0.6570778938762991,0.6608480068277206
zinc ion binding,molfunc,0.35000000000000003,0.6243772832945894,0.6228212738207869
zinc ion binding,molfunc,0.36,0.6213116010525503,0.602873261492004
zinc ion binding,molfunc,0.37,0.5686840558976057,0.5662351451398145
zinc ion binding,molfunc,0.38,0.5640855325345523,0.5569153910531424
zinc ion binding,molfunc,0.39,0.540581968678946,0.5337628787518681
zinc ion binding,molfunc,0.4,0.511968934419947,0.5124529539347784
zinc ion binding,molfunc,0.41000000000000003,0.48744347648366476,0.4964037499058701
zinc ion binding,molfunc,0.42,0.46036328334568083,0.4722364792799698
zinc ion binding,molfunc,0.43,0.42715172572362836,0.450979962795755
zinc ion binding,molfunc,0.44,0.4455458191758421,0.4328745379511598
zinc ion binding,molfunc,0.45,0.4016043737066649,0.4251036255178602
zinc ion binding,molfunc,0.46,0.3970058503436115,0.41367424228262906
zinc ion binding,molfunc,0.47000000000000003,0.4097795263520955,0.3849138550294912
zinc ion binding,molfunc,0.48,0.41386710267480736,0.3774900967598764
zinc ion binding,molfunc,0.49,0.37605702168970156,0.3657669676938332
zinc ion binding,molfunc,0.5,0.3392688347852742,0.34744790951773846
zinc ion binding,molfunc,0.51,0.3229185294944176,0.33559125961950803
zinc ion binding,molfunc,0.52,0.3075901182842396,0.321705093072031
zinc ion binding,molfunc,0.53,0.2963492833967757,0.30546895987805783
zinc ion binding,molfunc,0.54,0.2810208721865976,0.2915827933305808
zinc ion binding,molfunc,0.55,0.2810208721865976,0.2835448392329065
zinc ion binding,molfunc,0.56,0.2759114017832049,0.2754000684694825
zinc ion binding,molfunc,0.5700000000000001,0.2610939376133691,0.260499143597385
zinc ion binding,molfunc,0.58,0.2575173083309913,0.2500311103538994
zinc ion binding,molfunc,0.59,0.24832026160488443,0.245144247895845
zinc ion binding,molfunc,0.6,0.23605753263674198,0.23237965633874105
zinc ion binding,molfunc,0.61,0.23043711519301002,0.2267984855533128
zinc ion binding,molfunc,0.62,0.22583859182995664,0.2134196981681474
zinc ion binding,molfunc,0.63,0.19926934573231467,0.20450050657803714
zinc ion binding,molfunc,0.64,0.1762767289170476,0.20121589410623006
zinc ion binding,molfunc,0.65,0.19160514012722563,0.18767688172243993
zinc ion binding,molfunc,0.66,0.17832051707840468,0.18540702757525618
zinc ion binding,molfunc,0.67,0.12671486600413856,0.17718214431251977
zinc ion binding,molfunc,0.68,0.15890452954551246,0.16276189443629357
zinc ion binding,molfunc,0.6900000000000001,0.138977594972281,0.1570739069851155
zinc ion binding,molfunc,0.7000000000000001,0.137955700891604,0.15106546953668962
zinc ion binding,molfunc,0.71,0.1308024423268527,0.13934234047064478
zinc ion binding,molfunc,0.72,0.1277367600848171,0.14022357796308083
zinc ion binding,molfunc,0.73,0.11445213703599613,0.1314646113715953
zinc ion binding,molfunc,0.74,0.11853971335871026,0.12153066145686171
zinc ion binding,molfunc,0.75,0.10474414326955002,0.1171778823275564
zinc ion binding,molfunc,0.76,0.09605804358378245,0.11255806153387654
zinc ion binding,molfunc,0.77,0.08583910277699709,0.11087569904831682
zinc ion binding,molfunc,0.78,0.08941573205937198,0.10323830744720443
zinc ion binding,molfunc,0.79,0.0822624734946222,0.10022073663977192
zinc ion binding,molfunc,0.8,0.07562016197021172,0.09274357003728428
zinc ion binding,molfunc,0.81,0.0822624734946222,0.0924231200400348
zinc ion binding,molfunc,0.8200000000000001,0.0679559563651227,0.08815045341004187
zinc ion binding,molfunc,0.8300000000000001,0.07817489717190892,0.08483913677179827
zinc ion binding,molfunc,0.84,0.05569322739698026,0.07861706599187013
zinc ion binding,molfunc,0.85,0.06846690340546197,0.07565290351731252
zinc ion binding,molfunc,0.86,0.06080269780037294,0.07268874104275491
zinc ion binding,molfunc,0.87,0.046496180670873424,0.06732120358882628
zinc ion binding,molfunc,0.88,0.046496180670873424,0.06595929110051603
zinc ion binding,molfunc,0.89,0.04751807475155195,0.061312766140398704
zinc ion binding,molfunc,0.9,0.03934292210612366,0.05655942451453156
zinc ion binding,molfunc,0.91,0.03218966354137391,0.05631908701659446
zinc ion binding,molfunc,0.92,0.03985386914646293,0.05418275370159798
zinc ion binding,molfunc,0.93,0.036788186904427325,0.05797474533571671
zinc ion binding,molfunc,0.9400000000000001,0.04343049842883781,0.055277624525533677
zinc ion binding,molfunc,0.9500000000000001,0.038321028025445555,0.04782716208948402
zinc ion binding,molfunc,0.96,0.03474439874307025,0.04814761208673295
zinc ion binding,molfunc,0.97,0.02299261681526708,0.05049757873322907
zinc ion binding,molfunc,0.98,0.03832102802544513,0.0644104494471436
zinc ion binding,molfunc,0.99,0.09605804358378245,0.16436414442254094
