GO_term,category,bin_edge,with_term_hist,without_term_hist
ALL_IDRs,cellcom,0.0,20.705406921901538,0.0
ALL_IDRs,cellcom,0.01,7.5588086535316155,0.0
ALL_IDRs,cellcom,0.02,5.2693233689866315,0.0
ALL_IDRs,cellcom,0.03,4.233223168222707,0.0
ALL_IDRs,cellcom,0.04,3.6498378738057506,0.0
ALL_IDRs,cellcom,0.05,3.294396146225977,0.0
ALL_IDRs,cellcom,0.06,3.1072601117283813,0.0
ALL_IDRs,cellcom,0.07,2.8010259744511363,0.0
ALL_IDRs,cellcom,0.08,2.506719411924886,0.0
ALL_IDRs,cellcom,0.09,2.2848157659190598,0.0
ALL_IDRs,cellcom,0.1,2.1392993539568725,0.0
ALL_IDRs,cellcom,0.11,1.966654053890814,0.0
ALL_IDRs,cellcom,0.12,1.8687464296581413,0.0
ALL_IDRs,cellcom,0.13,1.774188677483199,0.0
ALL_IDRs,cellcom,0.14,1.6605721835252816,0.0
ALL_IDRs,cellcom,0.15,1.5651008298800453,0.0
ALL_IDRs,cellcom,0.16,1.4772428218205576,0.0
ALL_IDRs,cellcom,0.17,1.3972011818957712,0.0
ALL_IDRs,cellcom,0.18,1.3412938474777862,0.0
ALL_IDRs,cellcom,0.19,1.2624195872094768,0.0
ALL_IDRs,cellcom,0.2,1.207222831712835,0.0
ALL_IDRs,cellcom,0.21,1.1549191475387695,0.0
ALL_IDRs,cellcom,0.22,1.0818310299156255,0.0
ALL_IDRs,cellcom,0.23,1.0279539209871786,0.0
ALL_IDRs,cellcom,0.24,0.9897603039653594,0.0
ALL_IDRs,cellcom,0.25,0.9535207789772172,0.0
ALL_IDRs,cellcom,0.26,0.911418977888052,0.0
ALL_IDRs,cellcom,0.27,0.8806864395402647,0.0
ALL_IDRs,cellcom,0.28,0.8376456591621958,0.0
ALL_IDRs,cellcom,0.29,0.7995535534148512,0.0
ALL_IDRs,cellcom,0.3,0.7742011126143232,0.0
ALL_IDRs,cellcom,0.31,0.7372002530676066,0.0
ALL_IDRs,cellcom,0.32,0.7144617275848508,0.0
ALL_IDRs,cellcom,0.33,0.6939056945033415,0.0
ALL_IDRs,cellcom,0.34,0.6606607521122587,0.0
ALL_IDRs,cellcom,0.35000000000000003,0.6228985580069712,0.0
ALL_IDRs,cellcom,0.36,0.6037890605867497,0.0
ALL_IDRs,cellcom,0.37,0.5663567781235078,0.0
ALL_IDRs,cellcom,0.38,0.5572715190578531,0.0
ALL_IDRs,cellcom,0.39,0.5341015706585717,0.0
ALL_IDRs,cellcom,0.4,0.5124289135578199,0.0
ALL_IDRs,cellcom,0.41000000000000003,0.4959587092739962,0.0
ALL_IDRs,cellcom,0.42,0.47164675903685044,0.0
ALL_IDRs,cellcom,0.43,0.4497964572057647,0.0
ALL_IDRs,cellcom,0.44,0.4335038976522722,0.0
ALL_IDRs,cellcom,0.45,0.4239364600328538,0.0
ALL_IDRs,cellcom,0.46,0.41284635329628644,0.0
ALL_IDRs,cellcom,0.47000000000000003,0.3861488881089457,0.0
ALL_IDRs,cellcom,0.48,0.37929687708177384,0.0
ALL_IDRs,cellcom,0.49,0.3662780561301513,0.0
ALL_IDRs,cellcom,0.5,0.3470416696168378,0.0
ALL_IDRs,cellcom,0.51,0.3349618279541237,0.0
ALL_IDRs,cellcom,0.52,0.32100402771359277,0.0
ALL_IDRs,cellcom,0.53,0.30501600198353,0.0
ALL_IDRs,cellcom,0.54,0.2910582017429991,0.0
ALL_IDRs,cellcom,0.55,0.2834194783386358,0.0
ALL_IDRs,cellcom,0.56,0.2754254654736044,0.0
ALL_IDRs,cellcom,0.5700000000000001,0.2605286859441679,0.0
ALL_IDRs,cellcom,0.58,0.2504029363151253,0.0
ALL_IDRs,cellcom,0.59,0.24530199477267672,0.0
ALL_IDRs,cellcom,0.6,0.2325623298258648,0.0
ALL_IDRs,cellcom,0.61,0.22697920972965244,0.0
ALL_IDRs,cellcom,0.62,0.2140365222338874,0.0
ALL_IDRs,cellcom,0.63,0.20424068424689656,0.0
ALL_IDRs,cellcom,0.64,0.19997721071887983,0.0
ALL_IDRs,cellcom,0.65,0.1878719912375466,0.0
ALL_IDRs,cellcom,0.66,0.18505505337082126,0.0
ALL_IDRs,cellcom,0.67,0.1746755255555901,0.0
ALL_IDRs,cellcom,0.68,0.16257030607425688,0.0
ALL_IDRs,cellcom,0.6900000000000001,0.15617509578223177,0.0
ALL_IDRs,cellcom,0.7000000000000001,0.15041433095568704,0.0
ALL_IDRs,cellcom,0.71,0.1389181791212117,0.0
ALL_IDRs,cellcom,0.72,0.13960338022392868,0.0
ALL_IDRs,cellcom,0.73,0.13061963243275057,0.0
ALL_IDRs,cellcom,0.74,0.121382106455381,0.0
ALL_IDRs,cellcom,0.75,0.11656032091774303,0.0
ALL_IDRs,cellcom,0.76,0.11173853538010506,0.0
ALL_IDRs,cellcom,0.77,0.10963217643471584,0.0
ALL_IDRs,cellcom,0.78,0.10255176503997378,0.0
ALL_IDRs,cellcom,0.79,0.09932878207534208,0.0
ALL_IDRs,cellcom,0.8,0.09189308121993195,0.0
ALL_IDRs,cellcom,0.81,0.0919184590385511,0.0
ALL_IDRs,cellcom,0.8200000000000001,0.08714742913815145,0.0
ALL_IDRs,cellcom,0.8300000000000001,0.08450813600176106,0.0
ALL_IDRs,cellcom,0.84,0.07747848024425635,0.0
ALL_IDRs,cellcom,0.85,0.0752959878430097,0.0
ALL_IDRs,cellcom,0.86,0.07209838269699716,0.0
ALL_IDRs,cellcom,0.87,0.06628686223321245,0.0
ALL_IDRs,cellcom,0.88,0.06499259348363594,0.0
ALL_IDRs,cellcom,0.89,0.06062760868114263,0.0
ALL_IDRs,cellcom,0.9,0.05570431186902807,0.0
ALL_IDRs,cellcom,0.91,0.05512062204078769,0.0
ALL_IDRs,cellcom,0.92,0.05347106383054313,0.0
ALL_IDRs,cellcom,0.93,0.056922447162747136,0.0
ALL_IDRs,cellcom,0.9400000000000001,0.054689199124262185,0.0
ALL_IDRs,cellcom,0.9500000000000001,0.04735500954332917,0.0
ALL_IDRs,cellcom,0.96,0.04748189863642438,0.0
ALL_IDRs,cellcom,0.97,0.049131456846668954,0.0
ALL_IDRs,cellcom,0.98,0.06311463490581905,0.0
ALL_IDRs,cellcom,0.99,0.16097150350125058,0.0
Golgi apparatus,cellcom,0.0,18.38272369269261,20.906069457789222
Golgi apparatus,cellcom,0.01,7.207184206999113,7.58918638745332
Golgi apparatus,cellcom,0.02,4.929249347383471,5.298703232200977
Golgi apparatus,cellcom,0.03,4.12345143192683,4.242706628858631
Golgi apparatus,cellcom,0.04,3.5838061744863627,3.6555425209430683
Golgi apparatus,cellcom,0.05,3.169578176758556,3.305179489370972
Golgi apparatus,cellcom,0.06,2.990866559865198,3.1173156479220947
Golgi apparatus,cellcom,0.07,2.6717386725556413,2.8121954346384657
Golgi apparatus,cellcom,0.08,2.519514670308981,2.505613996876289
Golgi apparatus,cellcom,0.09,2.2188962004633717,2.2905107255255217
Golgi apparatus,cellcom,0.1,2.127306496805531,2.140335447513783
Golgi apparatus,cellcom,0.11,1.9702955762492271,1.9663394534744758
Golgi apparatus,cellcom,0.12,1.905193487238074,1.865597675274564
Golgi apparatus,cellcom,0.13,1.8289219221710893,1.7694601326957233
Golgi apparatus,cellcom,0.14,1.6537207120381454,1.6611640996444843
Golgi apparatus,cellcom,0.15,1.5547910669721772,1.5659915166269411
Golgi apparatus,cellcom,0.16,1.5174531041569586,1.473768952839668
Golgi apparatus,cellcom,0.17,1.4683074095112902,1.3910581332995164
Golgi apparatus,cellcom,0.18,1.3658673576849174,1.339170879174655
Golgi apparatus,cellcom,0.19,1.274915909801693,1.261339997987369
Golgi apparatus,cellcom,0.2,1.262789050083933,1.2024223242016017
Golgi apparatus,cellcom,0.21,1.202154751495113,1.1508383430817215
Golgi apparatus,cellcom,0.22,1.135457023047415,1.077198143417803
Golgi apparatus,cellcom,0.23,1.1124798151611297,1.0206515131255198
Golgi apparatus,cellcom,0.24,1.027272669249474,0.9865195149286128
Golgi apparatus,cellcom,0.25,1.010678019109377,0.9485828190328615
Golgi apparatus,cellcom,0.26,0.9723826726322297,0.9061521686087619
Golgi apparatus,cellcom,0.27,0.9567454061540612,0.8741155111735417
Golgi apparatus,cellcom,0.28,0.9018554095368221,0.8320984148471474
Golgi apparatus,cellcom,0.29,0.8776016901012904,0.792810775565569
Golgi apparatus,cellcom,0.3,0.8463271571449535,0.7679699594303424
Golgi apparatus,cellcom,0.31,0.8099465779916636,0.7309155122763528
Golgi apparatus,cellcom,0.32,0.7502696630647759,0.711368188591696
Golgi apparatus,cellcom,0.33,0.7652686737683253,0.6877404644763916
Golgi apparatus,cellcom,0.34,0.7221864089815346,0.6553453934898308
Golgi apparatus,cellcom,0.35000000000000003,0.6950605385602259,0.6166643002182215
Golgi apparatus,cellcom,0.36,0.6609138546180992,0.5988539037439047
Golgi apparatus,cellcom,0.37,0.63123496109831,0.5607517862090732
Golgi apparatus,cellcom,0.38,0.6325114726475483,0.5507713473178943
Golgi apparatus,cellcom,0.39,0.565175488425231,0.531417015545498
Golgi apparatus,cellcom,0.4,0.5559207796932538,0.5086715401719554
Golgi apparatus,cellcom,0.41000000000000003,0.5629415932140672,0.49017188686814334
Golgi apparatus,cellcom,0.42,0.5524103729328487,0.4646693841765927
Golgi apparatus,cellcom,0.43,0.5198593284272734,0.44374354683293343
Golgi apparatus,cellcom,0.44,0.4850743887105314,0.4290485912279658
Golgi apparatus,cellcom,0.45,0.4630545644861718,0.4205569470885098
Golgi apparatus,cellcom,0.46,0.48954217913286524,0.4062204050348829
Golgi apparatus,cellcom,0.47000000000000003,0.43369479885369466,0.38204127545597966
Golgi apparatus,cellcom,0.48,0.4419921239237408,0.3738804745946822
Golgi apparatus,cellcom,0.49,0.42156793913592894,0.36150142193683893
Golgi apparatus,cellcom,0.5,0.3912507898415208,0.3432223308184646
Golgi apparatus,cellcom,0.51,0.37369875603949493,0.3316152458096628
Golgi apparatus,cellcom,0.52,0.3580614895613265,0.3178025389464569
Golgi apparatus,cellcom,0.53,0.34880678082934924,0.3012328047652458
Golgi apparatus,cellcom,0.54,0.3175322478730124,0.28877104128786235
Golgi apparatus,cellcom,0.55,0.31338358533798805,0.28083080261200744
Golgi apparatus,cellcom,0.56,0.3283825960415374,0.2708503637208287
Golgi apparatus,cellcom,0.5700000000000001,0.3054053881552524,0.2566516730331049
Golgi apparatus,cellcom,0.58,0.29742719097251,0.24634039086376264
Golgi apparatus,cellcom,0.59,0.29551242364865266,0.24096418759365254
Golgi apparatus,cellcom,0.6,0.27381172731160264,0.2289986890335101
Golgi apparatus,cellcom,0.61,0.2568979492841959,0.22439445341244144
Golgi apparatus,cellcom,0.62,0.23743114815831273,0.21201540075459818
Golgi apparatus,cellcom,0.63,0.24636672900298043,0.20060130765805673
Golgi apparatus,cellcom,0.64,0.23519725294714586,0.1969344613251099
Golgi apparatus,cellcom,0.65,0.2170069633705009,0.18535494658948812
Golgi apparatus,cellcom,0.66,0.21253917294816707,0.1826806300910231
Golgi apparatus,cellcom,0.67,0.2170069633705009,0.17101840453586117
Golgi apparatus,cellcom,0.68,0.17711597745680588,0.16131366837648298
Golgi apparatus,cellcom,0.6900000000000001,0.1905193487238074,0.15320800806154775
Golgi apparatus,cellcom,0.7000000000000001,0.19051934872380952,0.14694955604967763
Golgi apparatus,cellcom,0.71,0.1793498726679728,0.13542518186041436
Golgi apparatus,cellcom,0.72,0.16881865238675733,0.13707939825121745
Golgi apparatus,cellcom,0.73,0.1554152811197558,0.1284774730190413
Golgi apparatus,cellcom,0.74,0.14296929351468296,0.11951713423552446
Golgi apparatus,cellcom,0.75,0.14711795604970723,0.11392036877997395
Golgi apparatus,cellcom,0.76,0.12701289914920494,0.11041894408610738
Golgi apparatus,cellcom,0.77,0.13594847999387263,0.10735864376312163
Golgi apparatus,cellcom,0.78,0.1273320270365145,0.10041093492174857
Golgi apparatus,cellcom,0.79,0.11935382985377549,0.09759876705738331
Golgi apparatus,cellcom,0.8,0.11967295774108505,0.08949310674244808
Golgi apparatus,cellcom,0.81,0.10914173745986958,0.09043049603056984
Golgi apparatus,cellcom,0.8200000000000001,0.100844412389821,0.08596411177540145
Golgi apparatus,cellcom,0.8300000000000001,0.100206156615203,0.0831519439110371
Golgi apparatus,cellcom,0.84,0.09861051717865409,0.0756528296060621
Golgi apparatus,cellcom,0.85,0.10307830760098793,0.07289580228805691
Golgi apparatus,cellcom,0.86,0.10212092393905925,0.06950465868691054
Golgi apparatus,cellcom,0.87,0.08680278534820035,0.06451443924132116
Golgi apparatus,cellcom,0.88,0.07914371605277092,0.06377004186545977
Golgi apparatus,cellcom,0.89,0.08935580844667684,0.05814570613672921
Golgi apparatus,cellcom,0.9,0.08361150647510476,0.05329333805704009
Golgi apparatus,cellcom,0.91,0.07563330929236575,0.053348478603400196
Golgi apparatus,cellcom,0.92,0.07180377464465104,0.051887254124857445
Golgi apparatus,cellcom,0.93,0.08424976224972389,0.054561570623322474
Golgi apparatus,cellcom,0.9400000000000001,0.0673359842223172,0.05359661106202066
Golgi apparatus,cellcom,0.9500000000000001,0.06510208901115098,0.04582179402524657
Golgi apparatus,cellcom,0.96,0.07786720450353267,0.04485683446394425
Golgi apparatus,cellcom,0.97,0.08201586703855696,0.04629048866930694
Golgi apparatus,cellcom,0.98,0.09605749408017761,0.06026861717159319
Golgi apparatus,cellcom,0.99,0.2920020168882475,0.14965144282132106
Golgi lumen,cellcom,0.0,14.875183553597651,20.745991333455482
Golgi lumen,cellcom,0.01,5.363436123348017,7.574090727073356
Golgi lumen,cellcom,0.02,3.990455212922174,5.278225619945166
Golgi lumen,cellcom,0.03,3.939060205580029,4.235270848043127
Golgi lumen,cellcom,0.04,3.0506607929515415,3.6540087687624143
Golgi lumen,cellcom,0.05,3.0102790014684304,3.296373896717504
Golgi lumen,cellcom,0.06,2.676211453744491,3.1102606581963776
Golgi lumen,cellcom,0.07,2.6358296622613815,2.802175912403351
Golgi lumen,cellcom,0.08,2.4779735682819393,2.506919512860163
Golgi lumen,cellcom,0.09,2.0851688693098365,2.286205515728905
Golgi lumen,cellcom,0.1,1.9640234948605004,2.140519456027011
Golgi lumen,cellcom,0.11,2.2393538913362714,1.9647557797194077
Golgi lumen,cellcom,0.12,2.1108663729809085,1.867061023318712
Golgi lumen,cellcom,0.13,1.8392070484581482,1.7737360820748376
Golgi lumen,cellcom,0.14,1.978707782672544,1.6583576292500637
Golgi lumen,cellcom,0.15,1.7621145374449323,1.5637294098015195
Golgi lumen,cellcom,0.16,1.6593245227606446,1.4759753440207242
Golgi lumen,cellcom,0.17,1.7547723935389166,1.394712114788658
Golgi lumen,cellcom,0.18,1.6372980910425832,1.3392333504292757
Golgi lumen,cellcom,0.19,1.5748898678414083,1.2602444694367194
Golgi lumen,cellcom,0.2,1.578560939794423,1.204637932704338
Golgi lumen,cellcom,0.21,1.4096916299559459,1.1531456663827555
Golgi lumen,cellcom,0.22,1.226138032305432,1.0808265032611333
Golgi lumen,cellcom,0.23,1.218795888399415,1.0266254626318214
Golgi lumen,cellcom,0.24,1.1270190895741548,0.9888048402219245
Golgi lumen,cellcom,0.25,1.090308370044052,0.9525685952373095
Golgi lumen,cellcom,0.26,1.1233480176211443,0.9099437316023746
Golgi lumen,cellcom,0.27,1.0572687224669595,0.8794572434030477
Golgi lumen,cellcom,0.28,0.9985315712188005,0.8365257260729022
Golgi lumen,cellcom,0.29,1.0425844346549182,0.797861806001161
Golgi lumen,cellcom,0.3,1.053597650513949,0.7722562224506785
Golgi lumen,cellcom,0.31,0.9030837004405279,0.736045531940665
Golgi lumen,cellcom,0.32,0.8994126284875176,0.7131742771725195
Golgi lumen,cellcom,0.33,0.9838472834067539,0.6918873998296533
Golgi lumen,cellcom,0.34,0.8223201174743018,0.6595354349844329
Golgi lumen,cellcom,0.35000000000000003,0.8883994126284916,0.6210503962349088
Golgi lumen,cellcom,0.36,0.6534508076358291,0.6034433632346234
Golgi lumen,cellcom,0.37,0.6534508076358291,0.5657505131977357
Golgi lumen,cellcom,0.38,0.7415565345080757,0.5559887039000467
Golgi lumen,cellcom,0.39,0.5873715124816441,0.5337307565223319
Golgi lumen,cellcom,0.4,0.7011747430249626,0.5111150465001992
Golgi lumen,cellcom,0.41000000000000003,0.7378854625550696,0.49427464773795854
Golgi lumen,cellcom,0.42,0.6607929515418497,0.47033010503655653
Golgi lumen,cellcom,0.43,0.624082232011747,0.44858324715086734
Golgi lumen,cellcom,0.44,0.6277533039647571,0.4321517199822444
Golgi lumen,cellcom,0.45,0.5690161527165927,0.42292655465118234
Golgi lumen,cellcom,0.46,0.5873715124816441,0.41163147687741664
Golgi lumen,cellcom,0.47000000000000003,0.5837004405286371,0.3847737240714736
Golgi lumen,cellcom,0.48,0.53230543318649,0.3782317785735438
Golgi lumen,cellcom,0.49,0.46622613803230506,0.36558231364591026
Golgi lumen,cellcom,0.5,0.5102790014684283,0.3459053682029247
Golgi lumen,cellcom,0.51,0.44787077826725363,0.3341758643609372
Golgi lumen,cellcom,0.52,0.4331864904552125,0.3202231212286384
Golgi lumen,cellcom,0.53,0.4441997063142434,0.3040471388060282
Golgi lumen,cellcom,0.54,0.34875183553597616,0.2906565941149576
Golgi lumen,cellcom,0.55,0.3671071953010276,0.28283692488696593
Golgi lumen,cellcom,0.56,0.42951541850220226,0.274352839319341
Golgi lumen,cellcom,0.5700000000000001,0.3120411160058769,0.26017010591563355
Golgi lumen,cellcom,0.58,0.37444933920704815,0.24953944448149823
Golgi lumen,cellcom,0.59,0.37077826725403784,0.24442854956124224
Golgi lumen,cellcom,0.6,0.29735682819383236,0.23211129280342532
Golgi lumen,cellcom,0.61,0.33039647577092485,0.2262593181197322
Golgi lumen,cellcom,0.62,0.2716593245227604,0.21363540766669997
Golgi lumen,cellcom,0.63,0.3414096916299556,0.2032858454531816
Golgi lumen,cellcom,0.64,0.28267254038179124,0.19940156531378705
Golgi lumen,cellcom,0.65,0.2716593245227604,0.18728874435278037
Golgi lumen,cellcom,0.66,0.26431718061673987,0.18450330662124084
Golgi lumen,cellcom,0.67,0.29735682819383236,0.1738215362379059
Golgi lumen,cellcom,0.68,0.19823788546255489,0.16232202266732992
Golgi lumen,cellcom,0.6900000000000001,0.20190895741556517,0.1558567405932061
Golgi lumen,cellcom,0.7000000000000001,0.21292217327459836,0.14997921143491338
Golgi lumen,cellcom,0.71,0.23127753303964738,0.13827526206752552
Golgi lumen,cellcom,0.72,0.21292217327459598,0.1390930052547665
Golgi lumen,cellcom,0.73,0.17621145374449323,0.1303022659919262
Golgi lumen,cellcom,0.74,0.19823788546255489,0.12084711038945264
Golgi lumen,cellcom,0.75,0.18722466960352407,0.1160684236390133
Golgi lumen,cellcom,0.76,0.1835535976505138,0.11123862793937139
Golgi lumen,cellcom,0.77,0.17621145374449323,0.10916871549666772
Golgi lumen,cellcom,0.78,0.19089574155653435,0.10193679918450552
Golgi lumen,cellcom,0.79,0.17621145374449323,0.09879359880854809
Golgi lumen,cellcom,0.8,0.18722466960352407,0.09122947432656925
Golgi lumen,cellcom,0.81,0.12481644640234937,0.09168945486939228
Golgi lumen,cellcom,0.8200000000000001,0.14684287812041102,0.08673188679674398
Golgi lumen,cellcom,0.8300000000000001,0.12481644640235076,0.08422754828581948
Golgi lumen,cellcom,0.84,0.12848751835535965,0.07712340434666273
Golgi lumen,cellcom,0.85,0.14317180616740074,0.07482350163254756
Golgi lumen,cellcom,0.86,0.11380323054331855,0.07180807362959651
Golgi lumen,cellcom,0.87,0.14317180616740074,0.06575166314909318
Golgi lumen,cellcom,0.88,0.12848751835535965,0.06455060284283302
Golgi lumen,cellcom,0.89,0.09544787077826718,0.0603852234828244
Golgi lumen,cellcom,0.9,0.07709251101321579,0.055555427783182496
Golgi lumen,cellcom,0.91,0.06240822320117469,0.05506989276575818
Golgi lumen,cellcom,0.92,0.0917767988252569,0.053204416119864754
Golgi lumen,cellcom,0.93,0.12481644640234937,0.056449834394227294
Golgi lumen,cellcom,0.9400000000000001,0.08076358296622607,0.05450769432453002
Golgi lumen,cellcom,0.9500000000000001,0.10279001468428886,0.04696912431715298
Golgi lumen,cellcom,0.96,0.10646108663729799,0.047071342215557574
Golgi lumen,cellcom,0.97,0.10646108663729799,0.04873238306464076
Golgi lumen,cellcom,0.98,0.10646108663729799,0.06281289856994599
Golgi lumen,cellcom,0.99,0.2900146842878118,0.1600732289024173
Golgi membrane,cellcom,0.0,17.658283993150825,20.782265553064484
Golgi membrane,cellcom,0.01,6.990489550883997,7.573143562005805
Golgi membrane,cellcom,0.02,5.0141315784044735,5.275760159417074
Golgi membrane,cellcom,0.03,3.903203845439729,4.241547359270956
Golgi membrane,cellcom,0.04,3.52980009489819,3.652865628048163
Golgi membrane,cellcom,0.05,3.1089472489839722,3.299073787635916
Golgi membrane,cellcom,0.06,2.9263713820064754,3.1118227304622863
Golgi membrane,cellcom,0.07,2.6530233325768995,2.8047590960641906
Golgi membrane,cellcom,0.08,2.3559507354609797,2.5105223021811107
Golgi membrane,cellcom,0.09,2.082602686031397,2.289916256082015
Golgi membrane,cellcom,0.1,2.015555051265654,2.1424205991253302
Golgi membrane,cellcom,0.11,1.8763022713675663,1.968933028021574
Golgi membrane,cellcom,0.12,1.7824355826955198,1.8709234778794224
Golgi membrane,cellcom,0.13,1.705072927196582,1.7759320078584546
Golgi membrane,cellcom,0.14,1.5555051265653075,1.663222326091592
Golgi membrane,cellcom,0.15,1.4502919150867482,1.5679966946819073
Golgi membrane,cellcom,0.16,1.4595754337466207,1.477688452435186
Golgi membrane,cellcom,0.17,1.383244280321006,1.3975532216314155
Golgi membrane,cellcom,0.18,1.2976296082355114,1.3423952056236188
Golgi membrane,cellcom,0.19,1.232644977616404,1.2631706024426144
Golgi membrane,cellcom,0.2,1.26668454603594,1.2057230084118598
Golgi membrane,cellcom,0.21,1.159408330410743,1.1548059153329648
Golgi membrane,cellcom,0.22,1.152187815897509,1.0800563964695737
Golgi membrane,cellcom,0.23,1.0706991521052978,1.026875743299799
Golgi membrane,cellcom,0.24,1.0552266210055072,0.9881090245018663
Golgi membrane,cellcom,0.25,0.9861159820931231,0.9526986189421465
Golgi membrane,cellcom,0.26,1.028407567099209,0.9084681344075956
Golgi membrane,cellcom,0.27,0.9386668867204414,0.8792239787506337
Golgi membrane,cellcom,0.28,0.8881232851278074,0.8363724446162824
Golgi membrane,cellcom,0.29,0.9438243970870372,0.7959145602332032
Golgi membrane,cellcom,0.3,0.8396426876818015,0.7725504572261287
Golgi membrane,cellcom,0.31,0.8417056918284398,0.7345642763905733
Golgi membrane,cellcom,0.32,0.743712994863119,0.7137239127951761
Golgi membrane,cellcom,0.33,0.8282961648752907,0.6905159173805764
Golgi membrane,cellcom,0.34,0.7468075010830766,0.6584878429911457
Golgi membrane,cellcom,0.35000000000000003,0.7622800321828683,0.6193828910761905
Golgi membrane,cellcom,0.36,0.7560910197429491,0.5999474958130638
Golgi membrane,cellcom,0.37,0.6622243310709048,0.5639386778155235
Golgi membrane,cellcom,0.38,0.6601613269242665,0.554676293995347
Golgi membrane,cellcom,0.39,0.6034287128917124,0.5323529082714383
Golgi membrane,cellcom,0.4,0.6034287128917124,0.5101335942758464
Golgi membrane,cellcom,0.41000000000000003,0.563200132032268,0.49426265570756905
Golgi membrane,cellcom,0.42,0.5456645967858391,0.46977978162108847
Golgi membrane,cellcom,0.43,0.5363810781259666,0.4476125034896547
Golgi membrane,cellcom,0.44,0.49202648897324236,0.4320277621742454
Golgi membrane,cellcom,0.45,0.49615249726651905,0.42211493005209016
Golgi membrane,cellcom,0.46,0.5456645967858391,0.4094962329937036
Golgi membrane,cellcom,0.47000000000000003,0.4466403977472016,0.38462308992604066
Golgi membrane,cellcom,0.48,0.4497349039671566,0.37752019446843116
Golgi membrane,cellcom,0.49,0.43735687908732657,0.3644852104967783
Golgi membrane,cellcom,0.5,0.4177583396942624,0.3452579586902882
Golgi membrane,cellcom,0.51,0.4105378251810282,0.333055548545168
Golgi membrane,cellcom,0.52,0.3888762816413257,0.3192920624752989
Golgi membrane,cellcom,0.53,0.3734037505415383,0.30329103424662324
Golgi membrane,cellcom,0.54,0.36205722773502746,0.28926736885596266
Golgi membrane,cellcom,0.55,0.3517422070018358,0.28169615062093073
Golgi membrane,cellcom,0.56,0.36205722773502746,0.27324032269520776
Golgi membrane,cellcom,0.5700000000000001,0.3599942235883931,0.2580198324289093
Golgi membrane,cellcom,0.58,0.3455531945619208,0.24800292857843462
Golgi membrane,cellcom,0.59,0.32904916138881407,0.2431896111437923
Golgi membrane,cellcom,0.6,0.3228601489488991,0.2302847168325351
Golgi membrane,cellcom,0.61,0.27644255564953657,0.22573157871868427
Golgi membrane,cellcom,0.62,0.27025354320962164,0.21261854095079394
Golgi membrane,cellcom,0.63,0.2589070204031108,0.2028618164211136
Golgi membrane,cellcom,0.64,0.2743795515028983,0.19810053485062956
Golgi membrane,cellcom,0.65,0.24446599137664243,0.18644450127917148
Golgi membrane,cellcom,0.66,0.24962350174323827,0.18342642115799035
Golgi membrane,cellcom,0.67,0.22383594991025912,0.17343553523959768
Golgi membrane,cellcom,0.68,0.2124894271037483,0.16131117889071492
Golgi membrane,cellcom,0.6900000000000001,0.22383594991025912,0.15446846275389908
Golgi membrane,cellcom,0.7000000000000001,0.2300249623501767,0.14840628457945937
Golgi membrane,cellcom,0.71,0.21764693747034414,0.13693237653255363
Golgi membrane,cellcom,0.72,0.1815443649041733,0.1385454883214608
Golgi membrane,cellcom,0.73,0.17638685453757746,0.1294652300258383
Golgi membrane,cellcom,0.74,0.16710333587770496,0.1202288641377409
Golgi membrane,cellcom,0.75,0.19495389185732245,0.11458297287656588
Golgi membrane,cellcom,0.76,0.16504033173106664,0.11039408581182314
Golgi membrane,cellcom,0.77,0.17122934417098162,0.108078489856779
Golgi membrane,cellcom,0.78,0.14647329441132165,0.10144391717659636
Golgi membrane,cellcom,0.79,0.15781981721783248,0.097853442549674
Golgi membrane,cellcom,0.8,0.13409526953149165,0.09082860088830416
Golgi membrane,cellcom,0.81,0.15266230685123663,0.09038629604295866
Golgi membrane,cellcom,0.8200000000000001,0.12687475501825748,0.0861453731140576
Golgi membrane,cellcom,0.8300000000000001,0.14647329441132326,0.08294516746832337
Golgi membrane,cellcom,0.84,0.12171724465166164,0.07636263065229812
Golgi membrane,cellcom,0.85,0.11862273843170414,0.07420314228972887
Golgi membrane,cellcom,0.86,0.14337878819136413,0.07030045247785673
Golgi membrane,cellcom,0.87,0.11243372599178915,0.06512288399410636
Golgi membrane,cellcom,0.88,0.10624471355187415,0.06395207705054472
Golgi membrane,cellcom,0.89,0.13409526953149165,0.05877450856679435
Golgi membrane,cellcom,0.9,0.11346522806510832,0.05424738838502268
Golgi membrane,cellcom,0.91,0.11140222391846999,0.05370101181136058
Golgi membrane,cellcom,0.92,0.10624471355187415,0.05213993588661173
Golgi membrane,cellcom,0.93,0.13512677160481082,0.05494987255115966
Golgi membrane,cellcom,0.9400000000000001,0.10211870525859748,0.0534928683547274
Golgi membrane,cellcom,0.9500000000000001,0.09696119489200272,0.04610377564425
Golgi membrane,cellcom,0.96,0.12378024879829998,0.045557399070587395
Golgi membrane,cellcom,0.97,0.13512677160481082,0.04696236740286135
Golgi membrane,cellcom,0.98,0.14544179233800247,0.061038068657680196
Golgi membrane,cellcom,0.99,0.5363810781259666,0.1515024184968763
PML body,cellcom,0.0,18.11421391389081,20.731307215877575
PML body,cellcom,0.01,7.031310100776983,7.564081270255279
PML body,cellcom,0.02,4.726004564453676,5.27475411718509
PML body,cellcom,0.03,3.8849142241710894,4.2367046935346115
PML body,cellcom,0.04,3.487447752391209,3.6514610457850045
PML body,cellcom,0.05,3.3130753647716507,3.294209437922088
PML body,cellcom,0.06,3.0053593866194808,3.1082786613804267
PML body,cellcom,0.07,2.9207374926276395,2.7998293968501997
PML body,cellcom,0.08,2.5668641177526488,2.5061182349545774
PML body,cellcom,0.09,2.297612636869501,2.2846878546756417
PML body,cellcom,0.1,2.2360694412390707,2.1383320876432683
PML body,cellcom,0.11,2.15401184706516,1.9647813173146829
PML body,cellcom,0.12,1.8847603661820125,1.868586362205659
PML body,cellcom,0.13,1.8975818652716856,1.7729552997191798
PML body,cellcom,0.14,1.6667948816575666,1.6605099844878297
PML body,cellcom,0.15,1.656537682385823,1.5641868719645902
PML body,cellcom,0.16,1.4590865964048503,1.477424302541719
PML body,cellcom,0.17,1.4206220991358336,1.39696707789818
PML body,cellcom,0.18,1.4924224940380015,1.3397832396758937
PML body,cellcom,0.19,1.2821499089673554,1.262222372593587
PML body,cellcom,0.2,1.3283073056901837,1.2060125307193346
PML body,cellcom,0.21,1.3283073056901802,1.1531860445803246
PML body,cellcom,0.22,1.1103418211657297,1.081546050034704
PML body,cellcom,0.23,1.1590635177064925,1.0266434137854337
PML body,cellcom,0.24,1.0667487242608396,0.9889907654893606
PML body,cellcom,0.25,1.0103341282662759,0.9529529006123866
PML body,cellcom,0.26,1.0411057260814924,0.910122692782071
PML body,cellcom,0.27,1.0590558248070354,0.8789035466795431
PML body,cellcom,0.28,1.0026412288124775,0.835996444400704
PML body,cellcom,0.29,0.8769905377336711,0.7987795313129566
PML body,cellcom,0.3,0.9821268302689942,0.7721227891564467
PML body,cellcom,0.31,0.8795548375516058,0.7357773464853592
PML body,cellcom,0.32,0.8308331410108463,0.7132985360322254
PML body,cellcom,0.33,0.7949329435597603,0.6928958756893582
PML body,cellcom,0.34,0.7590327461086743,0.6596774739250919
PML body,cellcom,0.35000000000000003,0.6923609508423758,0.6222042460089247
PML body,cellcom,0.36,0.7308254481113925,0.6025192671856524
PML body,cellcom,0.37,0.7026181501141107,0.5649947763037961
PML body,cellcom,0.38,0.6974895504782412,0.5558699684117601
PML body,cellcom,0.39,0.5872246583070487,0.5335705783385258
PML body,cellcom,0.4,0.700053850296176,0.5105535067456932
PML body,cellcom,0.41000000000000003,0.6385106546657465,0.49453382996894724
PML body,cellcom,0.42,0.5641459599456364,0.47072218240798513
PML body,cellcom,0.43,0.5026027643152032,0.4492686312685632
PML body,cellcom,0.44,0.5231171628586809,0.43260816742074454
PML body,cellcom,0.45,0.5231171628586809,0.4229450983890097
PML body,cellcom,0.46,0.487216965407595,0.4121029811465061
PML body,cellcom,0.47000000000000003,0.4000307715978171,0.3860101316125399
PML body,cellcom,0.48,0.37951637305433716,0.3792946831077247
PML body,cellcom,0.49,0.3641305741467289,0.3662995213064261
PML body,cellcom,0.5,0.4102879708695537,0.3464094906204149
PML body,cellcom,0.51,0.37951637305433716,0.3345164825813566
PML body,cellcom,0.52,0.3846449726902066,0.3203679040521321
PML body,cellcom,0.53,0.31797317742390413,0.3048864884150821
PML body,cellcom,0.54,0.30002307869836115,0.2909685932314428
PML body,cellcom,0.55,0.3307946765135777,0.28294593910164706
PML body,cellcom,0.56,0.3436161756032512,0.27474386459195166
PML body,cellcom,0.5700000000000001,0.2564299817934739,0.2605696545798873
PML body,cellcom,0.58,0.2948944790624917,0.24995822068296603
PML body,cellcom,0.59,0.328230376695643,0.24447308335460727
PML body,cellcom,0.6,0.25899428161140575,0.2322981290042782
PML body,cellcom,0.61,0.24617278252173222,0.22678736019307663
PML body,cellcom,0.62,0.25899428161140575,0.21358714652903568
PML body,cellcom,0.63,0.22822268379618926,0.20400097194582922
PML body,cellcom,0.64,0.2410441828858628,0.19956672541402518
PML body,cellcom,0.65,0.20257968561684214,0.1877249803406525
PML body,cellcom,0.66,0.20770828525271157,0.1848286227794163
PML body,cellcom,0.67,0.20257968561684214,0.17439660926239756
PML body,cellcom,0.68,0.14872938944021322,0.16270865308608165
PML body,cellcom,0.6900000000000001,0.1743723876195603,0.15599320458126856
PML body,cellcom,0.7000000000000001,0.17950098725543176,0.1501235950102695
PML body,cellcom,0.71,0.11282919198912728,0.1391789518363931
PML body,cellcom,0.72,0.15129368925814793,0.13948652963050667
PML body,cellcom,0.73,0.11539349180706199,0.13077182546395535
PML body,cellcom,0.74,0.1205220914429314,0.1213907027434913
PML body,cellcom,0.75,0.1410364899864091,0.11631566914061729
PML body,cellcom,0.76,0.1205220914429314,0.11165073926322805
PML body,cellcom,0.77,0.1256506910788008,0.10947206322159021
PML body,cellcom,0.78,0.097443393081519,0.10260282581972037
PML body,cellcom,0.79,0.11282919198912728,0.09919383860162823
PML body,cellcom,0.8,0.10000769289945372,0.09181197154290241
PML body,cellcom,0.81,0.10257199271738843,0.09181197154290241
PML body,cellcom,0.8200000000000001,0.07692899453804132,0.08724956759688436
PML body,cellcom,0.8300000000000001,0.06923609508423796,0.0846607878297627
PML body,cellcom,0.84,0.051285996358694214,0.0777402874622063
PML body,cellcom,0.85,0.06923609508423718,0.07535655955782611
PML body,cellcom,0.86,0.053850296176628926,0.07228078161669034
PML body,cellcom,0.87,0.06923609508423718,0.0662573831486328
PML body,cellcom,0.88,0.04102879708695537,0.06523212383492089
PML body,cellcom,0.89,0.061543195630433055,0.060618456923217254
PML body,cellcom,0.9,0.03846449726902066,0.05587663259729962
PML body,cellcom,0.91,0.023078698361412395,0.05544089738897205
PML body,cellcom,0.92,0.017950098725542978,0.053826113969875786
PML body,cellcom,0.93,0.015385798907608264,0.0573376271193391
PML body,cellcom,0.9400000000000001,0.020514398543477686,0.05503079366348729
PML body,cellcom,0.9500000000000001,0.028207297997282128,0.047546400673390804
PML body,cellcom,0.96,0.007692899453804132,0.047879609950346645
PML body,cellcom,0.97,0.04102879708695537,0.04921244705817214
PML body,cellcom,0.98,0.030771597815216527,0.06343792003592502
PML body,cellcom,0.99,0.06923609508423718,0.16188844563511212
Z disc,cellcom,0.0,19.861084681255946,20.716819032593182
Z disc,cellcom,0.01,8.382492863939106,7.547675492598959
Z disc,cellcom,0.02,6.304471931493817,5.255331992935003
Z disc,cellcom,0.03,4.6850618458610835,4.227115982179577
Z disc,cellcom,0.04,4.1008563273073255,3.6437417741561697
Z disc,cellcom,0.05,3.4005708848715526,3.2929610568587315
Z disc,cellcom,0.06,3.3853472882968574,3.103501402685612
Z disc,cellcom,0.07,3.077069457659374,2.797294888576068
Z disc,cellcom,0.08,2.6869647954329223,2.5042831616767836
Z disc,cellcom,0.09,2.433872502378685,2.2828010707068245
Z disc,cellcom,0.1,2.268315889628926,2.137555528062844
Z disc,cellcom,0.11,2.0494766888677463,1.9655345985068038
Z disc,cellcom,0.12,1.9352997145575626,1.8678468756518607
Z disc,cellcom,0.13,1.7469077069457644,1.7745574152003418
Z disc,cellcom,0.14,1.6974310180780243,1.660073988547545
Z disc,cellcom,0.15,1.5623215984776389,1.5651383947988347
Z disc,cellcom,0.16,1.4995242626070395,1.4769416592354883
Z disc,cellcom,0.17,1.4291151284490988,1.3967698234959318
Z disc,cellcom,0.18,1.3149381541389142,1.3416500788729324
Z disc,cellcom,0.19,1.274976213130351,1.2622498681164287
Z disc,cellcom,0.2,1.1588962892483372,1.2078760276437246
Z disc,cellcom,0.21,1.1493815413891522,1.1549939954715893
Z disc,cellcom,0.22,1.033301617507135,1.0824869678970561
Z disc,cellcom,0.23,0.8962892483349207,1.0297335398887697
Z disc,cellcom,0.24,0.9191246431969544,0.9907150365788815
Z disc,cellcom,0.25,0.8106565176022829,0.955451774853204
Z disc,cellcom,0.26,0.8734538534728822,0.9119321258088229
Z disc,cellcom,0.27,0.8106565176022829,0.8816329848074749
Z disc,cellcom,0.28,0.7935299714557602,0.8382419399269414
Z disc,cellcom,0.29,0.7059942911512838,0.8008181282487012
Z disc,cellcom,0.3,0.7136060894386291,0.7750201329818489
Z disc,cellcom,0.31,0.7117031398667928,0.7375448796380765
Z disc,cellcom,0.32,0.6336822074215028,0.715553567620969
Z disc,cellcom,0.33,0.6260704091341573,0.6948225764095203
Z disc,cellcom,0.34,0.6470028544243572,0.6608453563222701
Z disc,cellcom,0.35000000000000003,0.572787821122743,0.6235758696406494
Z disc,cellcom,0.36,0.5309229305423402,0.6047739408868384
Z disc,cellcom,0.37,0.5556612749762126,0.5665013417272409
Z disc,cellcom,0.38,0.46431969552806807,0.5585278835689914
Z disc,cellcom,0.39,0.48715509039010424,0.5347361132580857
Z disc,cellcom,0.4,0.4909609895337769,0.5127190804082097
Z disc,cellcom,0.41000000000000003,0.45290199809705256,0.4965406765967966
Z disc,cellcom,0.42,0.40152235965746874,0.4725945812892769
Z disc,cellcom,0.43,0.38629876308277794,0.45065471093770654
Z disc,cellcom,0.44,0.3767840152235962,0.4342705404641424
Z disc,cellcom,0.45,0.4034253092293051,0.42421369485164057
Z disc,cellcom,0.46,0.3634633682207418,0.4135138284199252
Z disc,cellcom,0.47000000000000003,0.3139866793529986,0.38712425399939837
Z disc,cellcom,0.48,0.3120837297811605,0.38020534998465716
Z disc,cellcom,0.49,0.32540437678401496,0.36683051694501295
Z disc,cellcom,0.5,0.2854424357754517,0.347874263194594
Z disc,cellcom,0.51,0.27973358705994267,0.3357083092950714
Z disc,cellcom,0.52,0.2911512844909607,0.3214075262757594
Z disc,cellcom,0.53,0.26641294005708827,0.30553777245756614
Z disc,cellcom,0.54,0.22074215033301597,0.2920086144213106
Z disc,cellcom,0.55,0.2645099904852519,0.2836750646043015
Z disc,cellcom,0.56,0.2378686964795431,0.27593309394096893
Z disc,cellcom,0.5700000000000001,0.22264509990485482,0.26104073176798326
Z disc,cellcom,0.58,0.2169362511893433,0.25085528199163587
Z disc,cellcom,0.59,0.23977164605137943,0.24537674461193543
Z disc,cellcom,0.6,0.15984776403425296,0.23354516153840396
Z disc,cellcom,0.61,0.20551855375832523,0.22726927834287855
Z disc,cellcom,0.62,0.20932445290199791,0.21410021196538268
Z disc,cellcom,0.63,0.16936251189343468,0.2047121080048631
Z disc,cellcom,0.64,0.17887725975261637,0.20026240393590453
Z disc,cellcom,0.65,0.15604186489058025,0.1883022166985303
Z disc,cellcom,0.66,0.14843006660323488,0.18555008759229583
Z disc,cellcom,0.67,0.15984776403425296,0.17487594199334897
Z disc,cellcom,0.68,0.1446241674595622,0.16281287142490056
Z disc,cellcom,0.6900000000000001,0.09324452901998088,0.15702568405197753
Z disc,cellcom,0.7000000000000001,0.156041864890582,0.15033826753215707
Z disc,cellcom,0.71,0.11227402473834433,0.13927830944168035
Z disc,cellcom,0.72,0.10846812559467164,0.14002421359196818
Z disc,cellcom,0.73,0.09514747859181723,0.13109908462128247
Z disc,cellcom,0.74,0.0723120837297811,0.12204535148675405
Z disc,cellcom,0.75,0.08563273073263551,0.11697834743135035
Z disc,cellcom,0.76,0.07992388201712648,0.11216855170363212
Z disc,cellcom,0.77,0.08753568030447187,0.10993083925276854
Z disc,cellcom,0.78,0.0723120837297811,0.1029604935724924
Z disc,cellcom,0.79,0.06089438629876303,0.09984827280749825
Z disc,cellcom,0.8,0.055185537583253993,0.09238923130461972
Z disc,cellcom,0.81,0.06470028544243571,0.09228634797354554
Z disc,cellcom,0.8200000000000001,0.06089438629876303,0.08750227307859584
Z disc,cellcom,0.8300000000000001,0.049476688867745505,0.08498163146727922
Z disc,cellcom,0.84,0.05328258801141766,0.07780551912485373
Z disc,cellcom,0.85,0.03805899143672689,0.0757992941689071
Z disc,cellcom,0.86,0.049476688867744964,0.07240414424345894
Z disc,cellcom,0.87,0.034253092293054205,0.06671984020161012
Z disc,cellcom,0.88,0.041864890580399584,0.06530519439934004
Z disc,cellcom,0.89,0.03615604186489055,0.06095837366145566
Z disc,cellcom,0.9,0.032350142721217855,0.05601997376989469
Z disc,cellcom,0.91,0.034253092293054205,0.05540267378344957
Z disc,cellcom,0.92,0.019029495718363446,0.05393658631564242
Z disc,cellcom,0.93,0.03615604186489055,0.05720313207724784
Z disc,cellcom,0.9400000000000001,0.030447193149381515,0.05501686129192137
Z disc,cellcom,0.9500000000000001,0.04376784015223641,0.04740349479243208
Z disc,cellcom,0.96,0.032350142721217855,0.04768642395288556
Z disc,cellcom,0.97,0.020932445290199792,0.04951260307945238
Z disc,cellcom,0.98,0.05708848715509034,0.06319608611231922
Z disc,cellcom,0.99,0.11227402473834433,0.1616297131175474
actin cytoskeleton,cellcom,0.0,23.011350382233953,20.614128814560956
actin cytoskeleton,cellcom,0.01,8.511120442018408,7.521112491788487
actin cytoskeleton,cellcom,0.02,6.0137697531975025,5.2398553190815775
actin cytoskeleton,cellcom,0.03,4.702777277907743,4.214636411364469
actin cytoskeleton,cellcom,0.04,4.198908283846199,3.628103556079685
actin cytoskeleton,cellcom,0.05,3.6130606042428983,3.2817821818747857
actin cytoskeleton,cellcom,0.06,3.4024486966721956,3.0955754126862236
actin cytoskeleton,cellcom,0.07,2.9932217623417925,2.793418126271302
actin cytoskeleton,cellcom,0.08,2.6486446857150487,2.5011014639577263
actin cytoskeleton,cellcom,0.09,2.362719026386471,2.2817320553713167
actin cytoskeleton,cellcom,0.1,2.230086844087205,2.1357056360657563
actin cytoskeleton,cellcom,0.11,2.000813121921635,1.9653019066538986
actin cytoskeleton,cellcom,0.12,1.9568245589480053,1.8652599586852066
actin cytoskeleton,cellcom,0.13,1.7288838235392117,1.7759820177764396
actin cytoskeleton,cellcom,0.14,1.6495711115110103,1.6610076482491372
actin cytoskeleton,cellcom,0.15,1.549597104752763,1.5657145269245265
actin cytoskeleton,cellcom,0.16,1.380974280020527,1.4810535008086185
actin cytoskeleton,cellcom,0.17,1.370310385966318,1.3982656229801025
actin cytoskeleton,cellcom,0.18,1.2456761242077048,1.3450787645663649
actin cytoskeleton,cellcom,0.19,1.1576989982604513,1.2665648307175201
actin cytoskeleton,cellcom,0.2,1.1856917201527626,1.2080751158845635
actin cytoskeleton,cellcom,0.21,1.0903831670432345,1.1574737297548277
actin cytoskeleton,cellcom,0.22,0.9664153986630135,1.0863996243150467
actin cytoskeleton,cellcom,0.23,0.8697738587967145,1.0342152959706226
actin cytoskeleton,cellcom,0.24,0.8751058058238184,0.9942987697900746
actin cytoskeleton,cellcom,0.25,0.867107885283159,0.9569413335232856
actin cytoskeleton,cellcom,0.26,0.8577769779857229,0.9135423344704127
actin cytoskeleton,cellcom,0.27,0.7591359579842567,0.885497874900076
actin cytoskeleton,cellcom,0.28,0.7078159678483628,0.8427848174735754
actin cytoskeleton,cellcom,0.29,0.6558294843340725,0.8052427046150673
actin cytoskeleton,cellcom,0.3,0.6571624710908491,0.7788339519999148
actin cytoskeleton,cellcom,0.31,0.6151733882523871,0.742030545508269
actin cytoskeleton,cellcom,0.32,0.6258372823065997,0.7179698238449133
actin cytoskeleton,cellcom,0.33,0.5671858650084306,0.69892175252809
actin cytoskeleton,cellcom,0.34,0.5698518385219838,0.6642553180262815
actin cytoskeleton,cellcom,0.35000000000000003,0.5238637954131949,0.6268187346487613
actin cytoskeleton,cellcom,0.36,0.46387939135824646,0.6093272231763841
actin cytoskeleton,cellcom,0.37,0.44255160324982135,0.5712574629129825
actin cytoskeleton,cellcom,0.38,0.4218903085197845,0.5626304278428977
actin cytoskeleton,cellcom,0.39,0.41855784162784304,0.5386752356605217
actin cytoskeleton,cellcom,0.4,0.41855784162784304,0.5161446914713708
actin cytoskeleton,cellcom,0.41000000000000003,0.3512420104106282,0.5016871525771641
actin cytoskeleton,cellcom,0.42,0.3779017455461577,0.4753575470727437
actin cytoskeleton,cellcom,0.43,0.3605729177080622,0.4533282679182459
actin cytoskeleton,cellcom,0.44,0.36857083824872167,0.43607419777807643
actin cytoskeleton,cellcom,0.45,0.33457967595091914,0.42747354507823654
actin cytoskeleton,cellcom,0.46,0.31125240770732915,0.41686783223978374
actin cytoskeleton,cellcom,0.47000000000000003,0.3339131825725327,0.38821657815381627
actin cytoskeleton,cellcom,0.48,0.28859163284212747,0.3828873393643428
actin cytoskeleton,cellcom,0.49,0.31991682162637686,0.36811321202719466
actin cytoskeleton,cellcom,0.5,0.2739287785175852,0.34993575892845336
actin cytoskeleton,cellcom,0.51,0.2546004705443249,0.33814283942897966
actin cytoskeleton,cellcom,0.52,0.2432700831117241,0.32408103608844396
actin cytoskeleton,cellcom,0.53,0.2186098281113575,0.30843629053321386
actin cytoskeleton,cellcom,0.54,0.2246082685168521,0.2936885455663105
actin cytoskeleton,cellcom,0.55,0.20794593405714495,0.28640701137871605
actin cytoskeleton,cellcom,0.56,0.1966155466245441,0.2785450650457336
actin cytoskeleton,cellcom,0.5700000000000001,0.17595425189450922,0.2638764671895679
actin cytoskeleton,cellcom,0.58,0.19928152013809725,0.25242651850327513
actin cytoskeleton,cellcom,0.59,0.18728463932710812,0.24759854474845708
actin cytoskeleton,cellcom,0.6,0.15929191743480015,0.2354626544357996
actin cytoskeleton,cellcom,0.61,0.1559594505428587,0.22979044483314448
actin cytoskeleton,cellcom,0.62,0.15129399689414072,0.21652011259995602
actin cytoskeleton,cellcom,0.63,0.13129919554249217,0.20712798879276895
actin cytoskeleton,cellcom,0.64,0.142629582975093,0.20224725029746105
actin cytoskeleton,cellcom,0.65,0.12596724851538588,0.19032241894676283
actin cytoskeleton,cellcom,0.66,0.10863842067729047,0.1880799174759457
actin cytoskeleton,cellcom,0.67,0.12130179486666791,0.1767882630111253
actin cytoskeleton,cellcom,0.68,0.10197348689340763,0.16496896114140672
actin cytoskeleton,cellcom,0.6900000000000001,0.08664413919047707,0.15892739835532288
actin cytoskeleton,cellcom,0.7000000000000001,0.10130699351502045,0.15235818816434263
actin cytoskeleton,cellcom,0.71,0.09464205973113649,0.1406707981458469
actin cytoskeleton,cellcom,0.72,0.07464725837948794,0.14217459324980664
actin cytoskeleton,cellcom,0.73,0.07331427162271137,0.13288799892359918
actin cytoskeleton,cellcom,0.74,0.06331687094688708,0.12368055170812646
actin cytoskeleton,cellcom,0.75,0.061983884190110514,0.11872066610208383
actin cytoskeleton,cellcom,0.76,0.05798492391978081,0.11386630997702085
actin cytoskeleton,cellcom,0.77,0.05531895040622767,0.11178210272767317
actin cytoskeleton,cellcom,0.78,0.04665453648717996,0.10476439224252776
actin cytoskeleton,cellcom,0.79,0.05265297689267452,0.10117638988922034
actin cytoskeleton,cellcom,0.8,0.04732102986556824,0.0936574143694217
actin cytoskeleton,cellcom,0.81,0.04398856297362682,0.09381570859089114
actin cytoskeleton,cellcom,0.8200000000000001,0.04265557621685025,0.08890858772533834
actin cytoskeleton,cellcom,0.8300000000000001,0.04998700337912194,0.08587461514717493
actin cytoskeleton,cellcom,0.84,0.03998960270329711,0.0789624341430082
actin cytoskeleton,cellcom,0.85,0.027992721892307976,0.0771684329663545
actin cytoskeleton,cellcom,0.86,0.023993761621978263,0.0740025485369656
actin cytoskeleton,cellcom,0.87,0.02466025500036655,0.06793460338063687
actin cytoskeleton,cellcom,0.88,0.02332726824358998,0.0666418672386364
actin cytoskeleton,cellcom,0.89,0.01532934770293056,0.06242068799945119
actin cytoskeleton,cellcom,0.9,0.0179953212164837,0.0571969786909595
actin cytoskeleton,cellcom,0.91,0.019328307973260267,0.05653741943483681
actin cytoskeleton,cellcom,0.92,0.009997400675824277,0.055191918552346536
actin cytoskeleton,cellcom,0.93,0.019994801351648554,0.05838418535198034
actin cytoskeleton,cellcom,0.9400000000000001,0.008664413919047707,0.0565110370645919
actin cytoskeleton,cellcom,0.9500000000000001,0.01332986756776585,0.04870185547209983
actin cytoskeleton,cellcom,0.96,0.013996360946153988,0.04880738495307891
actin cytoskeleton,cellcom,0.97,0.010663894054212562,0.05065415087022244
actin cytoskeleton,cellcom,0.98,0.017328827838095414,0.0649270131727174
actin cytoskeleton,cellcom,0.99,0.04598804310879167,0.16552299091654976
adherens junction,cellcom,0.0,22.87078017877289,20.673276271918912
adherens junction,cellcom,0.01,8.240909485377072,7.548687376282375
adherens junction,cellcom,0.02,6.041829384708844,5.257860624482016
adherens junction,cellcom,0.03,4.484943157163932,4.229488049192934
adherens junction,cellcom,0.04,3.894819057537099,3.6462027477867966
adherens junction,cellcom,0.05,3.568515143625794,3.290328662003064
adherens junction,cellcom,0.06,3.3741213225722437,3.1033003213632075
adherens junction,cellcom,0.07,2.9957476351644554,2.798136618768664
adherens junction,cellcom,0.08,2.396945239954874,2.508348283753569
adherens junction,cellcom,0.09,2.2251149874164695,2.285701629273874
adherens junction,cellcom,0.1,2.0689056669270167,2.140343882844336
adherens junction,cellcom,0.11,1.9057537099713626,1.9675577168635083
adherens junction,cellcom,0.12,1.817235095027335,1.8695107748618647
adherens junction,cellcom,0.13,1.6280482513234387,1.7763571659257114
adherens junction,cellcom,0.14,1.471838930833987,1.66337268088206
adherens junction,cellcom,0.15,1.5013451358153247,1.56604686164796
adherens junction,cellcom,0.16,1.2618241777314925,1.48043928738648
adherens junction,cellcom,0.17,1.2861234053631891,1.3988493971156146
adherens junction,cellcom,0.18,1.263559836848042,1.342447294939726
adherens junction,cellcom,0.19,1.1993404495357103,1.263355579970711
adherens junction,cellcom,0.2,1.0587520610952028,1.2094258987121287
adherens junction,cellcom,0.21,1.0535450837455516,1.1564233752975266
adherens junction,cellcom,0.22,0.9372559229367343,1.083976291543753
adherens junction,cellcom,0.23,0.9008070814891972,1.0298405752087283
adherens junction,cellcom,0.24,0.8765078538575016,0.9914407878369245
adherens junction,cellcom,0.25,0.8921287859064472,0.9544317372311041
adherens junction,cellcom,0.26,0.7984031936127737,0.9130959500200103
adherens junction,cellcom,0.27,0.8001388527293232,0.8818816359391096
adherens junction,cellcom,0.28,0.774103965981085,0.8385885155018256
adherens junction,cellcom,0.29,0.7237698516011449,0.8006780614365685
adherens junction,cellcom,0.3,0.663021782521912,0.7758508347253571
adherens junction,cellcom,0.31,0.6734357372212091,0.7381464157365465
adherens junction,cellcom,0.32,0.6959993057363527,0.714735680175871
adherens junction,cellcom,0.33,0.6161589863750754,0.6950593303756992
adherens junction,cellcom,0.34,0.6074806907923279,0.661449858531165
adherens junction,cellcom,0.35000000000000003,0.5692961902282418,0.6236939307732474
adherens junction,cellcom,0.36,0.5797101449275357,0.6041463528958483
adherens junction,cellcom,0.37,0.5745031675778872,0.5662358988305959
adherens junction,cellcom,0.38,0.4738349388180157,0.5585095834640363
adherens junction,cellcom,0.39,0.45647834765252066,0.535253374210692
adherens junction,cellcom,0.4,0.43738609737047607,0.5135424280306596
adherens junction,cellcom,0.41000000000000003,0.388787642107092,0.4975489552218841
adherens junction,cellcom,0.42,0.4182938470884315,0.4724384302805627
adherens junction,cellcom,0.43,0.4252364835546295,0.4501608876403159
adherens junction,cellcom,0.44,0.36795973270849575,0.4344764674462
adherens junction,cellcom,0.45,0.35060314154300065,0.4250246083144421
adherens junction,cellcom,0.46,0.3644884144753967,0.41356390718737873
adherens junction,cellcom,0.47000000000000003,0.3506031415430026,0.3866763297117536
adherens junction,cellcom,0.48,0.3436605050768026,0.37982566342006857
adherens junction,cellcom,0.49,0.3297752321444065,0.3668196992196934
adherens junction,cellcom,0.5,0.31762561832856,0.3474781564187392
adherens junction,cellcom,0.51,0.2846480951141193,0.33570840267701346
adherens junction,cellcom,0.52,0.2846480951141193,0.3215434911716542
adherens junction,cellcom,0.53,0.21522173045213902,0.30634840428408705
adherens junction,cellcom,0.54,0.22390002603488657,0.29205472085595185
adherens junction,cellcom,0.55,0.23952095808383211,0.2840708616438403
adherens junction,cellcom,0.56,0.1961294801700944,0.2766020901228327
adherens junction,cellcom,0.5700000000000001,0.2360496398507357,0.26089191554416447
adherens junction,cellcom,0.58,0.20827909398594097,0.25102798625952055
adherens junction,cellcom,0.59,0.19960079840319342,0.24598012688670162
adherens junction,cellcom,0.6,0.18397986635424787,0.2332832153009887
adherens junction,cellcom,0.61,0.1700945934218518,0.2278232857752866
adherens junction,cellcom,0.62,0.10587520610951999,0.2156414618806777
adherens junction,cellcom,0.63,0.15620932048945574,0.20495339229027026
adherens junction,cellcom,0.64,0.16315195695565377,0.20052363814677612
adherens junction,cellcom,0.65,0.1475310249067082,0.18847058617494317
adherens junction,cellcom,0.66,0.1492666840232577,0.18558609510476096
adherens junction,cellcom,0.67,0.1336457519743121,0.17528434128268153
adherens junction,cellcom,0.68,0.0867829558274754,0.16369486823284216
adherens junction,cellcom,0.6900000000000001,0.12323179727501507,0.15666392124927292
adherens junction,cellcom,0.7000000000000001,0.10587520610952118,0.15107521980079652
adherens junction,cellcom,0.71,0.12323179727501507,0.13915093975173792
adherens junction,cellcom,0.72,0.09198993317712394,0.14030988705672184
adherens junction,cellcom,0.73,0.09893256964332196,0.13108981738596076
adherens junction,cellcom,0.74,0.07463334201162886,0.12207578279164126
adherens junction,cellcom,0.75,0.09719691052677246,0.11684764272693594
adherens junction,cellcom,0.76,0.09025427406057443,0.112057327199669
adherens junction,cellcom,0.77,0.06595504642888131,0.1102802746653603
adherens junction,cellcom,0.78,0.07116202377852983,0.1030175382207943
adherens junction,cellcom,0.79,0.08851861494402491,0.0994891875367321
adherens junction,cellcom,0.8,0.08157597847782688,0.09204617040027972
adherens junction,cellcom,0.81,0.06942636466198032,0.0922522054767213
adherens junction,cellcom,0.8200000000000001,0.06942636466198032,0.08741038118034397
adherens junction,cellcom,0.8300000000000001,0.0763690011281792,0.08462890764838348
adherens junction,cellcom,0.84,0.045127137030287215,0.07795852204858608
adherens junction,cellcom,0.85,0.045127137030287215,0.07574364497683903
adherens junction,cellcom,0.86,0.06769070554543082,0.07216378552366641
adherens junction,cellcom,0.87,0.036448841447539675,0.06672961038251951
adherens junction,cellcom,0.88,0.07289768289507935,0.06487529469454521
adherens junction,cellcom,0.89,0.041655818797188195,0.060909119473044636
adherens junction,cellcom,0.9,0.03471318233099016,0.0560157864075569
adherens junction,cellcom,0.91,0.04686279614683672,0.055243154870900944
adherens junction,cellcom,0.92,0.045127137030287215,0.05359487425936824
adherens junction,cellcom,0.93,0.07116202377852983,0.056711154790547266
adherens junction,cellcom,0.9400000000000001,0.045127137030287215,0.05483108471801777
adherens junction,cellcom,0.9500000000000001,0.03644884144754008,0.04751683950434191
adherens junction,cellcom,0.96,0.03818450056408918,0.047619857042562164
adherens junction,cellcom,0.97,0.06595504642888131,0.048881821885766896
adherens junction,cellcom,0.98,0.036448841447539675,0.06351031231311968
adherens junction,cellcom,0.99,0.24125661720038163,0.15978020178045196
anchoring junction,cellcom,0.0,21.456087171184826,20.63260336568509
anchoring junction,cellcom,0.01,7.948112936745778,7.521052583226918
anchoring junction,cellcom,0.02,5.540628982811478,5.243011216073598
anchoring junction,cellcom,0.03,4.412524542730185,4.215833903337817
anchoring junction,cellcom,0.04,3.849333471117081,3.6304901036364194
anchoring junction,cellcom,0.05,3.4408620669858676,3.280191376743874
anchoring junction,cellcom,0.06,3.219833970583167,3.096342311147559
anchoring junction,cellcom,0.07,2.89403281549608,2.792005850654094
anchoring junction,cellcom,0.08,2.553592137140759,2.5021735335851663
anchoring junction,cellcom,0.09,2.2662556118172508,2.2866157935923956
anchoring junction,cellcom,0.1,2.1944932428553394,2.133946460501822
anchoring junction,cellcom,0.11,1.9479177431022021,1.9684711658463903
anchoring junction,cellcom,0.12,1.8729978299059609,1.8683341142185967
anchoring junction,cellcom,0.13,1.7090925791969487,1.780501921311819
anchoring junction,cellcom,0.14,1.6422100513244493,1.6623530063525953
anchoring junction,cellcom,0.15,1.517343529330714,1.5697324973824323
anchoring junction,cellcom,0.16,1.4117093222187762,1.4835984863353417
anchoring junction,cellcom,0.17,1.335641211119151,1.4031714798986796
anchoring junction,cellcom,0.18,1.3106679067204012,1.3442640567003423
anchoring junction,cellcom,0.19,1.2173768270699128,1.2667879892329692
anchoring junction,cellcom,0.2,1.1918294237194744,1.2087157374410427
anchoring junction,cellcom,0.21,1.1120296694338225,1.1590787168537857
anchoring junction,cellcom,0.22,1.0207479361142677,1.087755078746919
anchoring junction,cellcom,0.23,0.9185583227125044,1.0385634829097503
anchoring junction,cellcom,0.24,0.9377906375942949,0.9948005012141992
anchoring junction,cellcom,0.25,0.9225770153743691,0.9565218117540344
anchoring junction,cellcom,0.26,0.8600002296395799,0.916405745199782
anchoring junction,cellcom,0.27,0.8511016958883024,0.8835556698812407
anchoring junction,cellcom,0.28,0.7853673659191935,0.8427157881081095
anchoring junction,cellcom,0.29,0.7397264992594117,0.8053557871949841
anchoring junction,cellcom,0.3,0.7242258275636382,0.7790478878932712
anchoring junction,cellcom,0.31,0.7012618694958257,0.740685681292466
anchoring junction,cellcom,0.32,0.7101604032471031,0.714878884834595
anchoring junction,cellcom,0.33,0.6584914975945249,0.6973402853001196
anchoring junction,cellcom,0.34,0.6260549068237395,0.6640169461846163
anchoring junction,cellcom,0.35000000000000003,0.5844327328258326,0.626629106224619
anchoring junction,cellcom,0.36,0.5720896053643801,0.6068633829397304
anchoring junction,cellcom,0.37,0.5330508766490988,0.56958689916725
anchoring junction,cellcom,0.38,0.5293192334630792,0.5599824279936088
anchoring junction,cellcom,0.39,0.48540066365838774,0.5388247523647178
anchoring junction,cellcom,0.4,0.4816690204723682,0.515412113938537
anchoring junction,cellcom,0.41000000000000003,0.4460748854672612,0.5007966143264769
anchoring junction,cellcom,0.42,0.43000011481978995,0.4756857940406061
anchoring junction,cellcom,0.43,0.42712962006131333,0.45199476514562426
anchoring junction,cellcom,0.44,0.40761025570367276,0.4360151522364355
anchoring junction,cellcom,0.45,0.38349809973246957,0.4278583115005604
anchoring junction,cellcom,0.46,0.370580873319325,0.4169454051235535
anchoring junction,cellcom,0.47000000000000003,0.347903964727362,0.38985801250919916
anchoring junction,cellcom,0.48,0.3651269332782195,0.3806711270387575
anchoring junction,cellcom,0.49,0.33355149093497727,0.3694519911460692
anchoring junction,cellcom,0.5,0.3318291940798913,0.3485170278922191
anchoring junction,cellcom,0.51,0.31001343391546937,0.33738140914017123
anchoring junction,cellcom,0.52,0.2953739106472389,0.3234897247469915
anchoring junction,cellcom,0.53,0.2655207651590826,0.30884638608804854
anchoring junction,cellcom,0.54,0.254325835601024,0.2946206331323073
anchoring junction,cellcom,0.55,0.24571435132559427,0.28707625142779486
anchoring junction,cellcom,0.56,0.23911221338109817,0.27894724973879986
anchoring junction,cellcom,0.5700000000000001,0.23595466914677657,0.2629119587358538
anchoring junction,cellcom,0.58,0.22648203644380124,0.2527228675777271
anchoring junction,cellcom,0.59,0.21500005740989497,0.2482407810300278
anchoring junction,cellcom,0.6,0.21069431527218013,0.23468316519940952
anchoring junction,cellcom,0.61,0.204953325755227,0.22911535582338555
anchoring junction,cellcom,0.62,0.18859150563191054,0.2165042675866913
anchoring junction,cellcom,0.63,0.16648869599164098,0.20790200210073428
anchoring junction,cellcom,0.64,0.18801740668021524,0.20113711370886517
anchoring junction,cellcom,0.65,0.17050738865350817,0.18955607020673537
anchoring junction,cellcom,0.66,0.1636182012331644,0.18713407312816496
anchoring junction,cellcom,0.67,0.16505344861240268,0.17560870771979536
anchoring junction,cellcom,0.68,0.14495998530306672,0.16427821563958664
anchoring junction,cellcom,0.6900000000000001,0.13921899578611358,0.15781955676339887
anchoring junction,cellcom,0.7000000000000001,0.13405210522085725,0.15200119596545553
anchoring junction,cellcom,0.71,0.127162917800512,0.14005824485388246
anchoring junction,cellcom,0.72,0.12744996727635965,0.14078206007276556
anchoring junction,cellcom,0.73,0.11395864191151976,0.13223547268056882
anchoring junction,cellcom,0.74,0.10132846497422288,0.12332697767893049
anchoring junction,cellcom,0.75,0.09960616811913693,0.11820459305298847
anchoring junction,cellcom,0.76,0.09558747545726973,0.11330492080208739
anchoring junction,cellcom,0.77,0.09759682178820334,0.11079940658287661
anchoring junction,cellcom,0.78,0.09558747545726973,0.10322718583148403
anchoring junction,cellcom,0.79,0.0884112385610783,0.10038760304971181
anchoring junction,cellcom,0.8,0.08640189223014472,0.09242563564199757
anchoring junction,cellcom,0.81,0.08410549642336346,0.09267618706391866
anchoring junction,cellcom,0.8200000000000001,0.08037385323734392,0.08780435385989768
anchoring junction,cellcom,0.8300000000000001,0.07664221005132522,0.08527100059380774
anchoring junction,cellcom,0.84,0.05970629097631262,0.07920208837394069
anchoring junction,cellcom,0.85,0.06602137944496107,0.07619547131088776
anchoring junction,cellcom,0.86,0.06602137944496107,0.07268775140399267
anchoring junction,cellcom,0.87,0.05884514254876965,0.06700858584044823
anchoring junction,cellcom,0.88,0.061715637307246225,0.06531040398076093
anchoring junction,cellcom,0.89,0.05740989516953137,0.06093967362058213
anchoring junction,cellcom,0.9,0.053391202507664166,0.05592864518216058
anchoring junction,cellcom,0.91,0.05540054883859777,0.05509347377575698
anchoring junction,cellcom,0.92,0.054539400411054796,0.053367452869189556
anchoring junction,cellcom,0.93,0.05310415303181651,0.05729275847928645
anchoring junction,cellcom,0.9400000000000001,0.050520707749187606,0.05509347377575698
anchoring junction,cellcom,0.9500000000000001,0.04277037190130135,0.04779964349316614
anchoring junction,cellcom,0.96,0.045927916135625094,0.04763260921188489
anchoring junction,cellcom,0.97,0.05224300460427355,0.048829688227730046
anchoring junction,cellcom,0.98,0.0625767857347892,0.0631667973709917
anchoring junction,cellcom,0.99,0.19203609934208243,0.15795875199779946
apical plasma membrane,cellcom,0.0,19.8845015329316,20.721480178545878
apical plasma membrane,cellcom,0.01,7.154561793001374,7.566723772160723
apical plasma membrane,cellcom,0.02,4.91066708954435,5.276345827974034
apical plasma membrane,cellcom,0.03,4.256528174225604,4.2327668582171745
apical plasma membrane,cellcom,0.04,3.4305952003383013,3.654130626424241
apical plasma membrane,cellcom,0.05,3.291838460725237,3.2944462254872677
apical plasma membrane,cellcom,0.06,2.961465271170311,3.1101147621195193
apical plasma membrane,cellcom,0.07,2.7302040384818707,2.802412661843104
apical plasma membrane,cellcom,0.08,2.3734009937625555,2.5093297750426493
apical plasma membrane,cellcom,0.09,2.193677978644675,2.286600235925641
apical plasma membrane,cellcom,0.1,2.1751770800296026,2.1385968711778207
apical plasma membrane,cellcom,0.11,1.972988688021991,1.966530022301417
apical plasma membrane,cellcom,0.12,1.860661803573315,1.8689047259389076
apical plasma membrane,cellcom,0.13,1.6611163970821425,1.7764026229715177
apical plasma membrane,cellcom,0.14,1.610899672269799,1.6615447670072587
apical plasma membrane,cellcom,0.15,1.528967121260174,1.56580832477527
apical plasma membrane,cellcom,0.16,1.366423511999153,1.4794126543394341
apical plasma membrane,cellcom,0.17,1.4985727878211257,1.3952163346035258
apical plasma membrane,cellcom,0.18,1.3095993233957066,1.3419144235230118
apical plasma membrane,cellcom,0.19,1.1734855692990793,1.264160907602171
apical plasma membrane,cellcom,0.2,1.1589491489586659,1.2081680262535222
apical plasma membrane,cellcom,0.21,1.1589491489586627,1.1548402404588922
apical plasma membrane,cellcom,0.22,1.206522888254571,1.0793895740944424
apical plasma membrane,cellcom,0.23,1.0254783803784775,1.0280023918585748
apical plasma membrane,cellcom,0.24,1.0294428586531337,0.9889833229705095
apical plasma membrane,cellcom,0.25,0.9541177714346117,0.9535090899164419
apical plasma membrane,cellcom,0.26,0.9633682207421496,0.9104018161979325
apical plasma membrane,cellcom,0.27,0.923723437995559,0.8798437788260479
apical plasma membrane,cellcom,0.28,0.932973887303102,0.8357791406852232
apical plasma membrane,cellcom,0.29,0.769108785283856,0.8001496593464505
apical plasma membrane,cellcom,0.3,0.8166825245797645,0.7733693302356118
apical plasma membrane,cellcom,0.31,0.8008246114811284,0.735954493622788
apical plasma membrane,cellcom,0.32,0.7783592345913938,0.7132106199141626
apical plasma membrane,cellcom,0.33,0.6805687704831371,0.6941668303242329
apical plasma membrane,cellcom,0.34,0.7625013214927575,0.6586667225560485
apical plasma membrane,cellcom,0.35000000000000003,0.688497727032459,0.6216141319408626
apical plasma membrane,cellcom,0.36,0.6158156253303726,0.603553581487366
apical plasma membrane,cellcom,0.37,0.6409239877365466,0.564896758596938
apical plasma membrane,cellcom,0.38,0.539169045353631,0.5576259639301305
apical plasma membrane,cellcom,0.39,0.5352045670789719,0.5340799740838859
apical plasma membrane,cellcom,0.4,0.5814568136166609,0.511077353234093
apical plasma membrane,cellcom,0.41000000000000003,0.5695633787926869,0.4945175361993742
apical plasma membrane,cellcom,0.42,0.5219896394967751,0.4706610497837258
apical plasma membrane,cellcom,0.43,0.47838037847552556,0.4492367864950548
apical plasma membrane,cellcom,0.44,0.46120097261866966,0.43296159131561757
apical plasma membrane,cellcom,0.45,0.4691299291679878,0.4230515758089014
apical plasma membrane,cellcom,0.46,0.4400570884871547,0.41231356945044917
apical plasma membrane,cellcom,0.47000000000000003,0.44666455227825563,0.38496399662904407
apical plasma membrane,cellcom,0.48,0.41098424780632165,0.37867644109867105
apical plasma membrane,cellcom,0.49,0.3964478274659051,0.3656873346120614
apical plasma membrane,cellcom,0.5,0.35416005920287524,0.34690229216329915
apical plasma membrane,cellcom,0.51,0.3938048419494658,0.33380968682022244
apical plasma membrane,cellcom,0.52,0.38719737815836736,0.31970796762659237
apical plasma membrane,cellcom,0.53,0.31319378369806505,0.3048558817235766
apical plasma membrane,cellcom,0.54,0.33433766782958,0.2902107935334947
apical plasma membrane,cellcom,0.55,0.3065863199069666,0.28296587358080405
apical plasma membrane,cellcom,0.56,0.3198012474891635,0.2745565914928595
apical plasma membrane,cellcom,0.5700000000000001,0.29204989956655336,0.2599115033027805
apical plasma membrane,cellcom,0.58,0.2616555661274974,0.25018261079487875
apical plasma membrane,cellcom,0.59,0.2854424357754517,0.24451604840330998
apical plasma membrane,cellcom,0.6,0.2999788561158682,0.231242320061416
apical plasma membrane,cellcom,0.61,0.2272967544137856,0.22697299223215187
apical plasma membrane,cellcom,0.62,0.2510836240617399,0.21331114317850663
apical plasma membrane,cellcom,0.63,0.24315466751242185,0.2034787518141407
apical plasma membrane,cellcom,0.64,0.22597526165556595,0.1994681711260441
apical plasma membrane,cellcom,0.65,0.2365472037213234,0.18691893477941918
apical plasma membrane,cellcom,0.66,0.20086689924939194,0.184745458793612
apical plasma membrane,cellcom,0.67,0.22201078338090688,0.17374870529399222
apical plasma membrane,cellcom,0.68,0.18500898615075573,0.1621309586555704
apical plasma membrane,cellcom,0.6900000000000001,0.1704725658103392,0.1558951525534331
apical plasma membrane,cellcom,0.7000000000000001,0.18633047890897747,0.14971109587953094
apical plasma membrane,cellcom,0.71,0.19293794270007383,0.1378604768140567
apical plasma membrane,cellcom,0.72,0.14139972512950616,0.13956820794576233
apical plasma membrane,cellcom,0.73,0.14139972512950616,0.130408559148432
apical plasma membrane,cellcom,0.74,0.13347076858018805,0.12114541149463465
apical plasma membrane,cellcom,0.75,0.14404271064594554,0.11602221809951767
apical plasma membrane,cellcom,0.76,0.17311555132677858,0.11053677870676616
apical plasma membrane,cellcom,0.77,0.1136483772068928,0.10955353957032958
apical plasma membrane,cellcom,0.78,0.13611375409662743,0.10189462419177087
apical plasma membrane,cellcom,0.79,0.12157733375621092,0.09889315735422759
apical plasma membrane,cellcom,0.8,0.11761285548155187,0.09138949026036941
apical plasma membrane,cellcom,0.81,0.1057194206575747,0.09164823740153694
apical plasma membrane,cellcom,0.8200000000000001,0.12686330478908964,0.08636979572171945
apical plasma membrane,cellcom,0.8300000000000001,0.11100539169045466,0.08398932202297915
apical plasma membrane,cellcom,0.84,0.10043344962469597,0.07702902392557183
apical plasma membrane,cellcom,0.85,0.11100539169045344,0.07459680079859711
apical plasma membrane,cellcom,0.86,0.08589702928427945,0.07182820638810461
apical plasma membrane,cellcom,0.87,0.0806110582514007,0.06600639571183532
apical plasma membrane,cellcom,0.88,0.09250449307537786,0.06445391286483017
apical plasma membrane,cellcom,0.89,0.07268210170208261,0.06039158274850005
apical plasma membrane,cellcom,0.9,0.09118300031715817,0.05500964221221556
apical plasma membrane,cellcom,0.91,0.08457553652605977,0.05454389735811402
apical plasma membrane,cellcom,0.92,0.05814568136166609,0.05337953522286016
apical plasma membrane,cellcom,0.93,0.08325404376784008,0.056406876774520186
apical plasma membrane,cellcom,0.9400000000000001,0.06343165239454482,0.054518022643997265
apical plasma membrane,cellcom,0.9500000000000001,0.05285971032878794,0.047247227977190366
apical plasma membrane,cellcom,0.96,0.07136060894386292,0.04701435555013907
apical plasma membrane,cellcom,0.97,0.06607463791098418,0.048799710824194986
apical plasma membrane,cellcom,0.98,0.0819325510096204,0.06274618173312452
apical plasma membrane,cellcom,0.99,0.24579765302886117,0.1593106148168444
axon,cellcom,0.0,21.193135385453555,20.681578078090467
axon,cellcom,0.01,7.939526014709888,7.540208027950712
axon,cellcom,0.02,5.532007627349497,5.256489461122059
axon,cellcom,0.03,4.323072732225551,4.228833407552345
axon,cellcom,0.04,3.867611005175701,3.6391981791365695
axon,cellcom,0.05,3.387087986924546,3.289867521059258
axon,cellcom,0.06,3.1119585943884474,3.1070305589796234
axon,cellcom,0.07,2.8215745028602575,2.8000220394532844
axon,cellcom,0.08,2.5889403432307287,2.502702361708421
axon,cellcom,0.09,2.3508580768183034,2.2815891510525015
axon,cellcom,0.1,2.205938436393354,2.1360435827526913
axon,cellcom,0.11,2.015254698992101,1.9642795827090385
axon,cellcom,0.12,1.8746935439934607,1.8684558727823115
axon,cellcom,0.13,1.7777172432579662,1.7740162831100847
axon,cellcom,0.14,1.6949060201579982,1.658894742712011
axon,cellcom,0.15,1.5527104331244879,1.5657061848082672
axon,cellcom,0.16,1.4154181421955858,1.4802633767902718
axon,cellcom,0.17,1.3565785889403457,1.3991858711133864
axon,cellcom,0.18,1.2852083900844447,1.3440340025111124
axon,cellcom,0.19,1.2062108417324968,1.265165765701978
axon,cellcom,0.2,1.1419231816943634,1.2104131625577395
axon,cellcom,0.21,1.0961590847180596,1.1577899751896434
axon,cellcom,0.22,1.045491691637155,1.0836064530880378
axon,cellcom,0.23,0.9583219831108707,1.0313559134807744
axon,cellcom,0.24,0.9741214927812577,0.9905243659731062
axon,cellcom,0.25,0.8847725415418134,0.9568795967099453
axon,cellcom,0.26,0.8548079542359023,0.9141848103981494
axon,cellcom,0.27,0.8444565513484056,0.882456515333523
axon,cellcom,0.28,0.8003268864069774,0.8394689343525111
axon,cellcom,0.29,0.7600108962135651,0.8014854804454411
axon,cellcom,0.3,0.7709071097793511,0.7743620469967378
axon,cellcom,0.31,0.7104331244892393,0.738508008865822
axon,cellcom,0.32,0.6853718332879318,0.7158829662442343
axon,cellcom,0.33,0.6423317897030776,0.6964254295896689
axon,cellcom,0.34,0.641242168346499,0.6616094816496259
axon,cellcom,0.35000000000000003,0.6129120130754592,0.6233864684677471
axon,cellcom,0.36,0.5573413238899477,0.6060583475893279
axon,cellcom,0.37,0.530100789975483,0.5681281290766662
axon,cellcom,0.38,0.49850177063470397,0.5601428199161058
axon,cellcom,0.39,0.5055843094524648,0.5354948323071762
axon,cellcom,0.4,0.4516480523018247,0.5153984709197661
axon,cellcom,0.41000000000000003,0.4848815036774744,0.49649990590644266
axon,cellcom,0.42,0.44184146009261743,0.4731029500659982
axon,cellcom,0.43,0.42985562517025294,0.4507707021136311
axon,cellcom,0.44,0.3851811495505309,0.4358647916805851
axon,cellcom,0.45,0.3737401253064557,0.4263888914767202
axon,cellcom,0.46,0.3633887224189591,0.4152626940463394
axon,cellcom,0.47000000000000003,0.3497684554617287,0.38792631902002334
axon,cellcom,0.48,0.3721056932715878,0.3796482151902404
axon,cellcom,0.49,0.350313266140016,0.3670580444137569
axon,cellcom,0.5,0.30890765459002967,0.34890477492208305
axon,cellcom,0.51,0.309452465268319,0.33620813335679206
axon,cellcom,0.52,0.2985562517025331,0.32210075383980213
axon,cellcom,0.53,0.2729501498229363,0.30658263637111327
axon,cellcom,0.54,0.2675020430400433,0.29220907988210465
axon,cellcom,0.55,0.24952329065649662,0.28507553703200406
axon,cellcom,0.56,0.2451648052301823,0.27690390399103065
axon,cellcom,0.5700000000000001,0.2446199945518957,0.26130593343073905
axon,cellcom,0.58,0.24353037319531443,0.2507387076415946
axon,cellcom,0.59,0.2081176791065103,0.2471187008221406
axon,cellcom,0.6,0.20212476164532805,0.23404941149602349
axon,cellcom,0.61,0.2081176791065103,0.22790072344239204
axon,cellcom,0.62,0.20430400435848523,0.21451202174985254
axon,cellcom,0.63,0.1923181694361208,0.20482317996837265
axon,cellcom,0.64,0.1825115772269135,0.20083052538809248
axon,cellcom,0.65,0.18850449468809574,0.18784108915358103
axon,cellcom,0.66,0.14709888313810937,0.18690946975151565
axon,cellcom,0.67,0.16780168891310254,0.17501135910228074
axon,cellcom,0.68,0.1710705529828383,0.16215501135377858
axon,cellcom,0.6900000000000001,0.12857532007627337,0.15752353204065359
axon,cellcom,0.7000000000000001,0.1454644511032431,0.1506561661625734
axon,cellcom,0.71,0.1351130482157449,0.13910408557696108
axon,cellcom,0.72,0.1269408880414055,0.14022202885943955
axon,cellcom,0.73,0.12258240261509115,0.13101230562759328
axon,cellcom,0.74,0.10569327158812303,0.12214861245937131
axon,cellcom,0.75,0.11604467447561963,0.11658551374418093
axon,cellcom,0.76,0.09752111141378363,0.11243315298068957
axon,cellcom,0.77,0.1002451648052301,0.1100907956269252
axon,cellcom,0.78,0.10133478616180867,0.10261122271320035
axon,cellcom,0.79,0.09643149005720504,0.09947033444337994
axon,cellcom,0.8,0.0909833832743121,0.09193752613525136
axon,cellcom,0.81,0.07681830563879045,0.0926562039597018
axon,cellcom,0.8200000000000001,0.07300463089076539,0.08783840076616371
axon,cellcom,0.8300000000000001,0.0806319803868164,0.08469751249634426
axon,cellcom,0.84,0.08063198038681552,0.07732441037142594
axon,cellcom,0.85,0.06265322800326881,0.07591367241972695
axon,cellcom,0.86,0.07082538817760822,0.07216057711426359
axon,cellcom,0.87,0.0631980386815581,0.06643777221586201
axon,cellcom,0.88,0.06374284935984739,0.0650536519613649
axon,cellcom,0.89,0.07137019885589752,0.06010276028181748
axon,cellcom,0.9,0.06265322800326881,0.05536481017988501
axon,cellcom,0.91,0.053936257150640106,0.05517848629947194
axon,cellcom,0.92,0.05012258240261505,0.053634659861763606
axon,cellcom,0.93,0.05012258240261505,0.05725466668121762
axon,cellcom,0.9400000000000001,0.05121220375919363,0.05485907393304953
axon,cellcom,0.9500000000000001,0.0408608008716975,0.04767229568854575
axon,cellcom,0.96,0.05175701443748292,0.0472730302305172
axon,cellcom,0.97,0.05175701443748292,0.04900318054863861
axon,cellcom,0.98,0.07463906292563327,0.06255158842438932
axon,cellcom,0.99,0.17270498501770618,0.16039824333845532
axoneme,cellcom,0.0,20.772225350733297,20.70470709092149
axoneme,cellcom,0.01,7.68552750777367,7.557481448125785
axoneme,cellcom,0.02,5.535832333570013,5.266532054776817
axoneme,cellcom,0.03,4.534436745586758,4.230068371009788
axoneme,cellcom,0.04,3.8635751536370972,3.6475992702852538
axoneme,cellcom,0.05,3.577112357074654,3.2914350834417645
axoneme,cellcom,0.06,3.2930979604828217,3.105313716308773
axoneme,cellcom,0.07,3.0678451631858596,2.798231411070761
axoneme,cellcom,0.08,2.634478368386261,2.505381312881354
axoneme,cellcom,0.09,2.445951570648579,2.283128090376308
axoneme,cellcom,0.1,2.3724995715300063,2.13685690297943
axoneme,cellcom,0.11,2.1570403741155166,1.9646600194994068
axoneme,cellcom,0.12,2.0199299757608387,1.867162990312353
axoneme,cellcom,0.13,1.7701931787576803,1.7742305248273784
axoneme,cellcom,0.14,1.7383639791396355,1.6597574216472157
axoneme,cellcom,0.15,1.7359155791690117,1.5633117807286159
axoneme,cellcom,0.16,1.5180079817839027,1.4768158629358954
axoneme,cellcom,0.17,1.3686555835761356,1.3975001577082429
axoneme,cellcom,0.18,1.334377983987463,1.341366281619219
axoneme,cellcom,0.19,1.1042283867492584,1.2640764220795628
axoneme,cellcom,0.2,1.229096785250841,1.2069937321873054
axoneme,cellcom,0.21,1.1825771858090728,1.1546294676949405
axoneme,cellcom,0.22,0.9940503880713945,1.0827504111953865
axoneme,cellcom,0.23,0.883872389393533,1.029462976516091
axoneme,cellcom,0.24,0.91570158901158,0.9905359669669184
axoneme,cellcom,0.25,0.9303919888352953,0.9537630211872679
axoneme,cellcom,0.26,0.8226623901280506,0.9123485808566293
axoneme,cellcom,0.27,0.9059079891291032,0.8804222785583972
axoneme,cellcom,0.28,0.8251107900986744,0.8377769446451809
axoneme,cellcom,0.29,0.7198295913620443,0.8003885520742344
axoneme,cellcom,0.3,0.6806551918321371,0.7751808772475981
axoneme,cellcom,0.31,0.7149327914208059,0.7374334740484033
axoneme,cellcom,0.32,0.6782067918615179,0.7148414480847546
axoneme,cellcom,0.33,0.7173811913914251,0.6936598210178151
axoneme,cellcom,0.34,0.5631319932424156,0.6616822314869752
axoneme,cellcom,0.35000000000000003,0.6218935925372798,0.6229090836356317
axoneme,cellcom,0.36,0.5606835932717964,0.6042405309664612
axoneme,cellcom,0.37,0.5043703939475548,0.5670060000933422
axoneme,cellcom,0.38,0.5141639938300316,0.5577230109913663
axoneme,cellcom,0.39,0.4725411943295052,0.5347463307831607
axoneme,cellcom,0.4,0.5631319932424156,0.511897868656474
axoneme,cellcom,0.41000000000000003,0.4798863942413655,0.49612704462963925
axoneme,cellcom,0.42,0.4480571946233133,0.47189382722254464
axoneme,cellcom,0.43,0.4162279950052637,0.45014804059692143
axoneme,cellcom,0.44,0.4333667947995981,0.43350533361575466
axoneme,cellcom,0.45,0.36481159562226056,0.42455571152572813
axoneme,cellcom,0.46,0.3329823960042109,0.4136828182129165
axoneme,cellcom,0.47000000000000003,0.32074039615111677,0.3868339519428391
axoneme,cellcom,0.48,0.32808559606297255,0.3798332446918993
axoneme,cellcom,0.49,0.3036015963567806,0.3669345056910875
axoneme,cellcom,0.5,0.31584359620987656,0.34736842645128735
axoneme,cellcom,0.51,0.27911759665058855,0.3355467193352351
axoneme,cellcom,0.52,0.32808559606297255,0.3209298580420686
axoneme,cellcom,0.53,0.284014396591827,0.3052359648641424
axoneme,cellcom,0.54,0.28646279656244616,0.2911063322807481
axoneme,cellcom,0.55,0.2693239967681118,0.28356710908743066
axoneme,cellcom,0.56,0.2448399970619198,0.27574580611477134
axoneme,cellcom,0.5700000000000001,0.1836299977964419,0.26133409375203814
axoneme,cellcom,0.58,0.2619787968562542,0.25028169512509707
axoneme,cellcom,0.59,0.2301495972382046,0.24546069525998246
axoneme,cellcom,0.6,0.19097519770829746,0.2329978977363352
axoneme,cellcom,0.61,0.2301495972382046,0.22694600428863818
axoneme,cellcom,0.62,0.19587199764953586,0.21422677060195294
axoneme,cellcom,0.63,0.17628479788458226,0.2045334836391162
axoneme,cellcom,0.64,0.17628479788458226,0.20022535610007763
axoneme,cellcom,0.65,0.13711039835467512,0.1884036489840254
axoneme,cellcom,0.66,0.13955879832529428,0.1855315639579997
axoneme,cellcom,0.67,0.1297651984428175,0.17514589935496033
axoneme,cellcom,0.68,0.1224199985309599,0.16299082522695868
axoneme,cellcom,0.6900000000000001,0.14445559826653268,0.15629784137166663
axoneme,cellcom,0.7000000000000001,0.11752319858972282,0.15075882025004733
axoneme,cellcom,0.71,0.11262639864848313,0.13919354929703143
axoneme,cellcom,0.72,0.08814239894229113,0.14014236310027206
axoneme,cellcom,0.73,0.10038439879538713,0.13093630484720753
axoneme,cellcom,0.74,0.09793599882476793,0.12162767212892779
axoneme,cellcom,0.75,0.09793599882476793,0.11675538503120561
axoneme,cellcom,0.76,0.06855519917733756,0.11219082132912904
axoneme,cellcom,0.77,0.08079719903043354,0.10993418309439457
axoneme,cellcom,0.78,0.044071199471145565,0.10316426839019112
axoneme,cellcom,0.79,0.08324559900105273,0.09949723125874758
axoneme,cellcom,0.8,0.03427759958866878,0.09249652400780993
axoneme,cellcom,0.81,0.06610679920671836,0.09218880061216433
axoneme,cellcom,0.8200000000000001,0.07590039908919514,0.08726522628183456
axoneme,cellcom,0.8300000000000001,0.06365839923609985,0.0847265082677592
axoneme,cellcom,0.84,0.051416399383003165,0.0777514446331244
axoneme,cellcom,0.85,0.06365839923609916,0.07541787554947853
axoneme,cellcom,0.86,0.051416399383003165,0.07231499797671861
axoneme,cellcom,0.87,0.03427759958866878,0.0666221151572748
axoneme,cellcom,0.88,0.03917439952990717,0.06526300349317335
axoneme,cellcom,0.89,0.06120999926547995,0.06062150894218539
axoneme,cellcom,0.9,0.026932399676811183,0.05600565800750122
axoneme,cellcom,0.91,0.03427759958866878,0.05533892398360239
axoneme,cellcom,0.92,0.026932399676811183,0.05374901977276674
axoneme,cellcom,0.93,0.03672599955928797,0.05713397712486846
axoneme,cellcom,0.9400000000000001,0.022035599735572783,0.05503120058795678
axoneme,cellcom,0.9500000000000001,0.017138799794334577,0.04767148270876645
axoneme,cellcom,0.96,0.03427759958866878,0.04762019547615832
axoneme,cellcom,0.97,0.019587199764953586,0.04944089223372818
axoneme,cellcom,0.98,0.03182919961804958,0.06344230673560348
axoneme,cellcom,0.99,0.03427759958866878,0.16229844758675604
basement membrane,cellcom,0.0,10.805807471503453,20.82768018378506
basement membrane,cellcom,0.01,6.227639570679757,7.575250367834737
basement membrane,cellcom,0.02,4.436725185123555,5.279607067462446
basement membrane,cellcom,0.03,3.999916798402529,4.236104813182086
basement membrane,cellcom,0.04,3.956235959730426,3.646053448628895
basement membrane,cellcom,0.05,3.6109493302271423,3.290486292038303
basement membrane,cellcom,0.06,3.4445461352857945,3.103094179309123
basement membrane,cellcom,0.07,3.51526749313587,2.7922041387092156
basement membrane,cellcom,0.08,3.0576587070471772,2.4999145765321065
basement membrane,cellcom,0.09,2.851734753307261,2.277813560005681
basement membrane,cellcom,0.1,2.7893335552042613,2.1312705642547627
basement membrane,cellcom,0.11,2.4731674848157095,1.9603979371966673
basement membrane,cellcom,0.12,2.489807804309841,1.8610754930218645
basement membrane,cellcom,0.13,2.3546052084199998,1.7670197588977197
basement membrane,cellcom,0.14,2.2110824527830975,1.6537726471743617
basement membrane,cellcom,0.15,2.2173225725933916,1.557045021122075
basement membrane,cellcom,0.16,2.157001414427155,1.468846896225001
basement membrane,cellcom,0.17,2.0009984191696515,1.3897434803910134
basement membrane,cellcom,0.18,1.924036941509275,1.3340961927338402
basement membrane,cellcom,0.19,1.8907563025210066,1.2546587904088318
basement membrane,cellcom,0.2,1.761793826441471,1.2003731399842739
basement membrane,cellcom,0.21,1.6702720692237276,1.148553851339529
basement membrane,cellcom,0.22,1.4685081953573496,1.0770550509933134
basement membrane,cellcom,0.23,1.3790664780763817,1.023617212430568
basement membrane,cellcom,0.24,1.2813046010483389,0.986159342899562
basement membrane,cellcom,0.25,1.2417838422497702,0.949960345527008
basement membrane,cellcom,0.26,1.2750644812380387,0.9069274707228718
basement membrane,cellcom,0.27,1.0691405274981272,0.8783587801066334
basement membrane,cellcom,0.28,1.048340128130465,0.8350433013485643
basement membrane,cellcom,0.29,1.031699808636325,0.796686237418664
basement membrane,cellcom,0.3,0.925617771861219,0.7723309148429498
basement membrane,cellcom,0.31,0.9692986105333213,0.7343335286726111
basement membrane,cellcom,0.32,0.8902570929361836,0.7122904202654775
basement membrane,cellcom,0.33,0.8008153756552118,0.6925852172954642
basement membrane,cellcom,0.34,0.6801730593227384,0.6604197490836561
basement membrane,cellcom,0.35000000000000003,0.773774856477248,0.6210350344121726
basement membrane,cellcom,0.36,0.6635327398286041,0.6030511464343212
basement membrane,cellcom,0.37,0.520009984191696,0.5669292228673866
basement membrane,cellcom,0.38,0.5740910225476323,0.55706377574811
basement membrane,cellcom,0.39,0.5636908228637985,0.5337361039139872
basement membrane,cellcom,0.4,0.53041018387553,0.5122068208776492
basement membrane,cellcom,0.41000000000000003,0.5137698643813985,0.49573871774365125
basement membrane,cellcom,0.42,0.45760878608869254,0.47182014673311073
basement membrane,cellcom,0.43,0.4056077876695229,0.4503422462338523
basement membrane,cellcom,0.44,0.41184790747982325,0.43377137802569243
basement membrane,cellcom,0.45,0.40352774773275607,0.42418853486035346
basement membrane,cellcom,0.46,0.336966469756219,0.4137835711017414
basement membrane,cellcom,0.47000000000000003,0.39312754804892436,0.38606269234731794
basement membrane,cellcom,0.48,0.4076878276062897,0.378946210961796
basement membrane,cellcom,0.49,0.3140860304517844,0.3669226972851777
basement membrane,cellcom,0.5,0.3057658707047173,0.3475514808061814
basement membrane,cellcom,0.51,0.31824611032531797,0.33516828937000614
basement membrane,cellcom,0.52,0.33072634994591865,0.32088394406188686
basement membrane,cellcom,0.53,0.2995257508944169,0.30508381390992045
basement membrane,cellcom,0.54,0.2974457109576501,0.29097930748157974
basement membrane,cellcom,0.55,0.24128463266494693,0.2839398999016793
basement membrane,cellcom,0.56,0.22048423329727912,0.27610406299704554
basement membrane,cellcom,0.5700000000000001,0.24960479241201686,0.26066361060463894
basement membrane,cellcom,0.58,0.18928363424577738,0.25115784124491647
basement membrane,cellcom,0.59,0.2080039936766784,0.24576267485156206
basement membrane,cellcom,0.6,0.2100840336134452,0.23283996677605132
basement membrane,cellcom,0.61,0.20384391380314484,0.22726496150291844
basement membrane,cellcom,0.62,0.1684832348781095,0.21459916611280555
basement membrane,cellcom,0.63,0.17264331475164307,0.20463095391936983
basement membrane,cellcom,0.64,0.2100840336134452,0.19985237797097022
basement membrane,cellcom,0.65,0.14976287544720845,0.18834268966514753
basement membrane,cellcom,0.66,0.16224311506780914,0.18533681124599294
basement membrane,cellcom,0.67,0.17680339462517666,0.17464924353344333
basement membrane,cellcom,0.68,0.12480239620600704,0.1630367901534615
basement membrane,cellcom,0.6900000000000001,0.16016307513104236,0.15612583891625992
basement membrane,cellcom,0.7000000000000001,0.12272235626924162,0.150756363791447
basement membrane,cellcom,0.71,0.15600299525750883,0.13870715884628723
basement membrane,cellcom,0.72,0.11232215658540634,0.1399403397361968
basement membrane,cellcom,0.73,0.11648223645893992,0.13079424813603413
basement membrane,cellcom,0.74,0.1040019968383392,0.12159677399879189
basement membrane,cellcom,0.75,0.11440219652217314,0.11658697663353425
basement membrane,cellcom,0.76,0.10608203677510598,0.11180840068513465
basement membrane,cellcom,0.77,0.10608203677510598,0.10967602539633267
basement membrane,cellcom,0.78,0.1040019968383392,0.10253385274227307
basement membrane,cellcom,0.79,0.08320159747067137,0.09952797432311848
basement membrane,cellcom,0.8,0.09776187702803885,0.09182059376118365
basement membrane,cellcom,0.81,0.0915217572177385,0.09192335883534279
basement membrane,cellcom,0.8200000000000001,0.09984191696480563,0.08699063527570448
basement membrane,cellcom,0.8300000000000001,0.06656127797653782,0.08472980364420454
basement membrane,cellcom,0.84,0.09360179715450528,0.07727933576766659
basement membrane,cellcom,0.85,0.08528163740743815,0.07517265174740441
basement membrane,cellcom,0.86,0.06656127797653709,0.07216677332824983
basement membrane,cellcom,0.87,0.06240119810300352,0.06633485536971913
basement membrane,cellcom,0.88,0.05824111822946996,0.06507598321126977
basement membrane,cellcom,0.89,0.08736167734420493,0.06029740726287018
basement membrane,cellcom,0.9,0.0520009984191696,0.055750052731328624
basement membrane,cellcom,0.91,0.03120059905150176,0.05541606624031145
basement membrane,cellcom,0.92,0.05824111822946996,0.0534121472942084
basement membrane,cellcom,0.93,0.06448123803977031,0.0568290860099995
basement membrane,cellcom,0.9400000000000001,0.033280638988268545,0.05495362340659536
basement membrane,cellcom,0.9500000000000001,0.04576087860886975,0.047374699187359974
basement membrane,cellcom,0.96,0.0395207587985689,0.0475802293356777
basement membrane,cellcom,0.97,0.035360678925035326,0.04930154432784315
basement membrane,cellcom,0.98,0.05824111822946996,0.06317482933932585
basement membrane,cellcom,0.99,0.07072135785007065,0.16208621321748953
basolateral plasma membrane,cellcom,0.0,19.304483953930447,20.721486631274107
basolateral plasma membrane,cellcom,0.01,7.952588616795259,7.554288870852066
basolateral plasma membrane,cellcom,0.02,5.152633344515264,5.270662730052925
basolateral plasma membrane,cellcom,0.03,4.504081404450408,4.230114273715812
basolateral plasma membrane,cellcom,0.04,3.616236162361623,3.650223552224048
basolateral plasma membrane,cellcom,0.05,3.1980319803198043,3.295502208312992
basolateral plasma membrane,cellcom,0.06,2.9386112042938586,3.1091958537210163
basolateral plasma membrane,cellcom,0.07,2.650117410265013,2.802758093853432
basolateral plasma membrane,cellcom,0.08,2.540534496254055,2.506331284425478
basolateral plasma membrane,cellcom,0.09,2.3795147042379496,2.2837288172139045
basolateral plasma membrane,cellcom,0.1,2.2117857542211796,2.138467359424438
basolateral plasma membrane,cellcom,0.11,1.8114726601811482,1.9684352165727956
basolateral plasma membrane,cellcom,0.12,1.8852733981885257,1.868556734109668
basolateral plasma membrane,cellcom,0.13,1.7801632561780147,1.7741201016291137
basolateral plasma membrane,cellcom,0.14,1.5609974281561028,1.6617150965646044
basolateral plasma membrane,cellcom,0.15,1.5654702001565457,1.565096590270279
basolateral plasma membrane,cellcom,0.16,1.4156323381415619,1.477949983238074
basolateral plasma membrane,cellcom,0.17,1.5073241641507353,1.3959371969441472
basolateral plasma membrane,cellcom,0.18,1.3239405121323928,1.3414930280147452
basolateral plasma membrane,cellcom,0.19,1.30381303813038,1.261944475675186
basolateral plasma membrane,cellcom,0.2,1.1875209661187545,1.2074489685384087
basolateral plasma membrane,cellcom,0.21,1.1338477021133837,1.1551610043190825
basolateral plasma membrane,cellcom,0.22,1.1427932461142782,1.081131309273168
basolateral plasma membrane,cellcom,0.23,1.033210332103323,1.0278935882172673
basolateral plasma membrane,cellcom,0.24,1.0019009281001894,0.9896209546134301
basolateral plasma membrane,cellcom,0.25,1.0197920161019782,0.9527601217126213
basolateral plasma membrane,cellcom,0.26,1.0354467181035436,0.9099953949627969
basolateral plasma membrane,cellcom,0.27,0.9146818740914674,0.8802962419918805
basolateral plasma membrane,cellcom,0.28,0.9325729620932617,0.8365560893017889
basolateral plasma membrane,cellcom,0.29,0.8162808900816274,0.7993615580529875
basolateral plasma membrane,cellcom,0.3,0.8229900480822984,0.7736411161542336
basolateral plasma membrane,cellcom,0.31,0.7715531700771546,0.7368059523571162
basolateral plasma membrane,cellcom,0.32,0.7782623280778256,0.7137294281385735
basolateral plasma membrane,cellcom,0.33,0.7357709940735765,0.693425167118699
basolateral plasma membrane,cellcom,0.34,0.6753885720675383,0.6604917070826698
basolateral plasma membrane,cellcom,0.35000000000000003,0.6440791680644109,0.6226554482415922
basolateral plasma membrane,cellcom,0.36,0.5769875880576982,0.6040966862727276
basolateral plasma membrane,cellcom,0.37,0.6552610980655256,0.5653363396987572
basolateral plasma membrane,cellcom,0.38,0.5277870960527782,0.5576099394876545
basolateral plasma membrane,cellcom,0.39,0.572514816057251,0.5336606657436053
basolateral plasma membrane,cellcom,0.4,0.5412054120541201,0.5120986186428534
basolateral plasma membrane,cellcom,0.41000000000000003,0.5658056580565831,0.49515701020655134
basolateral plasma membrane,cellcom,0.42,0.4539863580453982,0.4718494640547836
basolateral plasma membrane,cellcom,0.43,0.4450408140445037,0.4498510421912785
basolateral plasma membrane,cellcom,0.44,0.4405680420440564,0.4334228158288011
basolateral plasma membrane,cellcom,0.45,0.37571284803757093,0.42448996774420394
basolateral plasma membrane,cellcom,0.46,0.36900369003690003,0.4133495767421489
basolateral plasma membrane,cellcom,0.47000000000000003,0.36676730403667845,0.38637134876252
basolateral plasma membrane,cellcom,0.48,0.40925863804092555,0.3789529777957116
basolateral plasma membrane,cellcom,0.49,0.40925863804092555,0.36578472760203823
basolateral plasma membrane,cellcom,0.5,0.31980319803198004,0.3473543111516338
basolateral plasma membrane,cellcom,0.51,0.33545790003354553,0.3349561340687015
basolateral plasma membrane,cellcom,0.52,0.29073018002907275,0.32135150911227484
basolateral plasma membrane,cellcom,0.53,0.3309851280330982,0.3047179299202663
basolateral plasma membrane,cellcom,0.54,0.2817846360281782,0.2911646431712224
basolateral plasma membrane,cellcom,0.55,0.2728390920272837,0.28354091937488524
basolateral plasma membrane,cellcom,0.56,0.30414849603041455,0.27509578426042414
basolateral plasma membrane,cellcom,0.5700000000000001,0.2817846360281814,0.26028471143050586
basolateral plasma membrane,cellcom,0.58,0.23034775802303456,0.2506331284425475
basolateral plasma membrane,cellcom,0.59,0.24823884602482368,0.2452682857710509
basolateral plasma membrane,cellcom,0.6,0.2683663200268364,0.23215137378476025
basolateral plasma membrane,cellcom,0.61,0.2146930560214691,0.22712022946125152
basolateral plasma membrane,cellcom,0.62,0.22363860002236366,0.21392631016388677
basolateral plasma membrane,cellcom,0.63,0.19903835401990366,0.2043003962796226
basolateral plasma membrane,cellcom,0.64,0.20351112602035096,0.19993664865208952
basolateral plasma membrane,cellcom,0.65,0.20127474002012732,0.18771815529499686
basolateral plasma membrane,cellcom,0.66,0.16772895001677277,0.18525392134062524
basolateral plasma membrane,cellcom,0.67,0.19009281001900913,0.17449856689394075
basolateral plasma membrane,cellcom,0.68,0.17443810801744364,0.16243408815899632
basolateral plasma membrane,cellcom,0.6900000000000001,0.1766744940176673,0.15593980492507944
basolateral plasma membrane,cellcom,0.7000000000000001,0.16996533601699826,0.150189925698214
basolateral plasma membrane,cellcom,0.71,0.1297103880129709,0.1390238655924659
basolateral plasma membrane,cellcom,0.72,0.14536509001453637,0.13953724766629333
basolateral plasma membrane,cellcom,0.73,0.15654702001565457,0.13032203944109108
basolateral plasma membrane,cellcom,0.74,0.1341831600134182,0.12123517673434572
basolateral plasma membrane,cellcom,0.75,0.1297103880129709,0.11640938524036795
basolateral plasma membrane,cellcom,0.76,0.12747400201274728,0.1115579246426988
basolateral plasma membrane,cellcom,0.77,0.11181930001118183,0.1096070727621546
basolateral plasma membrane,cellcom,0.78,0.12747400201274728,0.10226570910642248
basolateral plasma membrane,cellcom,0.79,0.11405568601140546,0.09915974755976657
basolateral plasma membrane,cellcom,0.8,0.09616459800961638,0.09184405300772581
basolateral plasma membrane,cellcom,0.81,0.1095829140109582,0.09171570748926895
basolateral plasma membrane,cellcom,0.8200000000000001,0.11629207201162911,0.08681290868421707
basolateral plasma membrane,cellcom,0.8300000000000001,0.1051101420105121,0.08427166741877228
basolateral plasma membrane,cellcom,0.84,0.07156435200715637,0.0775463622516321
basolateral plasma membrane,cellcom,0.85,0.10511014201051092,0.07495378277880363
basolateral plasma membrane,cellcom,0.86,0.09392821200939273,0.07184782123214772
basolateral plasma membrane,cellcom,0.87,0.07603712400760364,0.0661749493163547
basolateral plasma membrane,cellcom,0.88,0.03801856200380182,0.06530219979084809
basolateral plasma membrane,cellcom,0.89,0.07827351000782728,0.060425070089487574
basolateral plasma membrane,cellcom,0.9,0.0670915800067091,0.055573609491818436
basolateral plasma membrane,cellcom,0.91,0.06261880800626184,0.05503455831429964
basolateral plasma membrane,cellcom,0.92,0.06038242200603819,0.053391735678051895
basolateral plasma membrane,cellcom,0.93,0.08050989600805092,0.05665171184685602
basolateral plasma membrane,cellcom,0.9400000000000001,0.08050989600805092,0.05439283072201537
basolateral plasma membrane,cellcom,0.9500000000000001,0.06932796600693351,0.0471028052736665
basolateral plasma membrane,cellcom,0.96,0.07156435200715637,0.04720548168843146
basolateral plasma membrane,cellcom,0.97,0.09392821200939273,0.048617282391456865
basolateral plasma membrane,cellcom,0.98,0.10511014201051092,0.06263261300694549
basolateral plasma membrane,cellcom,0.99,0.19903835401990366,0.16053457448583486
bicellular tight junction,cellcom,0.0,25.068200053490237,20.66361282266038
bicellular tight junction,cellcom,0.01,8.459481144691093,7.550180512259743
bicellular tight junction,cellcom,0.02,5.688686814656326,5.2653060074162354
bicellular tight junction,cellcom,0.03,4.872960684675046,4.227094696749395
bicellular tight junction,cellcom,0.04,4.1615405188553085,3.6449359335844007
bicellular tight junction,cellcom,0.05,3.562449852901847,3.291828281355728
bicellular tight junction,cellcom,0.06,3.4019791388071647,3.1044368020058086
bicellular tight junction,cellcom,0.07,2.9446376036373376,2.799650223068625
bicellular tight junction,cellcom,0.08,2.5354372826959093,2.5064443043264286
bicellular tight junction,cellcom,0.09,2.1529820807702573,2.2860786885363487
bicellular tight junction,cellcom,0.1,2.1422840331639486,2.1392707617281737
bicellular tight junction,cellcom,0.11,1.8347151644824826,1.9679179843297279
bicellular tight junction,cellcom,0.12,1.6849424979941146,1.8705072098577022
bicellular tight junction,cellcom,0.13,1.591334581438886,1.775940358575157
bicellular tight junction,cellcom,0.14,1.5645894624231107,1.661491665895907
bicellular tight junction,cellcom,0.15,1.4950521529820795,1.565771872779785
bicellular tight junction,cellcom,0.16,1.2757421770526867,1.4791731306137044
bicellular tight junction,cellcom,0.17,1.3345814388874055,1.3978010580931546
bicellular tight junction,cellcom,0.18,1.1420165819737889,1.3432028570411043
bicellular tight junction,cellcom,0.19,1.0189890345012025,1.2647515704989332
bicellular tight junction,cellcom,0.2,1.051083177320141,1.2087185973873338
bicellular tight junction,cellcom,0.21,1.0296870821075144,1.1561188288468087
bicellular tight junction,cellcom,0.22,0.9227066060443961,1.0833553886835932
bicellular tight junction,cellcom,0.23,0.7809574752607664,1.0303200643392805
bicellular tight junction,cellcom,0.24,0.7782829633591862,0.9917861861683354
bicellular tight junction,cellcom,0.25,0.8317732013907454,0.9546870800569494
bicellular tight junction,cellcom,0.26,0.7595613800481406,0.9128737228927354
bicellular tight junction,cellcom,0.27,0.7729339395560303,0.8817186724566544
bicellular tight junction,cellcom,0.28,0.529553356512439,0.8405970803925883
bicellular tight junction,cellcom,0.29,0.660604439689756,0.8008846394584344
bicellular tight junction,cellcom,0.3,0.5857181064455732,0.7760067167829123
bicellular tight junction,cellcom,0.31,0.5322278684140139,0.7391638199678757
bicellular tight junction,cellcom,0.32,0.663278951591334,0.7149520414628623
bicellular tight junction,cellcom,0.33,0.4733886065792989,0.6960181744626452
bicellular tight junction,cellcom,0.34,0.5456004279219038,0.661762991540737
bicellular tight junction,cellcom,0.35000000000000003,0.45199251136667773,0.6245357807811799
bicellular tight junction,cellcom,0.36,0.47606311848087685,0.6050126323993559
bicellular tight junction,cellcom,0.37,0.5776945707408393,0.5662481658616992
bicellular tight junction,cellcom,0.38,0.5161807970045462,0.557665154433996
bicellular tight junction,cellcom,0.39,0.3904787376303821,0.5354774293701423
bicellular tight junction,cellcom,0.4,0.37175715431933637,0.5137765019693523
bicellular tight junction,cellcom,0.41000000000000003,0.37978069002407233,0.49707165584737745
bicellular tight junction,cellcom,0.42,0.3583845948114466,0.47273177269418637
bicellular tight junction,cellcom,0.43,0.4600160470714091,0.44969855695237976
bicellular tight junction,cellcom,0.44,0.3503610591067127,0.43430037824178386
bicellular tight junction,cellcom,0.45,0.3583845948114466,0.4245644249805085
bicellular tight junction,cellcom,0.46,0.35571008290986866,0.4133936996596768
bicellular tight junction,cellcom,0.47000000000000003,0.28884728537042126,0.3870810049246007
bicellular tight junction,cellcom,0.48,0.2941963091735756,0.38011211206389617
bicellular tight junction,cellcom,0.49,0.2808237496656858,0.36709667980934924
bicellular tight junction,cellcom,0.5,0.30489435677988735,0.347445426779354
bicellular tight junction,cellcom,0.51,0.29687082107515356,0.33532672706202976
bicellular tight junction,cellcom,0.52,0.2112864402246588,0.32205508551113343
bicellular tight junction,cellcom,0.53,0.2834982615672637,0.3052221347409811
bicellular tight junction,cellcom,0.54,0.2808237496656858,0.2911562443714018
bicellular tight junction,cellcom,0.55,0.21396095212623678,0.2840848677921597
bicellular tight junction,cellcom,0.56,0.22733351163412657,0.2758861703089805
bicellular tight junction,cellcom,0.5700000000000001,0.22198448783097313,0.2608979264725464
bicellular tight junction,cellcom,0.58,0.20861192832308084,0.2508032801963791
bicellular tight junction,cellcom,0.59,0.18186680930730126,0.2459096826361065
bicellular tight junction,cellcom,0.6,0.20326290451992493,0.23284300852228962
bicellular tight junction,cellcom,0.61,0.17651778550414535,0.22746261329895326
bicellular tight junction,cellcom,0.62,0.14442364268520982,0.2147033903407556
bicellular tight junction,cellcom,0.63,0.16849424979941147,0.20458312313495627
bicellular tight junction,cellcom,0.64,0.1658197378978335,0.20030442788592212
bicellular tight junction,cellcom,0.65,0.1203530355710082,0.18851880025385198
bicellular tight junction,cellcom,0.66,0.14174913078363185,0.18546990962729473
bicellular tight junction,cellcom,0.67,0.13372559507889797,0.17506781219551112
bicellular tight junction,cellcom,0.68,0.13372559507889797,0.1628466287596471
bicellular tight junction,cellcom,0.6900000000000001,0.10965498796469635,0.15662074285835786
bicellular tight junction,cellcom,0.7000000000000001,0.10163145225996359,0.15088165462013411
bicellular tight junction,cellcom,0.71,0.06953730944102696,0.1395828246511261
bicellular tight junction,cellcom,0.72,0.08023535704733879,0.1401721060327296
bicellular tight junction,cellcom,0.73,0.07756084514576082,0.13112791787159753
bicellular tight junction,cellcom,0.74,0.07488633324418288,0.12182752041411611
bicellular tight junction,cellcom,0.75,0.04814121422840328,0.11721575307982779
bicellular tight junction,cellcom,0.76,0.05616474993313715,0.11227091366028533
bicellular tight junction,cellcom,0.77,0.08023535704733879,0.1099137881338713
bicellular tight junction,cellcom,0.78,0.045466702326825315,0.1030986208509786
bicellular tight junction,cellcom,0.79,0.053490238031559195,0.09976789999843703
bicellular tight junction,cellcom,0.8,0.045466702326825315,0.09233783040430588
bicellular tight junction,cellcom,0.81,0.05883926183471511,0.09223534668576615
bicellular tight junction,cellcom,0.8200000000000001,0.05081572612998123,0.08749547470330316
bicellular tight junction,cellcom,0.8300000000000001,0.045466702326825814,0.08488213988054072
bicellular tight junction,cellcom,0.84,0.040117678523669396,0.07783638423093264
bicellular tight junction,cellcom,0.85,0.040117678523669396,0.07563298428232822
bicellular tight junction,cellcom,0.86,0.040117678523669396,0.07240474714832643
bicellular tight junction,cellcom,0.87,0.026745119015779598,0.06666565891010097
bicellular tight junction,cellcom,0.88,0.02407060711420164,0.06538461242835421
bicellular tight junction,cellcom,0.89,0.013372559507889799,0.06108029624968513
bicellular tight junction,cellcom,0.9,0.02407060711420164,0.056007352181967986
bicellular tight junction,cellcom,0.91,0.026745119015779598,0.05539244987072955
bicellular tight junction,cellcom,0.92,0.008023535704733879,0.05390643595190332
bicellular tight junction,cellcom,0.93,0.026745119015779598,0.057211535874809934
bicellular tight junction,cellcom,0.9400000000000001,0.01872158331104572,0.05503375685584046
bicellular tight junction,cellcom,0.9500000000000001,0.005349023803155979,0.04775741283951944
bicellular tight junction,cellcom,0.96,0.032094142818935516,0.047629308191344234
bicellular tight junction,cellcom,0.97,0.02407060711420164,0.049371531406519814
bicellular tight junction,cellcom,0.98,0.01069804760631184,0.06361676828354369
bicellular tight junction,cellcom,0.99,0.061513773736293076,0.16192427529278944
cell cortex,cellcom,0.0,22.33826581250564,20.667820244380202
cell cortex,cellcom,0.01,8.412659027339169,7.53915392473879
cell cortex,cellcom,0.02,5.884011549219526,5.255173899893167
cell cortex,cellcom,0.03,4.440359108544617,4.2284551188604755
cell cortex,cellcom,0.04,3.915907245330686,3.6437132394461265
cell cortex,cellcom,0.05,3.742217811061989,3.28408776710019
cell cortex,cellcom,0.06,3.2391951637643213,3.104223106949113
cell cortex,cellcom,0.07,2.7835423621763073,2.801428428637633
cell cortex,cellcom,0.08,2.5771451772985667,2.5050982856000545
cell cortex,cellcom,0.09,2.402327889560586,2.28211076163389
cell cortex,cellcom,0.1,2.098935306325003,2.140228491465646
cell cortex,cellcom,0.11,2.039159072453308,1.964985065365799
cell cortex,cellcom,0.12,1.9951727871514917,1.8658362291768604
cell cortex,cellcom,0.13,1.714337273301451,1.7755663932436503
cell cortex,cellcom,0.14,1.698547324731574,1.6596980361053413
cell cortex,cellcom,0.15,1.5519263737255242,1.565404091869093
cell cortex,cellcom,0.16,1.3951547414959835,1.4791324022498649
cell cortex,cellcom,0.17,1.3703419651718876,1.3978194525395395
cell cortex,cellcom,0.18,1.2688351529369293,1.3429617696730205
cell cortex,cellcom,0.19,1.1560498060092024,1.2648681066051182
cell cortex,cellcom,0.2,1.2271045745736737,1.2067651751071278
cell cortex,cellcom,0.21,1.0782279166290705,1.1566844982261462
cell cortex,cellcom,0.22,1.0207073896959298,1.0832380311985212
cell cortex,cellcom,0.23,0.8707028782820553,1.031573672985384
cell cortex,cellcom,0.24,0.97108183704773,0.9901902624367654
cell cortex,cellcom,0.25,0.9192005774609755,0.9543107935671375
cell cortex,cellcom,0.26,0.9282234052151936,0.9110321578177382
cell cortex,cellcom,0.27,0.8052873770639712,0.8824220458826225
cell cortex,cellcom,0.28,0.7060362717675752,0.8406751674872858
cell cortex,cellcom,0.29,0.6485157448344305,0.8030302833621288
cell cortex,cellcom,0.3,0.6958855905440758,0.7760038527591746
cell cortex,cellcom,0.31,0.6541550121808168,0.7391118663165254
cell cortex,cellcom,0.32,0.6112965803482806,0.7168364797100559
cell cortex,cellcom,0.33,0.6440043309573215,0.6950543708955712
cell cortex,cellcom,0.34,0.5740774158621307,0.6626538085588883
cell cortex,cellcom,0.35000000000000003,0.5447532256609247,0.6246973805651175
cell cortex,cellcom,0.36,0.5188125958675444,0.6057451285572788
cell cortex,cellcom,0.37,0.525579716683208,0.5672954227715198
cell cortex,cellcom,0.38,0.4252007579175309,0.5603116477165777
cell cortex,cellcom,0.39,0.46693133628079,0.5356477581173399
cell cortex,cellcom,0.4,0.4770820175042854,0.5132425615656113
cell cortex,cellcom,0.41000000000000003,0.4308400252639197,0.4974576722221019
cell cortex,cellcom,0.42,0.44324641342596727,0.4723005048308767
cell cortex,cellcom,0.43,0.3936208607777674,0.4510895597755322
cell cortex,cellcom,0.44,0.38910944690065835,0.43452581076046526
cell cortex,cellcom,0.45,0.34963457547595383,0.4256468105047396
cell cortex,cellcom,0.46,0.329333213028963,0.4147687370920232
cell cortex,cellcom,0.47000000000000003,0.3496345754759558,0.3869894088065681
cell cortex,cellcom,0.48,0.33046106649824025,0.38042102557645313
cell cortex,cellcom,0.49,0.35301813588378567,0.3665832854118282
cell cortex,cellcom,0.5,0.2943697554813676,0.3482541211412368
cell cortex,cellcom,0.51,0.2864747811964267,0.3360779482759289
cell cortex,cellcom,0.52,0.2706848326265449,0.32216232214414847
cell cortex,cellcom,0.53,0.24812776324099953,0.3063255088225326
cell cortex,cellcom,0.54,0.24023278895605862,0.29222814876738945
cell cortex,cellcom,0.55,0.221059279978345,0.28485494387666993
cell cortex,cellcom,0.56,0.2030136244699087,0.27709230915017297
cell cortex,cellcom,0.5700000000000001,0.17481728773797886,0.2625016713030479
cell cortex,cellcom,0.58,0.19060723630785872,0.25177936982463955
cell cortex,cellcom,0.59,0.19286294324641326,0.24650908604711821
cell cortex,cellcom,0.6,0.18496796896147236,0.23365790146646273
cell cortex,cellcom,0.61,0.19060723630785872,0.22781645392980115
cell cortex,cellcom,0.62,0.17932870161508602,0.2148354594038866
cell cortex,cellcom,0.63,0.1454930975367679,0.20559299130143538
cell cortex,cellcom,0.64,0.1646666065144815,0.20079002332684698
cell cortex,cellcom,0.65,0.14887665794459973,0.18876962239585005
cell cortex,cellcom,0.66,0.14098168365965882,0.18606957553445985
cell cortex,cellcom,0.67,0.11955246774339068,0.17594439980424645
cell cortex,cellcom,0.68,0.12744744202833155,0.1633787971031611
cell cortex,cellcom,0.6900000000000001,0.11504105386628159,0.15712195774167026
cell cortex,cellcom,0.7000000000000001,0.10263466570423276,0.15151416810647686
cell cortex,cellcom,0.71,0.11165749345844977,0.13954569115358192
cell cortex,cellcom,0.72,0.10150681223495435,0.14048032275944777
cell cortex,cellcom,0.73,0.09699539835784526,0.13139362659130754
cell cortex,cellcom,0.74,0.08684471713434982,0.12217712047790819
cell cortex,cellcom,0.75,0.09248398448073618,0.1171145326128015
cell cortex,cellcom,0.76,0.07782188938013167,0.11251926055062772
cell cortex,cellcom,0.77,0.0687990616259135,0.11057211137174054
cell cortex,cellcom,0.78,0.05300911305603171,0.1036921842730058
cell cortex,cellcom,0.79,0.06992691509519078,0.10000558182764606
cell cortex,cellcom,0.8,0.057520526933140796,0.09268430091503023
cell cortex,cellcom,0.81,0.050753406117477175,0.09286603483839304
cell cortex,cellcom,0.8200000000000001,0.03947487142470447,0.08824480078716743
cell cortex,cellcom,0.8300000000000001,0.06203194081025057,0.08502551414474155
cell cortex,cellcom,0.84,0.04285843183253628,0.07827539699126501
cell cortex,cellcom,0.85,0.03496345754759539,0.07622439985617052
cell cortex,cellcom,0.86,0.03721916448614993,0.07290126525753637
cell cortex,cellcom,0.87,0.02142921591626814,0.0673194376113931
cell cortex,cellcom,0.88,0.02142921591626814,0.0659953761697498
cell cortex,cellcom,0.89,0.024812776324099953,0.061452028085679705
cell cortex,cellcom,0.9,0.02255706938554541,0.05646732618772849
cell cortex,cellcom,0.91,0.016917802039159057,0.056000010384795566
cell cortex,cellcom,0.92,0.019173508977713596,0.05426055711832302
cell cortex,cellcom,0.93,0.011278534692772705,0.05797312155273459
cell cortex,cellcom,0.9400000000000001,0.014662095100604516,0.05561058054901813
cell cortex,cellcom,0.9500000000000001,0.002255706938554566,0.04839314759261015
cell cortex,cellcom,0.96,0.01804565550843633,0.04815948969114315
cell cortex,cellcom,0.97,0.023684922854822682,0.049717209034252904
cell cortex,cellcom,0.98,0.023684922854822682,0.06402226500181078
cell cortex,cellcom,0.99,0.04849769917892263,0.1635605310265239
cell junction,cellcom,0.0,21.45579403192883,20.594223155804162
cell junction,cellcom,0.01,7.910624456741907,7.506680617947326
cell junction,cellcom,0.02,5.527368408632348,5.231089210980486
cell junction,cellcom,0.03,4.347244673612503,4.216328767698064
cell junction,cellcom,0.04,3.7972019995830917,3.628003145739891
cell junction,cellcom,0.05,3.44381383897142,3.272257144130892
cell junction,cellcom,0.06,3.1814767180721537,3.0962635451695997
cell junction,cellcom,0.07,2.8493272449095994,2.7938692454973775
cell junction,cellcom,0.08,2.527403806444763,2.50365463528969
cell junction,cellcom,0.09,2.28925519069588,2.2841579828103185
cell junction,cellcom,0.1,2.1580866302462516,2.1365156705691217
cell junction,cellcom,0.11,1.9453064467282597,1.9698170977781402
cell junction,cellcom,0.12,1.854058752502427,1.8709226814081685
cell junction,cellcom,0.13,1.7384258986127974,1.7794875963849033
cell junction,cellcom,0.14,1.6507179856284913,1.6620322656873996
cell junction,cellcom,0.15,1.5248590970411349,1.5710633888732988
cell junction,cellcom,0.16,1.4058831164234038,1.4878160855235636
cell junction,cellcom,0.17,1.3447235627504912,1.4049767143568554
cell junction,cellcom,0.18,1.306965896174282,1.346380170066926
cell junction,cellcom,0.19,1.2212245283241485,1.2685233991357072
cell junction,cellcom,0.2,1.1864166794492124,1.210305649015735
cell junction,cellcom,0.21,1.1069682560284433,1.1620239613536694
cell junction,cellcom,0.22,1.0218168517185628,1.0907232433638894
cell junction,cellcom,0.23,0.9563308987504591,1.0385661999631133
cell junction,cellcom,0.24,0.953577735562608,0.9951214224711764
cell junction,cellcom,0.25,0.9166066870400734,0.958990286260581
cell junction,cellcom,0.26,0.8637066229307021,0.9184884480890263
cell junction,cellcom,0.27,0.8528906246927265,0.8848049049765678
cell junction,cellcom,0.28,0.7923210345600679,0.844361342831164
cell junction,cellcom,0.29,0.7449272968263888,0.8076474463591026
cell junction,cellcom,0.3,0.7350945711555019,0.7799954719527677
cell junction,cellcom,0.31,0.7052030851160059,0.7419412268793502
cell junction,cellcom,0.32,0.6914372691767643,0.7178732280810018
cell junction,cellcom,0.33,0.6613491286238504,0.6987295534920008
cell junction,cellcom,0.34,0.6294910974501771,0.6652791144841269
cell junction,cellcom,0.35000000000000003,0.5935033214947344,0.627254007423786
cell junction,cellcom,0.36,0.5594820906734626,0.6103539598414071
cell junction,cellcom,0.37,0.5364735126035873,0.5707845380881904
cell junction,cellcom,0.38,0.5293939501205488,0.5614020978786648
cell junction,cellcom,0.39,0.48888312035649484,0.5408015226360107
cell junction,cellcom,0.4,0.471577523175734,0.518481804622046
cell junction,cellcom,0.41000000000000003,0.4548618895352288,0.5020479652488424
cell junction,cellcom,0.42,0.44070276456914925,0.4762316856661077
cell junction,cellcom,0.43,0.42280720384813514,0.45379541559985076
cell junction,cellcom,0.44,0.4003885893185131,0.4384105446972746
cell junction,cellcom,0.45,0.3760034296547137,0.43103862738979015
cell junction,cellcom,0.46,0.37030044876559925,0.41915031805598135
cell junction,cellcom,0.47000000000000003,0.355551360259271,0.390682479283603
cell junction,cellcom,0.48,0.37108706681927023,0.38051331272110256
cell junction,cellcom,0.49,0.33470598183698885,0.37095604443313857
cell junction,cellcom,0.5,0.3229067110319246,0.350617711308142
cell junction,cellcom,0.51,0.31287733084762,0.3382340557520912
cell junction,cellcom,0.52,0.2924252614521753,0.325238501921506
cell junction,cellcom,0.53,0.27059661046280653,0.3101158731365874
cell junction,cellcom,0.54,0.2550609039028052,0.2963918689791757
cell junction,cellcom,0.55,0.25191443168812144,0.2880875352533533
cell junction,cellcom,0.56,0.2393285428293863,0.280773893972015
cell junction,cellcom,0.5700000000000001,0.23500214353419865,0.2643109165857386
cell junction,cellcom,0.58,0.2336255619402719,0.2528888154610957
cell junction,cellcom,0.59,0.21651661927292873,0.24956708197076677
cell junction,cellcom,0.6,0.20865043873621927,0.23610531993101264
cell junction,cellcom,0.61,0.19862105855191464,0.23118099572166534
cell junction,cellcom,0.62,0.1878050603139391,0.21792319977342262
cell junction,cellcom,0.63,0.18111880685773601,0.20766661917170517
cell junction,cellcom,0.64,0.18859167836761004,0.20166418847865464
cell junction,cellcom,0.65,0.17285931729419107,0.19009639728864944
cell junction,cellcom,0.66,0.16656637286482348,0.18779449425587763
cell junction,cellcom,0.67,0.1645998277306461,0.1761684270397263
cell junction,cellcom,0.68,0.1482775031169739,0.16468804988894034
cell junction,cellcom,0.6900000000000001,0.14454106736203692,0.15789889284291714
cell junction,cellcom,0.7000000000000001,0.13824812293267083,0.15221698029367195
cell junction,cellcom,0.71,0.1286120517752002,0.14044522301215365
cell junction,cellcom,0.72,0.1282187427483647,0.1412902253912724
cell junction,cellcom,0.73,0.11779605353722464,0.13251968345628107
cell junction,cellcom,0.74,0.1065867462724136,0.12357431344285137
cell junction,cellcom,0.75,0.1050135101650717,0.11827119506355427
cell junction,cellcom,0.76,0.1065867462724136,0.11250186847508821
cell junction,cellcom,0.77,0.1028503105174766,0.1106370356384123
cell junction,cellcom,0.78,0.0949841299807671,0.10367305051395076
cell junction,cellcom,0.79,0.0934108938734252,0.10020562695825651
cell junction,cellcom,0.8,0.09321423936000747,0.09169732714092271
cell junction,cellcom,0.81,0.0918376577660833,0.09193043124550719
cell junction,cellcom,0.8200000000000001,0.08574136785013346,0.08735576319303663
cell junction,cellcom,0.8300000000000001,0.08633133139038762,0.08423799579422006
cell junction,cellcom,0.84,0.07079562483038543,0.07846866920575306
cell junction,cellcom,0.85,0.069615697749879,0.07613762815990818
cell junction,cellcom,0.86,0.07512202412557563,0.0716503741466568
cell junction,cellcom,0.87,0.06686253456203067,0.06620156570199441
cell junction,cellcom,0.88,0.06607591650835973,0.06483207908756054
cell junction,cellcom,0.89,0.06292944429367593,0.060286549048163045
cell junction,cellcom,0.9,0.06076624464608082,0.054954292655792894
cell junction,cellcom,0.91,0.06214282624000498,0.054080152263601064
cell junction,cellcom,0.92,0.05545657278380191,0.05317687385833617
cell junction,cellcom,0.93,0.0595863175655744,0.056527745361738185
cell junction,cellcom,0.9400000000000001,0.05545657278380191,0.0545754984858431
cell junction,cellcom,0.9500000000000001,0.04247737489823172,0.048077721570551055
cell junction,cellcom,0.96,0.04936028286785206,0.04720358117835869
cell junction,cellcom,0.97,0.05132682800202943,0.04880617189737704
cell junction,cellcom,0.98,0.06941904323646127,0.062180519897912
cell junction,cellcom,0.99,0.20766716616913058,0.15405267511727308
cell projection,cellcom,0.0,20.876061791181492,20.67551495385188
cell projection,cellcom,0.01,7.867598108738995,7.504720981916522
cell projection,cellcom,0.02,5.452102980762192,5.2373076266970795
cell projection,cellcom,0.03,4.363793623038378,4.210352400573078
cell projection,cellcom,0.04,3.8145311092685064,3.620990147671598
cell projection,cellcom,0.05,3.4295706183715216,3.2707189372512033
cell projection,cellcom,0.06,3.119525039458022,3.105111782592666
cell projection,cellcom,0.07,2.8821809774012372,2.7868108350561105
cell projection,cellcom,0.08,2.524462272680065,2.5036115660776437
cell projection,cellcom,0.09,2.3238946219606236,2.277970699492649
cell projection,cellcom,0.1,2.173383753339248,2.133329118348427
cell projection,cellcom,0.11,1.989842218979694,1.9625924065853981
cell projection,cellcom,0.12,1.8888773489655768,1.8652202906192312
cell projection,cellcom,0.13,1.757435730667269,1.7771231296501506
cell projection,cellcom,0.14,1.710103127186795,1.65189632568632
cell projection,cellcom,0.15,1.5578896469294237,1.566363943269483
cell projection,cellcom,0.16,1.4371744819378434,1.4842612065911216
cell projection,cellcom,0.17,1.3719644562794897,1.4016216557971777
cell projection,cellcom,0.18,1.3162890557826639,1.3456736957504591
cell projection,cellcom,0.19,1.2171970585681366,1.270340781529776
cell projection,cellcom,0.2,1.1809314307215861,1.2118280429308164
cell projection,cellcom,0.21,1.1387066621490696,1.1577589322886523
cell projection,cellcom,0.22,1.0568110424580255,1.0862135398834984
cell projection,cellcom,0.23,0.9881957935276939,1.034917968838539
cell projection,cellcom,0.24,0.9679347150594289,0.9935832819383514
cell projection,cellcom,0.25,0.9291151697588924,0.9577956742325637
cell projection,cellcom,0.26,0.8610107043193547,0.9202485091479081
cell projection,cellcom,0.27,0.8542002577754009,0.8853257686283437
cell projection,cellcom,0.28,0.8118052280392932,0.8421718783364527
cell projection,cellcom,0.29,0.7607268789596355,0.806354447624239
cell projection,cellcom,0.3,0.7488085975077164,0.778648874658675
cell projection,cellcom,0.31,0.719864199695913,0.7402368423877962
cell projection,cellcom,0.32,0.685982228139743,0.7194502069120179
cell projection,cellcom,0.33,0.6618051429087071,0.6995284386224628
cell projection,cellcom,0.34,0.6379685800048689,0.6646355211093199
cell projection,cellcom,0.35000000000000003,0.6027245191399114,0.626432249883395
cell projection,cellcom,0.36,0.5824634406716458,0.607524463812167
cell projection,cellcom,0.37,0.5400684109355335,0.5709614579394207
cell projection,cellcom,0.38,0.5278096071564168,0.5624320781028745
cell projection,cellcom,0.39,0.5032919995981832,0.539498186164749
cell projection,cellcom,0.4,0.4877982337106884,0.5167432322651523
cell projection,cellcom,0.41000000000000003,0.4765609969131673,0.4993564195214266
cell projection,cellcom,0.42,0.45374600099091955,0.47478226223011627
cell projection,cellcom,0.43,0.4290581322690872,0.45342898963232964
cell projection,cellcom,0.44,0.40062451794808024,0.439263061582122
cell projection,cellcom,0.45,0.39858138398489407,0.42837766423827833
cell projection,cellcom,0.46,0.37763926086223626,0.41901324022193054
cell projection,cellcom,0.47000000000000003,0.3691262026822961,0.38913058778759996
cell projection,cellcom,0.48,0.3664020240647125,0.3815555441565394
cell projection,cellcom,0.49,0.35124878050441544,0.36891058943382776
cell projection,cellcom,0.5,0.328774306909368,0.35024138741397526
cell projection,cellcom,0.51,0.3141318468398674,0.33861041490959426
cell projection,cellcom,0.52,0.3226449050198096,0.3207166110567004
cell projection,cellcom,0.53,0.28450640437366853,0.30860847044957557
cell projection,cellcom,0.54,0.286209016009657,0.29190758685354135
cell projection,cellcom,0.55,0.261010363797028,0.2873446668710534
cell projection,cellcom,0.56,0.26032931914263263,0.2780697118739701
cell projection,cellcom,0.5700000000000001,0.24330320278275094,0.26354590774670755
cell projection,cellcom,0.58,0.2477299930363182,0.2508711300175715
cell projection,cellcom,0.59,0.23206596598522453,0.24762042231762912
cell projection,cellcom,0.6,0.21793428940652046,0.23512458262702493
cell projection,cellcom,0.61,0.2123156710077586,0.22954768042620635
cell projection,cellcom,0.62,0.20550522446380487,0.21553086740810617
cell projection,cellcom,0.63,0.18967093624911235,0.2067927265266097
cell projection,cellcom,0.64,0.19818399442905454,0.20029131112672494
cell projection,cellcom,0.65,0.1910330255579031,0.1873183033333769
cell projection,cellcom,0.66,0.16140758309170422,0.18919715273793075
cell projection,cellcom,0.67,0.16242915007329728,0.1768206050730125
cell projection,cellcom,0.68,0.1571510540017331,0.16351954420902812
cell projection,cellcom,0.6900000000000001,0.14982982396698283,0.15728653586693678
cell projection,cellcom,0.7000000000000001,0.1428491162594318,0.15173945667254135
cell projection,cellcom,0.71,0.12480143291795275,0.14139087344428275
cell projection,cellcom,0.72,0.1258229998995458,0.14201715657913402
cell projection,cellcom,0.73,0.12973900666231922,0.1307738831582324
cell projection,cellcom,0.74,0.11288315146603364,0.12287078645653764
cell projection,cellcom,0.75,0.11101027866644636,0.11753246830709096
cell projection,cellcom,0.76,0.1011351311777134,0.11359583145945433
cell projection,cellcom,0.77,0.09755964674213768,0.11174680506132197
cell projection,cellcom,0.78,0.1041998321224926,0.10226308901928824
cell projection,cellcom,0.79,0.09449494579735848,0.10017547856978395
cell projection,cellcom,0.8,0.08274692550903824,0.09349512513137026
cell projection,cellcom,0.81,0.08547110412661975,0.0930477800350479
cell projection,cellcom,0.8200000000000001,0.08036326921865442,0.08833574502045254
cell projection,cellcom,0.8300000000000001,0.0766175236194807,0.08589025849389134
cell projection,cellcom,0.84,0.0694665547483284,0.0788818519848403
cell projection,cellcom,0.85,0.06333715285877001,0.07739070166376581
cell projection,cellcom,0.86,0.06742342078514227,0.07291725070054236
cell projection,cellcom,0.87,0.05976166842319429,0.06742981751898824
cell projection,cellcom,0.88,0.05805905678720585,0.06620707425570717
cell projection,cellcom,0.89,0.05669696747841509,0.06131610120258286
cell projection,cellcom,0.9,0.05312148304283936,0.056156721091665134
cell projection,cellcom,0.91,0.05090808791605439,0.05585849102745023
cell projection,cellcom,0.92,0.049716259770862484,0.05412875665500383
cell projection,cellcom,0.93,0.053972788860833586,0.05743911036778919
cell projection,cellcom,0.9400000000000001,0.04562999184449022,0.056276013117351094
cell projection,cellcom,0.9500000000000001,0.03337118806537382,0.04980442072388838
cell projection,cellcom,0.96,0.04392738020850178,0.04810450935786291
cell projection,cellcom,0.97,0.040351895772926055,0.05066928791011103
cell projection,cellcom,0.98,0.060783235404787354,0.0635230036777731
cell projection,cellcom,0.99,0.1527242637481632,0.162416092971433
cell surface,cellcom,0.0,16.617606026785715,20.85974281877512
cell surface,cellcom,0.01,6.383231026785714,7.603192866956766
cell surface,cellcom,0.02,4.5298549107142865,5.297242176835993
cell surface,cellcom,0.03,3.691406249999999,4.253679595079282
cell surface,cellcom,0.04,3.1452287946428563,3.6688895098324
cell surface,cellcom,0.05,2.9687500000000018,3.306690994074673
cell surface,cellcom,0.06,2.820172991071426,3.1180991543785224
cell surface,cellcom,0.07,2.5983537946428585,2.8086779108943736
cell surface,cellcom,0.08,2.3367745535714297,2.513135720548032
cell surface,cellcom,0.09,2.0570591517857126,2.2934147711575874
cell surface,cellcom,0.1,2.007533482142858,2.1442742058455844
cell surface,cellcom,0.11,1.9175502232142865,1.968507980718915
cell surface,cellcom,0.12,1.8066406249999984,1.8710912491121472
cell surface,cellcom,0.13,1.6859654017857129,1.7775195682798044
cell surface,cellcom,0.14,1.6476004464285745,1.6610619345503916
cell surface,cellcom,0.15,1.6301618303571415,1.5626444363037038
cell surface,cellcom,0.16,1.474609374999999,1.4773422482327898
cell surface,cellcom,0.17,1.3922991071428599,1.3973862608961787
cell surface,cellcom,0.18,1.362304687499999,1.340500578206093
cell surface,cellcom,0.19,1.2186104910714275,1.2640736100733998
cell surface,cellcom,0.2,1.3190569196428596,1.2030005090741904
cell surface,cellcom,0.21,1.1837332589285705,1.1538312638971582
cell surface,cellcom,0.22,1.1593191964285705,1.078905445724342
cell surface,cellcom,0.23,1.098632812500002,1.0252854225961012
cell surface,cellcom,0.24,1.063755580357142,0.9869665946729184
cell surface,cellcom,0.25,1.0609654017857133,0.9494641816401977
cell surface,cellcom,0.26,1.0212053571428563,0.907273966978387
cell surface,cellcom,0.27,0.9688895089285706,0.8773563116376775
cell surface,cellcom,0.28,0.9319196428571471,0.8340863224433283
cell surface,cellcom,0.29,0.8942522321428563,0.7959781822338104
cell surface,cellcom,0.3,0.8775111607142849,0.7703006171306486
cell surface,cellcom,0.31,0.878208705357142,0.7318764453506351
cell surface,cellcom,0.32,0.8740234374999992,0.7084374372051847
cell surface,cellcom,0.33,0.8698381696428563,0.6872633219816543
cell surface,cellcom,0.34,0.8021763392857135,0.6553177973969
cell surface,cellcom,0.35000000000000003,0.7568359375000036,0.6178417203283912
cell surface,cellcom,0.36,0.7519531249999993,0.598195091028943
cell surface,cellcom,0.37,0.6856863839285708,0.5618514604213908
cell surface,cellcom,0.38,0.7017299107142851,0.5518174580580013
cell surface,cellcom,0.39,0.6466238839285708,0.5298532639082197
cell surface,cellcom,0.4,0.612444196428571,0.508652812720481
cell surface,cellcom,0.41000000000000003,0.5887276785714313,0.4924561947323354
cell surface,cellcom,0.42,0.5970982142857137,0.4669103094502126
cell surface,cellcom,0.43,0.5705915178571423,0.44523581090672315
cell surface,cellcom,0.44,0.592912946428571,0.427485371030281
cell surface,cellcom,0.45,0.5524553571428567,0.4190841984478106
cell surface,cellcom,0.46,0.5454799107142853,0.40783874173083606
cell surface,cellcom,0.47000000000000003,0.49665178571428803,0.3819768248782177
cell surface,cellcom,0.48,0.5001395089285711,0.37473443472091356
cell surface,cellcom,0.49,0.49734933035714246,0.3613294289388526
cell surface,cellcom,0.5,0.46665736607142816,0.34252555049407557
cell surface,cellcom,0.51,0.38922991071428537,0.33291292355802005
cell surface,cellcom,0.52,0.44852120535714246,0.31618958628570437
cell surface,cellcom,0.53,0.4178292410714282,0.3007567112595989
cell surface,cellcom,0.54,0.37667410714285676,0.28782575283328865
cell surface,cellcom,0.55,0.39760044642857106,0.27910854868031776
cell surface,cellcom,0.56,0.3710937499999997,0.2718134865945989
cell surface,cellcom,0.5700000000000001,0.3669084821428609,0.2565122913895381
cell surface,cellcom,0.58,0.3417968749999997,0.24695233638189654
cell surface,cellcom,0.59,0.36760602678571397,0.2406843769003042
cell surface,cellcom,0.6,0.34807477678571397,0.22820112986553626
cell surface,cellcom,0.61,0.32645089285714257,0.22322363263015413
cell surface,cellcom,0.62,0.313895089285714,0.2102663382396355
cell surface,cellcom,0.63,0.3131975446428569,0.2001269920194126
cell surface,cellcom,0.64,0.3180803571428568,0.19551819828294761
cell surface,cellcom,0.65,0.2804129464285712,0.18437808542280662
cell surface,cellcom,0.66,0.2539062499999998,0.18245556003559554
cell surface,cellcom,0.67,0.2999441964285712,0.1699459770366192
cell surface,cellcom,0.68,0.2441406249999998,0.15949059924589584
cell surface,cellcom,0.6900000000000001,0.25460379464285693,0.15245889680226077
cell surface,cellcom,0.7000000000000001,0.24065290178571672,0.14700735221112957
cell surface,cellcom,0.71,0.20438058035714268,0.13644663056357106
cell surface,cellcom,0.72,0.20577566964285696,0.13710502966878035
cell surface,cellcom,0.73,0.22530691964285693,0.12704469134118257
cell surface,cellcom,0.74,0.22879464285714265,0.1173267205482936
cell surface,cellcom,0.75,0.19949776785714268,0.11342899784545465
cell surface,cellcom,0.76,0.20019531249999983,0.10839882868165578
cell surface,cellcom,0.77,0.19810267857142838,0.10629195154498608
cell surface,cellcom,0.78,0.20019531249999983,0.0988652096382254
cell surface,cellcom,0.79,0.1967075892857141,0.09565222200480411
cell surface,cellcom,0.8,0.19949776785714268,0.08783044063491788
cell surface,cellcom,0.81,0.19461495535714268,0.08804112834858485
cell surface,cellcom,0.8200000000000001,0.19252232142857126,0.08316897497003618
cell surface,cellcom,0.8300000000000001,0.17368861607143035,0.08114110572599251
cell surface,cellcom,0.84,0.17299107142857129,0.07387237960448116
cell surface,cellcom,0.85,0.152064732142857,0.07239756560881237
cell surface,cellcom,0.86,0.1653180803571427,0.06857885079859855
cell surface,cellcom,0.87,0.152064732142857,0.0630482983148406
cell surface,cellcom,0.88,0.14299665178571416,0.062047531674922496
cell surface,cellcom,0.89,0.1499720982142856,0.05725438618899894
cell surface,cellcom,0.9,0.14160156249999986,0.05246124070307539
cell surface,cellcom,0.91,0.12974330357142844,0.05230322491782516
cell surface,cellcom,0.92,0.11788504464285704,0.05103909863582334
cell surface,cellcom,0.93,0.15624999999999986,0.05317231173670141
cell surface,cellcom,0.9400000000000001,0.14578683035714274,0.05124978634949031
cell surface,cellcom,0.9500000000000001,0.1367187500000014,0.04398106022798036
cell surface,cellcom,0.96,0.1388113839285713,0.04403373215639661
cell surface,cellcom,0.97,0.15415736607142844,0.04516617861735658
cell surface,cellcom,0.98,0.20577566964285696,0.05772843354474962
cell surface,cellcom,0.99,0.5894252232142853,0.14479513121762475
cell-cell junction,cellcom,0.0,21.231514850254754,20.685329840871134
cell-cell junction,cellcom,0.01,7.738563715946592,7.551948926165355
cell-cell junction,cellcom,0.02,5.617690512682436,5.256029147410834
cell-cell junction,cellcom,0.03,4.403297295058199,4.226732880124712
cell-cell junction,cellcom,0.04,3.9359043397815605,3.638921141120396
cell-cell junction,cellcom,0.05,3.4816287643428208,3.287251063928447
cell-cell junction,cellcom,0.06,3.299366223437303,3.099929049481726
cell-cell junction,cellcom,0.07,2.956243182414428,2.7951026490389026
cell-cell junction,cellcom,0.08,2.6165720834541526,2.502527266418539
cell-cell junction,cellcom,0.09,2.3231570081327737,2.2833526056334112
cell-cell junction,cellcom,0.1,2.1685100037280987,2.138184631005931
cell-cell junction,cellcom,0.11,1.9890090164726684,1.9658009544201551
cell-cell junction,cellcom,0.12,1.9130662910953686,1.867055116143599
cell-cell junction,cellcom,0.13,1.6590033552876835,1.7785843250729843
cell-cell junction,cellcom,0.14,1.5954876213357665,1.6630559096934037
cell-cell junction,cellcom,0.15,1.560277812297197,1.5652848835876656
cell-cell junction,cellcom,0.16,1.482263921682337,1.477051208991034
cell-cell junction,cellcom,0.17,1.3490189580658105,1.39903988905057
cell-cell junction,cellcom,0.18,1.317261091089846,1.3422109741192625
cell-cell junction,cellcom,0.19,1.2337240931748192,1.263514651031732
cell-cell junction,cellcom,0.2,1.1674468055728175,1.2087407455416197
cell-cell junction,cellcom,0.21,1.1184292282838315,1.1563116585164455
cell-cell junction,cellcom,0.22,0.9831130994297383,1.0855982567196822
cell-cell junction,cellcom,0.23,0.9340955221407582,1.031535700651519
cell-cell junction,cellcom,0.24,0.9064799856399202,0.992938407942031
cell-cell junction,cellcom,0.25,0.9271916380155467,0.954525539156755
cell-cell junction,cellcom,0.26,0.8505585242257286,0.9137415056316471
cell-cell junction,cellcom,0.27,0.878174060726564,0.8807823157479845
cell-cell junction,cellcom,0.28,0.7566657001228927,0.8407359779197179
cell-cell junction,cellcom,0.29,0.7269789983844905,0.8023231091344372
cell-cell junction,cellcom,0.3,0.7269789983844905,0.7760031805223037
cell-cell junction,cellcom,0.31,0.6959115198210507,0.7387758941069437
cell-cell junction,cellcom,0.32,0.718003949021719,0.7143265510117885
cell-cell junction,cellcom,0.33,0.64068044681938,0.6959368511406482
cell-cell junction,cellcom,0.34,0.6351573395192129,0.6616340012377474
cell-cell junction,cellcom,0.35000000000000003,0.5612857793794815,0.6252497956187755
cell-cell junction,cellcom,0.36,0.5840685969926676,0.6045416235575739
cell-cell junction,cellcom,0.37,0.5585242257293949,0.5666556802700383
cell-cell junction,cellcom,0.38,0.5198624746282253,0.5586991052541581
cell-cell junction,cellcom,0.39,0.48810460765226477,0.5358568849271113
cell-cell junction,cellcom,0.4,0.4673929552766382,0.5141475544202063
cell-cell junction,cellcom,0.41000000000000003,0.4494428565510978,0.4977338251655953
cell-cell junction,cellcom,0.42,0.4453005260759699,0.4726521714731489
cell-cell junction,cellcom,0.43,0.4453005260759699,0.4499680287954242
cell-cell junction,cellcom,0.44,0.4107811054499258,0.43437103406230804
cell-cell junction,cellcom,0.45,0.38937906466177835,0.42525522295139895
cell-cell junction,cellcom,0.46,0.36590585863606834,0.41463767417192965
cell-cell junction,cellcom,0.47000000000000003,0.3472653714980064,0.38763274241273565
cell-cell junction,cellcom,0.48,0.34243265261035827,0.3807036721174471
cell-cell junction,cellcom,0.49,0.33138643801002415,0.36760957349859796
cell-cell junction,cellcom,0.5,0.31757866975960647,0.34816602263197677
cell-cell junction,cellcom,0.51,0.29410546373389646,0.33652096913191365
cell-cell junction,cellcom,0.52,0.2865111911961667,0.32232032696780955
cell-cell junction,cellcom,0.53,0.272703422945749,0.30624909928672706
cell-cell junction,cellcom,0.54,0.2540629358076852,0.29246999752081526
cell-cell junction,cellcom,0.55,0.2588956546953313,0.2843553448556129
cell-cell junction,cellcom,0.56,0.2416359443823093,0.276714925138377
cell-cell junction,cellcom,0.5700000000000001,0.254062935807688,0.26077542883173244
cell-cell junction,cellcom,0.58,0.2285185645444125,0.2512380773226281
cell-cell junction,cellcom,0.59,0.20849730058130686,0.24670651804206056
cell-cell junction,cellcom,0.6,0.2147107962939948,0.23324357157479303
cell-cell junction,cellcom,0.61,0.2071165237562651,0.22773720012340573
cell-cell junction,cellcom,0.62,0.16155088852988678,0.21603945407356862
cell-cell junction,cellcom,0.63,0.16983554948013738,0.20555363666853443
cell-cell junction,cellcom,0.64,0.1850240945555968,0.2005478444400005
cell-cell junction,cellcom,0.65,0.17190671471770003,0.18848125054174514
cell-cell junction,cellcom,0.66,0.16983554948013738,0.1856358528539469
cell-cell junction,cellcom,0.67,0.16362205376744943,0.17509734289913867
cell-cell junction,cellcom,0.68,0.14291040139182293,0.16332055802464046
cell-cell junction,cellcom,0.6900000000000001,0.1436007898043438,0.15665495047822425
cell-cell junction,cellcom,0.7000000000000001,0.12979302155392758,0.15120127157661267
cell-cell junction,cellcom,0.71,0.12634107949132173,0.13939814042722581
cell-cell junction,cellcom,0.72,0.12841224472888435,0.1400304510245143
cell-cell junction,cellcom,0.73,0.11046214600334138,0.13138887286157155
cell-cell junction,cellcom,0.74,0.1014870966405699,0.12214133037622733
cell-cell junction,cellcom,0.75,0.10217748505309078,0.1171091918728064
cell-cell junction,cellcom,0.76,0.09182165886527753,0.1124985937675778
cell-cell junction,cellcom,0.77,0.09734476616544459,0.11010108275285894
cell-cell junction,cellcom,0.78,0.08077544426494339,0.10338278265666868
cell-cell junction,cellcom,0.79,0.08560816315258957,0.09985238182180793
cell-cell junction,cellcom,0.8,0.09113127045275665,0.09192215308081475
cell-cell junction,cellcom,0.81,0.08422738632754781,0.09221196210457197
cell-cell junction,cellcom,0.8200000000000001,0.07525233696477632,0.08760136399934337
cell-cell junction,cellcom,0.8300000000000001,0.0780138906148607,0.08475596631154608
cell-cell junction,cellcom,0.84,0.05523107300167069,0.07832747523911213
cell-cell junction,cellcom,0.85,0.06144456871435865,0.07582457912484519
cell-cell junction,cellcom,0.86,0.06834845283956748,0.07224148574021039
cell-cell junction,cellcom,0.87,0.05523107300167069,0.06670876801393606
cell-cell junction,cellcom,0.88,0.05523107300167069,0.06536510799469801
cell-cell junction,cellcom,0.89,0.05661184982671246,0.06078085616435644
cell-cell junction,cellcom,0.9,0.0462560236388992,0.056064872959579765
cell-cell junction,cellcom,0.91,0.05108874252654539,0.05527448471296915
cell-cell junction,cellcom,0.92,0.057992626651754225,0.0532985140964426
cell-cell junction,cellcom,0.93,0.057992626651754225,0.056881607481077394
cell-cell junction,cellcom,0.9400000000000001,0.048327188876461855,0.054931983139437875
cell-cell junction,cellcom,0.9500000000000001,0.05108874252654595,0.047212524597541376
cell-cell junction,cellcom,0.96,0.050398354114024504,0.04737060224686298
cell-cell junction,cellcom,0.97,0.06213495712687953,0.04863522344143996
cell-cell junction,cellcom,0.98,0.06006379188931688,0.06323105972884935
cell-cell junction,cellcom,0.99,0.18916642503072212,0.15989554228932779
centriolar satellite,cellcom,0.0,19.50516771959504,20.717041739673213
centriolar satellite,cellcom,0.01,7.668314345378129,7.557747132822121
centriolar satellite,cellcom,0.02,5.265522983796358,5.269360208967417
centriolar satellite,cellcom,0.03,4.419655837804974,4.231415936686603
centriolar satellite,cellcom,0.04,4.065448970421082,3.645809044082715
centriolar satellite,cellcom,0.05,3.6821654198937397,3.2906372081510424
centriolar satellite,cellcom,0.06,3.2565885120668203,3.105812559671479
centriolar satellite,cellcom,0.07,2.8944516401892644,2.800120329481391
centriolar satellite,cellcom,0.08,2.812508260421349,2.5037551715284474
centriolar satellite,cellcom,0.09,2.416008035737885,2.2835440209623368
centriolar satellite,cellcom,0.1,2.201897914408819,2.1386925392134213
centriolar satellite,cellcom,0.11,2.2071845840712654,1.9643224112634143
centriolar satellite,cellcom,0.12,1.8952710739869403,1.8684893064091832
centriolar satellite,cellcom,0.13,1.911131082974279,1.7728611921535733
centriolar satellite,cellcom,0.14,1.9164177526367299,1.6580920807519497
centriolar satellite,cellcom,0.15,1.7948243504004637,1.5628739476935725
centriolar satellite,cellcom,0.16,1.7419576537760022,1.4746767426378895
centriolar satellite,cellcom,0.17,1.4115407998731226,1.397062177235899
centriolar satellite,cellcom,0.18,1.3190240807803113,1.3415097250102355
centriolar satellite,cellcom,0.19,1.3983241257170034,1.261102162702062
centriolar satellite,cellcom,0.2,1.2291506965187304,1.2070102684915638
centriolar satellite,cellcom,0.21,1.192144008881604,1.1545582990700078
centriolar satellite,cellcom,0.22,1.0309005841769967,1.082324736881754
centriolar satellite,cellcom,0.23,0.9833205572149843,1.028386585620219
centriolar satellite,cellcom,0.24,0.9780338875525353,0.9898739769047333
centriolar satellite,cellcom,0.25,0.8960905077846203,0.954077493620948
centriolar satellite,cellcom,0.26,0.848510480822605,0.9120287970792931
centriolar satellite,cellcom,0.27,0.8537971504850512,0.8809470975637371
centriolar satellite,cellcom,0.28,0.7559937617298018,0.8384371721751951
centriolar satellite,cellcom,0.29,0.7877137797044745,0.7996683252114343
centriolar satellite,cellcom,0.3,0.7639237662234668,0.7743007386323738
centriolar satellite,cellcom,0.31,0.7137004044302285,0.7374280547058405
centriolar satellite,cellcom,0.32,0.7110570695990054,0.7144947314853767
centriolar satellite,cellcom,0.33,0.6899103909492209,0.6939444239738549
centriolar satellite,cellcom,0.34,0.6370436943247595,0.6608896899465942
centriolar satellite,cellcom,0.35000000000000003,0.5603869842192937,0.6235045295235175
centriolar satellite,cellcom,0.36,0.5471703100631752,0.6043379085526686
centriolar satellite,cellcom,0.37,0.5894636673627444,0.5661327857351137
centriolar satellite,cellcom,0.38,0.6317570246623134,0.5565494752496909
centriolar satellite,cellcom,0.39,0.5577436493880675,0.5338723902775004
centriolar satellite,cellcom,0.4,0.48373027411382163,0.5127071109701227
centriolar satellite,cellcom,0.41000000000000003,0.4837302741138242,0.4960772486571858
centriolar satellite,cellcom,0.42,0.48108693928259855,0.47155524829742457
centriolar satellite,cellcom,0.43,0.45994026063281396,0.44969812571970874
centriolar satellite,cellcom,0.44,0.4123602336707987,0.4337088590274525
centriolar satellite,cellcom,0.45,0.43350691232058325,0.42384368646892895
centriolar satellite,cellcom,0.46,0.4097168988395756,0.41287668944283007
centriolar satellite,cellcom,0.47000000000000003,0.4335069123205857,0.38568981130103097
centriolar satellite,cellcom,0.48,0.39385688985223727,0.3791557359700587
centriolar satellite,cellcom,0.49,0.32513018424043744,0.3666769332791472
centriolar satellite,cellcom,0.5,0.27490682244719916,0.34774092673174745
centriolar satellite,cellcom,0.51,0.30662684042187593,0.33523650021600854
centriolar satellite,cellcom,0.52,0.3119135100843221,0.32109214891132026
centriolar satellite,cellcom,0.53,0.2801934921096453,0.30525662516802793
centriolar satellite,cellcom,0.54,0.26433348312230687,0.2913172644619584
centriolar satellite,cellcom,0.55,0.24318680447252233,0.28380948378754955
centriolar satellite,cellcom,0.56,0.23261346514763007,0.27584047426624875
centriolar satellite,cellcom,0.5700000000000001,0.2590468134598636,0.2605430508443333
centriolar satellite,cellcom,0.58,0.24318680447252233,0.25047288768718823
centriolar satellite,cellcom,0.59,0.22204012582273777,0.2455274894955128
centriolar satellite,cellcom,0.6,0.22997013031640698,0.23258745795770921
centriolar satellite,cellcom,0.61,0.17974676852316865,0.2274370691674151
centriolar satellite,cellcom,0.62,0.20618011683539936,0.21411268025720154
centriolar satellite,cellcom,0.63,0.11102006291136889,0.20514434156763467
centriolar satellite,cellcom,0.64,0.17181676402949947,0.20025019102561392
centriolar satellite,cellcom,0.65,0.16653009436705332,0.18807887423263034
centriolar satellite,cellcom,0.66,0.18767677301683788,0.1850296390781776
centriolar satellite,cellcom,0.67,0.1348100763923765,0.17506197122034475
centriolar satellite,cellcom,0.68,0.12159340223626117,0.16296752590184319
centriolar satellite,cellcom,0.6900000000000001,0.13216674156115343,0.1564078267460457
centriolar satellite,cellcom,0.7000000000000001,0.10044672358647772,0.15089870440817063
centriolar satellite,cellcom,0.71,0.10309005841769968,0.13926548793655938
centriolar satellite,cellcom,0.72,0.10309005841769968,0.1399573312068974
centriolar satellite,cellcom,0.73,0.11366339774259196,0.1307840019187119
centriolar satellite,cellcom,0.74,0.14274008088604573,0.12117506760846171
centriolar satellite,cellcom,0.75,0.07930004493669206,0.11692151268712428
centriolar satellite,cellcom,0.76,0.07137004044302286,0.11212985744441285
centriolar satellite,cellcom,0.77,0.07665671010546898,0.10995183233408948
centriolar satellite,cellcom,0.78,0.05815336628690752,0.10298215198105468
centriolar satellite,cellcom,0.79,0.07930004493669206,0.09952293562936461
centriolar satellite,cellcom,0.8,0.06344003594935364,0.09216889790391981
centriolar satellite,cellcom,0.81,0.06344003594935364,0.09219452172874715
centriolar satellite,cellcom,0.8200000000000001,0.047580026962015236,0.08753098561017238
centriolar satellite,cellcom,0.8300000000000001,0.04758002696201576,0.0848661078281306
centriolar satellite,cellcom,0.84,0.03700668763712296,0.07787080365026751
centriolar satellite,cellcom,0.85,0.04493669213079216,0.0755902832406348
centriolar satellite,cellcom,0.86,0.03172001797467682,0.07248980043652742
centriolar satellite,cellcom,0.87,0.02907668314345376,0.0666475683758953
centriolar satellite,cellcom,0.88,0.03172001797467682,0.06531512948487395
centriolar satellite,cellcom,0.89,0.034363352805899895,0.060882207789745194
centriolar satellite,cellcom,0.9,0.034363352805899895,0.055911185773242424
centriolar satellite,cellcom,0.91,0.026433348312230685,0.05539870927669575
centriolar satellite,cellcom,0.92,0.02907668314345376,0.05370753683809172
centriolar satellite,cellcom,0.93,0.013216674156115342,0.05734611996357312
centriolar satellite,cellcom,0.9400000000000001,0.03172001797467682,0.054911856604976404
centriolar satellite,cellcom,0.9500000000000001,0.03700668763712337,0.04745532358022279
centriolar satellite,cellcom,0.96,0.013216674156115342,0.04781405712780493
centriolar satellite,cellcom,0.97,0.023790013481007618,0.0493771104422723
centriolar satellite,cellcom,0.98,0.034363352805899895,0.0633933426228239
centriolar satellite,cellcom,0.99,0.06079670111813058,0.16194257290874983
centriole,cellcom,0.0,18.23436083408885,20.74475833408316
centriole,cellcom,0.01,7.960432586452532,7.552412791874351
centriole,cellcom,0.02,5.546561326253077,5.264908354154416
centriole,cellcom,0.03,4.670703276777618,4.226256296921556
centriole,cellcom,0.04,4.197966584639294,3.6411089233685363
centriole,cellcom,0.05,3.7608470405387924,3.286967915123725
centriole,cellcom,0.06,3.254112161637091,3.104921492641439
centriole,cellcom,0.07,3.15535552389587,2.795383275912612
centriole,cellcom,0.08,2.6971894832275627,2.5036861757901736
centriole,cellcom,0.09,2.486724517549538,2.28160036878516
centriole,cellcom,0.1,2.3134956611837856,2.1365252775363595
centriole,cellcom,0.11,2.177502914130295,1.9632962855156182
centriole,cellcom,0.12,2.124077192073564,1.8646802869325922
centriole,cellcom,0.13,1.9459914518844692,1.771452718076066
centriole,cellcom,0.14,1.809998704830984,1.6581925659779735
centriole,cellcom,0.15,1.6772438803263812,1.5633149516549556
centriole,cellcom,0.16,1.516966714156196,1.4766102187831367
centriole,cellcom,0.17,1.4732547597461496,1.395990028568993
centriole,cellcom,0.18,1.4165911151405246,1.3400947383917357
centriole,cellcom,0.19,1.4408755342572195,1.2595776760192434
centriole,cellcom,0.2,1.2676466778914672,1.2062605818833796
centriole,cellcom,0.21,1.3243103224970847,1.152221592855921
centriole,cellcom,0.22,1.1203212019168491,1.081218073876144
centriole,cellcom,0.23,0.9649009195700057,1.028958040117248
centriole,cellcom,0.24,1.0248024867245167,0.9892022571590695
centriole,cellcom,0.25,0.943854423002201,0.9536747157087672
centriole,cellcom,0.26,0.8677632431032242,0.9121141955216211
centriole,cellcom,0.27,0.9033803911410431,0.8803250383313288
centriole,cellcom,0.28,0.8062427146742688,0.8381457510942548
centriole,cellcom,0.29,0.8515736303587611,0.7987251336214546
centriole,cellcom,0.3,0.8110995984976033,0.7736135041783527
centriole,cellcom,0.31,0.7754824504597843,0.7365906090240465
centriole,cellcom,0.32,0.6670120450718813,0.7152173638409546
centriole,cellcom,0.33,0.7592928377153212,0.692864404162136
centriole,cellcom,0.34,0.6459655485040792,0.6608947732489466
centriole,cellcom,0.35000000000000003,0.6540603548763144,0.6224023063510536
centriole,cellcom,0.36,0.6216811293873845,0.6035041293676892
centriole,cellcom,0.37,0.5650174847817635,0.5663781063717275
centriole,cellcom,0.38,0.5795881362517804,0.5569161268998399
centriole,cellcom,0.39,0.5164486465483741,0.5343826934981243
centriole,cellcom,0.4,0.5374951431161762,0.5120297338193056
centriole,cellcom,0.41000000000000003,0.48568838233389683,0.4961222642439554
centriole,cellcom,0.42,0.47597461468721625,0.47157783792995567
centriole,cellcom,0.43,0.4274057764538269,0.4501530288260361
centriole,cellcom,0.44,0.35779044165263535,0.43470963453813255
centriole,cellcom,0.45,0.44359538919828995,0.42362339156017176
centriole,cellcom,0.46,0.4193109700815953,0.41274340426552186
centriole,cellcom,0.47000000000000003,0.3691231705737616,0.3864200226829706
centriole,cellcom,0.48,0.3156974485170312,0.380309698064883
centriole,cellcom,0.49,0.3318870612614943,0.3668257327684331
centriole,cellcom,0.5,0.29465095194922913,0.3478759918642443
centriole,cellcom,0.51,0.29626991322367546,0.3355779967468319
centriole,cellcom,0.52,0.28331822302810494,0.3216041742025185
centriole,cellcom,0.53,0.2557958813625176,0.3057998324688209
centriole,cellcom,0.54,0.29626991322367546,0.29097520523085013
centriole,cellcom,0.55,0.22989250097137656,0.28427189552324594
centriole,cellcom,0.56,0.2331304235202692,0.27609901407205156
centriole,cellcom,0.5700000000000001,0.24608211371584243,0.26075874762580636
centriole,cellcom,0.58,0.19103743038466503,0.2513483320747438
centriole,cellcom,0.59,0.17970470146354084,0.24634663175445445
centriole,cellcom,0.6,0.1521823597979535,0.23384238095373122
centriole,cellcom,0.61,0.18618054656132607,0.2276289284939904
centriole,cellcom,0.62,0.17970470146354084,0.21458325652457608
centriole,cellcom,0.63,0.15865820489573876,0.20496658529020542
centriole,cellcom,0.64,0.1521823597979535,0.20073834378233202
centriole,cellcom,0.65,0.1538013210723998,0.18841456670450582
centriole,cellcom,0.66,0.12466001813236616,0.18601684438601662
centriole,cellcom,0.67,0.11494625048568828,0.1756267143392301
centriole,cellcom,0.68,0.139230669602383,0.16294198981560984
centriole,cellcom,0.6900000000000001,0.1295169019557051,0.15659962755379972
centriole,cellcom,0.7000000000000001,0.11818417303458222,0.15092759626275168
centriole,cellcom,0.71,0.09875663774122515,0.13955775172023674
centriole,cellcom,0.72,0.07447221862453045,0.14064059405761895
centriole,cellcom,0.73,0.08418598627120832,0.1313590883086285
centriole,cellcom,0.74,0.11008936666234934,0.12156194335136083
centriole,cellcom,0.75,0.04371195441005048,0.11772043124969535
centriole,cellcom,0.76,0.07447221862453045,0.11233200152319811
centriole,cellcom,0.77,0.05990156715451361,0.1104241364525723
centriole,cellcom,0.78,0.051806760782282045,0.10335987929917403
centriole,cellcom,0.79,0.05342572205672836,0.10005978836619965
centriole,cellcom,0.8,0.06799637352674519,0.09227363632121324
centriole,cellcom,0.81,0.04047403186115785,0.09273771160866277
centriole,cellcom,0.8200000000000001,0.03561714803781891,0.08796804893209824
centriole,cellcom,0.8300000000000001,0.04533091568449729,0.08513203328657432
centriole,cellcom,0.84,0.037236109312265224,0.07811934005400283
centriole,cellcom,0.85,0.05018779950783573,0.07569583577509978
centriole,cellcom,0.86,0.033998186763372594,0.07270512836709174
centriole,cellcom,0.87,0.030760264214479964,0.06685262335314499
centriole,cellcom,0.88,0.02914130294003365,0.06556352533245187
centriole,cellcom,0.89,0.024284419116694708,0.06120637402250915
centriole,cellcom,0.9,0.016189612744463136,0.056333583504289166
centriole,cellcom,0.91,0.016189612744463136,0.05574059841477033
centriole,cellcom,0.92,0.02104649656780208,0.0539874251066277
centriole,cellcom,0.93,0.009713767646677883,0.057674245445810006
centriole,cellcom,0.9400000000000001,0.006475845097785256,0.05545699685021784
centriole,cellcom,0.9500000000000001,0.00971376764667799,0.047954446369784444
centriole,cellcom,0.96,0.016189612744463136,0.04798022833019777
centriole,cellcom,0.97,0.014570651470016825,0.04968183771751269
centriole,cellcom,0.98,0.022665457842248396,0.06375878810348151
centriole,cellcom,0.99,0.011332728921124198,0.16335450118223163
centrosome,cellcom,0.0,19.00700544238491,20.78508514635992
centrosome,cellcom,0.01,7.761486490313008,7.549300295015346
centrosome,cellcom,0.02,5.390282992688743,5.263648710689418
centrosome,cellcom,0.03,4.492657594137401,4.221052150551346
centrosome,cellcom,0.04,3.969373134666462,3.634847306178318
centrosome,cellcom,0.05,3.6482667618092974,3.2777947815441135
centrosome,cellcom,0.06,3.2575023927238513,3.100211696890858
centrosome,cellcom,0.07,2.9137430129631845,2.7957380059683237
centrosome,cellcom,0.08,2.702503723588011,2.4975344538815363
centrosome,cellcom,0.09,2.4980603362838854,2.2748116832878464
centrosome,cellcom,0.1,2.1922447430865866,2.136815492131508
centrosome,cellcom,0.11,2.1486377047973417,1.9581165353125727
centrosome,cellcom,0.12,2.0155512892392538,1.8618592768298161
centrosome,cellcom,0.13,1.8858628247166942,1.7689496348441165
centrosome,cellcom,0.14,1.787888569859045,1.6545993062463369
centrosome,cellcom,0.15,1.7018071436257254,1.5586874367672425
centrosome,cellcom,0.16,1.5851441580726808,1.4721807755417813
centrosome,cellcom,0.17,1.456022018722713,1.3944416813324179
centrosome,cellcom,0.18,1.4350679873369678,1.3368945596449602
centrosome,cellcom,0.19,1.3450222848955402,1.2585443925829558
centrosome,cellcom,0.2,1.2657367607332801,1.2044777293170459
centrosome,cellcom,0.21,1.2691347117688023,1.1495608777344173
centrosome,cellcom,0.22,1.1116963137894507,1.0804299402317603
centrosome,cellcom,0.23,1.0601607230839822,1.0264429821205416
centrosome,cellcom,0.24,1.055063796530691,0.9866966783142458
centrosome,cellcom,0.25,1.0001302547896944,0.9513341580159996
centrosome,cellcom,0.26,0.9021559999320402,0.9118535380586791
centrosome,cellcom,0.27,0.9536915906375114,0.8772615009224536
centrosome,cellcom,0.28,0.8098449968002666,0.8389498899006169
centrosome,cellcom,0.29,0.8007837940388606,0.7994958383281889
centrosome,cellcom,0.3,0.7685032592013675,0.7744684197549749
centrosome,cellcom,0.31,0.7367890495364622,0.7372195441290239
centrosome,cellcom,0.32,0.735656399191287,0.7134674080308783
centrosome,cellcom,0.33,0.6977126126279181,0.693727098052218
centrosome,cellcom,0.34,0.6546718995112608,0.6609417110890056
centrosome,cellcom,0.35000000000000003,0.6456106967498629,0.6218330485202501
centrosome,cellcom,0.36,0.602569983633202,0.6038462519448052
centrosome,cellcom,0.37,0.573121074658647,0.5660394402360118
centrosome,cellcom,0.38,0.5640598718972455,0.5569530526011507
centrosome,cellcom,0.39,0.5232844594709385,0.5346090409025595
centrosome,cellcom,0.4,0.5057283791207231,0.5127432601321188
centrosome,cellcom,0.41000000000000003,0.4683509177299443,0.49725389173702206
centrosome,cellcom,0.42,0.4983661518770844,0.47039325460589476
centrosome,cellcom,0.43,0.437203033237624,0.450387260778262
centrosome,cellcom,0.44,0.4196469528874085,0.43415397760603935
centrosome,cellcom,0.45,0.42134592840517127,0.42405799134508254
centrosome,cellcom,0.46,0.389631718740266,0.4139354366992285
centrosome,cellcom,0.47000000000000003,0.3930296697757937,0.3858260854779352
centrosome,cellcom,0.48,0.3511216070043094,0.38061868203807114
centrosome,cellcom,0.49,0.33979510355255754,0.36752046828372453
centrosome,cellcom,0.5,0.31997372251199163,0.34831152600300935
centrosome,cellcom,0.51,0.31884107216681645,0.3357181115617106
centrosome,cellcom,0.52,0.30411661767953896,0.32179627787554915
centrosome,cellcom,0.53,0.2724024080146336,0.306546024944525
centrosome,cellcom,0.54,0.2910911387100243,0.2910566565494255
centrosome,cellcom,0.55,0.25314735214665535,0.2848396544834678
centrosome,cellcom,0.56,0.23445862145126467,0.277347369942442
centrosome,cellcom,0.5700000000000001,0.2525810269740706,0.26090153969104424
centrosome,cellcom,0.58,0.20897398868482284,0.2523465197541253
centrosome,cellcom,0.59,0.22199946765433756,0.24639520153714026
centrosome,cellcom,0.6,0.19991278592342135,0.23409403932971132
centrosome,cellcom,0.61,0.20444338730412212,0.22803644757313724
centrosome,cellcom,0.62,0.18518833143614383,0.215389896362044
centrosome,cellcom,0.63,0.1749944783295671,0.20561273071985425
centrosome,cellcom,0.64,0.1636679748778152,0.20168060975506055
centrosome,cellcom,0.65,0.1636679748778152,0.1890074901590701
centrosome,cellcom,0.66,0.15970369866970202,0.18624437812975558
centrosome,cellcom,0.67,0.138749667283961,0.17636093894797683
centrosome,cellcom,0.68,0.13195376521290983,0.16400663997075338
centrosome,cellcom,0.6900000000000001,0.133086415558085,0.15725827020685065
centrosome,cellcom,0.7000000000000001,0.11892828624339645,0.1518914564576069
centrosome,cellcom,0.71,0.10420383175611765,0.14054675610647746
centrosome,cellcom,0.72,0.09797425485765408,0.14155635473257314
centrosome,cellcom,0.73,0.10250485623835486,0.13193859939976693
centrosome,cellcom,0.74,0.10080588072059207,0.12234741245185798
centrosome,cellcom,0.75,0.082683475197789,0.11814960763809174
centrosome,cellcom,0.76,0.07192329691862467,0.11360641382066117
centrosome,cellcom,0.77,0.07928552416226342,0.11105584887052473
centrosome,cellcom,0.78,0.07192329691862467,0.10398865848785496
centrosome,cellcom,0.79,0.06003046829428516,0.10117240968874597
centrosome,cellcom,0.8,0.06003046829428516,0.09338787291385034
centrosome,cellcom,0.81,0.04870396484253325,0.09394580899669269
centrosome,cellcom,0.8200000000000001,0.04983661518770844,0.08889781586621429
centrosome,cellcom,0.8300000000000001,0.047571314497358574,0.08624097737648978
centrosome,cellcom,0.84,0.03794378656336892,0.07933319730320258
centrosome,cellcom,0.85,0.04870396484253325,0.07654351688899085
centrosome,cellcom,0.86,0.037377461390781325,0.07372726808988185
centrosome,cellcom,0.87,0.03171420966490537,0.06790879179738306
centrosome,cellcom,0.88,0.031147884492317774,0.06658037255252032
centrosome,cellcom,0.89,0.029448908974554985,0.06209031550488428
centrosome,cellcom,0.9,0.03171420966490537,0.05682977529522784
centrosome,cellcom,0.91,0.01925505586797826,0.056803206910330584
centrosome,cellcom,0.92,0.018688730695390662,0.05510283027690629
centrosome,cellcom,0.93,0.022653006903503834,0.058530151928652144
centrosome,cellcom,0.9400000000000001,0.01642343000504028,0.056484386291563535
centrosome,cellcom,0.9500000000000001,0.018122405522803267,0.04872641790156569
centrosome,cellcom,0.96,0.011892828624339514,0.04915151205992123
centrosome,cellcom,0.97,0.016989755177627876,0.05063934161416749
centrosome,cellcom,0.98,0.015857104832452684,0.06533165846234935
centrosome,cellcom,0.99,0.03397951035525575,0.1669291623094514
chromatin,cellcom,0.0,22.129283605291086,20.537538561574543
chromatin,cellcom,0.01,7.8810396398174065,7.520819136640602
chromatin,cellcom,0.02,5.389744613985231,5.255126270893609
chromatin,cellcom,0.03,4.360548359229678,4.218212127384689
chromatin,cellcom,0.04,3.7887993993748297,3.6334549638824782
chromatin,cellcom,0.05,3.4153337488299136,3.2801381720012204
chromatin,cellcom,0.06,3.1260903777248887,3.105040111981051
chromatin,cellcom,0.07,2.8209650910683495,2.798675246433783
chromatin,cellcom,0.08,2.5259464779445926,2.5044526313221276
chromatin,cellcom,0.09,2.3048028356438293,2.282459384455988
chromatin,cellcom,0.1,2.1897792654373434,2.133348009947568
chromatin,cellcom,0.11,1.9676730828001272,1.966533915177871
chromatin,cellcom,0.12,1.8278640989298942,1.8735662640621713
chromatin,cellcom,0.13,1.731128795116069,1.779265234978077
chromatin,cellcom,0.14,1.6221211020124342,1.6651053850880713
chromatin,cellcom,0.15,1.5237013526098064,1.5699816334277277
chromatin,cellcom,0.16,1.4539171782167482,1.4799928054329181
chromatin,cellcom,0.17,1.344668850028999,1.403394496610102
chromatin,cellcom,0.18,1.3184396258605702,1.3439882526563998
chromatin,cellcom,0.19,1.2137633642709829,1.268155926921808
chromatin,cellcom,0.2,1.153363958158374,1.21357253944955
chromatin,cellcom,0.21,1.1129372640272197,1.159868614041547
chromatin,cellcom,0.22,1.0722699348119547,1.082958238034634
chromatin,cellcom,0.23,1.0135549742881431,1.0296514890427557
chromatin,cellcom,0.24,0.9952667078954769,0.9891111248546751
chromatin,cellcom,0.25,0.9355892070352064,0.9556348269247019
chromatin,cellcom,0.26,0.913450779296719,0.9111794380634578
chromatin,cellcom,0.27,0.8621955063804385,0.8828664335430227
chromatin,cellcom,0.28,0.831394215613852,0.838382674937775
chromatin,cellcom,0.29,0.7685884586600951,0.8032041923672899
chromatin,cellcom,0.3,0.7515033676880015,0.7768770699274465
chromatin,cellcom,0.31,0.7105954033886226,0.7403368396445605
chromatin,cellcom,0.32,0.700970000024063,0.7160523387733256
chromatin,cellcom,0.33,0.6761845863603216,0.6959949297593502
chromatin,cellcom,0.34,0.6689655338369018,0.6596816574285318
chromatin,cellcom,0.35000000000000003,0.6172289907523966,0.6235669733057759
chromatin,cellcom,0.36,0.6104912083972014,0.6029989088996449
chromatin,cellcom,0.37,0.5647705424155426,0.5665437878487842
chromatin,cellcom,0.38,0.5611610161538327,0.5568129656538853
chromatin,cellcom,0.39,0.5414289392564853,0.5332377083828617
chromatin,cellcom,0.4,0.4954676381907125,0.514428568105258
chromatin,cellcom,0.41000000000000003,0.47212603503165773,0.4987684694125954
chromatin,cellcom,0.42,0.45528157914367556,0.4735761367330874
chromatin,cellcom,0.43,0.42736790938645236,0.45244067744679073
chromatin,cellcom,0.44,0.4271272743023384,0.43425567153737304
chromatin,cellcom,0.45,0.3968072537039752,0.42713486579125165
chromatin,cellcom,0.46,0.3770751768066277,0.4170636066682512
chromatin,cellcom,0.47000000000000003,0.36504342260093003,0.38863712317178456
chromatin,cellcom,0.48,0.3700967593673219,0.38038152766532296
chromatin,cellcom,0.49,0.33953610368484477,0.3694308064780605
chromatin,cellcom,0.5,0.3193227566192693,0.3503095990163639
chromatin,cellcom,0.51,0.3092160830864816,0.3379971301166958
chromatin,cellcom,0.52,0.29092781669381806,0.3245498714566896
chromatin,cellcom,0.53,0.2745646309740665,0.30860607532393963
chromatin,cellcom,0.54,0.2711957397964706,0.29339989253540943
chromatin,cellcom,0.55,0.26590176794596276,0.2854847339570514
chromatin,cellcom,0.56,0.2709551047123566,0.27595249997021154
chromatin,cellcom,0.5700000000000001,0.22715951940361231,0.26446275364679145
chromatin,cellcom,0.58,0.22836269482417976,0.2530013770673739
chromatin,cellcom,0.59,0.21464649502968217,0.24891613393015685
chromatin,cellcom,0.6,0.20790871267449035,0.2354688752701507
chromatin,cellcom,0.61,0.21151823893620025,0.2288019854281645
chromatin,cellcom,0.62,0.1903423515341688,0.21682995345659778
chromatin,cellcom,0.63,0.17806996224435512,0.20732608921376638
chromatin,cellcom,0.64,0.1578566151787797,0.20494303071705644
chromatin,cellcom,0.65,0.1609848712722616,0.19104185615291502
chromatin,cellcom,0.66,0.15328454858061383,0.18880064637624733
chromatin,cellcom,0.67,0.13066485067389844,0.17986417701358498
chromatin,cellcom,0.68,0.14125279437491414,0.16508354038518155
chromatin,cellcom,0.6900000000000001,0.12464897357104861,0.15989187723163487
chromatin,cellcom,0.7000000000000001,0.11454230003826216,0.15464347459007297
chromatin,cellcom,0.71,0.10587943701015712,0.1428132913385468
chromatin,cellcom,0.72,0.10323245108490318,0.14389134161086797
chromatin,cellcom,0.73,0.09793847923439533,0.13447258660006195
chromatin,cellcom,0.74,0.08638799519692365,0.12550774749339116
chromatin,cellcom,0.75,0.08783180570160762,0.1199472776677346
chromatin,cellcom,0.76,0.07965021284173184,0.11552159760241609
chromatin,cellcom,0.77,0.07916894267350384,0.11322364833773149
chromatin,cellcom,0.78,0.06641528321546218,0.10681208619182135
chromatin,cellcom,0.79,0.06809972880426014,0.1030105404946888
chromatin,cellcom,0.8,0.06352766220609427,0.09523723063637299
chromatin,cellcom,0.81,0.06497147271077823,0.09509538191633074
chromatin,cellcom,0.8200000000000001,0.06136194644906833,0.09018741620286855
chromatin,cellcom,0.8300000000000001,0.04788638173868523,0.08882566849046385
chromatin,cellcom,0.84,0.04836765190691268,0.0809105099121048
chromatin,cellcom,0.85,0.04499876072931677,0.07886788834349626
chromatin,cellcom,0.86,0.03344827669184509,0.07665504831083701
chromatin,cellcom,0.87,0.03417018194418707,0.07007326770087616
chromatin,cellcom,0.88,0.032485736355389115,0.06882499896450428
chromatin,cellcom,0.89,0.025507318916083304,0.06476812557129566
chromatin,cellcom,0.9,0.024544778579627332,0.059377874209689804
chromatin,cellcom,0.91,0.01949144181323347,0.0593211347216729
chromatin,cellcom,0.92,0.019010171645005482,0.057533840849140434
chromatin,cellcom,0.93,0.018769536560891486,0.061420495778298334
chromatin,cellcom,0.9400000000000001,0.017325726056207528,0.05909417676960529
chromatin,cellcom,0.9500000000000001,0.01660382080386573,0.05098042998318861
chromatin,cellcom,0.96,0.015160010299181587,0.05129249716728101
chromatin,cellcom,0.97,0.015641280467409573,0.05307979103981348
chromatin,cellcom,0.98,0.015160010299181587,0.06876825947648738
chromatin,cellcom,0.99,0.040186059047036905,0.17521153899619885
chromosome,cellcom,0.0,22.10984910207948,20.473496093426597
chromosome,cellcom,0.01,7.817253611289678,7.516132504157313
chromosome,cellcom,0.02,5.385195279135189,5.250189828952879
chromosome,cellcom,0.03,4.412336133310173,4.203646844818083
chromosome,cellcom,0.04,3.7947415826106567,3.6259104101961204
chromosome,cellcom,0.05,3.403484959450774,3.276382676245244
chromosome,cellcom,0.06,3.1289785963825296,3.1036738111740036
chromosome,cellcom,0.07,2.7984249458776604,2.8014554735788866
chromosome,cellcom,0.08,2.5375275088323734,2.501632174174275
chromosome,cellcom,0.09,2.3077873497870005,2.2810225452928314
chromosome,cellcom,0.1,2.1960509045459196,2.1299281606816347
chromosome,cellcom,0.11,1.9756221159373066,1.9651731878727103
chromosome,cellcom,0.12,1.8366678186503151,1.8740434631424303
chromosome,cellcom,0.13,1.7435541142827455,1.779247260194582
chromosome,cellcom,0.14,1.6327129931221236,1.665172478231767
chromosome,cellcom,0.15,1.523125325674133,1.5720321041563656
chromosome,cellcom,0.16,1.453110982582364,1.4812276315260342
chromosome,cellcom,0.17,1.3707411671802867,1.4015704354120322
chromosome,cellcom,0.18,1.3150520093758324,1.3456270742213454
chromosome,cellcom,0.19,1.2308915458128369,1.2676257069797907
chromosome,cellcom,0.2,1.1639213045946264,1.214373067706845
chromosome,cellcom,0.21,1.1250642395027717,1.1598489884068315
chromosome,cellcom,0.22,1.0706285354109617,1.0836808602740624
chromosome,cellcom,0.23,1.011179016468593,1.0307239047283396
chromosome,cellcom,0.24,0.9796636088364897,0.991427537380336
chromosome,cellcom,0.25,0.9263022936412285,0.9580152762040824
chromosome,cellcom,0.26,0.8987263119631405,0.9135148752569483
chromosome,cellcom,0.27,0.8673899691471315,0.8828820411165955
chromosome,cellcom,0.28,0.821191246595534,0.8403627211418635
chromosome,cellcom,0.29,0.7612045332048836,0.8058859985476008
chromosome,cellcom,0.3,0.74383524604401,0.7792153263520427
chromosome,cellcom,0.31,0.7162592643659219,0.7406581683221006
chromosome,cellcom,0.32,0.6854601159981872,0.7192506664711205
chromosome,cellcom,0.33,0.6659420510442159,0.6985232371927543
chromosome,cellcom,0.34,0.65555629171091,0.6615036345443744
chromosome,cellcom,0.35000000000000003,0.6079250506305796,0.6253710830776683
chromosome,cellcom,0.36,0.6023740413317403,0.6040227179721295
chromosome,cellcom,0.37,0.554205605803132,0.5683632604689776
chromosome,cellcom,0.38,0.5662029484812613,0.5557967020619795
chromosome,cellcom,0.39,0.5345084760330692,0.5340343797383312
chromosome,cellcom,0.4,0.4983373831825902,0.5147558007233601
chromosome,cellcom,0.41000000000000003,0.4763124108033407,0.49920283667140786
chromosome,cellcom,0.42,0.45249679026317113,0.4748089291754678
chromosome,cellcom,0.43,0.4374553457114868,0.4518343035702032
chromosome,cellcom,0.44,0.4182954103896984,0.4360152241637469
chromosome,cellcom,0.45,0.3966285676426292,0.42844572074682574
chromosome,cellcom,0.46,0.37675237305647497,0.41880643123934025
chromosome,cellcom,0.47000000000000003,0.36976884522890924,0.3888536696716036
chromosome,cellcom,0.48,0.3663666137231691,0.3814320081182921
chromosome,cellcom,0.49,0.34720667840138064,0.3694272487930187
chromosome,cellcom,0.5,0.32518170602212854,0.35065133211432753
chromosome,cellcom,0.51,0.31515407632100567,0.33823261557094136
chromosome,cellcom,0.52,0.29850104842449793,0.3247198692368282
chromosome,cellcom,0.53,0.27074600193031845,0.3106748921937128
chromosome,cellcom,0.54,0.2757598167808799,0.2935843727601955
chromosome,cellcom,0.55,0.2646577981832081,0.2865175316795543
chromosome,cellcom,0.56,0.26609031671193994,0.2769669472902358
chromosome,cellcom,0.5700000000000001,0.23350052018329315,0.26499175633768773
chromosome,cellcom,0.58,0.2338586498154735,0.2531348388760231
chromosome,cellcom,0.59,0.2191753348959721,0.2496162025220637
chromosome,cellcom,0.6,0.20878957556266622,0.23648784503334108
chromosome,cellcom,0.61,0.21058022372358104,0.22968711930720098
chromosome,cellcom,0.62,0.1899877698730608,0.21800761208187344
chromosome,cellcom,0.63,0.17548351976965088,0.20898925840155724
chromosome,cellcom,0.64,0.1631280474593387,0.20606198950204477
chromosome,cellcom,0.65,0.15936768632141762,0.19257881154065398
chromosome,cellcom,0.66,0.15560732518349654,0.18991765799564264
chromosome,cellcom,0.67,0.13322422317206145,0.18152024014249574
chromosome,cellcom,0.68,0.14611688993064806,0.16528720351792658
chromosome,cellcom,0.6900000000000001,0.12445004718357894,0.16141374669129896
chromosome,cellcom,0.7000000000000001,0.11854090825256137,0.15567748238316512
chromosome,cellcom,0.71,0.11030392671235197,0.14364315468516767
chromosome,cellcom,0.72,0.1108411211606264,0.14435279563050404
chromosome,cellcom,0.73,0.0990228432985887,0.13583710428646772
chromosome,cellcom,0.74,0.08326513948253841,0.12767623341509962
chromosome,cellcom,0.75,0.08774175988482544,0.12131903327979476
chromosome,cellcom,0.76,0.08093729687334916,0.11682464062599783
chromosome,cellcom,0.77,0.08040010242507474,0.11445917080820997
chromosome,cellcom,0.78,0.06768650048257961,0.10830894928196154
chromosome,cellcom,0.79,0.07019340790786034,0.10413980872811045
chromosome,cellcom,0.8,0.06607491713775629,0.09615634809307642
chromosome,cellcom,0.81,0.06213549118374373,0.09683642066569043
chromosome,cellcom,0.8200000000000001,0.05944951894237152,0.09172109218472418
chromosome,cellcom,0.8300000000000001,0.04906375960906619,0.09036094703949718
chromosome,cellcom,0.84,0.04834750034469973,0.0822887812862951
chromosome,cellcom,0.85,0.04745217626424233,0.0798937430957849
chromosome,cellcom,0.86,0.03473857432174721,0.07826748259605575
chromosome,cellcom,0.87,0.033126990976923884,0.07176244059713914
chromosome,cellcom,0.88,0.0302619539194602,0.07072754755185695
chromosome,cellcom,0.89,0.02614346314935615,0.06632186001622706
chromosome,cellcom,0.9,0.024352814988441343,0.060881279435314996
chromosome,cellcom,0.91,0.019697129770062854,0.060969984553482036
chromosome,cellcom,0.92,0.018264611241331007,0.05928458730830819
chromosome,cellcom,0.93,0.017727416793056568,0.06339459111671458
chromosome,cellcom,0.9400000000000001,0.015220509367775841,0.06120653153526082
chromosome,cellcom,0.9500000000000001,0.015399574183867492,0.052631703445780414
chromosome,cellcom,0.96,0.01504144455168436,0.05283868205483628
chromosome,cellcom,0.97,0.016473963080416206,0.05452407930001012
chromosome,cellcom,0.98,0.015578638999958802,0.07096409453363574
chromosome,cellcom,0.99,0.03688735211484498,0.18146110339705104
"chromosome, telomeric region",cellcom,0.0,23.301227948234203,20.68534993795771
"chromosome, telomeric region",cellcom,0.01,7.662264588091219,7.558009286396013
"chromosome, telomeric region",cellcom,0.02,5.481084301459638,5.2676871677310535
"chromosome, telomeric region",cellcom,0.03,4.35905073974779,4.232250943421317
"chromosome, telomeric region",cellcom,0.04,3.7070135372190776,3.649396097831435
"chromosome, telomeric region",cellcom,0.05,3.3793400191970364,3.2937398151927417
"chromosome, telomeric region",cellcom,0.06,2.8663158243140345,3.109121802366913
"chromosome, telomeric region",cellcom,0.07,2.988779664382883,2.799575268602715
"chromosome, telomeric region",cellcom,0.08,2.462516135438389,2.5070609548886575
"chromosome, telomeric region",cellcom,0.09,2.303644126700425,2.284670285885556
"chromosome, telomeric region",cellcom,0.1,2.0653361135934873,2.1398708415553442
"chromosome, telomeric region",cellcom,0.11,1.9958296097706294,1.9664286247684293
"chromosome, telomeric region",cellcom,0.12,1.7641412636944345,1.8695546764952278
"chromosome, telomeric region",cellcom,0.13,1.694634759871577,1.7748033622523023
"chromosome, telomeric region",cellcom,0.14,1.664846258233214,1.6605391592732541
"chromosome, telomeric region",cellcom,0.15,1.486115248403004,1.5657111233183865
"chromosome, telomeric region",cellcom,0.16,1.3967497434879013,1.4778647631498443
"chromosome, telomeric region",cellcom,0.17,1.3471022407572926,1.3975882785591485
"chromosome, telomeric region",cellcom,0.18,1.257736735842186,1.3419394635004116
"chromosome, telomeric region",cellcom,0.19,1.2742859034190568,1.262327900413171
"chromosome, telomeric region",cellcom,0.2,1.2014695660808283,1.207267285145963
"chromosome, telomeric region",cellcom,0.21,1.1551318968655866,1.154917503700543
"chromosome, telomeric region",cellcom,0.22,1.0227385562506197,1.082287616399623
"chromosome, telomeric region",cellcom,0.23,1.032668056796745,1.0279174965398528
"chromosome, telomeric region",cellcom,0.24,0.9863303875815038,0.989786805706867
"chromosome, telomeric region",cellcom,0.25,1.0028795551583747,0.9531394013046774
"chromosome, telomeric region",cellcom,0.26,0.8241485453281693,0.912093285418066
"chromosome, telomeric region",cellcom,0.27,0.9234435507893944,0.8803560705798823
"chromosome, telomeric region",cellcom,0.28,0.8175288782974255,0.837801094358503
"chromosome, telomeric region",cellcom,0.29,0.8473173799357885,0.7991844993499106
"chromosome, telomeric region",cellcom,0.3,0.8009797107205501,0.7739942039304014
"chromosome, telomeric region",cellcom,0.31,0.6752060371363314,0.7376792602799415
"chromosome, telomeric region",cellcom,0.32,0.6851355376824539,0.7146883206026433
"chromosome, telomeric region",cellcom,0.33,0.5957700327673513,0.6946639537869319
"chromosome, telomeric region",cellcom,0.34,0.5924601992519771,0.6611877134781629
"chromosome, telomeric region",cellcom,0.35000000000000003,0.6156290338595998,0.6229547270292666
"chromosome, telomeric region",cellcom,0.36,0.6354880349518414,0.6035441339090525
"chromosome, telomeric region",cellcom,0.37,0.5328831959752419,0.5666154165630919
"chromosome, telomeric region",cellcom,0.38,0.49978486082150025,0.5577156979783313
"chromosome, telomeric region",cellcom,0.39,0.4931651937907519,0.5344178714532827
"chromosome, telomeric region",cellcom,0.4,0.5064045278522487,0.5124754618391315
"chromosome, telomeric region",cellcom,0.41000000000000003,0.413729189421774,0.49659406746805285
"chromosome, telomeric region",cellcom,0.42,0.4071095223910234,0.4721454152639376
"chromosome, telomeric region",cellcom,0.43,0.476616026213881,0.44958923195428574
"chromosome, telomeric region",cellcom,0.44,0.3574620196604108,0.4340914461428923
"chromosome, telomeric region",cellcom,0.45,0.36408168669115915,0.42439893653477656
"chromosome, telomeric region",cellcom,0.46,0.3707013537219075,0.413171992687909
"chromosome, telomeric region",cellcom,0.47000000000000003,0.42365868996789663,0.3858590632381286
"chromosome, telomeric region",cellcom,0.48,0.324363684506669,0.3797213262831191
"chromosome, telomeric region",cellcom,0.49,0.3707013537219075,0.3662438788860823
"chromosome, telomeric region",cellcom,0.5,0.3740111872372816,0.34683328576587164
"chromosome, telomeric region",cellcom,0.51,0.32105385099129485,0.33506928993544094
"chromosome, telomeric region",cellcom,0.52,0.3011948498990498,0.32115708617075767
"chromosome, telomeric region",cellcom,0.53,0.22175884553006964,0.3056593003593642
"chromosome, telomeric region",cellcom,0.54,0.3276735180220432,0.2907752882434715
"chromosome, telomeric region",cellcom,0.55,0.29788501638367565,0.28330770828154594
"chromosome, telomeric region",cellcom,0.56,0.26809651474530805,0.27548209366391163
"chromosome, telomeric region",cellcom,0.5700000000000001,0.20520967795320105,0.26095611620373055
"chromosome, telomeric region",cellcom,0.58,0.2018998444378246,0.2507777024200072
"chromosome, telomeric region",cellcom,0.59,0.22175884553006964,0.24548390429631337
"chromosome, telomeric region",cellcom,0.6,0.20851951146857295,0.23274810011467317
"chromosome, telomeric region",cellcom,0.61,0.20851951146857295,0.2271218412392498
"chromosome, telomeric region",cellcom,0.62,0.18204084334557957,0.21428374144169285
"chromosome, telomeric region",cellcom,0.63,0.14232284116108948,0.20471910135347313
"chromosome, telomeric region",cellcom,0.64,0.15887200873796034,0.200294815965072
"chromosome, telomeric region",cellcom,0.65,0.1125343395227219,0.18845409842270372
"chromosome, telomeric region",cellcom,0.66,0.11584417303809608,0.18558982117703363
"chromosome, telomeric region",cellcom,0.67,0.11584417303809608,0.17513009444954203
"chromosome, telomeric region",cellcom,0.68,0.15556217522258614,0.16262445540371462
"chromosome, telomeric region",cellcom,0.6900000000000001,0.0893655049151027,0.15669130968054087
"chromosome, telomeric region",cellcom,0.7000000000000001,0.08274583788435526,0.1509371812852232
"chromosome, telomeric region",cellcom,0.71,0.09267533843047687,0.13927548107070764
"chromosome, telomeric region",cellcom,0.72,0.11584417303809608,0.13978695915029157
"chromosome, telomeric region",cellcom,0.73,0.11584417303809608,0.13073379714165578
"chromosome, telomeric region",cellcom,0.74,0.06288683679210931,0.12183407855689518
"chromosome, telomeric region",cellcom,0.75,0.05626716976136095,0.11702618460880612
"chromosome, telomeric region",cellcom,0.76,0.07281633733823183,0.11203927333286266
"chromosome, telomeric region",cellcom,0.77,0.05295733624598678,0.11007008272646449
"chromosome, telomeric region",cellcom,0.78,0.05295733624598678,0.10293496351626849
"chromosome, telomeric region",cellcom,0.79,0.029788501638367562,0.09986609503876484
"chromosome, telomeric region",cellcom,0.8,0.05626716976136095,0.0921683499410265
"chromosome, telomeric region",cellcom,0.81,0.05295733624598678,0.09221949774898489
"chromosome, telomeric region",cellcom,0.8200000000000001,0.04964750273061261,0.08743717770487502
"chromosome, telomeric region",cellcom,0.8300000000000001,0.043027835699864736,0.08482863949899785
"chromosome, telomeric region",cellcom,0.84,0.05626716976136095,0.07764237248084252
"chromosome, telomeric region",cellcom,0.85,0.06619667030748347,0.07536629502669398
"chromosome, telomeric region",cellcom,0.86,0.029788501638367562,0.0724252960690863
"chromosome, telomeric region",cellcom,0.87,0.02647866812299339,0.06659444596182935
"chromosome, telomeric region",cellcom,0.88,0.013239334061496695,0.06539247247480709
"chromosome, telomeric region",cellcom,0.89,0.019859001092245043,0.06094261318242679
"chromosome, telomeric region",cellcom,0.9,0.02647866812299339,0.055930128002504145
"chromosome, telomeric region",cellcom,0.91,0.009929500546122521,0.055469797730878595
"chromosome, telomeric region",cellcom,0.92,0.013239334061496695,0.05378192006825159
"chromosome, telomeric region",cellcom,0.93,0.033098335153741734,0.05710652758554721
"chromosome, telomeric region",cellcom,0.9400000000000001,0.02647866812299339,0.05490717184333626
"chromosome, telomeric region",cellcom,0.9500000000000001,0.023168834607619475,0.04754188749732801
"chromosome, telomeric region",cellcom,0.96,0.0066196670307483475,0.047797626537119456
"chromosome, telomeric region",cellcom,0.97,0.019859001092245043,0.04935763467985048
"chromosome, telomeric region",cellcom,0.98,0.0066196670307483475,0.06355115138830489
"chromosome, telomeric region",cellcom,0.99,0.04302783569986426,0.1618828121883179
ciliary basal body,cellcom,0.0,19.79751823593527,20.71653367126146
ciliary basal body,cellcom,0.01,8.109750985159721,7.55205650722717
ciliary basal body,cellcom,0.02,5.697157709398844,5.264079988881871
ciliary basal body,cellcom,0.03,4.556887733713423,4.22925645451367
ciliary basal body,cellcom,0.04,4.018194013582627,3.6453234366221636
ciliary basal body,cellcom,0.05,3.8861406891925903,3.287143943046816
ciliary basal body,cellcom,0.06,3.3621195606606826,3.1041366481869686
ciliary basal body,cellcom,0.07,2.9449987423492927,2.799261497232928
ciliary basal body,cellcom,0.08,2.7731198121908287,2.5034545067344594
ciliary basal body,cellcom,0.09,2.4775718956988326,2.282453417784536
ciliary basal body,cellcom,0.1,2.41259327576088,2.135949964305358
ciliary basal body,cellcom,0.11,2.138006204410163,1.9645540250430233
ciliary basal body,cellcom,0.12,2.1149492747547565,1.8657290582651127
ciliary basal body,cellcom,0.13,1.865515217573571,1.773069413043404
ciliary basal body,cellcom,0.14,1.8445543724323,1.6583173655786532
ciliary basal body,cellcom,0.15,1.7649031608954457,1.5626521260982928
ciliary basal body,cellcom,0.16,1.4588748218328151,1.4774679332634757
ciliary basal body,cellcom,0.17,1.5154691037142645,1.395751733804024
ciliary basal body,cellcom,0.18,1.389704032866604,1.340700550075126
ciliary basal body,cellcom,0.19,1.2429781168776715,1.2626578547095724
ciliary basal body,cellcom,0.2,1.215729018194016,1.207118583024149
ciliary basal body,cellcom,0.21,1.06900310220508,1.1559721029475107
ciliary basal body,cellcom,0.22,0.9893518906682308,1.0829644201861865
ciliary basal body,cellcom,0.23,1.0103127358095099,1.02817012485547
ciliary basal body,cellcom,0.24,0.9788714680975927,0.989893753527398
ciliary basal body,cellcom,0.25,0.8614907353064468,0.9546486652977931
ciliary basal body,cellcom,0.26,0.8153768759956393,0.9125960345165519
ciliary basal body,cellcom,0.27,0.8153768759956393,0.881486849497564
ciliary basal body,cellcom,0.28,0.7503982560576877,0.8387149312014376
ciliary basal body,cellcom,0.29,0.748302171543556,0.8001816714751886
ciliary basal body,cellcom,0.3,0.6854196361197278,0.7752891856920348
ciliary basal body,cellcom,0.31,0.6938039741762382,0.7377321018788554
ciliary basal body,cellcom,0.32,0.7147648193175142,0.7144580130042039
ciliary basal body,cellcom,0.33,0.700092227718621,0.6938298746307544
ciliary basal body,cellcom,0.34,0.6078645090970063,0.6613078034218043
ciliary basal body,cellcom,0.35000000000000003,0.6455940303513067,0.6226204106566584
ciliary basal body,cellcom,0.36,0.5470780581873057,0.6044840897455027
ciliary basal body,cellcom,0.37,0.5680389033285816,0.5663361626165209
ciliary basal body,cellcom,0.38,0.5177328749895191,0.5577560901174772
ciliary basal body,cellcom,0.39,0.4171208183113939,0.5355352436753429
ciliary basal body,cellcom,0.4,0.4716190156787118,0.5129290646359462
ciliary basal body,cellcom,0.41000000000000003,0.4779072692210972,0.49617994107494157
ciliary basal body,cellcom,0.42,0.42550515636790437,0.47221225352521484
ciliary basal body,cellcom,0.43,0.3877756351136074,0.45055656155906554
ciliary basal body,cellcom,0.44,0.3710069590005866,0.434269837114773
ciliary basal body,cellcom,0.45,0.3856795505994799,0.4244053226248545
ciliary basal body,cellcom,0.46,0.379391297057097,0.41325636614406114
ciliary basal body,cellcom,0.47000000000000003,0.3269891842039086,0.38687392765149464
ciliary basal body,cellcom,0.48,0.3060283390626307,0.3801948292989435
ciliary basal body,cellcom,0.49,0.31231659260501354,0.36693938795311554
ciliary basal body,cellcom,0.5,0.25362622620944053,0.34818653488634327
ciliary basal body,cellcom,0.51,0.28925966294960986,0.33552193685631765
ciliary basal body,cellcom,0.52,0.28297140940722704,0.3214701414761472
ciliary basal body,cellcom,0.53,0.24104971912467488,0.30579994918747455
ciliary basal body,cellcom,0.54,0.31231659260501354,0.2907976667340568
ciliary basal body,cellcom,0.55,0.20751236689863317,0.28434976793986527
ciliary basal body,cellcom,0.56,0.23266538106816448,0.27594951731954404
ciliary basal body,cellcom,0.5700000000000001,0.20751236689863548,0.26117843442448657
ciliary basal body,cellcom,0.58,0.1844554372432295,0.2512111645752952
ciliary basal body,cellcom,0.59,0.2179927894692712,0.24563668633489852
ciliary basal body,cellcom,0.6,0.17607109918671907,0.23325466554286534
ciliary basal body,cellcom,0.61,0.1823593527291019,0.2275260542635637
ciliary basal body,cellcom,0.62,0.17816718370084667,0.21447612363627563
ciliary basal body,cellcom,0.63,0.14462983147480493,0.20497125290380205
ciliary basal body,cellcom,0.64,0.17816718370084667,0.20024450637738275
ciliary basal body,cellcom,0.65,0.15930242307369818,0.18822212934279453
ciliary basal body,cellcom,0.66,0.10480422570638039,0.18603857795830736
ciliary basal body,cellcom,0.67,0.12995723987591168,0.17522357639514147
ciliary basal body,cellcom,0.68,0.12576507084765645,0.16302137748183076
ciliary basal body,cellcom,0.6900000000000001,0.14882200050306016,0.15626521260982928
ciliary basal body,cellcom,0.7000000000000001,0.1089963947346368,0.15092193392779177
ciliary basal body,cellcom,0.71,0.10270814119225277,0.1393619560099168
ciliary basal body,cellcom,0.72,0.08593946507923192,0.14026106540352917
ciliary basal body,cellcom,0.73,0.11528464827701844,0.13080757235069057
ciliary basal body,cellcom,0.74,0.10270814119225277,0.12161096769602693
ciliary basal body,cellcom,0.75,0.09641988764986997,0.11680715465015515
ciliary basal body,cellcom,0.76,0.06497861993795584,0.1123116076820933
ciliary basal body,cellcom,0.77,0.05240211285319019,0.1103335670161461
ciliary basal body,cellcom,0.78,0.0544981973673178,0.10314069186724718
ciliary basal body,cellcom,0.79,0.06497861993795584,0.09974976501133768
ciliary basal body,cellcom,0.8,0.0544981973673178,0.09235137914389879
ciliary basal body,cellcom,0.81,0.05240211285319019,0.09240275682353379
ciliary basal body,cellcom,0.8200000000000001,0.06078645090970062,0.08747049957857451
ciliary basal body,cellcom,0.8300000000000001,0.03563343674016973,0.0851071263153658
ciliary basal body,cellcom,0.84,0.0544981973673178,0.07776011812756094
ciliary basal body,cellcom,0.85,0.050306028339062586,0.07560225558289127
ciliary basal body,cellcom,0.86,0.02934518319778651,0.07262235016406171
ciliary basal body,cellcom,0.87,0.044017774796679766,0.06655978396713261
ciliary basal body,cellcom,0.88,0.025153014169531293,0.06548085269479777
ciliary basal body,cellcom,0.89,0.03144126771191411,0.06098530572673594
ciliary basal body,cellcom,0.9,0.03144126771191411,0.056001670802141676
ciliary basal body,cellcom,0.91,0.01886476062714847,0.05556496052524424
ciliary basal body,cellcom,0.92,0.020960845141276076,0.0538694970972895
ciliary basal body,cellcom,0.93,0.01886476062714847,0.05738886815228647
ciliary basal body,cellcom,0.9400000000000001,0.016768676113020863,0.0551539390881643
ciliary basal body,cellcom,0.9500000000000001,0.016768676113021047,0.04772986438090844
ciliary basal body,cellcom,0.96,0.020960845141276076,0.047806930900360395
ciliary basal body,cellcom,0.97,0.016768676113020863,0.04952808316813264
ciliary basal body,cellcom,0.98,0.020960845141276076,0.06363125622793804
ciliary basal body,cellcom,0.99,0.006288253542382823,0.1628672444429258
cilium,cellcom,0.0,19.721930805501437,20.750699435381303
cilium,cellcom,0.01,7.649208563424447,7.554645421634965
cilium,cellcom,0.02,5.291038839764357,5.26832329563811
cilium,cellcom,0.03,4.167002916729112,4.236272842315846
cilium,cellcom,0.04,3.7168121188365357,3.646753475674196
cilium,cellcom,0.05,3.429174208275212,3.2881891452725776
cilium,cellcom,0.06,3.116749864539258,3.106823075434425
cilium,cellcom,0.07,2.9034712535018055,2.796308011193091
cilium,cellcom,0.08,2.534556899274854,2.505437398310101
cilium,cellcom,0.09,2.333959719163946,2.282552515060523
cilium,cellcom,0.1,2.2319318430730575,2.135033303981692
cilium,cellcom,0.11,2.0492039519950205,1.962852342481366
cilium,cellcom,0.12,1.969080365686352,1.8641257011277226
cilium,cellcom,0.13,1.7851996172513558,1.7736815852116556
cilium,cellcom,0.14,1.7327446075097162,1.6572483910796172
cilium,cellcom,0.15,1.623799587277065,1.562397546885862
cilium,cellcom,0.16,1.42320240716616,1.4797315718454649
cilium,cellcom,0.17,1.3822759709941115,1.397888540037651
cilium,cellcom,0.18,1.3615245385688417,1.3403621534247567
cilium,cellcom,0.19,1.199548079916071,1.2653150399246915
cilium,cellcom,0.2,1.2300987998754938,1.2061693134025353
cilium,cellcom,0.21,1.2018537946299894,1.1527576429525388
cilium,cellcom,0.22,1.064663769151842,1.0826216422920605
cilium,cellcom,0.23,0.9856930402001379,1.0299001822952012
cilium,cellcom,0.24,0.9822344681292575,0.9901068950166
cilium,cellcom,0.25,0.9672473224887876,0.9528886236592985
cilium,cellcom,0.26,0.9015344531421119,0.9118741948097758
cilium,cellcom,0.27,0.8629137316839779,0.8815049348720063
cilium,cellcom,0.28,0.8346687264384817,0.8377827573217431
cilium,cellcom,0.29,0.7862487174461897,0.8001662876260921
cilium,cellcom,0.3,0.7678029997348421,0.7744957680807921
cilium,cellcom,0.31,0.7435929952386985,0.7369058449410355
cilium,cellcom,0.32,0.7424401378817392,0.7131732239756806
cilium,cellcom,0.33,0.7095837032084014,0.6931836673907676
cilium,cellcom,0.34,0.6415651191478072,0.6615401727702944
cilium,cellcom,0.35000000000000003,0.6530936927174031,0.6215079664886926
cilium,cellcom,0.36,0.6386829757554092,0.6021820738010176
cilium,cellcom,0.37,0.5971801109048772,0.5649372558878265
cilium,cellcom,0.38,0.5608651041606617,0.5571060219003772
cilium,cellcom,0.39,0.5383843856999568,0.5339043320528155
cilium,cellcom,0.4,0.5631708188745801,0.5100920714197916
cilium,cellcom,0.41000000000000003,0.5239736687379695,0.49466852244790266
cilium,cellcom,0.42,0.49630509217094526,0.47051115658831055
cilium,cellcom,0.43,0.4720950876748016,0.4487695273146801
cilium,cellcom,0.44,0.4605665141052093,0.4322575695513124
cilium,cellcom,0.45,0.45768437071281126,0.42238225076035935
cilium,cellcom,0.46,0.4334743662166676,0.4118963611839442
cilium,cellcom,0.47000000000000003,0.41445221982684277,0.3848454207323841
cilium,cellcom,0.48,0.37756078440414537,0.3793768302191123
cilium,cellcom,0.49,0.3902422153306968,0.3651744228181449
cilium,cellcom,0.5,0.3550800659434405,0.34667147336305276
cilium,cellcom,0.51,0.3452807784092871,0.33448660420969945
cilium,cellcom,0.52,0.37813721308262493,0.3183728447846766
cilium,cellcom,0.53,0.31184791505746967,0.3047013685015024
cilium,cellcom,0.54,0.3377872055890522,0.2889061677471555
cilium,cellcom,0.55,0.2743800509562949,0.28383577557223066
cilium,cellcom,0.56,0.30147219884483667,0.27422592234017423
cilium,cellcom,0.5700000000000001,0.2766857656702164,0.2597845959362028
cilium,cellcom,0.58,0.2720743362423765,0.24940489258334336
cilium,cellcom,0.59,0.2616986200297435,0.2445468728555358
cilium,cellcom,0.6,0.2369121868551202,0.23236200370218246
cilium,cellcom,0.61,0.23806504421207944,0.22646866829467824
cilium,cellcom,0.62,0.21789004046529303,0.21385905424709037
cilium,cellcom,0.63,0.19713860804002703,0.20456775968570984
cilium,cellcom,0.64,0.2225014698931299,0.19893988983710217
cilium,cellcom,0.65,0.19771503671850665,0.18741868458099034
cilium,cellcom,0.66,0.17292860354388337,0.18561351878049354
cilium,cellcom,0.67,0.17754003297172025,0.17454360497450586
cilium,cellcom,0.68,0.15794145790341346,0.16278348071538706
cilium,cellcom,0.6900000000000001,0.18157503372107753,0.1550053398397171
cilium,cellcom,0.7000000000000001,0.14007216887054708,0.15089062367682166
cilium,cellcom,0.71,0.12566145190855524,0.13952869775604607
cilium,cellcom,0.72,0.12508502323007564,0.1402720013209565
cilium,cellcom,0.73,0.13776645415662708,0.13029049630644485
cilium,cellcom,0.74,0.1279671666224737,0.12107884141273327
cilium,cellcom,0.75,0.12105002248071836,0.11635355446437401
cilium,cellcom,0.76,0.09511073194913584,0.11250430386037352
cilium,cellcom,0.77,0.10375716212633003,0.10990274138318697
cilium,cellcom,0.78,0.10491001948328925,0.10244315917819287
cilium,cellcom,0.79,0.09914573269849312,0.09933721213910279
cilium,cellcom,0.8,0.07032429877451257,0.09288639905791575
cilium,cellcom,0.81,0.08358215837954362,0.09230237482834326
cilium,cellcom,0.8200000000000001,0.08415858705802323,0.08728507576519776
cilium,cellcom,0.8300000000000001,0.07320644216691143,0.08502861851457771
cilium,cellcom,0.84,0.06974787009603295,0.07783450186847927
cilium,cellcom,0.85,0.06340715463275724,0.07584351017675488
cilium,cellcom,0.86,0.058795725204920345,0.07271101658177515
cilium,cellcom,0.87,0.058795725204920345,0.0666318552830433
cilium,cellcom,0.88,0.04323215088597084,0.06599473794169149
cilium,cellcom,0.89,0.04496143692140967,0.06134909066100122
cilium,cellcom,0.9,0.035738578065735896,0.056623803712641974
cilium,cellcom,0.91,0.04323215088597084,0.055668127700614266
cilium,cellcom,0.92,0.04496143692140967,0.053862961900117474
cilium,cellcom,0.93,0.04265572220749123,0.05757947972466969
cilium,cellcom,0.9400000000000001,0.03400929203029706,0.05564158114472461
cilium,cellcom,0.9500000000000001,0.025939290531582795,0.048341278275069004
cilium,cellcom,0.96,0.041502864850532006,0.04775725404549598
cilium,cellcom,0.97,0.029974291280939782,0.05001371129611696
cilium,cellcom,0.98,0.04265572220749123,0.06405683936174641
cilium,cellcom,0.99,0.09165215987825819,0.16416390162164932
collagen-containing extracellular matrix,cellcom,0.0,12.817897514140485,20.95023886537768
collagen-containing extracellular matrix,cellcom,0.01,6.151849010798189,7.602481332182746
collagen-containing extracellular matrix,cellcom,0.02,4.5721607337036705,5.290963619931667
collagen-containing extracellular matrix,cellcom,0.03,3.885999443653007,4.2440011533777895
collagen-containing extracellular matrix,cellcom,0.04,3.7022363463175725,3.6482114009615314
collagen-containing extracellular matrix,cellcom,0.05,3.422376950375536,3.290423562817488
collagen-containing extracellular matrix,cellcom,0.06,3.4046750006322095,3.0980282158909684
collagen-containing extracellular matrix,cellcom,0.07,3.1096425049101852,2.7914463744741393
collagen-containing extracellular matrix,cellcom,0.08,2.846642108723691,2.4961680540517643
collagen-containing extracellular matrix,cellcom,0.09,2.6359046117793805,2.273917805609789
collagen-containing extracellular matrix,cellcom,0.1,2.66456491136381,2.1229948678874826
collagen-containing extracellular matrix,cellcom,0.11,2.402407465165093,1.9531280662763124
collagen-containing extracellular matrix,cellcom,0.12,2.358574065800674,1.8535419530705004
collagen-containing extracellular matrix,cellcom,0.13,2.2599489172307385,1.7591104547626273
collagen-containing extracellular matrix,cellcom,0.14,2.1174903692963936,1.6463892315123358
collagen-containing extracellular matrix,cellcom,0.15,2.0382530704453288,1.5504139652908628
collagen-containing extracellular matrix,cellcom,0.16,2.001163270983131,1.4609800885337803
collagen-containing extracellular matrix,cellcom,0.17,1.8519611231465671,1.3830852227918782
collagen-containing extracellular matrix,cellcom,0.18,1.742377624735523,1.3288440213531871
collagen-containing extracellular matrix,cellcom,0.19,1.6909576754811122,1.249117566561253
collagen-containing extracellular matrix,cellcom,0.2,1.605819726715617,1.194850199564712
collagen-containing extracellular matrix,cellcom,0.21,1.5510279775100928,1.1426237460810527
collagen-containing extracellular matrix,cellcom,0.22,1.318373780883579,1.07448863342001
collagen-containing extracellular matrix,cellcom,0.23,1.3563065303335577,1.0177617039848594
collagen-containing extracellular matrix,cellcom,0.24,1.2821269314091583,0.9806851085007179
collagen-containing extracellular matrix,cellcom,0.25,1.1818158828636687,0.9464343932651939
collagen-containing extracellular matrix,cellcom,0.26,1.1649568831081243,0.9035490439366806
collagen-containing extracellular matrix,cellcom,0.27,1.092463184159283,0.8741127913469446
collagen-containing extracellular matrix,cellcom,0.28,0.9719213359071451,0.8334776799941847
collagen-containing extracellular matrix,cellcom,0.29,0.9508475862127092,0.7948573165964463
collagen-containing extracellular matrix,cellcom,0.3,0.9255590865793923,0.7695028910324869
collagen-containing extracellular matrix,cellcom,0.31,0.9297738365182785,0.7312226798869014
collagen-containing extracellular matrix,cellcom,0.32,0.8109178882416899,0.7114676837044562
collagen-containing extracellular matrix,cellcom,0.33,0.8277768879972344,0.6897502706826955
collagen-containing extracellular matrix,cellcom,0.34,0.6945907899284329,0.6596075480308057
collagen-containing extracellular matrix,cellcom,0.35000000000000003,0.7021773398184319,0.6204377079180671
collagen-containing extracellular matrix,cellcom,0.36,0.6204111910040372,0.6032731019635154
collagen-containing extracellular matrix,cellcom,0.37,0.585850241505171,0.5657516919957983
collagen-containing extracellular matrix,cellcom,0.38,0.5681482917618493,0.5569338989978063
collagen-containing extracellular matrix,cellcom,0.39,0.5352732422385374,0.5340652014303136
collagen-containing extracellular matrix,cellcom,0.4,0.5352732422385374,0.5117198150199718
collagen-containing extracellular matrix,cellcom,0.41000000000000003,0.5032411427030058,0.4957326591690156
collagen-containing extracellular matrix,cellcom,0.42,0.4762667430941318,0.47150335259292786
collagen-containing extracellular matrix,cellcom,0.43,0.44676349352192896,0.4498906018025972
collagen-containing extracellular matrix,cellcom,0.44,0.43917694363193394,0.4333278036787724
collagen-containing extracellular matrix,cellcom,0.45,0.42231794387638943,0.4239866995236295
collagen-containing extracellular matrix,cellcom,0.46,0.38438519442641433,0.41372980084347255
collagen-containing extracellular matrix,cellcom,0.47000000000000003,0.3818563444630848,0.38628213065091194
collagen-containing extracellular matrix,cellcom,0.48,0.3801704444875282,0.3792697611450882
collagen-containing extracellular matrix,cellcom,0.49,0.3413947450497759,0.36705044562561556
collagen-containing extracellular matrix,cellcom,0.5,0.3388658950864442,0.3472954494431705
collagen-containing extracellular matrix,cellcom,0.51,0.34645244497643923,0.33460515388226203
collagen-containing extracellular matrix,cellcom,0.52,0.3236927953064542,0.3209205671227669
collagen-containing extracellular matrix,cellcom,0.53,0.32706459525756304,0.3043316034410846
collagen-containing extracellular matrix,cellcom,0.54,0.3152632954286819,0.2903068644294414
collagen-containing extracellular matrix,cellcom,0.55,0.2731157960398207,0.2837393094071981
collagen-containing extracellular matrix,cellcom,0.56,0.2731157960398207,0.27549715868207203
collagen-containing extracellular matrix,cellcom,0.5700000000000001,0.26552924614982865,0.2603734662404149
collagen-containing extracellular matrix,cellcom,0.58,0.22675354671207335,0.2511370243166993
collagen-containing extracellular matrix,cellcom,0.59,0.26384334617427124,0.24472646264160125
collagen-containing extracellular matrix,cellcom,0.6,0.2452984464431723,0.23216699486998052
collagen-containing extracellular matrix,cellcom,0.61,0.24024074651650895,0.22656756548846627
collagen-containing extracellular matrix,cellcom,0.62,0.2242246967487417,0.2137202765804126
collagen-containing extracellular matrix,cellcom,0.63,0.22169584678541004,0.20369886792097355
collagen-containing extracellular matrix,cellcom,0.64,0.20567979701764275,0.1998001998001996
collagen-containing extracellular matrix,cellcom,0.65,0.19893619711542496,0.18752855316501188
collagen-containing extracellular matrix,cellcom,0.66,0.20567979701764275,0.18441485177996425
collagen-containing extracellular matrix,cellcom,0.67,0.2166381468587467,0.17337298636408102
collagen-containing extracellular matrix,cellcom,0.68,0.17786244742099436,0.16209563092747992
collagen-containing extracellular matrix,cellcom,0.6900000000000001,0.19303554720098437,0.15503093030594325
collagen-containing extracellular matrix,cellcom,0.7000000000000001,0.1323431480810257,0.15097526883802576
collagen-containing extracellular matrix,cellcom,0.71,0.15257394778767763,0.13849429773997599
collagen-containing extracellular matrix,cellcom,0.72,0.1559457477387865,0.13909610557069949
collagen-containing extracellular matrix,cellcom,0.73,0.16016049767767263,0.12970267029984148
collagen-containing extracellular matrix,cellcom,0.74,0.15004509782434597,0.12049239393398628
collagen-containing extracellular matrix,cellcom,0.75,0.14751624786101428,0.11559943461462571
collagen-containing extracellular matrix,cellcom,0.76,0.12559954817880645,0.11130828312598864
collagen-containing extracellular matrix,cellcom,0.77,0.13655789801991036,0.10879638957166449
collagen-containing extracellular matrix,cellcom,0.78,0.12475659819102922,0.10186251673941554
collagen-containing extracellular matrix,cellcom,0.79,0.11042644839881641,0.09898430537508579
collagen-containing extracellular matrix,cellcom,0.8,0.12897134812991534,0.0907421546499597
collagen-containing extracellular matrix,cellcom,0.81,0.1281283981421381,0.0907944857656748
collagen-containing extracellular matrix,cellcom,0.8200000000000001,0.11885594827658864,0.08616318202488965
collagen-containing extracellular matrix,cellcom,0.8300000000000001,0.10536874847215422,0.08386061293342678
collagen-containing extracellular matrix,cellcom,0.84,0.10452579848437583,0.07663891896474394
collagen-containing extracellular matrix,cellcom,0.85,0.11295529836214807,0.0741270254104198
collagen-containing extracellular matrix,cellcom,0.86,0.09103859867994024,0.07151046962466548
collagen-containing extracellular matrix,cellcom,0.87,0.08682384874105412,0.0656493846645758
collagen-containing extracellular matrix,cellcom,0.88,0.08260909880216799,0.06444576900312882
collagen-containing extracellular matrix,cellcom,0.89,0.08598089875327689,0.059840630820201225
collagen-containing extracellular matrix,cellcom,0.9,0.0758654988999502,0.05507849929012837
collagen-containing extracellular matrix,cellcom,0.91,0.06322124908329184,0.054869174827268025
collagen-containing extracellular matrix,cellcom,0.92,0.08598089875327689,0.05246194350437405
collagen-containing extracellular matrix,cellcom,0.93,0.0792372988510591,0.05622978383586026
collagen-containing extracellular matrix,cellcom,0.9400000000000001,0.061535349107737385,0.054476691459404876
collagen-containing extracellular matrix,cellcom,0.9500000000000001,0.07333664893661934,0.04654852742856981
collagen-containing extracellular matrix,cellcom,0.96,0.0691218989977324,0.04681018300714473
collagen-containing extracellular matrix,cellcom,0.97,0.07670844888772743,0.04827545424716714
collagen-containing extracellular matrix,cellcom,0.98,0.08513794876549967,0.062431021048098
collagen-containing extracellular matrix,cellcom,0.99,0.14161559794657372,0.16157231977032904
cytoplasm,cellcom,0.0,20.338672077835145,21.208063058672913
cytoplasm,cellcom,0.01,7.607370741854168,7.492248215916516
cytoplasm,cellcom,0.02,5.2986699007264795,5.2291002636268376
cytoplasm,cellcom,0.03,4.327047370987656,4.104625321411769
cytoplasm,cellcom,0.04,3.7210123028586395,3.552284384892774
cytoplasm,cellcom,0.05,3.3660031313494447,3.196249784923338
cytoplasm,cellcom,0.06,3.161679727124006,3.032671198016118
cytoplasm,cellcom,0.07,2.83994169211382,2.7476870986488984
cytoplasm,cellcom,0.08,2.5687248683310147,2.4217331509242594
cytoplasm,cellcom,0.09,2.337977685514017,2.2119506821690296
cytoplasm,cellcom,0.1,2.190759490503901,2.068766777483791
cytoplasm,cellcom,0.11,2.0146155976668076,1.9009167379578134
cytoplasm,cellcom,0.12,1.9263900246285401,1.7897386472610346
cytoplasm,cellcom,0.13,1.8100727268417731,1.725005083630228
cytoplasm,cellcom,0.14,1.6931409225761374,1.615932638590592
cytoplasm,cellcom,0.15,1.5929763665197543,1.5268939079459833
cytoplasm,cellcom,0.16,1.5053214066404434,1.438757596868723
cytoplasm,cellcom,0.17,1.423109218431159,1.3616909658175524
cytoplasm,cellcom,0.18,1.3578398517108068,1.318615471802997
cytoplasm,cellcom,0.19,1.2862937402419652,1.2296970637673719
cytoplasm,cellcom,0.2,1.2325244233405386,1.1725438245022577
cytoplasm,cellcom,0.21,1.1859975042258284,1.1123223587081674
cytoplasm,cellcom,0.22,1.092241372877702,1.0675623481679068
cytoplasm,cellcom,0.23,1.0427736013283895,1.0076416888962707
cytoplasm,cellcom,0.24,1.0004604409259552,0.9750944231673956
cytoplasm,cellcom,0.25,0.9661358647488789,0.9362302204671156
cytoplasm,cellcom,0.26,0.9179848927971492,0.9024195673439618
cytoplasm,cellcom,0.27,0.8969599925556921,0.8583814924575766
cytoplasm,cellcom,0.28,0.8350265181492332,0.8412355206780459
cytoplasm,cellcom,0.29,0.7996046089741641,0.7994835753622606
cytoplasm,cellcom,0.3,0.7790625352518219,0.7675379226782844
cytoplasm,cellcom,0.31,0.7402608404429533,0.7330053339012553
cytoplasm,cellcom,0.32,0.7132225553725198,0.7161601686441681
cytoplasm,cellcom,0.33,0.6967625604026942,0.6899900011911932
cytoplasm,cellcom,0.34,0.6588387319922162,0.6631580593888328
cytoplasm,cellcom,0.35000000000000003,0.6196858906239947,0.6273019219130361
cytoplasm,cellcom,0.36,0.5984854171028561,0.6110583697008414
cytoplasm,cellcom,0.37,0.5645119874851361,0.5688852952536335
cytoplasm,cellcom,0.38,0.5505539117507241,0.5664788430740496
cytoplasm,cellcom,0.39,0.5207064542054404,0.5524612591279734
cytoplasm,cellcom,0.4,0.505475472193362,0.5219594777517474
cytoplasm,cellcom,0.41000000000000003,0.497047954768814,0.4944657616000042
cytoplasm,cellcom,0.42,0.4665420974247346,0.47864333851923735
cytoplasm,cellcom,0.43,0.44832636965812767,0.45181139671687687
cytoplasm,cellcom,0.44,0.4272575760967511,0.4420652653895621
cytoplasm,cellcom,0.45,0.4219025910665678,0.42672413274471477
cytoplasm,cellcom,0.46,0.40438915641867346,0.42443800317411007
cytoplasm,cellcom,0.47000000000000003,0.37182031303838076,0.40578799878233707
cytoplasm,cellcom,0.48,0.37304932599612567,0.3878599300444348
cytoplasm,cellcom,0.49,0.35632597110678293,0.3799186378518079
cytoplasm,cellcom,0.5,0.3339842712677397,0.36493847303389815
cytoplasm,cellcom,0.51,0.32603958036230396,0.3471908882094669
cytoplasm,cellcom,0.52,0.30966737203231753,0.3365423373148082
cytoplasm,cellcom,0.53,0.2878523920323087,0.3285408838176917
cytoplasm,cellcom,0.54,0.27762524849105713,0.3094697502944893
cytoplasm,cellcom,0.55,0.2695049843059432,0.302491038973696
cytoplasm,cellcom,0.56,0.2622186931993004,0.293527004604746
cytoplasm,cellcom,0.5700000000000001,0.24913848386328188,0.2761403876072554
cytoplasm,cellcom,0.58,0.24123768627776287,0.26296506192403046
cytoplasm,cellcom,0.59,0.23579491460774055,0.25833264147833146
cytoplasm,cellcom,0.6,0.21700857368217968,0.25388070494610127
cytoplasm,cellcom,0.61,0.21169748197191599,0.24792473580163113
cytoplasm,cellcom,0.62,0.20256767142865276,0.22975602184577268
cytoplasm,cellcom,0.63,0.19383290076466536,0.21850585790621793
cytoplasm,cellcom,0.64,0.18944356877271187,0.21441488920092536
cytoplasm,cellcom,0.65,0.17162288088538077,0.21014343658216392
cytoplasm,cellcom,0.66,0.17135952096586357,0.2038264996107562
cytoplasm,cellcom,0.67,0.16473162965801383,0.18830488305244003
cytoplasm,cellcom,0.68,0.15068576728376273,0.1788595582475732
cytoplasm,cellcom,0.6900000000000001,0.14436512921534972,0.17236213736269673
cytoplasm,cellcom,0.7000000000000001,0.13879067758557034,0.16634600691373883
cytoplasm,cellcom,0.71,0.13124102655940884,0.14944068035216007
cytoplasm,cellcom,0.72,0.12887078728375398,0.15431374601581746
cytoplasm,cellcom,0.73,0.1204432698592033,0.14456761468850268
cytoplasm,cellcom,0.74,0.11144513927569867,0.1350019672746567
cytoplasm,cellcom,0.75,0.10604626092559591,0.13097115987385366
cytoplasm,cellcom,0.76,0.10354434169018242,0.12296970637673721
cytoplasm,cellcom,0.77,0.09867218317911407,0.12465422290244593
cytoplasm,cellcom,0.78,0.09336109146885037,0.11514873679308953
cytoplasm,cellcom,0.79,0.09015687911472434,0.11190002635065126
cytoplasm,cellcom,0.8,0.08247554812880575,0.10480099242087877
cytoplasm,cellcom,0.81,0.08115874853121971,0.10666599286005629
cytoplasm,cellcom,0.8200000000000001,0.07562819022135833,0.10293599198170125
cytoplasm,cellcom,0.8300000000000001,0.07382856410465823,0.09914582979885771
cytoplasm,cellcom,0.84,0.06768349931592255,0.09090373108378175
cytoplasm,cellcom,0.85,0.06763960599600301,0.08579002020216597
cytoplasm,cellcom,0.86,0.0629430207646128,0.08464695541686362
cytoplasm,cellcom,0.87,0.058685368732417934,0.07670566322423675
cytoplasm,cellcom,0.88,0.05798307561370537,0.07460001756710084
cytoplasm,cellcom,0.89,0.0514429709456947,0.07321630756384011
cytoplasm,cellcom,0.9,0.049818918108671915,0.0637709827589733
cytoplasm,cellcom,0.91,0.04591241263583333,0.06774162885528673
cytoplasm,cellcom,0.92,0.04556126607647705,0.06431243449937968
cytoplasm,cellcom,0.93,0.04771203875253425,0.06954646798997466
cytoplasm,cellcom,0.9400000000000001,0.0451223328772817,0.06780179015977633
cytoplasm,cellcom,0.9500000000000001,0.03967956120725983,0.0578751749189934
cytoplasm,cellcom,0.96,0.04156697396379939,0.055589045348388044
cytoplasm,cellcom,0.97,0.040557427605650086,0.06088324014347263
cytoplasm,cellcom,0.98,0.0515746509054533,0.07893163149035186
cytoplasm,cellcom,0.99,0.1285196407243977,0.2054508548319753
cytoplasmic vesicle,cellcom,0.0,18.711474037875654,20.936118620667784
cytoplasmic vesicle,cellcom,0.01,7.23180791527286,7.596644879828847
cytoplasmic vesicle,cellcom,0.02,4.976593833888409,5.303194182223437
cytoplasmic vesicle,cellcom,0.03,4.090022586399708,4.249792456868969
cytoplasmic vesicle,cellcom,0.04,3.609908651104971,3.654457958500434
cytoplasmic vesicle,cellcom,0.05,3.192439551404249,3.306193222938133
cytoplasmic vesicle,cellcom,0.06,3.098227591624187,3.1083052362027677
cytoplasmic vesicle,cellcom,0.07,2.7850034136541284,2.8028798945352467
cytoplasmic vesicle,cellcom,0.08,2.536381722390391,2.5032872793332355
cytoplasmic vesicle,cellcom,0.09,2.2757694180637342,2.2858624903590106
cytoplasmic vesicle,cellcom,0.1,2.107411422404829,2.1429890061600396
cytoplasmic vesicle,cellcom,0.11,1.9319569414637856,1.970668747572058
cytoplasmic vesicle,cellcom,0.12,1.92999929035147,1.86165905392044
cytoplasmic vesicle,cellcom,0.13,1.79785784027035,1.7714499931479606
cytoplasmic vesicle,cellcom,0.14,1.7244459235586214,1.6531815540874986
cytoplasmic vesicle,cellcom,0.15,1.6055186184856085,1.5604242147621197
cytoplasmic vesicle,cellcom,0.16,1.4924642667495391,1.4754815963322896
cytoplasmic vesicle,cellcom,0.17,1.4621206745086937,1.3896895517181653
cytoplasmic vesicle,cellcom,0.18,1.3936028855777385,1.3352413333046405
cytoplasmic vesicle,cellcom,0.19,1.2974332746853676,1.2583682636256444
cytoplasmic vesicle,cellcom,0.2,1.2458002265981187,1.2027591627602523
cytoplasmic vesicle,cellcom,0.21,1.210807212965522,1.1484525153774443
cytoplasmic vesicle,cellcom,0.22,1.1307882237497329,1.076166347093659
cytoplasmic vesicle,cellcom,0.23,1.0698563328789972,1.0231055247811616
cytoplasmic vesicle,cellcom,0.24,1.0578657198160777,0.9818800406365478
cytoplasmic vesicle,cellcom,0.25,1.0240962381286804,0.945354714711721
cytoplasmic vesicle,cellcom,0.26,0.9555784491977293,0.9063094244401424
cytoplasmic vesicle,cellcom,0.27,0.9289054527924661,0.8751071692702516
cytoplasmic vesicle,cellcom,0.28,0.8909759624914089,0.8314749776034668
cytoplasmic vesicle,cellcom,0.29,0.8420346846835817,0.7946381954110593
cytoplasmic vesicle,cellcom,0.3,0.7989663602126981,0.7713356037551427
cytoplasmic vesicle,cellcom,0.31,0.7992110666017372,0.7300251769921019
cytoplasmic vesicle,cellcom,0.32,0.7446415418460154,0.7109697162576767
cytoplasmic vesicle,cellcom,0.33,0.7529615590733452,0.6870725262727512
cytoplasmic vesicle,cellcom,0.34,0.7057332259887967,0.6554455580107112
cytoplasmic vesicle,cellcom,0.35000000000000003,0.6888484851451019,0.6152676994934051
cytoplasmic vesicle,cellcom,0.36,0.6582601865152091,0.5974863780354239
cytoplasmic vesicle,cellcom,0.37,0.6129895045429735,0.560961052110597
cytoplasmic vesicle,cellcom,0.38,0.5904765167513754,0.5534294732764855
cytoplasmic vesicle,cellcom,0.39,0.5496105497818438,0.5323070754936011
cytoplasmic vesicle,cellcom,0.4,0.5510787881160785,0.5079568582103832
cytoplasmic vesicle,cellcom,0.41000000000000003,0.5559729158968637,0.4890146543005338
cytoplasmic vesicle,cellcom,0.42,0.5224481405985024,0.46576869105690094
cytoplasmic vesicle,cellcom,0.43,0.49626455697131755,0.44441977962487034
cytoplasmic vesicle,cellcom,0.44,0.47105979890028904,0.4291584225136442
cytoplasmic vesicle,cellcom,0.45,0.4507491686100428,0.4208340459075209
cytoplasmic vesicle,cellcom,0.46,0.4448762152731041,0.4091402787703476
cytoplasmic vesicle,cellcom,0.47000000000000003,0.4084149633062789,0.38357255062297096
cytoplasmic vesicle,cellcom,0.48,0.43288560221018774,0.37309629434995645
cytoplasmic vesicle,cellcom,0.49,0.4252997041499753,0.3594488469888971
cytoplasmic vesicle,cellcom,0.5,0.3910408096844997,0.3419506675923521
cytoplasmic vesicle,cellcom,0.51,0.37586901356407476,0.3302285862490356
cytoplasmic vesicle,cellcom,0.52,0.35604779605190684,0.3169492235678389
cytoplasmic vesicle,cellcom,0.53,0.33671599131781704,0.3013480959828934
cytoplasmic vesicle,cellcom,0.54,0.3208100760302748,0.28761570600340425
cytoplasmic vesicle,cellcom,0.55,0.3134688843591015,0.27994255613857627
cytoplasmic vesicle,cellcom,0.56,0.3230124335316268,0.26991932716385636
cytoplasmic vesicle,cellcom,0.5700000000000001,0.2811676410059419,0.2581406174082561
cytoplasmic vesicle,cellcom,0.58,0.2814123473949779,0.2468149349509426
cytoplasmic vesicle,cellcom,0.59,0.2811676410059388,0.24115209372228727
cytoplasmic vesicle,cellcom,0.6,0.2650170193293574,0.22880709984381864
cytoplasmic vesicle,cellcom,0.61,0.2422593251487201,0.2252111956636225
cytoplasmic vesicle,cellcom,0.62,0.23467342708850764,0.21164869092099298
cytoplasmic vesicle,cellcom,0.63,0.22390634597078674,0.2019652324199924
cytoplasmic vesicle,cellcom,0.64,0.22831106097349074,0.19669879007734292
cytoplasmic vesicle,cellcom,0.65,0.20188277095726676,0.1862508480104738
cytoplasmic vesicle,cellcom,0.66,0.2050639540147752,0.1827398864487075
cytoplasmic vesicle,cellcom,0.67,0.21607574152153522,0.1698852368596599
cytoplasmic vesicle,cellcom,0.68,0.1967439367874454,0.15861618281463583
cytoplasmic vesicle,cellcom,0.6900000000000001,0.18328508539029428,0.15303828420441032
cytoplasmic vesicle,cellcom,0.7000000000000001,0.17839095760951404,0.1471772435327537
cytoplasmic vesicle,cellcom,0.71,0.17153917871641697,0.13514370592185948
cytoplasmic vesicle,cellcom,0.72,0.16958152760410408,0.13613470313687415
cytoplasmic vesicle,cellcom,0.73,0.15392031870560094,0.12792358335532392
cytoplasmic vesicle,cellcom,0.74,0.14560030147827116,0.11857989532804263
cytoplasmic vesicle,cellcom,0.75,0.14339794397691916,0.11345502401610955
cytoplasmic vesicle,cellcom,0.76,0.14046146730844983,0.1084150953226063
cytoplasmic vesicle,cellcom,0.77,0.13018379896880716,0.10725421287073196
cytoplasmic vesicle,cellcom,0.78,0.12333202007571205,0.10014734712876953
cytoplasmic vesicle,cellcom,0.79,0.13067321174688537,0.09570201676427509
cytoplasmic vesicle,cellcom,0.8,0.11403317729222581,0.08933132038203784
cytoplasmic vesicle,cellcom,0.81,0.11085199423471737,0.08972771926804371
cytoplasmic vesicle,cellcom,0.8200000000000001,0.09470137255813603,0.08627338611856396
cytoplasmic vesicle,cellcom,0.8300000000000001,0.09886138117180203,0.0828473671752284
cytoplasmic vesicle,cellcom,0.84,0.1003296195060356,0.0748344468366802
cytoplasmic vesicle,cellcom,0.85,0.08956253838831471,0.07364525017866258
cytoplasmic vesicle,cellcom,0.86,0.09641431728140981,0.06928486243259797
cytoplasmic vesicle,cellcom,0.87,0.08589194255272804,0.06401842008994851
cytoplasmic vesicle,cellcom,0.88,0.07952957643771114,0.0633105649363666
cytoplasmic vesicle,cellcom,0.89,0.07561427421308536,0.05889354877801544
cytoplasmic vesicle,cellcom,0.9,0.08099781477194581,0.05277768025106768
cytoplasmic vesicle,cellcom,0.91,0.06460248670632536,0.05402350532137185
cytoplasmic vesicle,cellcom,0.92,0.06949661448710757,0.051616797799193335
cytoplasmic vesicle,cellcom,0.93,0.06949661448710757,0.055467529834678966
cytoplasmic vesicle,cellcom,0.9400000000000001,0.06142130364881691,0.05391024849679875
cytoplasmic vesicle,cellcom,0.9500000000000001,0.0491859841968619,0.047143153228556146
cytoplasmic vesicle,cellcom,0.96,0.061666010037856024,0.0458406997459649
cytoplasmic vesicle,cellcom,0.97,0.07267779754461604,0.04640698386883044
cytoplasmic vesicle,cellcom,0.98,0.08491311699657159,0.06059240114661203
cytoplasmic vesicle,cellcom,0.99,0.22684282263925606,0.15334974047198635
cytoplasmic vesicle membrane,cellcom,0.0,18.457698172649632,20.8247700405105
cytoplasmic vesicle membrane,cellcom,0.01,7.268637111669174,7.574218025488635
cytoplasmic vesicle membrane,cellcom,0.02,4.940539397996004,5.286783229005925
cytoplasmic vesicle membrane,cellcom,0.03,4.021076682284615,4.244489070075841
cytoplasmic vesicle membrane,cellcom,0.04,3.5183162810828215,3.656822242878057
cytoplasmic vesicle membrane,cellcom,0.05,3.0845030019677626,3.3055423858273665
cytoplasmic vesicle membrane,cellcom,0.06,3.0900389022812913,3.1081746329120117
cytoplasmic vesicle membrane,cellcom,0.07,2.6914540797069004,2.8068447190162042
cytoplasmic vesicle membrane,cellcom,0.08,2.527390124960369,2.5056217070854103
cytoplasmic vesicle membrane,cellcom,0.09,2.291862729802769,2.2844415414621926
cytoplasmic vesicle membrane,cellcom,0.1,2.1207530837481077,2.1402842416347885
cytoplasmic vesicle membrane,cellcom,0.11,1.962728292979976,1.9668625288835757
cytoplasmic vesicle membrane,cellcom,0.12,1.9204541451311739,1.8660005248886464
cytoplasmic vesicle membrane,cellcom,0.13,1.7760174733144427,1.7740915604640173
cytoplasmic vesicle membrane,cellcom,0.14,1.7186454155196482,1.6574882421201258
cytoplasmic vesicle membrane,cellcom,0.15,1.6018882452705783,1.5631472579913213
cytoplasmic vesicle membrane,cellcom,0.16,1.498719193972913,1.4761023329750322
cytoplasmic vesicle membrane,cellcom,0.17,1.462987473767384,1.3937076434370506
cytoplasmic vesicle membrane,cellcom,0.18,1.4156806892699143,1.3373435823810582
cytoplasmic vesicle membrane,cellcom,0.19,1.3130149016371155,1.2597327557776494
cytoplasmic vesicle membrane,cellcom,0.2,1.2737603357775196,1.2036894006167196
cytoplasmic vesicle membrane,cellcom,0.21,1.2350090335827832,1.1506660259675554
cytoplasmic vesicle membrane,cellcom,0.22,1.1544868472041176,1.0779726897549957
cytoplasmic vesicle membrane,cellcom,0.23,1.0744679244903217,1.02548382493093
cytoplasmic vesicle membrane,cellcom,0.24,1.0855397251173853,0.9846739997851262
cytoplasmic vesicle membrane,cellcom,0.25,1.0201154486847195,0.9499843121366327
cytoplasmic vesicle membrane,cellcom,0.26,0.9461356899493205,0.9095753693596511
cytoplasmic vesicle membrane,cellcom,0.27,0.9048680694302544,0.879402289733188
cytoplasmic vesicle membrane,cellcom,0.28,0.8867505774950596,0.8350379742505275
cytoplasmic vesicle membrane,cellcom,0.29,0.8691363492247216,0.7958584040712537
cytoplasmic vesicle membrane,cellcom,0.3,0.8268622013759221,0.7714045795732787
cytoplasmic vesicle membrane,cellcom,0.31,0.7664705615919228,0.7356458722746005
cytoplasmic vesicle membrane,cellcom,0.32,0.7765358348892561,0.711165322285371
cytoplasmic vesicle membrane,cellcom,0.33,0.7669738252567896,0.6900254587029685
cytoplasmic vesicle membrane,cellcom,0.34,0.7080919764673904,0.6581419476362098
cytoplasmic vesicle membrane,cellcom,0.35000000000000003,0.7000397578295277,0.6188020245094163
cytoplasmic vesicle membrane,cellcom,0.36,0.6331056904022581,0.6022322199315502
cytoplasmic vesicle membrane,cellcom,0.37,0.6079425071589252,0.5641483948937203
cytoplasmic vesicle membrane,cellcom,0.38,0.6094522981535251,0.5545004925508034
cytoplasmic vesicle membrane,cellcom,0.39,0.5661716229749924,0.5323985112832347
cytoplasmic vesicle membrane,cellcom,0.4,0.5571128770073924,0.5100560005943745
cytoplasmic vesicle membrane,cellcom,0.41000000000000003,0.5681846776344621,0.4921231959625289
cytoplasmic vesicle membrane,cellcom,0.42,0.5389953850721927,0.4680702538333704
cytoplasmic vesicle membrane,cellcom,0.43,0.4871592275909267,0.4478123314623704
cytoplasmic vesicle membrane,cellcom,0.44,0.46652541733139363,0.4317503112183453
cytoplasmic vesicle membrane,cellcom,0.45,0.47407437230439353,0.42127391864653524
cytoplasmic vesicle membrane,cellcom,0.46,0.4418654977529274,0.4113053104085629
cytoplasmic vesicle membrane,cellcom,0.47000000000000003,0.4091533595365967,0.3849272505402576
cytoplasmic vesicle membrane,cellcom,0.48,0.4403557067583274,0.3760543874437225
cytoplasmic vesicle membrane,cellcom,0.49,0.4494144527259273,0.3618631515875206
cytoplasmic vesicle membrane,cellcom,0.5,0.417205578174461,0.34331566065681607
cytoplasmic vesicle membrane,cellcom,0.51,0.3729183756661949,0.33294617005002447
cytoplasmic vesicle membrane,cellcom,0.52,0.346245401428262,0.31966360089647955
cytoplasmic vesicle membrane,cellcom,0.53,0.344735610433662,0.3029067178798345
cytoplasmic vesicle membrane,cellcom,0.54,0.31957242719032897,0.2895439722525257
cytoplasmic vesicle membrane,cellcom,0.55,0.32259200917952896,0.28133924643735814
cytoplasmic vesicle membrane,cellcom,0.56,0.33165075514712883,0.2724396578495705
cytoplasmic vesicle membrane,cellcom,0.5700000000000001,0.2974288259361993,0.25856912788842695
cytoplasmic vesicle membrane,cellcom,0.58,0.3014549352551293,0.24769185294779475
cytoplasmic vesicle membrane,cellcom,0.59,0.29239618928752936,0.24280108804819975
cytoplasmic vesicle membrane,cellcom,0.6,0.269246060703663,0.23061426403609417
cytoplasmic vesicle membrane,cellcom,0.61,0.24156655913599673,0.22620455797908232
cytoplasmic vesicle membrane,cellcom,0.62,0.23653392248733013,0.21284181235177355
cytoplasmic vesicle membrane,cellcom,0.63,0.22546212186026363,0.2031137335350928
cytoplasmic vesicle membrane,cellcom,0.64,0.2420698228008634,0.19774190979291467
cytoplasmic vesicle membrane,cellcom,0.65,0.2108674755791305,0.18665083092224843
cytoplasmic vesicle membrane,cellcom,0.66,0.2259653855251303,0.18288253665534737
cytoplasmic vesicle membrane,cellcom,0.67,0.20482831160073056,0.17307428136490274
cytoplasmic vesicle membrane,cellcom,0.68,0.20482831160073056,0.1603262220364502
cytoplasmic vesicle membrane,cellcom,0.6900000000000001,0.1977826202925973,0.15396555511785126
cytoplasmic vesicle membrane,cellcom,0.7000000000000001,0.18369123767633289,0.14864718235818405
cytoplasmic vesicle membrane,cellcom,0.71,0.1781553373627976,0.13683451522364146
cytoplasmic vesicle membrane,cellcom,0.72,0.15953458176273116,0.138544946663937
cytoplasmic vesicle membrane,cellcom,0.73,0.15349541778433126,0.1294048286548578
cytoplasmic vesicle membrane,cellcom,0.74,0.14946930846539797,0.11989055376821398
cytoplasmic vesicle membrane,cellcom,0.75,0.14393340815186473,0.11510669083363745
cytoplasmic vesicle membrane,cellcom,0.76,0.1504758357951313,0.10968141610895012
cytoplasmic vesicle membrane,cellcom,0.77,0.13235834385993156,0.10842531801998309
cytoplasmic vesicle membrane,cellcom,0.78,0.13839750783833146,0.10064820006488939
cytoplasmic vesicle membrane,cellcom,0.79,0.1378942441734648,0.09728078816680759
cytoplasmic vesicle membrane,cellcom,0.8,0.12329959789233166,0.09022525847558859
cytoplasmic vesicle membrane,cellcom,0.81,0.11071800627066518,0.09092012124820864
cytoplasmic vesicle membrane,cellcom,0.8200000000000001,0.10518210595713191,0.08618970929614135
cytoplasmic vesicle membrane,cellcom,0.8300000000000001,0.10518210595713308,0.08341025820566206
cytoplasmic vesicle membrane,cellcom,0.84,0.09964620564359865,0.07630127753193289
cytoplasmic vesicle membrane,cellcom,0.85,0.09411030533006538,0.07429686568783658
cytoplasmic vesicle membrane,cellcom,0.86,0.0951168326597987,0.07087600280724554
cytoplasmic vesicle membrane,cellcom,0.87,0.09058745967599878,0.0649963947312297
cytoplasmic vesicle membrane,cellcom,0.88,0.09209725067059876,0.06355321820348035
cytoplasmic vesicle membrane,cellcom,0.89,0.08605808669219883,0.05927713960274155
cytoplasmic vesicle membrane,cellcom,0.9,0.09058745967599878,0.05385186487805421
cytoplasmic vesicle membrane,cellcom,0.91,0.06995364941646572,0.054332923720637326
cytoplasmic vesicle membrane,cellcom,0.92,0.07850913171919893,0.05214143343775869
cytoplasmic vesicle membrane,cellcom,0.93,0.07800586805433227,0.055802825739641286
cytoplasmic vesicle membrane,cellcom,0.9400000000000001,0.06743733109213242,0.05401221782558192
cytoplasmic vesicle membrane,cellcom,0.9500000000000001,0.05082963015153321,0.04717049206440036
cytoplasmic vesicle membrane,cellcom,0.96,0.05938511245426586,0.04684978616934443
cytoplasmic vesicle membrane,cellcom,0.97,0.08454829569759885,0.0472506685381637
cytoplasmic vesicle membrane,cellcom,0.98,0.09863967831386533,0.06122810046432863
cytoplasmic vesicle membrane,cellcom,0.99,0.26018731473606316,0.15570271204940142
cytoskeleton,cellcom,0.0,20.525206644466376,20.742042305047313
cytoskeleton,cellcom,0.01,7.9492968155047565,7.479420965391554
cytoskeleton,cellcom,0.02,5.555029838214244,5.211238186675267
cytoskeleton,cellcom,0.03,4.479261952934779,4.183202572944264
cytoskeleton,cellcom,0.04,3.912538659000205,3.5964298321796364
cytoskeleton,cellcom,0.05,3.5371764773032823,3.2450380066278006
cytoskeleton,cellcom,0.06,3.2731161670098823,3.073540962020242
cytoskeleton,cellcom,0.07,2.9653462149102463,2.7676190615789222
cytoskeleton,cellcom,0.08,2.6446586367097917,2.4786758571493146
cytoskeleton,cellcom,0.09,2.4109397272578414,2.259174297918703
cytoskeleton,cellcom,0.1,2.223183533932051,2.1222453897954385
cytoskeleton,cellcom,0.11,2.034676315832955,1.9528248763547849
cytoskeleton,cellcom,0.12,1.9824049916110515,1.845639223475061
cytoskeleton,cellcom,0.13,1.8240889693987428,1.7640437635050852
cytoskeleton,cellcom,0.14,1.7211985754562131,1.64824661372734
cytoskeleton,cellcom,0.15,1.5989317423624523,1.5582228801975866
cytoskeleton,cellcom,0.16,1.5149671727071574,1.4695733217047573
cytoskeleton,cellcom,0.17,1.4320540377344912,1.3901154673477714
cytoskeleton,cellcom,0.18,1.3626593486812744,1.3369501620305044
cytoskeleton,cellcom,0.19,1.2932646596280613,1.2561486698596376
cytoskeleton,cellcom,0.2,1.2461003038646254,1.1993188977772589
cytoskeleton,cellcom,0.21,1.1959318490079702,1.1465811135825894
cytoskeleton,cellcom,0.22,1.0771197298714086,1.082788854646482
cytoskeleton,cellcom,0.23,1.0293545542893296,1.0276691670544913
cytoskeleton,cellcom,0.24,0.9856449124830823,0.9905969782807046
cytoskeleton,cellcom,0.25,0.9617623246920414,0.9518452422395747
cytoskeleton,cellcom,0.26,0.8974746040972899,0.9142539206740656
cytoskeleton,cellcom,0.27,0.872840991532946,0.8822814481484051
cytoskeleton,cellcom,0.28,0.8120079848953936,0.8428578932003415
cytoskeleton,cellcom,0.29,0.762740759766701,0.8070377305713019
cytoskeleton,cellcom,0.3,0.7538786674417235,0.7783327409112056
cytoskeleton,cellcom,0.31,0.7148253792299587,0.7417491477061041
cytoskeleton,cellcom,0.32,0.6977020143986463,0.7178690392867476
cytoskeleton,cellcom,0.33,0.6705149176050715,0.6986611259929172
cytoskeleton,cellcom,0.34,0.6311612194839854,0.6666581162442141
cytoskeleton,cellcom,0.35000000000000003,0.6027724830531288,0.626990263511808
cytoskeleton,cellcom,0.36,0.5761862060781932,0.6094008230392349
cytoskeleton,cellcom,0.37,0.5383345575037134,0.5720537992580671
cytoskeleton,cellcom,0.38,0.5100960260275141,0.5668624713408157
cytoskeleton,cellcom,0.39,0.48936774228434654,0.5431961234827576
cytoskeleton,cellcom,0.4,0.49162081660425605,0.5166592766586899
cytoskeleton,cellcom,0.41000000000000003,0.4549708076670638,0.5042917013264172
cytoskeleton,cellcom,0.42,0.4489626094806359,0.47625853057325657
cytoskeleton,cellcom,0.43,0.42778371087348654,0.4542717299825445
cytoskeleton,cellcom,0.44,0.4088578865862466,0.4385145228925343
cytoskeleton,cellcom,0.45,0.40179825371719674,0.4284372392884579
cytoskeleton,cellcom,0.46,0.36845275378253595,0.421871736334287
cytoskeleton,cellcom,0.47000000000000003,0.35358246327113513,0.3927697627746384
cytoskeleton,cellcom,0.48,0.3411154520343005,0.3870593020656596
cytoskeleton,cellcom,0.49,0.3363088934851602,0.3723708977821422
cytoskeleton,cellcom,0.5,0.3095724115555673,0.354659308417402
cytoskeleton,cellcom,0.51,0.2981568350013591,0.3424444192003398
cytoskeleton,cellcom,0.52,0.28493879899122326,0.3283362221546329
cytoskeleton,cellcom,0.53,0.25850272697095167,0.3144723228932672
cytoskeleton,cellcom,0.54,0.2654121548853408,0.29627213795984453
cytoskeleton,cellcom,0.55,0.24243079682226376,0.29175262894953147
cytoskeleton,cellcom,0.56,0.23206665495068,0.2842404720810382
cytoskeleton,cellcom,0.5700000000000001,0.2266592765828997,0.26741446218453796
cytoskeleton,cellcom,0.58,0.2206510783964718,0.25645159911222165
cytoskeleton,cellcom,0.59,0.21524370002868898,0.2514129573101835
cytoskeleton,cellcom,0.6,0.19181172710163,0.24084707813742462
cytoskeleton,cellcom,0.61,0.193463981602897,0.23379297961457118
cytoskeleton,cellcom,0.62,0.17964512577411862,0.22102842038274112
cytoskeleton,cellcom,0.63,0.17153405822244439,0.2108900623325795
cytoskeleton,cellcom,0.64,0.16432422039873393,0.2072255955674608
cytoskeleton,cellcom,0.65,0.15441069339113206,0.19467479689692938
cytoskeleton,cellcom,0.66,0.14284491188226323,0.19363653131347908
cytoskeleton,cellcom,0.67,0.14479757629285148,0.1807498231894784
cytoskeleton,cellcom,0.68,0.12512072723230838,0.1701839440167196
cytoskeleton,cellcom,0.6900000000000001,0.11655904481665222,0.16422918552340177
cytoskeleton,cellcom,0.7000000000000001,0.11100146149420999,0.15842711314529895
cytoskeleton,cellcom,0.71,0.11055084663022685,0.14468536277610217
cytoskeleton,cellcom,0.72,0.098985065121358,0.14786123397253836
cytoskeleton,cellcom,0.73,0.10063731962262498,0.13671514756196906
cytoskeleton,cellcom,0.74,0.09252625207095072,0.12724860841874583
cytoskeleton,cellcom,0.75,0.08096047056208189,0.12379790221492576
cytoskeleton,cellcom,0.76,0.0770551417409054,0.11878979763593023
cytoskeleton,cellcom,0.77,0.07600370705828095,0.11646896868468841
cytoskeleton,cellcom,0.78,0.07194817328244382,0.1087735884779392
cytoskeleton,cellcom,0.79,0.07134735346380129,0.10501751004369257
cytoskeleton,cellcom,0.8,0.057528497635022935,0.09887952821211879
cytoskeleton,cellcom,0.81,0.05392357872316772,0.09964295878818519
cytoskeleton,cellcom,0.8200000000000001,0.05242152917656137,0.09420733308659249
cytoskeleton,cellcom,0.8300000000000001,0.05512521836045341,0.09048179187538952
cytoskeleton,cellcom,0.84,0.0473145607180998,0.083610916690791
cytoskeleton,cellcom,0.85,0.04295861703294141,0.08187029497735963
cytoskeleton,cellcom,0.86,0.03710062380117667,0.0792135565726486
cytoskeleton,cellcom,0.87,0.032143860297375745,0.0732282608562881
cytoskeleton,cellcom,0.88,0.03244427020669701,0.07160978803502735
cytoskeleton,cellcom,0.89,0.029890785977466226,0.06687651846341573
cytoskeleton,cellcom,0.9,0.02748750670289608,0.061440892761823046
cytoskeleton,cellcom,0.91,0.022230333289773876,0.06180733943833491
cytoskeleton,cellcom,0.92,0.021479308516470706,0.05997510605577557
cytoskeleton,cellcom,0.93,0.02373238283638022,0.0636701100439369
cytoskeleton,cellcom,0.9400000000000001,0.018325004468597385,0.06208217444571881
cytoskeleton,cellcom,0.9500000000000001,0.0171233648313125,0.05350121477073318
cytoskeleton,cellcom,0.96,0.01982705401520373,0.05310423087117807
cytoskeleton,cellcom,0.97,0.01757397969529421,0.05554720871459051
cytoskeleton,cellcom,0.98,0.02132910356181007,0.07160978803502735
cytoskeleton,cellcom,0.99,0.0416067724409957,0.18523879497674878
cytosol,cellcom,0.0,20.416317804640915,20.8168558174729
cytosol,cellcom,0.01,7.665479167692731,7.517685310301204
cytosol,cellcom,0.02,5.371927962043812,5.22976750923954
cytosol,cellcom,0.03,4.342853390391655,4.190958805946638
cytosol,cellcom,0.04,3.781937976436079,3.5989109808029243
cytosol,cellcom,0.05,3.420124732995144,3.245925583688201
cytosol,cellcom,0.06,3.180983234557494,3.07883856236245
cytosol,cellcom,0.07,2.8914049517430347,2.7661833027604885
cytosol,cellcom,0.08,2.592614887333528,2.473605208389373
cytosol,cellcom,0.09,2.368248721751294,2.2526509066193796
cytosol,cellcom,0.1,2.206814529442132,2.1132710765404137
cytosol,cellcom,0.11,2.0048849804181246,1.9519153650791652
cytosol,cellcom,0.12,1.946239677788295,1.838871431248717
cytosol,cellcom,0.13,1.8242975788519367,1.7548708222530922
cytosol,cellcom,0.14,1.7260689770909408,1.6353220275334968
cytosol,cellcom,0.15,1.6082311372810818,1.5484733443107244
cytosol,cellcom,0.16,1.5163869386057545,1.4621520822411307
cytosol,cellcom,0.17,1.4426926858454163,1.3796634138846107
cytosol,cellcom,0.18,1.3920734899518603,1.3217174098558124
cytosol,cellcom,0.19,1.2890109829974215,1.2521681404571745
cytosol,cellcom,0.2,1.2355644085945034,1.1962966596308708
cytosol,cellcom,0.21,1.2068345947089705,1.1349048374013317
cytosol,cellcom,0.22,1.111524577215706,1.0703836496629593
cytosol,cellcom,0.23,1.0489574269761115,1.0198567031888255
cytosol,cellcom,0.24,1.0166705885142755,0.9793859200352169
cytosol,cellcom,0.25,0.9663250098958239,0.948584524689814
cytosol,cellcom,0.26,0.918715604028375,0.9086060012791712
cytosol,cellcom,0.27,0.9024809790390917,0.8722842645305399
cytosol,cellcom,0.28,0.8278746686950865,0.8414125463647185
cytosol,cellcom,0.29,0.8059852866870595,0.7970740080878269
cytosol,cellcom,0.3,0.7747929173256276,0.7739729615787748
cytosol,cellcom,0.31,0.7379457909454565,0.7369128352156987
cytosol,cellcom,0.32,0.7194310219970041,0.7125459779390273
cytosol,cellcom,0.33,0.7004602242567181,0.6913788089916159
cytosol,cellcom,0.34,0.6468312383370631,0.6659922708188067
cytosol,cellcom,0.35000000000000003,0.6174629841429697,0.6249940665120297
cytosol,cellcom,0.36,0.6030524743210182,0.6040730274360963
cytosol,cellcom,0.37,0.5641988212567783,0.5671887081240785
cytosol,cellcom,0.38,0.5470521386838274,0.5612112683880985
cytosol,cellcom,0.39,0.5249803451590715,0.5376179621360833
cytosol,cellcom,0.4,0.5094753662367223,0.5135675575513167
cytosol,cellcom,0.41000000000000003,0.4998987616082152,0.4944397503961835
cytosol,cellcom,0.42,0.4650581619121101,0.47418677811427207
cytosol,cellcom,0.43,0.44143587049511923,0.4530196091668605
cytosol,cellcom,0.44,0.4279374182568387,0.43564987252230686
cytosol,cellcom,0.45,0.42228266123809954,0.42457402830563806
cytosol,cellcom,0.46,0.40650406504065,0.4152914160097632
cytosol,cellcom,0.47000000000000003,0.36546147377561,0.3941242470623539
cytosol,cellcom,0.48,0.37531169567921807,0.38083323400234914
cytosol,cellcom,0.49,0.34603464724348804,0.3740822432417129
cytosol,cellcom,0.5,0.3324449892468408,0.3526689444228199
cytosol,cellcom,0.51,0.32250356158486393,0.33976470687514543
cytosol,cellcom,0.52,0.30398879263641165,0.3275636975317039
cytosol,cellcom,0.53,0.28483558337939197,0.3127959052428121
cytosol,cellcom,0.54,0.2728876290333464,0.29806327436413205
cytosol,cellcom,0.55,0.2617605265126017,0.2917693819362472
cytosol,cellcom,0.56,0.25236633340082537,0.284315162971378
cytosol,cellcom,0.5700000000000001,0.24689398789882253,0.26578509978984294
cytosol,cellcom,0.58,0.23585809113644177,0.25601022775100213
cytosol,cellcom,0.59,0.23020333411770263,0.2511227917315832
cytosol,cellcom,0.6,0.20731068876764586,0.2422972777684598
cytosol,cellcom,0.61,0.2014735202321732,0.23681209777544285
cytosol,cellcom,0.62,0.19043762346979523,0.22313430920311214
cytosol,cellcom,0.63,0.18441804341758905,0.21188265793538508
cytosol,cellcom,0.64,0.17821605184864936,0.20836651691422037
cytosol,cellcom,0.65,0.16079575200059817,0.19831035359368934
cytosol,cellcom,0.66,0.16198142685936606,0.1939503387274451
cytosol,cellcom,0.67,0.15368170284799088,0.18276901028014134
cytosol,cellcom,0.68,0.14164254274357851,0.17063832375712312
cytosol,cellcom,0.6900000000000001,0.1327955841820028,0.16518830517431782
cytosol,cellcom,0.7000000000000001,0.13069785173956874,0.15801537749114358
cytosol,cellcom,0.71,0.1206652183192237,0.1459550137885469
cytosol,cellcom,0.72,0.1192971319437223,0.14743179301743606
cytosol,cellcom,0.73,0.10889967548991164,0.13899305456664077
cytosol,cellcom,0.74,0.09704292690223282,0.13076528457711536
cytosol,cellcom,0.75,0.0959484578018317,0.12450655355944219
cytosol,cellcom,0.76,0.08856079137412412,0.12067395984637266
cytosol,cellcom,0.77,0.08454773800598667,0.11930266484811843
cytosol,cellcom,0.78,0.07615680823624474,0.11272748113854042
cytosol,cellcom,0.79,0.07433269306890954,0.10896521024589419
cytosol,cellcom,0.8,0.06767467270813604,0.10122969999933185
cytosol,cellcom,0.81,0.06785708422486955,0.1011945385891202
cytosol,cellcom,0.8200000000000001,0.05691239322085834,0.0988035626947282
cytosol,cellcom,0.8300000000000001,0.058554096871460674,0.0945138706489083
cytosol,cellcom,0.84,0.05299054561108765,0.08691900604319149
cytosol,cellcom,0.85,0.04970713830988429,0.08516093553260914
cytosol,cellcom,0.86,0.0462413194919474,0.0820667314339842
cytosol,cellcom,0.87,0.04003932792300771,0.07640574438990902
cytosol,cellcom,0.88,0.03566145152140322,0.07630026015927409
cytosol,cellcom,0.89,0.03484059969610238,0.07056895029477563
cytosol,cellcom,0.9,0.03566145152140322,0.06343118402181126
cytosol,cellcom,0.91,0.02872981388552945,0.06529473876302856
cytosol,cellcom,0.92,0.02727052175166129,0.06357182966265786
cytosol,cellcom,0.93,0.02736172751002805,0.06831862004123021
cytosol,cellcom,0.9400000000000001,0.024169525967191446,0.06645506530001291
cytosol,cellcom,0.9500000000000001,0.019974061082320697,0.05791084261858333
cytosol,cellcom,0.96,0.02453434900065848,0.05632857915905857
cytosol,cellcom,0.97,0.023348674141890603,0.05907116915556704
cytosol,cellcom,0.98,0.02863860812716269,0.07640574438990902
cytosol,cellcom,0.99,0.07205254910974053,0.19525131090527606
dendrite,cellcom,0.0,21.84007771878265,20.656235917243833
dendrite,cellcom,0.01,7.994892067429598,7.539910961236312
dendrite,cellcom,0.02,5.404265979091693,5.2634756255457695
dendrite,cellcom,0.03,4.421172258304972,4.225078386838318
dendrite,cellcom,0.04,3.802232582011034,3.643233842991202
dendrite,cellcom,0.05,3.450909468616155,3.2876136350999356
dendrite,cellcom,0.06,3.1289141977307553,3.106321731039808
dendrite,cellcom,0.07,2.910177372347512,2.7962958942295333
dendrite,cellcom,0.08,2.5741291769263213,2.5037982070450466
dendrite,cellcom,0.09,2.3792212235820274,2.280724701611052
dendrite,cellcom,0.1,2.1928672243030065,2.13697798813911
dendrite,cellcom,0.11,2.021788142997673,1.9642648159200091
dendrite,cellcom,0.12,1.8818698943586656,1.8681777237870743
dendrite,cellcom,0.13,1.8061063012091607,1.7728055259742275
dendrite,cellcom,0.14,1.6173083150543515,1.6624470250070065
dendrite,cellcom,0.15,1.474335082820604,1.5690341671825365
dendrite,cellcom,0.16,1.3533577324689754,1.48261138715446
dendrite,cellcom,0.17,1.3441927816847647,1.3994983030527073
dendrite,cellcom,0.18,1.2983680277636898,1.343154039603026
dendrite,cellcom,0.19,1.1938875888236469,1.265389424118203
dendrite,cellcom,0.2,1.1645597463141644,1.2090716382359397
dendrite,cellcom,0.21,1.0668002712825424,1.1587377825884566
dendrite,cellcom,0.22,0.9928696682898804,1.085686174102714
dendrite,cellcom,0.23,0.9696517929698736,1.0304804460516936
dendrite,cellcom,0.24,0.9122181013887947,0.9931205984353867
dendrite,cellcom,0.25,0.8902222195066806,0.9562638245998833
dendrite,cellcom,0.26,0.841342481990871,0.9144557456586048
dendrite,cellcom,0.27,0.8547844098077186,0.8818089050413811
dendrite,cellcom,0.28,0.7814648035340087,0.8400802588023388
dendrite,cellcom,0.29,0.7252531053908234,0.8027733663208513
dendrite,cellcom,0.3,0.7063122071034472,0.7771430810674265
dendrite,cellcom,0.31,0.6867603120971234,0.7393860699399641
dendrite,cellcom,0.32,0.6507115056792139,0.7172243460173231
dendrite,cellcom,0.33,0.6507115056792139,0.6957775164147673
dendrite,cellcom,0.34,0.6360475844244711,0.6617273647247836
dendrite,cellcom,0.35000000000000003,0.5767809026865552,0.6248970684566943
dendrite,cellcom,0.36,0.5584510011181235,0.6057537872188541
dendrite,cellcom,0.37,0.49246335547178066,0.5695589525686148
dendrite,cellcom,0.38,0.5022393029749426,0.5596563423570643
dendrite,cellcom,0.39,0.47657744077914255,0.5365943811424642
dendrite,cellcom,0.4,0.4417506277991284,0.5154917599162457
dendrite,cellcom,0.41000000000000003,0.4558035523349261,0.49769883461635034
dendrite,cellcom,0.42,0.4283086999822807,0.47352481557050374
dendrite,cellcom,0.43,0.40631281810016645,0.4516808224567895
dendrite,cellcom,0.44,0.3592660707411998,0.43672099686982163
dendrite,cellcom,0.45,0.3788179657475236,0.42589167179890147
dendrite,cellcom,0.46,0.34460214948645695,0.41580371861547705
dendrite,cellcom,0.47000000000000003,0.32505025448013497,0.38879659985670517
dendrite,cellcom,0.48,0.35865507402225216,0.3801913904482702
dendrite,cellcom,0.49,0.3433801560485617,0.36727033755191557
dendrite,cellcom,0.5,0.318940287290657,0.3482594441511315
dendrite,cellcom,0.51,0.31160832666328553,0.33597385287263043
dendrite,cellcom,0.52,0.288390451343276,0.3224173383584223
dendrite,cellcom,0.53,0.254785631801157,0.3071927370973488
dendrite,cellcom,0.54,0.2670055661801094,0.292100523673328
dendrite,cellcom,0.55,0.25845161211484274,0.2845014618264965
dendrite,cellcom,0.56,0.2700605497748475,0.2756579543113685
dendrite,cellcom,0.5700000000000001,0.23828872038957397,0.26149245574672036
dendrite,cellcom,0.58,0.24012171054641415,0.25084847364767127
dendrite,cellcom,0.59,0.2260687860106189,0.2461354666485911
dendrite,cellcom,0.6,0.2181258286642999,0.23318793618482592
dendrite,cellcom,0.61,0.20407290412850465,0.22797185540494505
dendrite,cellcom,0.62,0.2022399139716618,0.21454772872778977
dendrite,cellcom,0.63,0.1961299467821856,0.20459216338141817
dendrite,cellcom,0.64,0.19063097631165704,0.2003822301631387
dendrite,cellcom,0.65,0.182688018965338,0.18809663888463762
dendrite,cellcom,0.66,0.16008114036427612,0.18613729889625596
dendrite,cellcom,0.67,0.15824815020743324,0.17538740652756749
dendrite,cellcom,0.68,0.16558011083480467,0.1624398760638023
dendrite,cellcom,0.6900000000000001,0.13441927816847613,0.1571178850142792
dendrite,cellcom,0.7000000000000001,0.13991824863900623,0.15086917910538808
dendrite,cellcom,0.71,0.12830931097899992,0.1393779148492022
dendrite,cellcom,0.72,0.12525432738426184,0.1402251970063402
dendrite,cellcom,0.73,0.13136429457373802,0.13058736246889535
dendrite,cellcom,0.74,0.10203645206425233,0.12222045116715755
dendrite,cellcom,0.75,0.10081445862635709,0.11724266849397175
dendrite,cellcom,0.76,0.0916495078421428,0.11260909419712328
dendrite,cellcom,0.77,0.09714847831267137,0.1101731579953515
dendrite,cellcom,0.78,0.08981651768529995,0.10310364749673125
dendrite,cellcom,0.79,0.08859452424740472,0.0997939515704109
dendrite,cellcom,0.8,0.084928543933719,0.09219488972357942
dendrite,cellcom,0.81,0.08431754721477137,0.09224784485840054
dendrite,cellcom,0.8200000000000001,0.09103851112319519,0.08697880894369855
dendrite,cellcom,0.8300000000000001,0.06720963908423881,0.08525776706201293
dendrite,cellcom,0.84,0.0782075800252952,0.07744688467589599
dendrite,cellcom,0.85,0.05560070142423331,0.07614948387277841
dendrite,cellcom,0.86,0.07148661611687139,0.07212489362637287
dendrite,cellcom,0.87,0.06293266205160472,0.06643221663310188
dendrite,cellcom,0.88,0.05560070142423331,0.06539959150408993
dendrite,cellcom,0.89,0.06965362596002853,0.0602364658590302
dendrite,cellcom,0.9,0.051323724391599976,0.055894144803697914
dendrite,cellcom,0.91,0.06109967189476187,0.05486151967468597
dendrite,cellcom,0.92,0.05071272767265236,0.053590596438978955
dendrite,cellcom,0.93,0.056822694862128535,0.056926769932709856
dendrite,cellcom,0.9400000000000001,0.0488797375158095,0.05494095237691766
dendrite,cellcom,0.9500000000000001,0.033604819542119406,0.04795087458052963
dendrite,cellcom,0.96,0.04765774407791426,0.047474278367138974
dendrite,cellcom,0.97,0.04215877360738569,0.049433618355520605
dendrite,cellcom,0.98,0.06293266205160472,0.06312252070678154
dendrite,cellcom,0.99,0.17474506161901895,0.1603746258057784
dendritic spine,cellcom,0.0,21.77710152781541,20.692197657426952
dendritic spine,cellcom,0.01,8.351918627675762,7.549033108009512
dendritic spine,cellcom,0.02,5.375492423452905,5.268014773131317
dendritic spine,cellcom,0.03,4.4458803176522075,4.230602044150863
dendritic spine,cellcom,0.04,4.033182566646517,3.645112925667801
dendritic spine,cellcom,0.05,3.4954248910936507,3.291918349059417
dendritic spine,cellcom,0.06,3.261979698605579,3.1053531020903913
dendritic spine,cellcom,0.07,3.1327511099068324,2.7969372676283877
dendritic spine,cellcom,0.08,2.651270400400193,2.5049377362252074
dendritic spine,cellcom,0.09,2.5241261437772247,2.2818661251770065
dendritic spine,cellcom,0.1,2.338620589032246,2.1368426028498093
dendritic spine,cellcom,0.11,1.9530191550117775,1.9668221120151934
dendritic spine,cellcom,0.12,1.9259228380265525,1.8680416968959555
dendritic spine,cellcom,0.13,1.740417283281571,1.7746049297207516
dendritic spine,cellcom,0.14,1.6299476832649007,1.6609496484496258
dendritic spine,cellcom,0.15,1.473622777580923,1.5662283505186407
dendritic spine,cellcom,0.16,1.3027075473664451,1.4793940714281297
dendritic spine,cellcom,0.17,1.3152135398211668,1.3982117276630404
dendritic spine,cellcom,0.18,1.2610209058507191,1.342283258556515
dendritic spine,cellcom,0.19,1.1922379473497706,1.2632846170762424
dendritic spine,cellcom,0.2,1.1859849511224152,1.2074846010453022
dendritic spine,cellcom,0.21,1.0379973737415835,1.1563602769653825
dendritic spine,cellcom,0.22,1.027575713362652,1.082499758508217
dendritic spine,cellcom,0.23,0.929612105800698,1.0291660415283674
dendritic spine,cellcom,0.24,0.933780769952268,0.9904502845492522
dendritic spine,cellcom,0.25,0.9150217812701912,0.9539953017003069
dendritic spine,cellcom,0.26,0.8775038039060375,0.9118370022957125
dendritic spine,cellcom,0.27,0.954624090710131,0.8797751146315238
dendritic spine,cellcom,0.28,0.7920461887988031,0.8382076993745916
dendritic spine,cellcom,0.29,0.6628176001000473,0.8012389042233309
dendritic spine,cellcom,0.3,0.739937886904141,0.7746234269636357
dendritic spine,cellcom,0.31,0.654480271796902,0.7382198253449216
dendritic spine,cellcom,0.32,0.6294682868874664,0.7155093215827879
dendritic spine,cellcom,0.33,0.6169622944327485,0.6948540670298972
dendritic spine,cellcom,0.34,0.6107092982053896,0.6612764330738917
dendritic spine,cellcom,0.35000000000000003,0.5586009963107348,0.6236910631598663
dendritic spine,cellcom,0.36,0.5440106717802276,0.6045258642836733
dendritic spine,cellcom,0.37,0.47314338120349286,0.5675056879021861
dendritic spine,cellcom,0.38,0.5023240302645012,0.5579487790792068
dendritic spine,cellcom,0.39,0.45646872459720245,0.5350584410112643
dendritic spine,cellcom,0.4,0.4481313962940572,0.5132214181630589
dendritic spine,cellcom,0.41000000000000003,0.4272880755361964,0.4968051151042343
dendritic spine,cellcom,0.42,0.4210350793088351,0.4722705776688948
dendritic spine,cellcom,0.43,0.34183046042895526,0.45112720142880885
dendritic spine,cellcom,0.44,0.3543364528836731,0.43447968283394167
dendritic spine,cellcom,0.45,0.3543364528836731,0.42479432093538466
dendritic spine,cellcom,0.46,0.33140880005002366,0.4138501188961664
dendritic spine,cellcom,0.47000000000000003,0.32724013589845286,0.3868749730248559
dendritic spine,cellcom,0.48,0.37517977364153626,0.37934762279600176
dendritic spine,cellcom,0.49,0.327240135898451,0.36675922138938927
dendritic spine,cellcom,0.5,0.2897221585342974,0.34774816620389276
dendritic spine,cellcom,0.51,0.29597515476165637,0.3354423615635511
dendritic spine,cellcom,0.52,0.27930049815536584,0.32151804817093066
dendritic spine,cellcom,0.53,0.22510786418492176,0.30600091664114704
dendritic spine,cellcom,0.54,0.29597515476165637,0.29099759741367415
dendritic spine,cellcom,0.55,0.22093920003334913,0.28418958440805714
dendritic spine,cellcom,0.56,0.23969818871542592,0.2758658251106236
dendritic spine,cellcom,0.5700000000000001,0.2459511849427876,0.2607083621924603
dendritic spine,cellcom,0.58,0.233445192488067,0.25061195045205187
dendritic spine,cellcom,0.59,0.2042645434270586,0.24580780542544664
dendritic spine,cellcom,0.6,0.17925255851762287,0.2332194040188341
dendritic spine,cellcom,0.61,0.16257790191133237,0.2277729936143405
dendritic spine,cellcom,0.62,0.12922858869875137,0.21508182974726583
dendritic spine,cellcom,0.63,0.17299956229026392,0.20462574939524275
dendritic spine,cellcom,0.64,0.17925255851762287,0.2002326542104861
dendritic spine,cellcom,0.65,0.15215624153240082,0.1883122087968775
dendritic spine,cellcom,0.66,0.14173458115346924,0.18558900359463068
dendritic spine,cellcom,0.67,0.09587927548617038,0.17564673554491836
dendritic spine,cellcom,0.68,0.14381891322925555,0.16280142798715044
dendritic spine,cellcom,0.6900000000000001,0.11255393209246088,0.15671275220476844
dendritic spine,cellcom,0.7000000000000001,0.12505992454718012,0.15072683888285027
dendritic spine,cellcom,0.71,0.09171061133459775,0.13950004007735947
dendritic spine,cellcom,0.72,0.1167225962440335,0.1398853993040925
dendritic spine,cellcom,0.73,0.11046960001667457,0.1308679933985394
dendritic spine,cellcom,0.74,0.07503595472830725,0.1219533499534485
dendritic spine,cellcom,0.75,0.0833732830314525,0.11696937062103455
dendritic spine,cellcom,0.76,0.08545761510723882,0.1120624631339672
dendritic spine,cellcom,0.77,0.08545761510723882,0.10993014207937774
dendritic spine,cellcom,0.78,0.08128895095566618,0.10281384169237431
dendritic spine,cellcom,0.79,0.06878295850094832,0.09970527726339448
dendritic spine,cellcom,0.8,0.08754194718302512,0.09194671149850267
dendritic spine,cellcom,0.81,0.07086729057673462,0.0921779270345425
dendritic spine,cellcom,0.8200000000000001,0.07503595472830725,0.08729671016259069
dendritic spine,cellcom,0.8300000000000001,0.0646142943493764,0.08475333926615358
dendritic spine,cellcom,0.84,0.054192633970444125,0.0777654919547269
dendritic spine,cellcom,0.85,0.04168664151572625,0.07571024274548405
dendritic spine,cellcom,0.86,0.066698626425162,0.0721649378595401
dendritic spine,cellcom,0.87,0.05836129812201675,0.06638454945854454
dendritic spine,cellcom,0.88,0.020843320757863125,0.06553675915973185
dendritic spine,cellcom,0.89,0.04793963774308519,0.06078399536335773
dendritic spine,cellcom,0.9,0.05002396981887149,0.055774325415828246
dendritic spine,cellcom,0.91,0.037517977364153625,0.055337584958864136
dendritic spine,cellcom,0.92,0.031264981136794684,0.05374476682170092
dendritic spine,cellcom,0.93,0.037517977364153625,0.05716161863206718
dendritic spine,cellcom,0.9400000000000001,0.04168664151572625,0.05484946327166895
dendritic spine,cellcom,0.9500000000000001,0.029180649061008698,0.04757901919397285
dendritic spine,cellcom,0.96,0.03960230943993994,0.04757901919397232
dendritic spine,cellcom,0.97,0.029180649061008375,0.049377362252059825
dendritic spine,cellcom,0.98,0.037517977364153625,0.06343012872025791
dendritic spine,cellcom,0.99,0.16257790191133237,0.16095170369883186
early endosome,cellcom,0.0,15.942181894914539,20.798861467800887
early endosome,cellcom,0.01,6.846117324330027,7.572791668014361
early endosome,cellcom,0.02,4.817735809242457,5.278183523627779
early endosome,cellcom,0.03,3.9842266300907356,4.238108484005562
early endosome,cellcom,0.04,3.5793416332559604,3.6512210110942194
early endosome,cellcom,0.05,3.2390799746782037,3.2954814503347687
early endosome,cellcom,0.06,3.1836885418864713,3.1057605847915357
early endosome,cellcom,0.07,2.7431947668284464,2.802160623605138
early endosome,cellcom,0.08,2.4952521629035673,2.5069443995213003
early endosome,cellcom,0.09,2.3514982063726504,2.2835074554452226
early endosome,cellcom,0.1,2.257860308081875,2.1369731862729253
early endosome,cellcom,0.11,1.9241928676936073,1.9674871429957639
early endosome,cellcom,0.12,2.0389322641907555,1.8654073810524936
early endosome,cellcom,0.13,1.9940915805022137,1.7698741792541304
early endosome,cellcom,0.14,1.834511500316526,1.6571594915418733
early endosome,cellcom,0.15,1.685482169234014,1.562738946210821
early endosome,cellcom,0.16,1.6142646127875067,1.4745544522431013
early endosome,cellcom,0.17,1.574699303650562,1.3937186661060286
early endosome,cellcom,0.18,1.4678729689807963,1.3388103632305839
early endosome,cellcom,0.19,1.4006119434479836,1.2597082511239759
early endosome,cellcom,0.2,1.362365477948937,1.2041789306853856
early endosome,cellcom,0.21,1.3043363578814084,1.151987579648736
early endosome,cellcom,0.22,1.2291622705212057,1.0789403887828692
early endosome,cellcom,0.23,1.2331188014349042,1.0239285829802394
early endosome,cellcom,0.24,1.1737708377294778,0.9861500145550983
early endosome,cellcom,0.25,1.0722198776113094,0.9511919008959464
early endosome,cellcom,0.26,0.9442920447351755,0.910774007827408
early endosome,cellcom,0.27,0.9667123865794464,0.8789986091794151
early endosome,cellcom,0.28,0.9205528592530112,0.8360190186628754
early endosome,cellcom,0.29,0.9139586410635148,0.7973089238930031
early endosome,cellcom,0.3,0.9179151719772096,0.7713814406313672
early endosome,cellcom,0.31,0.8823063937539558,0.7343532684283721
early endosome,cellcom,0.32,0.8097699936695498,0.7125917779862205
early endosome,cellcom,0.33,0.7992192445663635,0.6918394410841926
early endosome,cellcom,0.34,0.8031757754800584,0.6578646052333662
early endosome,cellcom,0.35000000000000003,0.7530597172399276,0.6203447941262118
early endosome,cellcom,0.36,0.6528276007596534,0.6028269236989354
early endosome,cellcom,0.37,0.6660160371386362,0.5644014619788461
early endosome,cellcom,0.38,0.6370014771048739,0.5557072160947047
early endosome,cellcom,0.39,0.6145811352606029,0.532522560403661
early endosome,cellcom,0.4,0.6172188225363995,0.5103729339845388
early endosome,cellcom,0.41000000000000003,0.6224941970879961,0.49347608112042146
early endosome,cellcom,0.42,0.5789723570373492,0.46954102920723184
early endosome,cellcom,0.43,0.523580924245621,0.44834880486463713
early endosome,cellcom,0.44,0.5367693606246039,0.4314778277323152
early endosome,cellcom,0.45,0.4985228951255534,0.4224730730665973
early endosome,cellcom,0.46,0.50116058240135,0.41111362680725777
early endosome,cellcom,0.47000000000000003,0.4207111204895567,0.3854707765954024
early endosome,cellcom,0.48,0.48401561510867236,0.3772422938836235
early endosome,cellcom,0.49,0.4497256805233168,0.36464081249797814
early endosome,cellcom,0.5,0.4286241823169441,0.34544101950383255
early endosome,cellcom,0.51,0.40620384047267316,0.3335640586085322
early endosome,cellcom,0.52,0.40224730955897836,0.3194100333150044
early endosome,cellcom,0.53,0.3560877822325382,0.3040139728951707
early endosome,cellcom,0.54,0.3587254695083348,0.28973056894265264
early endosome,cellcom,0.55,0.32971090947457243,0.2825112397709995
early endosome,cellcom,0.56,0.3679573749736228,0.2736099880324738
early endosome,cellcom,0.5700000000000001,0.3072905676303049,0.2596112171297371
early endosome,cellcom,0.58,0.3310297531124707,0.2488210369699516
early endosome,cellcom,0.59,0.31256594218189465,0.24398227512371815
early endosome,cellcom,0.6,0.2927832876134203,0.2313807937380727
early endosome,cellcom,0.61,0.23079763663220068,0.2269042921370118
early endosome,cellcom,0.62,0.24530491664908186,0.21342303587023304
early endosome,cellcom,0.63,0.2149715129774212,0.20403014522754453
early endosome,cellcom,0.64,0.2426672293732853,0.199139631917715
early endosome,cellcom,0.65,0.22024688752901436,0.18723679529061663
early endosome,cellcom,0.66,0.20442076387423488,0.1846750978426107
early endosome,cellcom,0.67,0.20573960751213316,0.17406604780541435
early endosome,cellcom,0.68,0.19387001477104857,0.16195620532393168
early endosome,cellcom,0.6900000000000001,0.1661742983751845,0.15597891127858446
early endosome,cellcom,0.7000000000000001,0.20178307659844055,0.149406475401884
early endosome,cellcom,0.71,0.1899134838573537,0.13791765048355262
early endosome,cellcom,0.72,0.1661742983751845,0.13908205841446442
early endosome,cellcom,0.73,0.18727579658155713,0.12950803764918964
early endosome,cellcom,0.74,0.14507280016881186,0.12091729469224041
early endosome,cellcom,0.75,0.14243511289301528,0.11605265711420891
early endosome,cellcom,0.76,0.17276851656467596,0.1105411262412264
early endosome,cellcom,0.77,0.13715973834142212,0.10909208526053618
early endosome,cellcom,0.78,0.14507280016881186,0.1017175016980948
early endosome,cellcom,0.79,0.1147393964971512,0.09902642559109866
early endosome,cellcom,0.8,0.11210170922135462,0.09149658763786905
early endosome,cellcom,0.81,0.08836252373918539,0.09198822654203181
early endosome,cellcom,0.8200000000000001,0.06857986917071106,0.08751172494097091
early endosome,cellcom,0.8300000000000001,0.08836252373918638,0.0844325128570051
early endosome,cellcom,0.84,0.11869592741084607,0.07666979331759219
early endosome,cellcom,0.85,0.08836252373918539,0.07503962221431569
early endosome,cellcom,0.86,0.09891327284237172,0.07157227415337834
early endosome,cellcom,0.87,0.05407258915382988,0.06652650645276055
early endosome,cellcom,0.88,0.06462333825701619,0.0649998382766762
early endosome,cellcom,0.89,0.08440599282549054,0.060161076430442745
early endosome,cellcom,0.9,0.08836252373918539,0.05506355726622889
early endosome,cellcom,0.91,0.05143490187803329,0.05519293592521908
early endosome,cellcom,0.92,0.06462333825701619,0.0532522560403661
early endosome,cellcom,0.93,0.06198565098121961,0.0568231070284956
early endosome,cellcom,0.9400000000000001,0.05011605824013501,0.054778924216450454
early endosome,cellcom,0.9500000000000001,0.05671027642962708,0.04717145906782724
early endosome,cellcom,0.96,0.06462333825701619,0.047145583336028675
early endosome,cellcom,0.97,0.07385524372230422,0.04864637578031499
early endosome,cellcom,0.98,0.08704368010128712,0.06264514668305458
early endosome,cellcom,0.99,0.250580291200675,0.15921337775333944
early endosome membrane,cellcom,0.0,15.431093208541895,20.750989457560706
early endosome membrane,cellcom,0.01,6.889198234754021,7.5645956700896875
early endosome membrane,cellcom,0.02,4.910701063294139,5.272422713266437
early endosome membrane,cellcom,0.03,4.084352693777211,4.23450976095852
early endosome membrane,cellcom,0.04,3.7318958623345075,3.6491286988511487
early endosome membrane,cellcom,0.05,3.3794390308918065,3.2936611747143245
early endosome membrane,cellcom,0.06,3.3379735213103072,3.105266202607527
early endosome membrane,cellcom,0.07,2.8611201611231243,2.800506618653254
early endosome membrane,cellcom,0.08,2.493854219115601,2.50683059759602
early endosome membrane,cellcom,0.09,2.493854219115598,2.2830091796474026
early endosome membrane,cellcom,0.1,2.4286941326303957,2.1367982991210464
early endosome membrane,cellcom,0.11,1.9696117051209914,1.9666284927941493
early endosome membrane,cellcom,0.12,2.079199123300653,1.866927621006652
early endosome membrane,cellcom,0.13,1.987382637798772,1.772346177809016
early endosome membrane,cellcom,0.14,1.6971240707283153,1.6602562888340686
early endosome membrane,cellcom,0.15,1.7830169120042636,1.5632175199132958
early endosome membrane,cellcom,0.16,1.5668038977578993,1.4764688024581434
early endosome membrane,cellcom,0.17,1.7119331812931349,1.3944811535915633
early endosome membrane,cellcom,0.18,1.5134910997245492,1.3398056562518705
early endosome membrane,cellcom,0.19,1.519414743950477,1.2601985416795707
early endosome membrane,cellcom,0.2,1.5460711429671563,1.2042943814783194
early endosome membrane,cellcom,0.21,1.350590883511535,1.1532280812944773
early endosome membrane,cellcom,0.22,1.353552705624499,1.0794827124575654
early endosome membrane,cellcom,0.23,1.2735835085744773,1.025831100835851
early endosome membrane,cellcom,0.24,1.161034268281846,0.9882800921292361
early endosome membrane,cellcom,0.25,1.0455232058762542,0.9527256605726687
early endosome membrane,cellcom,0.26,0.9181648550188067,0.9113606775666119
early endosome membrane,cellcom,0.27,0.9833249415040124,0.8797994003101341
early endosome membrane,cellcom,0.28,0.9359357876965954,0.8367962001553274
early endosome membrane,cellcom,0.29,0.9448212540354818,0.7982980971595868
early endosome membrane,cellcom,0.3,0.8944702781150956,0.7731617027833814
early endosome membrane,cellcom,0.31,0.9596303646003013,0.7352779312184285
early endosome membrane,cellcom,0.32,0.8441193021947094,0.7133411797108848
early endosome membrane,cellcom,0.33,0.7908065041613593,0.6930682424950451
early endosome membrane,cellcom,0.34,0.7967301483872871,0.6594847909455732
early endosome membrane,cellcom,0.35000000000000003,0.7789592157095081,0.6215498250947251
early endosome membrane,cellcom,0.36,0.610135355270562,0.6037342136020141
early endosome membrane,cellcom,0.37,0.6516008648520565,0.5656200677505174
early endosome membrane,cellcom,0.38,0.6219826437224175,0.5567122620041637
early endosome membrane,cellcom,0.39,0.5745934899149951,0.5337516247786482
early endosome membrane,cellcom,0.4,0.5568225572372117,0.5120452475576481
early endosome membrane,cellcom,0.41000000000000003,0.6367917542872406,0.49474157892392917
early endosome membrane,cellcom,0.42,0.5331279803335007,0.47111541598172935
early endosome membrane,cellcom,0.43,0.45908242750940337,0.44971620447612076
early endosome membrane,cellcom,0.44,0.4827770044131145,0.4330780615590807
early endosome membrane,cellcom,0.45,0.42650238426680054,0.4239142843832339
early endosome membrane,cellcom,0.46,0.42650238426680054,0.4127283329143931
early endosome membrane,cellcom,0.47000000000000003,0.43834967271865855,0.38569774995994227
early endosome membrane,cellcom,0.48,0.41169327370198106,0.37901689565017477
early endosome membrane,cellcom,0.49,0.44427331694458394,0.36560399274474553
early endosome membrane,cellcom,0.5,0.42057874004087276,0.34640613553277605
early endosome membrane,cellcom,0.51,0.34060954299084767,0.3349130183485437
early endosome membrane,cellcom,0.52,0.34653318721677545,0.3207833954405342
early endosome membrane,cellcom,0.53,0.32580043242602824,0.3048363753831249
early endosome membrane,cellcom,0.54,0.3494950093297393,0.2905531696174197
early endosome membrane,cellcom,0.55,0.2547167017148948,0.28366753816406004
early endosome membrane,cellcom,0.56,0.34653318721677545,0.2748109267036048
early endosome membrane,cellcom,0.5700000000000001,0.27841127861860904,0.2603741380802067
early endosome membrane,cellcom,0.58,0.34653318721677545,0.24957214375560235
early endosome membrane,cellcom,0.59,0.2784112786186059,0.24501585231062828
early endosome membrane,cellcom,0.6,0.2606403459408226,0.23231966940777918
early endosome membrane,cellcom,0.61,0.23102212481118362,0.22694426938842774
early endosome membrane,cellcom,0.62,0.22213665847229197,0.21396651791313642
early endosome membrane,cellcom,0.63,0.19548025945561692,0.20431639502125312
early endosome membrane,cellcom,0.64,0.22806030269821972,0.19973450643332977
early endosome membrane,cellcom,0.65,0.18955661522968914,0.187857432104858
early endosome membrane,cellcom,0.66,0.2073275479074725,0.1848625663797908
early endosome membrane,cellcom,0.67,0.16290021621301412,0.17477729205776954
early endosome membrane,cellcom,0.68,0.18363297100376136,0.16238827487031193
early endosome membrane,cellcom,0.6900000000000001,0.15993839410005023,0.15614257199068454
early endosome membrane,cellcom,0.7000000000000001,0.16586203832597984,0.15028082625529823
early endosome membrane,cellcom,0.71,0.165862038325978,0.13868532049926705
early endosome membrane,cellcom,0.72,0.15993839410005023,0.13942763764479651
early endosome membrane,cellcom,0.73,0.17770932677783355,0.1302126661830512
early endosome membrane,cellcom,0.74,0.14512928353523075,0.12117687472195093
early endosome membrane,cellcom,0.75,0.1303201729704113,0.1164414032763318
early endosome membrane,cellcom,0.76,0.17770932677783355,0.11116839182877754
early endosome membrane,cellcom,0.77,0.11551106240559181,0.1095813689659214
early endosome membrane,cellcom,0.78,0.1273583508574474,0.10233737751127162
early endosome membrane,cellcom,0.79,0.10070195184077235,0.0993169146432551
early endosome membrane,cellcom,0.8,0.10366377395373624,0.09179135461616308
early endosome membrane,cellcom,0.81,0.07996919705002511,0.09202172890270673
early endosome membrane,cellcom,0.8200000000000001,0.056274620146313965,0.08741424317183406
early endosome membrane,cellcom,0.8300000000000001,0.08589284127595384,0.08449616887561565
early endosome membrane,cellcom,0.84,0.06812190859816954,0.07755934313635642
early endosome membrane,cellcom,0.85,0.09181648550188068,0.07515321169912294
early endosome membrane,cellcom,0.86,0.082931019162989,0.07200476311635995
early endosome membrane,cellcom,0.87,0.038503687468530605,0.06652697452521134
early endosome membrane,cellcom,0.88,0.06516008648520565,0.06499114594825378
early endosome membrane,cellcom,0.89,0.06812190859816954,0.06056284021802617
early endosome membrane,cellcom,0.9,0.07108373071113343,0.05557139734291412
early endosome membrane,cellcom,0.91,0.050350975920386176,0.05516184305572544
early endosome membrane,cellcom,0.92,0.07108373071113343,0.053318848763376385
early endosome membrane,cellcom,0.93,0.06219826437224175,0.05687685163332804
early endosome membrane,cellcom,0.9400000000000001,0.0414655095814945,0.054803483054435345
early endosome membrane,cellcom,0.9500000000000001,0.04738915380742281,0.04735471445619174
early endosome membrane,cellcom,0.96,0.04442733169445839,0.04750829731388697
early endosome membrane,cellcom,0.97,0.07108373071113343,0.04894173731904735
early endosome membrane,cellcom,0.98,0.10070195184077235,0.06278979165461462
early endosome membrane,cellcom,0.99,0.18363297100376136,0.16077565486450648
endoplasmic reticulum,cellcom,0.0,18.258017030240733,20.91820001130958
endoplasmic reticulum,cellcom,0.01,6.976434309209274,7.609444327210989
endoplasmic reticulum,cellcom,0.02,4.827349906727073,5.307751614028846
endoplasmic reticulum,cellcom,0.03,4.104008832375223,4.244457960772305
endoplasmic reticulum,cellcom,0.04,3.4780649991751367,3.6647730015488604
endoplasmic reticulum,cellcom,0.05,3.2946916917298017,3.2943704494454873
endoplasmic reticulum,cellcom,0.06,3.0770548597098997,3.1098863663007577
endoplasmic reticulum,cellcom,0.07,2.8054847019707885,2.800638301687198
endoplasmic reticulum,cellcom,0.08,2.550094541947438,2.5029480766127543
endoplasmic reticulum,cellcom,0.09,2.3254781030697558,2.2812802996762955
endoplasmic reticulum,cellcom,0.1,2.2724965419220577,2.127718264558672
endoplasmic reticulum,cellcom,0.11,2.1297318561947196,1.9524749361767284
endoplasmic reticulum,cellcom,0.12,1.9926777578964716,1.8579709785131748
endoplasmic reticulum,cellcom,0.13,1.922247179604318,1.7613154421287374
endoplasmic reticulum,cellcom,0.14,1.7455362241595953,1.6531848192329102
endoplasmic reticulum,cellcom,0.15,1.6836715270110771,1.554791469266214
endoplasmic reticulum,cellcom,0.16,1.6154617327191265,1.4652251089236714
endoplasmic reticulum,cellcom,0.17,1.5326582149972745,1.3854236058528484
endoplasmic reticulum,cellcom,0.18,1.4492201875610702,1.331909981256438
endoplasmic reticulum,cellcom,0.19,1.3902107841271036,1.2513085322509228
endoplasmic reticulum,cellcom,0.2,1.3039174629763606,1.1988155283298116
endoplasmic reticulum,cellcom,0.21,1.2499841372571403,1.1466535365195998
endoplasmic reticulum,cellcom,0.22,1.1621045418205342,1.0748514927956585
endoplasmic reticulum,cellcom,0.23,1.1487798378193192,1.0174484758961138
endoplasmic reticulum,cellcom,0.24,1.0621692618113974,0.9834645658431352
endoplasmic reticulum,cellcom,0.25,1.021560640093399,0.9476049204950278
endoplasmic reticulum,cellcom,0.26,0.9834900572327753,0.9051526172713836
endoplasmic reticulum,cellcom,0.27,0.9457367292293236,0.8750305151789733
endoplasmic reticulum,cellcom,0.28,0.8680092892222221,0.8350056341019749
endoplasmic reticulum,cellcom,0.29,0.8451669395058431,0.7955876085616275
endoplasmic reticulum,cellcom,0.3,0.8080481212167351,0.7712582184100655
endoplasmic reticulum,cellcom,0.31,0.805827337216532,0.7312333373330624
endoplasmic reticulum,cellcom,0.32,0.7496732274971123,0.7114001950213014
endoplasmic reticulum,cellcom,0.33,0.7385693074960972,0.6900223295253142
endoplasmic reticulum,cellcom,0.34,0.6941536274920362,0.6577486487120174
endoplasmic reticulum,cellcom,0.35000000000000003,0.6459308892019168,0.6208959670311968
endoplasmic reticulum,cellcom,0.36,0.6291163817718044,0.6015869272283662
endoplasmic reticulum,cellcom,0.37,0.5824799177675405,0.5649549202881455
endoplasmic reticulum,cellcom,0.38,0.5840661920533998,0.5549418039332509
endoplasmic reticulum,cellcom,0.39,0.5367952183347923,0.5338673662055939
endoplasmic reticulum,cellcom,0.4,0.5393332571921672,0.5100896629055411
endoplasmic reticulum,cellcom,0.41000000000000003,0.5253740434766081,0.49340113564738614
endoplasmic reticulum,cellcom,0.42,0.4704889531858728,0.4717474267256415
endoplasmic reticulum,cellcom,0.43,0.48064110861537246,0.44711460880574927
endoplasmic reticulum,cellcom,0.44,0.44764660346949875,0.4322742325001479
endoplasmic reticulum,cellcom,0.45,0.43812895775434285,0.42270246562646074
endoplasmic reticulum,cellcom,0.46,0.43527366403979606,0.4108963670041607
endoplasmic reticulum,cellcom,0.47000000000000003,0.37499524117714417,0.3871186637041101
endoplasmic reticulum,cellcom,0.48,0.4019619040367504,0.37732622208981703
endoplasmic reticulum,cellcom,0.49,0.39434778746462573,0.36383747857041354
endoplasmic reticulum,cellcom,0.5,0.33977995203106526,0.3476730538211897
endoplasmic reticulum,cellcom,0.51,0.33946269717389344,0.3345704910978427
endoplasmic reticulum,cellcom,0.52,0.3356556388878311,0.3197301147922414
endoplasmic reticulum,cellcom,0.53,0.3055164274565041,0.30497249151436634
endoplasmic reticulum,cellcom,0.54,0.29821956574155123,0.29043554297709506
endoplasmic reticulum,cellcom,0.55,0.28870192002639533,0.2829601861391434
endoplasmic reticulum,cellcom,0.56,0.2880674103120516,0.2743262869130222
endoplasmic reticulum,cellcom,0.5700000000000001,0.2855293714546799,0.2583549525618295
endoplasmic reticulum,cellcom,0.58,0.2636387863098182,0.24925211951192242
endoplasmic reticulum,cellcom,0.59,0.27093564802477105,0.24307322677501775
endoplasmic reticulum,cellcom,0.6,0.2566591794520372,0.2304671822180292
endoplasmic reticulum,cellcom,0.61,0.22112663544878855,0.22748807321987874
endoplasmic reticulum,cellcom,0.62,0.2357203588786942,0.21215117874791892
endoplasmic reticulum,cellcom,0.63,0.2258854583063665,0.202358737133628
endoplasmic reticulum,cellcom,0.64,0.2230301645918197,0.19797282666412874
endoplasmic reticulum,cellcom,0.65,0.2008223245897893,0.18674599923591356
endoplasmic reticulum,cellcom,0.66,0.1897184045887741,0.18464958920017804
endoplasmic reticulum,cellcom,0.67,0.20875369601908586,0.17171253253228386
endoplasmic reticulum,cellcom,0.68,0.17607644573038397,0.1613959884090591
endoplasmic reticulum,cellcom,0.6900000000000001,0.1862286011598836,0.1535620351176264
endoplasmic reticulum,cellcom,0.7000000000000001,0.16148272230048005,0.14945196807388345
endoplasmic reticulum,cellcom,0.71,0.1595791931574471,0.13712176694264788
endoplasmic reticulum,cellcom,0.72,0.16084821258613455,0.13775620682188364
endoplasmic reticulum,cellcom,0.73,0.16021370287179082,0.12804651823531915
endoplasmic reticulum,cellcom,0.74,0.1465717440134007,0.11919194426859415
endoplasmic reticulum,cellcom,0.75,0.14181292115582278,0.11436468431788739
endoplasmic reticulum,cellcom,0.76,0.13705409829824483,0.1095374243671806
endoplasmic reticulum,cellcom,0.77,0.1284882171546045,0.10799270118295444
endoplasmic reticulum,cellcom,0.78,0.13895762744127602,0.09938638629940864
endoplasmic reticulum,cellcom,0.79,0.13166076572632315,0.09651761467156005
endoplasmic reticulum,cellcom,0.8,0.12372939429702658,0.08912501086133481
endoplasmic reticulum,cellcom,0.81,0.11801880686793303,0.0896491133702687
endoplasmic reticulum,cellcom,0.8200000000000001,0.11897057143944863,0.08438050393835443
endoplasmic reticulum,cellcom,0.8300000000000001,0.10881841600995022,0.0823944312729217
endoplasmic reticulum,cellcom,0.84,0.10659763200974598,0.07494665877754463
endoplasmic reticulum,cellcom,0.85,0.10850116115277715,0.07240889926060164
endoplasmic reticulum,cellcom,0.86,0.1012042994378243,0.0695677119753285
endoplasmic reticulum,cellcom,0.87,0.08629332115074674,0.06454736162659346
endoplasmic reticulum,cellcom,0.88,0.08883136000812164,0.06291988541464089
endoplasmic reticulum,cellcom,0.89,0.09232116343701215,0.05787195072333037
endoplasmic reticulum,cellcom,0.9,0.08724508572226233,0.05296193774489719
endoplasmic reticulum,cellcom,0.91,0.07392038172104408,0.05348604025383107
endoplasmic reticulum,cellcom,0.92,0.08026547886448135,0.051141371134916354
endoplasmic reticulum,cellcom,0.93,0.08438979200771557,0.05453424527169883
endoplasmic reticulum,cellcom,0.9400000000000001,0.08978312457963723,0.05163788930127476
endoplasmic reticulum,cellcom,0.9500000000000001,0.07043057829215436,0.045348659194068726
endoplasmic reticulum,cellcom,0.96,0.07677567543559084,0.044934894055436214
endoplasmic reticulum,cellcom,0.97,0.08058273372165321,0.04639686421193598
endoplasmic reticulum,cellcom,0.98,0.11611527772490188,0.05850639060256612
endoplasmic reticulum,cellcom,0.99,0.2766462354538646,0.15091393823038154
endoplasmic reticulum lumen,cellcom,0.0,13.58487403007951,20.85958365407576
endoplasmic reticulum lumen,cellcom,0.01,6.469728901235751,7.582389860140314
endoplasmic reticulum lumen,cellcom,0.02,4.807692307692308,5.279318796236496
endoplasmic reticulum lumen,cellcom,0.03,4.170658109014273,4.234577852840219
endoplasmic reticulum lumen,cellcom,0.04,3.877287096465178,3.6449130488779042
endoplasmic reticulum lumen,cellcom,0.05,3.70485678704857,3.285508682148556
endoplasmic reticulum lumen,cellcom,0.06,3.4953060637992115,3.0988579797906963
endoplasmic reticulum lumen,cellcom,0.07,3.3252706197911692,2.7896748119038515
endoplasmic reticulum lumen,cellcom,0.08,3.0402816361720486,2.4951665012936446
endoplasmic reticulum lumen,cellcom,0.09,2.870246192163998,2.272139783460293
endoplasmic reticulum lumen,cellcom,0.1,2.7744515758214403,2.125546774551932
endoplasmic reticulum lumen,cellcom,0.11,2.6571031708018022,1.951704163174043
endoplasmic reticulum lumen,cellcom,0.12,2.546939362007853,1.854061914934051
endoplasmic reticulum lumen,cellcom,0.13,2.418814062649677,1.7602309812164405
endoplasmic reticulum lumen,cellcom,0.14,2.1877095507232536,1.6491583865642638
endoplasmic reticulum lumen,cellcom,0.15,2.2008813104703493,1.5513346471565375
endoplasmic reticulum lumen,cellcom,0.16,2.0512022224350974,1.4648152147675721
endoplasmic reticulum lumen,cellcom,0.17,1.8440463645943133,1.3875259046232828
endoplasmic reticulum lumen,cellcom,0.18,1.8356643356643338,1.3305895325746817
endoplasmic reticulum lumen,cellcom,0.19,1.8141105469872576,1.2504741456756996
endoplasmic reticulum lumen,cellcom,0.2,1.5865983331736788,1.1990084359687514
endoplasmic reticulum lumen,cellcom,0.21,1.4967908803525227,1.1475167989521209
endoplasmic reticulum lumen,cellcom,0.22,1.3004119168502717,1.07709822587198
endoplasmic reticulum lumen,cellcom,0.23,1.4069834275313753,1.019747016868569
endoplasmic reticulum lumen,cellcom,0.24,1.239342848931889,0.9843562391607632
endoplasmic reticulum lumen,cellcom,0.25,1.1722866174920958,0.9487839702852281
endoplasmic reticulum lumen,cellcom,0.26,1.0896637608966366,0.9075595479003149
endoplasmic reticulum lumen,cellcom,0.27,1.0094357697097414,0.8778987056309183
endoplasmic reticulum lumen,cellcom,0.28,0.9268129131142874,0.835714972787996
endoplasmic reticulum lumen,cellcom,0.29,0.8729284414215914,0.7979648098996683
endoplasmic reticulum lumen,cellcom,0.3,0.8166491043203365,0.7732820110880725
endoplasmic reticulum lumen,cellcom,0.31,0.8334131621802847,0.7351170112449329
endoplasmic reticulum lumen,cellcom,0.32,0.7400134112462873,0.7139084719299272
endoplasmic reticulum lumen,cellcom,0.33,0.7064852955263908,0.6936333157632592
endoplasmic reticulum lumen,cellcom,0.34,0.6166778427052394,0.6616130883133423
endoplasmic reticulum lumen,cellcom,0.35000000000000003,0.5867420250981922,0.6236814342572905
endoplasmic reticulum lumen,cellcom,0.36,0.5472267458568824,0.6050137712905339
endoplasmic reticulum lumen,cellcom,0.37,0.4658013219657051,0.5685340465763372
endoplasmic reticulum lumen,cellcom,0.38,0.4921448414599095,0.5586816688994397
endoplasmic reticulum lumen,cellcom,0.39,0.458616725740013,0.535735999836139
endoplasmic reticulum lumen,cellcom,0.4,0.41670658109014236,0.5145015332114572
endoplasmic reticulum lumen,cellcom,0.41000000000000003,0.39754765782163226,0.49808954618652285
endoplasmic reticulum lumen,cellcom,0.42,0.3472554842417853,0.47434013052326196
endoplasmic reticulum lumen,cellcom,0.43,0.3652169748060156,0.4516278072470456
endoplasmic reticulum lumen,cellcom,0.44,0.3460580515375033,0.43539731138984084
endoplasmic reticulum lumen,cellcom,0.45,0.326899128268991,0.4260375525967882
endoplasmic reticulum lumen,cellcom,0.46,0.2813966855062743,0.4156925560360459
endoplasmic reticulum lumen,cellcom,0.47000000000000003,0.2658300603506095,0.38875408128263617
endoplasmic reticulum lumen,cellcom,0.48,0.25744803142063394,0.3819351988378339
endoplasmic reticulum lumen,cellcom,0.49,0.26343519494204404,0.3685048524256421
endoplasmic reticulum lumen,cellcom,0.5,0.2550531660120699,0.34903344285893156
endoplasmic reticulum lumen,cellcom,0.51,0.22152505029217337,0.3374180081240629
endoplasmic reticulum lumen,cellcom,0.52,0.23948654085640364,0.3227690781570969
endoplasmic reticulum lumen,cellcom,0.53,0.22032761758789138,0.30684971001600464
endoplasmic reticulum lumen,cellcom,0.54,0.20835329054507118,0.2928489627909398
endoplasmic reticulum lumen,cellcom,0.55,0.19877382891081505,0.2852522610558583
endoplasmic reticulum lumen,cellcom,0.56,0.19997126161509707,0.2770592311982278
endoplasmic reticulum lumen,cellcom,0.5700000000000001,0.22272248299645786,0.2613472815345468
endoplasmic reticulum lumen,cellcom,0.58,0.16764057859948256,0.2521949412188997
endoplasmic reticulum lumen,cellcom,0.59,0.2071558578407892,0.2461279507547049
endoplasmic reticulum lumen,cellcom,0.6,0.20835329054507118,0.23308651398765373
endoplasmic reticulum lumen,cellcom,0.61,0.1640482804866365,0.22834181631693728
endoplasmic reticulum lumen,cellcom,0.62,0.1700354440080466,0.21498925183377363
endoplasmic reticulum lumen,cellcom,0.63,0.17722004023373872,0.20482574644076357
endoplasmic reticulum lumen,cellcom,0.64,0.1640482804866365,0.20075515882162434
endoplasmic reticulum lumen,cellcom,0.65,0.15207395344381633,0.18864710520291084
endoplasmic reticulum lumen,cellcom,0.66,0.12333556854104788,0.18639142926109487
endoplasmic reticulum lumen,cellcom,0.67,0.18679950186799485,0.17441301219076158
endoplasmic reticulum lumen,cellcom,0.68,0.12333556854104788,0.16341983288811807
endoplasmic reticulum lumen,cellcom,0.6900000000000001,0.1508765207395343,0.1562898227272054
endoplasmic reticulum lumen,cellcom,0.7000000000000001,0.10537407797681878,0.15138956119843439
endoplasmic reticulum lumen,cellcom,0.71,0.10657151068109963,0.1396185626055078
endoplasmic reticulum lumen,cellcom,0.72,0.12333556854104788,0.13995561763129644
endoplasmic reticulum lumen,cellcom,0.73,0.11615097231535577,0.1309329138640324
endoplasmic reticulum lumen,cellcom,0.74,0.12094070313248384,0.12139166390324747
endoplasmic reticulum lumen,cellcom,0.75,0.14129705910527815,0.11602471080030594
endoplasmic reticulum lumen,cellcom,0.76,0.10297921256825358,0.11192819587149067
endoplasmic reticulum lumen,cellcom,0.77,0.1185458377239198,0.10943917414259026
endoplasmic reticulum lumen,cellcom,0.78,0.12094070313248384,0.10215360012362132
endoplasmic reticulum lumen,cellcom,0.79,0.1185458377239198,0.09891268641411556
endoplasmic reticulum lumen,cellcom,0.8,0.10896637608966367,0.09152340315644246
endoplasmic reticulum lumen,cellcom,0.81,0.09938691445540752,0.09175674894352687
endoplasmic reticulum lumen,cellcom,0.8200000000000001,0.08621515470830532,0.08716761513086672
endoplasmic reticulum lumen,cellcom,0.8300000000000001,0.08980745282115236,0.08439339299553074
endoplasmic reticulum lumen,cellcom,0.84,0.0981894817511255,0.07703003704753272
endoplasmic reticulum lumen,cellcom,0.85,0.10297921256825358,0.0746965791766886
endoplasmic reticulum lumen,cellcom,0.86,0.09459718363827944,0.07161122932523911
endoplasmic reticulum lumen,cellcom,0.87,0.0778331257783312,0.06603685774488921
endoplasmic reticulum lumen,cellcom,0.88,0.06945109684835706,0.06489605611914319
endoplasmic reticulum lumen,cellcom,0.89,0.07304339496120311,0.06035877692583514
endoplasmic reticulum lumen,cellcom,0.9,0.09339975093399742,0.05488811458418943
endoplasmic reticulum lumen,cellcom,0.91,0.04071271194558862,0.05543258808738639
endoplasmic reticulum lumen,cellcom,0.92,0.07304339496120311,0.05304727559719016
endoplasmic reticulum lumen,cellcom,0.93,0.0778331257783312,0.05646968047442823
endoplasmic reticulum lumen,cellcom,0.9400000000000001,0.0778331257783312,0.054188077222936185
endoplasmic reticulum lumen,cellcom,0.9500000000000001,0.05867420250981955,0.04710992168137614
endoplasmic reticulum lumen,cellcom,0.96,0.07543826036976715,0.0468765758942912
endoplasmic reticulum lumen,cellcom,0.97,0.05747676980553688,0.048950760668374886
endoplasmic reticulum lumen,cellcom,0.98,0.09699204904684348,0.06238110708056673
endoplasmic reticulum lumen,cellcom,0.99,0.2023661270236611,0.16007520993990812
endoplasmic reticulum membrane,cellcom,0.0,19.372535904246767,20.760160064846026
endoplasmic reticulum membrane,cellcom,0.01,7.053504241621271,7.579566104424716
endoplasmic reticulum membrane,cellcom,0.02,4.774798531029116,5.289638004674283
endoplasmic reticulum membrane,cellcom,0.03,4.039026774631309,4.241200581458327
endoplasmic reticulum membrane,cellcom,0.04,3.2267193197970188,3.667219203554272
endoplasmic reticulum membrane,cellcom,0.05,3.073647922924051,3.3034642847518327
endoplasmic reticulum membrane,cellcom,0.06,2.888418669565159,3.116249921399555
endoplasmic reticulum membrane,cellcom,0.07,2.600927432581055,2.8092458426310847
endoplasmic reticulum membrane,cellcom,0.08,2.3616729803258245,2.5126777889154104
endoplasmic reticulum membrane,cellcom,0.09,2.102480657049322,2.292305928243475
endoplasmic reticulum membrane,cellcom,0.1,2.159721641594259,2.138460424743579
endoplasmic reticulum membrane,cellcom,0.11,1.8600104191455022,1.9710348785167433
endoplasmic reticulum membrane,cellcom,0.12,1.804698905989721,1.8713774443416384
endoplasmic reticulum membrane,cellcom,0.13,1.74617160718535,1.77533959353928
endoplasmic reticulum membrane,cellcom,0.14,1.5963159959609763,1.6632117699339999
endoplasmic reticulum membrane,cellcom,0.15,1.4946971694654707,1.5679929489459072
endoplasmic reticulum membrane,cellcom,0.16,1.422020413807296,1.4795113086881084
endoplasmic reticulum membrane,cellcom,0.17,1.38664677167279,1.397634747577656
endoplasmic reticulum membrane,cellcom,0.18,1.350629972408558,1.3409103278602754
endoplasmic reticulum membrane,cellcom,0.19,1.2535132458210854,1.2627854517055095
endoplasmic reticulum membrane,cellcom,0.2,1.2187827608162973,1.20674796021946
endoplasmic reticulum membrane,cellcom,0.21,1.1608986191416413,1.1546735162218091
endoplasmic reticulum membrane,cellcom,0.22,1.1113755201533277,1.0806173688218061
endoplasmic reticulum membrane,cellcom,0.23,1.09208080626178,1.0253196462002585
endoplasmic reticulum membrane,cellcom,0.24,1.0142587935658551,0.988753928040568
endoplasmic reticulum membrane,cellcom,0.25,0.9756693657827534,0.9526109349463104
endoplasmic reticulum membrane,cellcom,0.26,0.9621630660586679,0.909334456372923
endoplasmic reticulum membrane,cellcom,0.27,0.9126399670703542,0.879373817360578
endoplasmic reticulum membrane,cellcom,0.28,0.8676189679900738,0.8364143825862675
endoplasmic reticulum membrane,cellcom,0.29,0.8830547391033096,0.7961233997874743
endoplasmic reticulum membrane,cellcom,0.3,0.8033032550182327,0.7730056227717758
endoplasmic reticulum membrane,cellcom,0.31,0.802016940758796,0.7345376418176538
endoplasmic reticulum membrane,cellcom,0.32,0.7750043413106249,0.7119746914503321
endoplasmic reticulum membrane,cellcom,0.33,0.7955853694616124,0.6897287848820829
endoplasmic reticulum membrane,cellcom,0.34,0.7229086138034376,0.6581036659246075
endoplasmic reticulum membrane,cellcom,0.35000000000000003,0.7003981142632989,0.6197149459202568
endoplasmic reticulum membrane,cellcom,0.36,0.6688834149070954,0.6011150430413372
endoplasmic reticulum membrane,cellcom,0.37,0.6528044866641364,0.5628055839867513
endoplasmic reticulum membrane,cellcom,0.38,0.6431571297183609,0.5537434153965975
endoplasmic reticulum membrane,cellcom,0.39,0.5942771878597655,0.5316296104112952
endoplasmic reticulum membrane,cellcom,0.4,0.6032813876758225,0.5086967756117223
endoplasmic reticulum membrane,cellcom,0.41000000000000003,0.5974929735083606,0.4917877729945285
endoplasmic reticulum membrane,cellcom,0.42,0.5190278036827173,0.4697003883258128
endoplasmic reticulum membrane,cellcom,0.43,0.5466835602606068,0.4458164221290227
endoplasmic reticulum membrane,cellcom,0.44,0.5170983322935622,0.43006991344175843
endoplasmic reticulum membrane,cellcom,0.45,0.5042351896991949,0.42063786041935347
endoplasmic reticulum membrane,cellcom,0.46,0.47272049034299535,0.41038677758267805
endoplasmic reticulum membrane,cellcom,0.47000000000000003,0.42834264839243075,0.38441560637532984
endoplasmic reticulum membrane,cellcom,0.48,0.47272049034299535,0.37545911905153145
endoplasmic reticulum membrane,cellcom,0.49,0.4431352623759507,0.36312083120429584
endoplasmic reticulum membrane,cellcom,0.5,0.40711846311172245,0.34457376895855835
endoplasmic reticulum membrane,cellcom,0.51,0.39103953486876347,0.3326582061767527
endoplasmic reticulum membrane,cellcom,0.52,0.381392177922988,0.3185233368014399
endoplasmic reticulum membrane,cellcom,0.53,0.36788587819890245,0.3024333639985139
endoplasmic reticulum membrane,cellcom,0.54,0.34923432143706995,0.2886683790554523
endoplasmic reticulum membrane,cellcom,0.55,0.3447322215290414,0.2809008059781776
endoplasmic reticulum membrane,cellcom,0.56,0.3344417074535477,0.2730011313179561
endoplasmic reticulum membrane,cellcom,0.5700000000000001,0.3395869644912983,0.25728104294728404
endoplasmic reticulum membrane,cellcom,0.58,0.31450383643227847,0.24776972897510816
endoplasmic reticulum membrane,cellcom,0.59,0.3093585793945316,0.2426706078733598
endoplasmic reticulum membrane,cellcom,0.6,0.29713859392988273,0.22990959496069427
endoplasmic reticulum membrane,cellcom,0.61,0.26112179466565455,0.22557666304003765
endoplasmic reticulum membrane,cellcom,0.62,0.28105966568692375,0.2112832717651887
endoplasmic reticulum membrane,cellcom,0.63,0.25790600901706273,0.20203616095890936
endoplasmic reticulum membrane,cellcom,0.64,0.25533338049818927,0.19770322903825274
endoplasmic reticulum membrane,cellcom,0.65,0.2398976093849486,0.18573482562326832
endoplasmic reticulum membrane,cellcom,0.66,0.22832078105001813,0.18327773618045695
endoplasmic reticulum membrane,cellcom,0.67,0.23282288095804668,0.17228688447927917
endoplasmic reticulum membrane,cellcom,0.68,0.18908819613719813,0.161480974994227
endoplasmic reticulum membrane,cellcom,0.6900000000000001,0.20452396725043875,0.15418896761556103
endoplasmic reticulum membrane,cellcom,0.7000000000000001,0.18844503900748183,0.14885206366450998
endoplasmic reticulum membrane,cellcom,0.71,0.18973135326691648,0.1368308196163452
endoplasmic reticulum membrane,cellcom,0.72,0.17879768206170432,0.13799331354627745
endoplasmic reticulum membrane,cellcom,0.73,0.17751136780226762,0.12869336210681934
endoplasmic reticulum membrane,cellcom,0.74,0.16850716798621057,0.11944625130053997
endoplasmic reticulum membrane,cellcom,0.75,0.15500086826212497,0.11498121779693651
endoplasmic reticulum membrane,cellcom,0.76,0.1434240399271945,0.11043692334356495
endoplasmic reticulum membrane,cellcom,0.77,0.1434240399271945,0.10824403706664727
endoplasmic reticulum membrane,cellcom,0.78,0.1595029681701535,0.10021226082347891
endoplasmic reticulum membrane,cellcom,0.79,0.14792613983522301,0.09733244631523762
endoplasmic reticulum membrane,cellcom,0.8,0.1350629972408558,0.09011969988633972
endoplasmic reticulum membrane,cellcom,0.81,0.1279882688139538,0.09043674368541216
endoplasmic reticulum membrane,cellcom,0.8200000000000001,0.13570615437057415,0.08515268036753823
endoplasmic reticulum membrane,cellcom,0.8300000000000001,0.12348616890592667,0.08290695345744274
endoplasmic reticulum membrane,cellcom,0.84,0.11641144047902334,0.07587914924466951
endoplasmic reticulum membrane,cellcom,0.85,0.12734511168423546,0.07315785663596444
endoplasmic reticulum membrane,cellcom,0.86,0.10290514075493774,0.07083286877609991
endoplasmic reticulum membrane,cellcom,0.87,0.0906851552902889,0.06528460229233228
endoplasmic reticulum membrane,cellcom,0.88,0.09904619797662757,0.06359370203061264
endoplasmic reticulum membrane,cellcom,0.89,0.10161882649550102,0.058943726310883585
endoplasmic reticulum membrane,cellcom,0.9,0.08811252677141544,0.054373011540922646
endoplasmic reticulum membrane,cellcom,0.91,0.08361042686338692,0.053950286475492736
endoplasmic reticulum membrane,cellcom,0.92,0.08361042686338692,0.05223296589718371
endoplasmic reticulum membrane,cellcom,0.93,0.08618305538226036,0.0557204476869805
endoplasmic reticulum membrane,cellcom,0.9400000000000001,0.09904619797662757,0.05286705349532858
endoplasmic reticulum membrane,cellcom,0.9500000000000001,0.07267675565817558,0.046314814981165436
endoplasmic reticulum membrane,cellcom,0.96,0.08168095547423183,0.04607703213186059
endoplasmic reticulum membrane,cellcom,0.97,0.0906851552902889,0.04742446827791844
endoplasmic reticulum membrane,cellcom,0.98,0.1350629972408558,0.060159060873994585
endoplasmic reticulum membrane,cellcom,0.99,0.3505206356965067,0.15318499558516496
endosome,cellcom,0.0,17.69272346061783,20.839874806671958
endosome,cellcom,0.01,7.305643163878049,7.570108422766607
endosome,cellcom,0.02,5.010008137179785,5.280897625345765
endosome,cellcom,0.03,4.050177295486537,4.241393223802426
endosome,cellcom,0.04,3.6308452569745127,3.6506855888227356
endosome,cellcom,0.05,3.210325309004949,3.2981485575885614
endosome,cellcom,0.06,3.1717182516348577,3.1043830920079736
endosome,cellcom,0.07,2.7844597684764483,2.8017653892302574
endosome,cellcom,0.08,2.517774095258461,2.5062259980286785
endosome,cellcom,0.09,2.3241448536792504,2.2830603544033705
endosome,cellcom,0.1,2.152491937064558,2.1387105172045398
endosome,cellcom,0.11,1.9125342266412464,1.9690696341493814
endosome,cellcom,0.12,1.9481715103674782,1.865201376638813
endosome,cellcom,0.13,1.8388838402736927,1.77130107850139
endosome,cellcom,0.14,1.7396934005690117,1.657040693133723
endosome,cellcom,0.15,1.6577276479986682,1.560966531515982
endosome,cellcom,0.16,1.5733860765132468,1.4729515710935528
endosome,cellcom,0.17,1.5068631468909468,1.3923065380799935
endosome,cellcom,0.18,1.41064248083011,1.3381985458443937
endosome,cellcom,0.19,1.3245190451583768,1.2596478447204003
endosome,cellcom,0.2,1.2609658891799291,1.2048240681681193
endosome,cellcom,0.21,1.2574021608073023,1.1503449285090521
endosome,cellcom,0.22,1.1570238116450753,1.078474881007484
endosome,cellcom,0.23,1.139799124510732,1.022961830668762
endosome,cellcom,0.24,1.0685245570582602,0.9862447462756673
endosome,cellcom,0.25,1.0412026395348137,0.9496071934733187
endosome,cellcom,0.26,0.9372605619999635,0.9102655665857027
endosome,cellcom,0.27,0.9218177390519287,0.8788505882421549
endosome,cellcom,0.28,0.8980595499011107,0.8349491501519358
endosome,cellcom,0.29,0.8463854884980659,0.7974632603816555
endosome,cellcom,0.3,0.8226272993472431,0.7720396618740922
endosome,cellcom,0.31,0.814311933144455,0.7337584561963851
endosome,cellcom,0.32,0.7566983244537094,0.7125765425284571
endosome,cellcom,0.33,0.7650136906564975,0.6907318656043361
endosome,cellcom,0.34,0.740661546776904,0.6570900027199797
endosome,cellcom,0.35000000000000003,0.7097759008808382,0.6190208812842578
endosome,cellcom,0.36,0.6242464199378718,0.6028759683633931
endosome,cellcom,0.37,0.6325617861406597,0.5634017888245385
endosome,cellcom,0.38,0.6088035969898369,0.5549714402057636
endosome,cellcom,0.39,0.5624751281457322,0.5328351474489177
endosome,cellcom,0.4,0.5743542227211437,0.5096649440124107
endosome,cellcom,0.41000000000000003,0.5618811734169648,0.4930163310168455
endosome,cellcom,0.42,0.5488141693840091,0.4682024747049771
endosome,cellcom,0.43,0.5018917458111338,0.4474712400512604
endosome,cellcom,0.44,0.4739758735589169,0.43169747455386714
endosome,cellcom,0.45,0.46625446208489946,0.4220476415436972
endosome,cellcom,0.46,0.44843582022178224,0.41125785573287527
endosome,cellcom,0.47000000000000003,0.42170785742710887,0.3845617517734237
endosome,cellcom,0.48,0.44843582022178224,0.3762109347453899
endosome,cellcom,0.49,0.4193320385120243,0.36391004871044796
endosome,cellcom,0.5,0.41755017432571256,0.3438945983734196
endosome,cellcom,0.51,0.3866645284296428,0.33265413354838647
endosome,cellcom,0.52,0.3747854338542313,0.318603552517095
endosome,cellcom,0.53,0.33617837648414406,0.30362510292713346
endosome,cellcom,0.54,0.3225174177224209,0.2896540534865852
endosome,cellcom,0.55,0.3231113724511915,0.2816478733517738
endosome,cellcom,0.56,0.3629063392788199,0.2715208507971449
endosome,cellcom,0.5700000000000001,0.2993531833003719,0.25879579627824234
endosome,cellcom,0.58,0.2975713191140569,0.24829762630014246
endosome,cellcom,0.59,0.28034663197971027,0.24373781509753467
endosome,cellcom,0.6,0.2809405867084808,0.23040301838293167
endosome,cellcom,0.61,0.24352143879593477,0.22624086513403968
endosome,cellcom,0.62,0.23936375569454074,0.2129060684194367
endosome,cellcom,0.63,0.23045443476298216,0.20307066169753268
endosome,cellcom,0.64,0.23758189150822903,0.19829876625294315
endosome,cellcom,0.65,0.20432042669707698,0.1871378330186532
endosome,cellcom,0.66,0.21619952127248843,0.1836649535562019
endosome,cellcom,0.67,0.21619952127248843,0.17282214668488455
endosome,cellcom,0.68,0.2037264719683064,0.16073334489192437
endosome,cellcom,0.6900000000000001,0.1710589618859249,0.1555107704331236
endosome,cellcom,0.7000000000000001,0.17343478080100913,0.149386837945902
endosome,cellcom,0.71,0.17581059971608948,0.13727152562269246
endosome,cellcom,0.72,0.16511941459821916,0.13846449948383985
endosome,cellcom,0.73,0.15561613893789003,0.1295039402601106
endosome,cellcom,0.74,0.13720354234600227,0.12067593368761995
endosome,cellcom,0.75,0.1360156328884611,0.11569195400104865
endosome,cellcom,0.76,0.14433099909124913,0.11028380583051385
endosome,cellcom,0.77,0.1318579497870671,0.10864015295515522
endosome,cellcom,0.78,0.12888817614321427,0.10137626766728003
endosome,cellcom,0.79,0.12888817614321427,0.09800943032581963
endosome,cellcom,0.8,0.11403930792394992,0.09090460821943076
endosome,cellcom,0.81,0.09800253024714448,0.09164690306636691
endosome,cellcom,0.8200000000000001,0.08493552621419188,0.08724615504524544
endosome,cellcom,0.8300000000000001,0.09206298295943977,0.0841709335365109
endosome,cellcom,0.84,0.10453603226362078,0.0762707955226895
endosome,cellcom,0.85,0.09146902823066817,0.07457412158683545
endosome,cellcom,0.86,0.09146902823066817,0.07123379477562276
endosome,cellcom,0.87,0.07186852218123928,0.06603773084706971
endosome,cellcom,0.88,0.07424434109632157,0.06457965168344512
endosome,cellcom,0.89,0.0671168843510747,0.06033796684380997
endosome,cellcom,0.9,0.07721411474017444,0.05474424496154113
endosome,cellcom,0.91,0.05404988031812211,0.05516841344550464
endosome,cellcom,0.92,0.0629592012496807,0.053047571025687065
endosome,cellcom,0.93,0.06949270326615699,0.05636138730665203
endosome,cellcom,0.9400000000000001,0.04929824248795753,0.05492981867327516
endosome,cellcom,0.9500000000000001,0.043952649929022855,0.047506870203914184
endosome,cellcom,0.96,0.06236524652091012,0.04681759641747295
endosome,cellcom,0.97,0.073650386367551,0.048037080808868045
endosome,cellcom,0.98,0.08315366202788016,0.06222021449139807
endosome,cellcom,0.99,0.21916929491634127,0.1583739076998773
endosome membrane,cellcom,0.0,17.107042546551543,20.77703249218011
endosome membrane,cellcom,0.01,7.221991053781338,7.565513019778468
endosome membrane,cellcom,0.02,4.95942993862478,5.2754918086886535
endosome membrane,cellcom,0.03,4.096015811921355,4.235954285507221
endosome membrane,cellcom,0.04,3.603193592010818,3.6507663298861535
endosome membrane,cellcom,0.05,3.241703942577761,3.295444986404974
endosome membrane,cellcom,0.06,3.1610839488193045,3.106188746345646
endosome membrane,cellcom,0.07,2.795693331946324,2.801132120888978
endosome membrane,cellcom,0.08,2.490117549152191,2.5070498725911063
endosome membrane,cellcom,0.09,2.431603037553311,2.2818939600807013
endosome membrane,cellcom,0.1,2.2482575678768346,2.1371305368515197
endosome membrane,cellcom,0.11,1.8594611463642992,1.968787732509911
endosome membrane,cellcom,0.12,1.955685009882449,1.8670159141410267
endosome membrane,cellcom,0.13,1.8724643711640472,1.772232496321382
endosome membrane,cellcom,0.14,1.6735150317278717,1.6603145556736139
endosome membrane,cellcom,0.15,1.6943201914074675,1.5625287139142923
endosome membrane,cellcom,0.16,1.5785914906896896,1.4752254729788303
endosome membrane,cellcom,0.17,1.509674399251017,1.394962398522603
endosome membrane,cellcom,0.18,1.4277540830125859,1.3395728534286504
endosome membrane,cellcom,0.19,1.3770415062935597,1.2601380338523287
endosome membrane,cellcom,0.2,1.364038281493813,1.204101414633454
endosome membrane,cellcom,0.21,1.2652137730157067,1.152723729114064
endosome membrane,cellcom,0.22,1.20149797149693,1.0794490552070692
endosome membrane,cellcom,0.23,1.181993134297308,1.024887764993033
endosome membrane,cellcom,0.24,1.1273795901383534,0.9870209872021671
endosome membrane,cellcom,0.25,1.0155518568605004,0.9522860481759619
endosome membrane,cellcom,0.26,0.8998231561427227,0.9116497931304014
endosome membrane,cellcom,0.27,0.8946218662228225,0.8804090543788146
endosome membrane,cellcom,0.28,0.9102257359825279,0.8362009501636489
endosome membrane,cellcom,0.29,0.876417351503172,0.7980235767928152
endosome membrane,cellcom,0.3,0.8504109019036713,0.7726841540605836
endosome membrane,cellcom,0.31,0.8322063871840208,0.7353091526046669
endosome membrane,cellcom,0.32,0.7866951003848948,0.7130239197421016
endosome membrane,cellcom,0.33,0.7723915531051694,0.6923434307093609
endosome membrane,cellcom,0.34,0.7541870383855189,0.6587991080730256
endosome membrane,cellcom,0.35000000000000003,0.7216789763861472,0.620932330282166
endosome membrane,cellcom,0.36,0.5955476958285649,0.6039531052440177
endosome membrane,cellcom,0.37,0.637158015187766,0.564947476993279
endosome membrane,cellcom,0.38,0.6085509206283153,0.5562508007542292
endosome membrane,cellcom,0.39,0.5708415687090393,0.5333702596967288
endosome membrane,cellcom,0.4,0.5942473733485899,0.5108003142191946
endosome membrane,cellcom,0.41000000000000003,0.5760428586289427,0.49436463144599296
endosome membrane,cellcom,0.42,0.5721418911890144,0.4696463998736907
endosome membrane,cellcom,0.43,0.475918027670862,0.4492765064209161
endosome membrane,cellcom,0.44,0.4915218974305623,0.4323490473127655
endosome membrane,cellcom,0.45,0.4928222199105373,0.4225652865438344
endosome membrane,cellcom,0.46,0.43560803079163596,0.4123932812999457
endosome membrane,cellcom,0.47000000000000003,0.41480287111203773,0.38557852956287736
endosome membrane,cellcom,0.48,0.44340996567148616,0.3780207037837009
endosome membrane,cellcom,0.49,0.44080932071153606,0.3647945086701459
endosome membrane,cellcom,0.5,0.4291064183917608,0.34540816788726386
endosome membrane,cellcom,0.51,0.3900967439925098,0.333864365498525
endosome membrane,cellcom,0.52,0.37189222927285936,0.3199910962600407
endosome membrane,cellcom,0.53,0.34328513471340866,0.30425425354176
endosome membrane,cellcom,0.54,0.3458857796733587,0.28996685686332085
endosome membrane,cellcom,0.55,0.31207739519400785,0.2828490414890985
endosome membrane,cellcom,0.56,0.35238739207323383,0.2738935356000769
endosome membrane,cellcom,0.5700000000000001,0.2964735254343107,0.25981320264161806
endosome membrane,cellcom,0.58,0.3159783626339329,0.24909765513278587
endosome membrane,cellcom,0.59,0.27696868823468196,0.2446716681182694
endosome membrane,cellcom,0.6,0.2808696556746071,0.2316007707946974
endosome membrane,cellcom,0.61,0.2470612711952562,0.226579475585246
endosome membrane,cellcom,0.62,0.23145740143555582,0.2136897590166542
endosome membrane,cellcom,0.63,0.2301570789555808,0.20372481749274288
endosome membrane,cellcom,0.64,0.23145740143555582,0.19935059640822075
endosome membrane,cellcom,0.65,0.200249661916155,0.18762561326450172
endosome membrane,cellcom,0.66,0.2431603037553311,0.18389846630490894
endosome membrane,cellcom,0.67,0.19634869447622993,0.17424412036096368
endosome membrane,cellcom,0.68,0.200249661916155,0.161820297162321
endosome membrane,cellcom,0.6900000000000001,0.17034224487672928,0.15589309817796854
endosome membrane,cellcom,0.7000000000000001,0.16774159991678106,0.15006943105360646
endosome membrane,cellcom,0.71,0.18984708207635478,0.1379044375049338
endosome membrane,cellcom,0.72,0.17164256735670433,0.13896563906981788
endosome membrane,cellcom,0.73,0.1794445022365545,0.12964777167083585
endosome membrane,cellcom,0.74,0.14563611775720367,0.12089932950179165
endosome membrane,cellcom,0.75,0.14823676271715372,0.11592980022233457
endosome membrane,cellcom,0.76,0.15213773015707882,0.11093438797788031
endosome membrane,cellcom,0.77,0.12483095807760312,0.10932964414805564
endosome membrane,cellcom,0.78,0.14433579527722865,0.10172005243888699
endosome membrane,cellcom,0.79,0.11832934567772799,0.09895057518418957
endosome membrane,cellcom,0.8,0.1235306355976281,0.0912633345800294
endosome membrane,cellcom,0.81,0.09232289607822732,0.09191040870495872
endosome membrane,cellcom,0.8200000000000001,0.07931967127847699,0.08730324093546205
endosome membrane,cellcom,0.8300000000000001,0.09622386351815349,0.08427493403079382
endosome membrane,cellcom,0.84,0.09362321855820235,0.0771571186565705
endosome membrane,cellcom,0.85,0.10142515343805254,0.07477588587683068
endosome membrane,cellcom,0.86,0.08061999375845202,0.07192875972714172
endosome membrane,cellcom,0.87,0.05461354415895137,0.06651922004273271
endosome membrane,cellcom,0.88,0.08712160615832719,0.06455211470294762
endosome membrane,cellcom,0.89,0.0676167689587017,0.06048848919839158
endosome membrane,cellcom,0.9,0.08322063871840209,0.05515659840897409
endosome membrane,cellcom,0.91,0.04941225423905125,0.0552342473039656
endosome membrane,cellcom,0.92,0.06891709143867673,0.05316361010419183
endosome membrane,cellcom,0.93,0.07541870383855188,0.056554278518821395
endosome membrane,cellcom,0.9400000000000001,0.04030999687922601,0.05497541765399389
endosome membrane,cellcom,0.9500000000000001,0.042910641839176554,0.047443474839817285
endosome membrane,cellcom,0.96,0.04811193175907621,0.04746935780481393
endosome membrane,cellcom,0.97,0.07541870383855188,0.048608208264689506
endosome membrane,cellcom,0.98,0.09102257359825229,0.06255912639816537
endosome membrane,cellcom,0.99,0.23275772391553087,0.15954259624256983
external side of plasma membrane,cellcom,0.0,14.764765899557874,20.772652517334198
external side of plasma membrane,cellcom,0.01,5.929032989456978,7.5772570389062155
external side of plasma membrane,cellcom,0.02,4.305634281827458,5.280231930240246
external side of plasma membrane,cellcom,0.03,3.6934587915202353,4.239333077366885
external side of plasma membrane,cellcom,0.04,2.8704228545516375,3.6586605289471357
external side of plasma membrane,cellcom,0.05,2.7774628726901724,3.300247616740207
external side of plasma membrane,cellcom,0.06,2.63235460832105,3.112635845294971
external side of plasma membrane,cellcom,0.07,2.650493141367193,2.8027299437626674
external side of plasma membrane,cellcom,0.08,2.212901031629068,2.5100453142741004
external side of plasma membrane,cellcom,0.09,1.9430903525677343,2.288683956036734
external side of plasma membrane,cellcom,0.1,2.049654234213809,2.1403140995764245
external side of plasma membrane,cellcom,0.11,1.8886747534293173,1.9675367472687226
external side of plasma membrane,cellcom,0.12,1.7526357555832655,1.8700607543892411
external side of plasma membrane,cellcom,0.13,1.584854324906472,1.7763318639216643
external side of plasma membrane,cellcom,0.14,1.6188640743679885,1.6610443020431491
external side of plasma membrane,cellcom,0.15,1.566715791860332,1.5650825491794345
external side of plasma membrane,cellcom,0.16,1.4601519102142602,1.4774362838599455
external side of plasma membrane,cellcom,0.17,1.4850923931527065,1.3962062897937169
external side of plasma membrane,cellcom,0.18,1.5054982428296098,1.339435121744896
external side of plasma membrane,cellcom,0.19,1.2742319464913263,1.2622858761957352
external side of plasma membrane,cellcom,0.2,1.3921324112912394,1.2051297318717262
external side of plasma membrane,cellcom,0.21,1.2628953633374889,1.1536969015056155
external side of plasma membrane,cellcom,0.22,1.258360730075954,1.0798327868381221
external side of plasma membrane,cellcom,0.23,1.1517968484298853,1.0265520703510798
external side of plasma membrane,cellcom,0.24,1.1109851490760674,0.9883880889367049
external side of plasma membrane,cellcom,0.25,1.0815100328760903,0.9520719936432709
external side of plasma membrane,cellcom,0.26,0.9885500510146233,0.9105458860921922
external side of plasma membrane,cellcom,0.27,1.0089559006915307,0.8792344823762985
external side of plasma membrane,cellcom,0.28,0.9500056682915814,0.8363737904045473
external side of plasma membrane,cellcom,0.29,0.9862827343838558,0.7974398564397798
external side of plasma membrane,cellcom,0.3,0.9341344518762037,0.7723907334670648
external side of plasma membrane,cellcom,0.31,0.9182632354608313,0.7351506951131619
external side of plasma membrane,cellcom,0.32,0.9182632354608313,0.7121547789414892
external side of plasma membrane,cellcom,0.33,0.879718852737784,0.6918023665261582
external side of plasma membrane,cellcom,0.34,0.809432037183992,0.658976722794496
external side of plasma membrane,cellcom,0.35000000000000003,0.793560820768624,0.6209667318902056
external side of plasma membrane,cellcom,0.36,0.8026300872916896,0.6015382625353404
external side of plasma membrane,cellcom,0.37,0.7232740052148275,0.5645805401165807
external side of plasma membrane,cellcom,0.38,0.7958281373993872,0.5545711569614998
external side of plasma membrane,cellcom,0.39,0.655254506291803,0.5327301696154133
external side of plasma membrane,cellcom,0.4,0.6439179231379656,0.5109405124393529
external side of plasma membrane,cellcom,0.41000000000000003,0.6348486566148992,0.49438653260595294
external side of plasma membrane,cellcom,0.42,0.584967690738011,0.47036401303375636
external side of plasma membrane,cellcom,0.43,0.5827003741072436,0.4482920399225526
external side of plasma membrane,cellcom,0.44,0.6711257227071755,0.4308141170286809
external side of plasma membrane,cellcom,0.45,0.6348486566148956,0.4215490213389779
external side of plasma membrane,cellcom,0.46,0.6008389071533835,0.4107183554634803
external side of plasma membrane,cellcom,0.47000000000000003,0.5214828250765243,0.3846169640052334
external side of plasma membrane,cellcom,0.48,0.5214828250765214,0.3776873910517138
external side of plasma membrane,cellcom,0.49,0.5078789252919166,0.3646751929501088
external side of plasma membrane,cellcom,0.5,0.48067112572270676,0.3455290395303902
external side of plasma membrane,cellcom,0.51,0.44892869289196197,0.3336717702543715
external side of plasma membrane,cellcom,0.52,0.5192155084457539,0.31876035586180246
external side of plasma membrane,cellcom,0.53,0.4013150436458448,0.3039259367242725
external side of plasma membrane,cellcom,0.54,0.37637456070740244,0.2900924559022507
external side of plasma membrane,cellcom,0.55,0.4965423421380792,0.2810070158076389
external side of plasma membrane,cellcom,0.56,0.4149189434304497,0.27384645708900424
external side of plasma membrane,cellcom,0.5700000000000001,0.4330574764765944,0.2585757315062557
external side of plasma membrane,cellcom,0.58,0.34009749461512273,0.24938763107158896
external side of plasma membrane,cellcom,0.59,0.3809091939689374,0.2437669774537359
external side of plasma membrane,cellcom,0.6,0.39904772701507735,0.23067778409709183
external side of plasma membrane,cellcom,0.61,0.41945357669198463,0.2248004796291085
external side of plasma membrane,cellcom,0.62,0.37183992744586747,0.21225025305773804
external side of plasma membrane,cellcom,0.63,0.3446321278766577,0.20265151126286574
external side of plasma membrane,cellcom,0.64,0.34009749461512273,0.19839110715070316
external side of plasma membrane,cellcom,0.65,0.3378301779843552,0.18617452668450202
external side of plasma membrane,cellcom,0.66,0.2788799455844006,0.1839929944583947
external side of plasma membrane,cellcom,0.67,0.3945130937535424,0.172187055352402
external side of plasma membrane,cellcom,0.68,0.294751161999773,0.16107407354176104
external side of plasma membrane,cellcom,0.6900000000000001,0.2788799455844006,0.15478612771356928
external side of plasma membrane,cellcom,0.7000000000000001,0.28794921210747376,0.1488574930755616
external side of plasma membrane,cellcom,0.71,0.2221970298152135,0.13797549703003625
external side of plasma membrane,cellcom,0.72,0.24033556286135338,0.13846313364528376
external side of plasma membrane,cellcom,0.73,0.2811472622151681,0.1289157220204375
external side of plasma membrane,cellcom,0.74,0.2584740959074932,0.11983028192582575
external side of plasma membrane,cellcom,0.75,0.26300872916902823,0.11490258560332445
external side of plasma membrane,cellcom,0.76,0.23126629633828344,0.11038553064103158
external side of plasma membrane,cellcom,0.77,0.2652760457997957,0.1078703523097549
external side of plasma membrane,cellcom,0.78,0.25620677927672575,0.10081245393117232
external side of plasma membrane,cellcom,0.79,0.26981067906133066,0.09739899762443964
external side of plasma membrane,cellcom,0.8,0.24260287949212087,0.0901871087357789
external side of plasma membrane,cellcom,0.81,0.23126629633828344,0.09034109924585706
external side of plasma membrane,cellcom,0.8200000000000001,0.2584740959074932,0.08520808224325155
external side of plasma membrane,cellcom,0.8300000000000001,0.18818728035370333,0.08333453103730146
external side of plasma membrane,cellcom,0.84,0.1609794807844914,0.07653328350884822
external side of plasma membrane,cellcom,0.85,0.17911801383063128,0.07412076551762364
external side of plasma membrane,cellcom,0.86,0.20179118013830616,0.07063031395585188
external side of plasma membrane,cellcom,0.87,0.1904545969844687,0.0648813349129337
external side of plasma membrane,cellcom,0.88,0.1949892302460037,0.06352108540724324
external side of plasma membrane,cellcom,0.89,0.1927219136152362,0.05913235587001553
external side of plasma membrane,cellcom,0.9,0.1745833805690963,0.054358650057592404
external side of plasma membrane,cellcom,0.91,0.17004874730756137,0.05381968327231883
external side of plasma membrane,cellcom,0.92,0.14510826436911903,0.05243376868161534
external side of plasma membrane,cellcom,0.93,0.20859313003060861,0.05520559786302231
external side of plasma membrane,cellcom,0.9400000000000001,0.1768506971998638,0.053306381572058276
external side of plasma membrane,cellcom,0.9500000000000001,0.17458338056909825,0.04591483708830684
external side of plasma membrane,cellcom,0.96,0.17911801383063128,0.04599183234334542
external side of plasma membrane,cellcom,0.97,0.1949892302460037,0.04748040727410101
external side of plasma membrane,cellcom,0.98,0.2788799455844006,0.060672260970797184
external side of plasma membrane,cellcom,0.99,0.6371159732456632,0.15558174534897315
extracellular exosome,cellcom,0.0,19.429586948210957,20.806893403957922
extracellular exosome,cellcom,0.01,7.484733994372329,7.564701002548425
extracellular exosome,cellcom,0.02,5.0469948441713655,5.287008732368283
extracellular exosome,cellcom,0.03,4.146016373286125,4.240160127207543
extracellular exosome,cellcom,0.04,3.5722280963385686,3.6560114276383806
extracellular exosome,cellcom,0.05,3.242627027287664,3.298514176879636
extracellular exosome,cellcom,0.06,3.1289714862356224,3.105533056920661
extracellular exosome,cellcom,0.07,2.8234791683169695,2.799239910818834
extracellular exosome,cellcom,0.08,2.564482299010509,2.5021246004901796
extracellular exosome,cellcom,0.09,2.2448691411429595,2.287993363465856
extracellular exosome,cellcom,0.1,2.175642584320358,2.1364083923226183
extracellular exosome,cellcom,0.11,2.0161804161170456,1.9627144257496658
extracellular exosome,cellcom,0.12,1.9355883051892349,1.8634294202511807
extracellular exosome,cellcom,0.13,1.7833587623255973,1.773459233149355
extracellular exosome,cellcom,0.14,1.6972560797104226,1.6576541232591593
extracellular exosome,cellcom,0.15,1.5842893601193024,1.563574457452922
extracellular exosome,cellcom,0.16,1.5195401427926873,1.4738782355980566
extracellular exosome,cellcom,0.17,1.4795884980592484,1.3906475935714628
extracellular exosome,cellcom,0.18,1.4172501558458543,1.3352518206360473
extracellular exosome,cellcom,0.19,1.3046278469851995,1.2590620854563346
extracellular exosome,cellcom,0.2,1.2481444871896452,1.203967674292583
extracellular exosome,cellcom,0.21,1.2033710922297485,1.1510649851045085
extracellular exosome,cellcom,0.22,1.085238211681722,1.0815600019506315
extracellular exosome,cellcom,0.23,1.0625071034713178,1.0252053506508612
extracellular exosome,cellcom,0.24,1.0287548518861644,0.986658440403517
extracellular exosome,cellcom,0.25,0.969516206246921,0.9522484053852792
extracellular exosome,cellcom,0.26,0.9409301156186815,0.9090714824643057
extracellular exosome,cellcom,0.27,0.8920237918932594,0.879784597564229
extracellular exosome,cellcom,0.28,0.8262413423752668,0.8385528278966796
extracellular exosome,cellcom,0.29,0.7890449834855048,0.8003894689950782
extracellular exosome,cellcom,0.3,0.8159090204614408,0.7708834118974334
extracellular exosome,cellcom,0.31,0.7263622305416542,0.7380623753115664
extracellular exosome,cellcom,0.32,0.7356613202640935,0.7127753830171129
extracellular exosome,cellcom,0.33,0.7170631408192147,0.6920636103468997
extracellular exosome,cellcom,0.34,0.6709121029374785,0.6598452973043457
extracellular exosome,cellcom,0.35000000000000003,0.6133955109505421,0.6236544881808682
extracellular exosome,cellcom,0.36,0.6113290465677743,0.603189284232916
extracellular exosome,cellcom,0.37,0.5755103305998597,0.5656286488746325
extracellular exosome,cellcom,0.38,0.5427913112060915,0.5584233628795715
extracellular exosome,cellcom,0.39,0.5293592927181234,0.5344788002952245
extracellular exosome,cellcom,0.4,0.5117943454646268,0.512479390964297
extracellular exosome,cellcom,0.41000000000000003,0.5176493278824619,0.4942333055167309
extracellular exosome,cellcom,0.42,0.48975205871514094,0.4702065533582929
extracellular exosome,cellcom,0.43,0.43464634184142603,0.4510015895463625
extracellular exosome,cellcom,0.44,0.4584106822432156,0.43152266048747145
extracellular exosome,cellcom,0.45,0.4494560032512369,0.4219064803191582
extracellular exosome,cellcom,0.46,0.423625198466683,0.4119889383791883
extracellular exosome,cellcom,0.47000000000000003,0.40915994778733517,0.38431844843618074
extracellular exosome,cellcom,0.48,0.3902173576119934,0.3784281956265281
extracellular exosome,cellcom,0.49,0.39125058980337557,0.36429158888336666
extracellular exosome,cellcom,0.5,0.3630089099055967,0.3457715381888373
extracellular exosome,cellcom,0.51,0.3488880699567073,0.33385404994605594
extracellular exosome,cellcom,0.52,0.33958898023426787,0.3195256675300222
extracellular exosome,cellcom,0.53,0.3344228192773571,0.3026768048419519
extracellular exosome,cellcom,0.54,0.28827178139562093,0.29127985056839545
extracellular exosome,cellcom,0.55,0.2765618165599565,0.28396497847455027
extracellular exosome,cellcom,0.56,0.3034258535358925,0.2731981442690029
extracellular exosome,cellcom,0.5700000000000001,0.26967360195074513,0.25980124369263774
extracellular exosome,cellcom,0.58,0.2658850839156742,0.24917139211056777
extracellular exosome,cellcom,0.59,0.241776332783424,0.24558244737538532
extracellular exosome,cellcom,0.6,0.22662226064315238,0.2330348390645948
extracellular exosome,cellcom,0.61,0.23316606452190605,0.22648706966223903
extracellular exosome,cellcom,0.62,0.21491229580748797,0.2139668578761445
extracellular exosome,cellcom,0.63,0.2300663679477596,0.2021863522568433
extracellular exosome,cellcom,0.64,0.22558902845177023,0.1979398909289557
extracellular exosome,cellcom,0.65,0.188048258831552,0.1878579698408096
extracellular exosome,cellcom,0.66,0.20044704512813782,0.18383068071049036
extracellular exosome,cellcom,0.67,0.20251350951090213,0.1724611229616299
extracellular exosome,cellcom,0.68,0.17530506180450542,0.16155730613260233
extracellular exosome,cellcom,0.6900000000000001,0.17392741888266255,0.15476296800798212
extracellular exosome,cellcom,0.7000000000000001,0.16979449011713582,0.1488727151983332
extracellular exosome,cellcom,0.71,0.16049540039469454,0.13720179567781454
extracellular exosome,cellcom,0.72,0.1577401145510088,0.13816067404217627
extracellular exosome,cellcom,0.73,0.14086398875843364,0.12980473400988127
extracellular exosome,cellcom,0.74,0.13535341707106213,0.12027074341565612
extracellular exosome,cellcom,0.75,0.13879752437566933,0.1147914384764463
extracellular exosome,cellcom,0.76,0.13432018487967998,0.10994225360524557
extracellular exosome,cellcom,0.77,0.1246766844267799,0.10843544474696286
extracellular exosome,cellcom,0.78,0.12570991661816205,0.10070962478267698
extracellular exosome,cellcom,0.79,0.11606641616526195,0.0979973688377681
extracellular exosome,cellcom,0.8,0.12605432734862276,0.08917568788564025
extracellular exosome,cellcom,0.81,0.10607850498190112,0.09079208284270715
extracellular exosome,cellcom,0.8200000000000001,0.10573409425144041,0.08566893272454594
extracellular exosome,cellcom,0.8300000000000001,0.10332321913821653,0.0830114698290301
extracellular exosome,cellcom,0.84,0.09299089722439384,0.07624452822910502
extracellular exosome,cellcom,0.85,0.09815705818130462,0.07347747923480405
extracellular exosome,cellcom,0.86,0.0943685401462367,0.07032687889475837
extracellular exosome,cellcom,0.87,0.07404830704905435,0.06566946969643002
extracellular exosome,cellcom,0.88,0.07990328946688656,0.06380650601709867
extracellular exosome,cellcom,0.89,0.0826585753105723,0.0588751315718098
extracellular exosome,cellcom,0.9,0.07921446800596511,0.053834171027736744
extracellular exosome,cellcom,0.91,0.06302716367431138,0.054491687620441924
extracellular exosome,cellcom,0.92,0.06578244951799712,0.052491741317630326
extracellular exosome,cellcom,0.93,0.07404830704905435,0.055560152083587847
extracellular exosome,cellcom,0.9400000000000001,0.08196975384965087,0.052519137842326376
extracellular exosome,cellcom,0.9500000000000001,0.05510571687371548,0.04673847113146051
extracellular exosome,cellcom,0.96,0.0654380387875364,0.04605355801405876
extracellular exosome,cellcom,0.97,0.07611477143181866,0.04698503985372444
extracellular exosome,cellcom,0.98,0.08816914699794379,0.061121646596885834
extracellular exosome,cellcom,0.99,0.2245557962603881,0.1559136220452162
extracellular matrix,cellcom,0.0,12.973943747717033,21.041716926774587
extracellular matrix,cellcom,0.01,5.9667600146109825,7.628060989532039
extracellular matrix,cellcom,0.02,4.4843540728113975,5.303468655832641
extracellular matrix,cellcom,0.03,3.776330208206501,4.253097501210876
extracellular matrix,cellcom,0.04,3.5066358212589788,3.656067003002233
extracellular matrix,cellcom,0.05,3.3142578838426897,3.2935321828436037
extracellular matrix,cellcom,0.06,3.276512845488856,3.0998978070218386
extracellular matrix,cellcom,0.07,3.0122975770120557,2.7918358959257614
extracellular matrix,cellcom,0.08,2.7237306708876186,2.497279664762544
extracellular matrix,cellcom,0.09,2.608060392061364,2.270754986045453
extracellular matrix,cellcom,0.1,2.5337878972360905,2.12213954333324
extracellular matrix,cellcom,0.11,2.362717642761477,1.949425730544738
extracellular matrix,cellcom,0.12,2.281139656641907,1.8508077853094729
extracellular matrix,cellcom,0.13,2.1837331060513803,1.7563739526808628
extracellular matrix,cellcom,0.14,2.037014489224404,1.6441973640620244
extracellular matrix,cellcom,0.15,1.9730914403993651,1.5473536944257806
extracellular matrix,cellcom,0.16,1.9414343114574437,1.4570510109531052
extracellular matrix,cellcom,0.17,1.7953244855716581,1.3798832632582771
extracellular matrix,cellcom,0.18,1.7581882381590148,1.3231594075402464
extracellular matrix,cellcom,0.19,1.6674783879215862,1.2447999822042797
extracellular matrix,cellcom,0.2,1.5633751369779647,1.1917306045857368
extracellular matrix,cellcom,0.21,1.5323267989772298,1.138502336615036
extracellular matrix,cellcom,0.22,1.3192499695604516,1.0715035714578895
extracellular matrix,cellcom,0.23,1.3131620601485474,1.0155476857752637
extracellular matrix,cellcom,0.24,1.2364544015585037,0.9790293865058123
extracellular matrix,cellcom,0.25,1.1640082795567992,0.9443648080114625
extracellular matrix,cellcom,0.26,1.1414830147327397,0.9014114494798849
extracellular matrix,cellcom,0.27,1.07268963837818,0.8723345150361905
extracellular matrix,cellcom,0.28,1.0172896627298234,0.8298313458357128
extracellular matrix,cellcom,0.29,0.9825885790819424,0.7915917344179535
extracellular matrix,cellcom,0.3,0.9430171679045407,0.7668578029330622
extracellular matrix,cellcom,0.31,0.924144648727626,0.729068380846403
extracellular matrix,cellcom,0.32,0.8431754535492505,0.7088628243978248
extracellular matrix,cellcom,0.33,0.8736150006087903,0.6860885405894667
extracellular matrix,cellcom,0.34,0.7725557043711182,0.6557934467792788
extracellular matrix,cellcom,0.35000000000000003,0.7475952757822998,0.6174743901854517
extracellular matrix,cellcom,0.36,0.6635821258979661,0.6011881290899365
extracellular matrix,cellcom,0.37,0.6142700596615117,0.5642726039401095
extracellular matrix,cellcom,0.38,0.6215755509558012,0.5544743655574438
extracellular matrix,cellcom,0.39,0.5643492024838666,0.5327858324887865
extracellular matrix,cellcom,0.4,0.5631316206014849,0.5102234024832969
extracellular matrix,cellcom,0.41000000000000003,0.5625228296602973,0.49306324445095534
extracellular matrix,cellcom,0.42,0.5150371362474122,0.4697593261354234
extracellular matrix,cellcom,0.43,0.48277121636430004,0.44836209204571026
extracellular matrix,cellcom,0.44,0.4632899062461946,0.4322082395769911
extracellular matrix,cellcom,0.45,0.4632899062461946,0.4222246291168156
extracellular matrix,cellcom,0.46,0.41641300377450347,0.4126912079877354
extracellular matrix,cellcom,0.47000000000000003,0.43406794106903895,0.3840644628751386
extracellular matrix,cellcom,0.48,0.4036283940094968,0.3782384832962542
extracellular matrix,cellcom,0.49,0.38292950200900977,0.3655537368495059
extracellular matrix,cellcom,0.5,0.36770972847923994,0.3461426321616844
extracellular matrix,cellcom,0.51,0.3397053451844633,0.33475549025750534
extracellular matrix,cellcom,0.52,0.33361743577255537,0.32045535856388513
extracellular matrix,cellcom,0.53,0.3433580908316081,0.30334816398225806
extracellular matrix,cellcom,0.54,0.32265919883112115,0.28968359369724317
extracellular matrix,cellcom,0.55,0.29282844271277214,0.2830101989068871
extracellular matrix,cellcom,0.56,0.2879581151832458,0.2748803092218104
extracellular matrix,cellcom,0.5700000000000001,0.27091196882990654,0.26007702474638056
extracellular matrix,cellcom,0.58,0.25264824059417973,0.25030526808907055
extracellular matrix,cellcom,0.59,0.287349324242055,0.2434729829465631
extracellular matrix,cellcom,0.6,0.25508340435894294,0.2315826882605715
extracellular matrix,cellcom,0.61,0.2538658224765613,0.2258096721324063
extracellular matrix,cellcom,0.62,0.25203944965298897,0.21238343737561846
extracellular matrix,cellcom,0.63,0.22707902106416633,0.20324724212691667
extracellular matrix,cellcom,0.64,0.22525264824059396,0.19887775744275493
extracellular matrix,cellcom,0.65,0.2136856203579689,0.18674912722853634
extracellular matrix,cellcom,0.66,0.21855594788749524,0.1835978019108682
extracellular matrix,cellcom,0.67,0.22586143918178475,0.17244899553491613
extracellular matrix,cellcom,0.68,0.1905515645927187,0.1613531526096812
extracellular matrix,cellcom,0.6900000000000001,0.198465846828199,0.1543354953896639
extracellular matrix,cellcom,0.7000000000000001,0.16619992694508876,0.14972767517727684
extracellular matrix,cellcom,0.71,0.16863509070985008,0.1376255266884151
extracellular matrix,cellcom,0.72,0.16498234506270532,0.13849942362524745
extracellular matrix,cellcom,0.73,0.16985267259223166,0.1289130390454502
extracellular matrix,cellcom,0.74,0.15950322659198818,0.1197238803460313
extracellular matrix,cellcom,0.75,0.16011201753317897,0.11466587080254712
extracellular matrix,cellcom,0.76,0.1442834530622183,0.11032286784374395
extracellular matrix,cellcom,0.77,0.15098015341531704,0.1078335856600397
extracellular matrix,cellcom,0.78,0.12906367953244843,0.10139852639791061
extracellular matrix,cellcom,0.79,0.11993181541458652,0.09843257315775233
extracellular matrix,cellcom,0.8,0.136369170826738,0.08995842104301445
extracellular matrix,cellcom,0.81,0.12845488859125764,0.09032916519803423
extracellular matrix,cellcom,0.8200000000000001,0.11993181541458652,0.0857213449856455
extracellular matrix,cellcom,0.8300000000000001,0.11506148788506144,0.08317909935122506
extracellular matrix,cellcom,0.84,0.10471204188481667,0.0762938507579996
extracellular matrix,cellcom,0.85,0.13149884329721162,0.07285122646138734
extracellular matrix,cellcom,0.86,0.09801534153171793,0.07097102396092986
extracellular matrix,cellcom,0.87,0.11445269694386936,0.06419170226913955
extracellular matrix,cellcom,0.88,0.11384390600267857,0.06286761600121175
extracellular matrix,cellcom,0.89,0.09436259588457314,0.05916017445101392
extracellular matrix,cellcom,0.9,0.09862413247290872,0.053837347653944184
extracellular matrix,cellcom,0.91,0.09618896870814553,0.05333419487213162
extracellular matrix,cellcom,0.92,0.12845488859125764,0.05020935127982202
extracellular matrix,cellcom,0.93,0.11140874223791541,0.05455235423862519
extracellular matrix,cellcom,0.9400000000000001,0.1235845610617313,0.05169232789990115
extracellular matrix,cellcom,0.9500000000000001,0.1412394983562659,0.04327113923588085
extracellular matrix,cellcom,0.96,0.11140874223791541,0.04470115240524239
extracellular matrix,cellcom,0.97,0.08766589553147441,0.04745525184253221
extracellular matrix,cellcom,0.98,0.09070985023742839,0.061914273888303735
extracellular matrix,cellcom,0.99,0.18689881894557395,0.1598436942642435
extracellular region,cellcom,0.0,18.2207964020642,21.17321267721543
extracellular region,cellcom,0.01,6.927115533075575,7.677744669853753
extracellular region,cellcom,0.02,4.8107015526348675,5.355673291233565
extracellular region,cellcom,0.03,3.9706386400110185,4.282662930540808
extracellular region,cellcom,0.04,3.4653195762687425,3.684579222946535
extracellular region,cellcom,0.05,3.128653753135222,3.3256023432408837
extracellular region,cellcom,0.06,3.061704983358904,3.1158372915580395
extracellular region,cellcom,0.07,2.791507436438711,2.8028181373792225
extracellular region,cellcom,0.08,2.52227087664449,2.503791361576025
extracellular region,cellcom,0.09,2.3154984800386935,2.2790387839175685
extracellular region,cellcom,0.1,2.1918514698298104,2.129404772064459
extracellular region,cellcom,0.11,2.047062742849456,1.9515145995691925
extracellular region,cellcom,0.12,1.950163207646893,1.8534171710004324
extracellular region,cellcom,0.13,1.864795517956043,1.7571291017043846
extracellular region,cellcom,0.14,1.7369842302012661,1.6461852222993911
extracellular region,cellcom,0.15,1.6561011470982978,1.547967169779115
extracellular region,cellcom,0.16,1.5769798737262901,1.4584641977557298
extracellular region,cellcom,0.17,1.4751152383728594,1.3825314202776728
extracellular region,cellcom,0.18,1.4296285144100007,1.3246620795388293
extracellular region,cellcom,0.19,1.3482649377440497,1.2462565110547317
extracellular region,cellcom,0.2,1.2843592938666624,1.1926994765825207
extracellular region,cellcom,0.21,1.2364701020888647,1.139564625940602
extracellular region,cellcom,0.22,1.1238744438286998,1.0739150403291093
extracellular region,cellcom,0.23,1.100009930200304,1.0143871202569552
extracellular region,cellcom,0.24,1.0412295509947809,0.9800696060512203
extracellular region,cellcom,0.25,1.0228106310802447,0.9404747939667509
extracellular region,cellcom,0.26,0.962909100227753,0.9017243495428796
extracellular region,cellcom,0.27,0.9066913533581688,0.8757901999673704
extracellular region,cellcom,0.28,0.8690526909241214,0.8317323016768879
extracellular region,cellcom,0.29,0.8306132058850844,0.793705600962096
extracellular region,cellcom,0.3,0.8235659669612618,0.7649066325381293
extracellular region,cellcom,0.31,0.7705515105115969,0.7309208341990607
extracellular region,cellcom,0.32,0.7586993359578953,0.7061326121629347
extracellular region,cellcom,0.33,0.7628636135037904,0.6809222062965093
extracellular region,cellcom,0.34,0.6955945146854843,0.6540833770846451
extracellular region,cellcom,0.35000000000000003,0.6545923973105204,0.6169312000183377
extracellular region,cellcom,0.36,0.6257627835312427,0.5996518189639543
extracellular region,cellcom,0.37,0.5913274115171098,0.5616552742370454
extracellular region,cellcom,0.38,0.5858818178032469,0.5518847341644117
extracellular region,cellcom,0.39,0.5479228263272028,0.5314992863585464
extracellular region,cellcom,0.4,0.5461610165962472,0.5060777885769717
extracellular region,cellcom,0.41000000000000003,0.5264607805137461,0.4902157389528839
extracellular region,cellcom,0.42,0.4989124829024369,0.46651313248038084
extracellular region,cellcom,0.43,0.46527793349328395,0.4468815843714779
extracellular region,cellcom,0.44,0.47440731119005397,0.4258025488444071
extracellular region,cellcom,0.45,0.4604729978634049,0.4170573123596424
extracellular region,cellcom,0.46,0.4436557231588284,0.4070455243839807
extracellular region,cellcom,0.47000000000000003,0.4085796930607139,0.381925586481193
extracellular region,cellcom,0.48,0.4108219963546551,0.37336128592369716
extracellular region,cellcom,0.49,0.4052162381197963,0.3589467237177746
extracellular region,cellcom,0.5,0.3827932051803609,0.3403103232088622
extracellular region,cellcom,0.51,0.3571668818210062,0.3307810310392565
extracellular region,cellcom,0.52,0.35316276879610703,0.3149491374030444
extracellular region,cellcom,0.53,0.34066993615842167,0.29830303209411296
extracellular region,cellcom,0.54,0.3224111807648814,0.2851550213790874
extracellular region,cellcom,0.55,0.3052735770183129,0.27930475973065855
extracellular region,cellcom,0.56,0.31248098046313144,0.26844860409439886
extracellular region,cellcom,0.5700000000000001,0.2919799217756509,0.2546070056581706
extracellular region,cellcom,0.58,0.27900659557497437,0.24501740151280507
extracellular region,cellcom,0.59,0.2737211663821075,0.23995119554921723
extracellular region,cellcom,0.6,0.27131869856716795,0.22526522945238817
extracellular region,cellcom,0.61,0.25354043673661564,0.22197822677363174
extracellular region,cellcom,0.62,0.24200859122490598,0.20876990408284918
extracellular region,cellcom,0.63,0.2376841491580149,0.197943904434468
extracellular region,cellcom,0.64,0.24264924930888987,0.19194286284664666
extracellular region,cellcom,0.65,0.2216676970584182,0.181508891040686
extracellular region,cellcom,0.66,0.21750341951252308,0.17894563207101355
extracellular region,cellcom,0.67,0.22310917774738193,0.16555637345295998
extracellular region,cellcom,0.68,0.19764301890902317,0.15596676930759726
extracellular region,cellcom,0.6900000000000001,0.20148696741292638,0.14764371665313153
extracellular region,cellcom,0.7000000000000001,0.18579084435532367,0.14375359421680675
extracellular region,cellcom,0.71,0.17922409899448696,0.13132932721086352
extracellular region,cellcom,0.72,0.179063934473491,0.1321736948714615
extracellular region,cellcom,0.73,0.1636881404578782,0.12439344999880873
extracellular region,cellcom,0.74,0.1704150503397088,0.1121501189201381
extracellular region,cellcom,0.75,0.164649127583854,0.10750609678684925
extracellular region,cellcom,0.76,0.16000435647497094,0.10265098273841089
extracellular region,cellcom,0.77,0.15263678850915646,0.10153521118690642
extracellular region,cellcom,0.78,0.1460700431483218,0.09435808607182364
extracellular region,cellcom,0.79,0.1438277398543783,0.09095045944155324
extracellular region,cellcom,0.8,0.14671070123230567,0.08157194721134003
extracellular region,cellcom,0.81,0.13517885572059607,0.08377333432647047
extracellular region,cellcom,0.8200000000000001,0.13229589434266867,0.07864681638712562
extracellular region,cellcom,0.8300000000000001,0.1289324394017548,0.07614386939321104
extracellular region,cellcom,0.84,0.11804125197402762,0.06984126792660389
extracellular region,cellcom,0.85,0.12652997158681387,0.0656495856114925
extracellular region,cellcom,0.86,0.11804125197402762,0.06344819849636207
extracellular region,cellcom,0.87,0.10875170975626154,0.058291524569138733
extracellular region,cellcom,0.88,0.11932256814199534,0.05476327398735434
extracellular region,cellcom,0.89,0.1079508871512817,0.051717519211625936
extracellular region,cellcom,0.9,0.11147450661319298,0.04520382582987013
extracellular region,cellcom,0.91,0.10026299014347528,0.046621157260159585
extracellular region,cellcom,0.92,0.10522809029435026,0.04372618242382368
extracellular region,cellcom,0.93,0.11243549373916878,0.04647037732076709
extracellular region,cellcom,0.9400000000000001,0.11003302592422927,0.04426899020563666
extracellular region,cellcom,0.9500000000000001,0.10186463535343608,0.03709186509055429
extracellular region,cellcom,0.96,0.09946216753849545,0.03769498484812386
extracellular region,cellcom,0.97,0.09513772547160435,0.040469335732945776
extracellular region,cellcom,0.98,0.11820141649502357,0.0527428227994949
extracellular region,cellcom,0.99,0.30559390606030484,0.13374180624114343
extracellular space,cellcom,0.0,18.412988390594613,21.01972200523069
extracellular space,cellcom,0.01,7.0820319405975605,7.624179836938439
extracellular space,cellcom,0.02,4.97840600085871,5.309211249649023
extracellular space,cellcom,0.03,4.054241768603251,4.257763431166613
extracellular space,cellcom,0.04,3.544278221631041,3.664311230401143
extracellular space,cellcom,0.05,3.2378370642263636,3.3021510009041037
extracellular space,cellcom,0.06,3.1264995832736977,3.1046221745369875
extracellular space,cellcom,0.07,2.8537332783310756,2.7937992397232363
extracellular space,cellcom,0.08,2.5879124117087478,2.495586983817066
extracellular space,cellcom,0.09,2.3465058131214045,2.276357401068933
extracellular space,cellcom,0.1,2.262108214138388,2.122460946574297
extracellular space,cellcom,0.11,2.0941548874839,1.9491723268030035
extracellular space,cellcom,0.12,1.987658166572656,1.8524423595301656
extracellular space,cellcom,0.13,1.8900010944327033,1.7583095572497391
extracellular space,cellcom,0.14,1.7582482341749275,1.6471797529634407
extracellular space,cellcom,0.15,1.6656423899042778,1.551315507354737
extracellular space,cellcom,0.16,1.593872860594528,1.4612515968957516
extracellular space,cellcom,0.17,1.5101066650951764,1.3817206333504293
extracellular space,cellcom,0.18,1.4621200003367474,1.3247272904614489
extracellular space,cellcom,0.19,1.3621477820900285,1.2487457857390813
extracellular space,cellcom,0.2,1.2863793640504138,1.1963696250588354
extracellular space,cellcom,0.21,1.2423915880218537,1.1429257409928144
extracellular space,cellcom,0.22,1.1220039904700159,1.0763228876319242
extracellular space,cellcom,0.23,1.1192679087074773,1.0154337972543368
extracellular space,cellcom,0.24,1.0491821220208268,0.9816129375754071
extracellular space,cellcom,0.25,1.0192956904607553,0.9445023355727621
extracellular space,cellcom,0.26,0.9572076812338457,0.9051408572433625
extracellular space,cellcom,0.27,0.8986976250810292,0.8782169134887219
extracellular space,cellcom,0.28,0.8492376855273942,0.8360562684452861
extracellular space,cellcom,0.29,0.8109325408518047,0.7979933726120865
extracellular space,cellcom,0.3,0.8281909027386066,0.7667985353143731
extracellular space,cellcom,0.31,0.7597888586750622,0.7341031137988235
extracellular space,cellcom,0.32,0.7339013158448593,0.71179635225291
extracellular space,cellcom,0.33,0.7332699123611959,0.6885084394876422
extracellular space,cellcom,0.34,0.6728656457573889,0.6589873307405926
extracellular space,cellcom,0.35000000000000003,0.6271941271057335,0.6223095895700193
extracellular space,cellcom,0.36,0.6036217303822933,0.6038120033463023
extracellular space,cellcom,0.37,0.5623700361162788,0.5669034030652891
extracellular space,cellcom,0.38,0.5573188082469709,0.557265035204571
extracellular space,cellcom,0.39,0.5188031957434982,0.536199141377253
extracellular space,cellcom,0.4,0.5053332547586772,0.5134018042216624
extracellular space,cellcom,0.41000000000000003,0.5049123191029042,0.4947310736651244
extracellular space,cellcom,0.42,0.46471296397632617,0.4725974564520356
extracellular space,cellcom,0.43,0.43987776028556236,0.4511564165702585
extracellular space,cellcom,0.44,0.4485069412289633,0.4314468200167542
extracellular space,cellcom,0.45,0.440298695941338,0.4216930226008179
extracellular space,cellcom,0.46,0.41020179655337846,0.4132089502922817
extracellular space,cellcom,0.47000000000000003,0.38641893200205596,0.38611186220481597
extracellular space,cellcom,0.48,0.39020735290403474,0.3778009342291048
extracellular space,cellcom,0.49,0.3758955406076624,0.36495939621108225
extracellular space,cellcom,0.5,0.3561115647862065,0.3457980900448642
extracellular space,cellcom,0.51,0.3390636707272923,0.33439942146706897
extracellular space,cellcom,0.52,0.3323287002348818,0.31945129406631456
extracellular space,cellcom,0.53,0.32559372974247125,0.3021945755611966
extracellular space,cellcom,0.54,0.30054805822381964,0.2897570409864376
extracellular space,cellcom,0.55,0.284131567648569,0.28332184328302407
extracellular space,cellcom,0.56,0.2976015086333901,0.27238489292610146
extracellular space,cellcom,0.5700000000000001,0.2795012754350399,0.2579273411350272
extracellular space,cellcom,0.58,0.26055917092513214,0.2490104079944199
extracellular space,cellcom,0.59,0.25340326477694597,0.24419122406406088
extracellular space,cellcom,0.6,0.24877297256341374,0.23033967743787923
extracellular space,cellcom,0.61,0.23509256375070486,0.2258667821731747
extracellular space,cellcom,0.62,0.22393776887264993,0.21267895548949758
extracellular space,cellcom,0.63,0.2340402246112657,0.200154848748325
extracellular space,cellcom,0.64,0.23214601416027525,0.19556652392840235
extracellular space,cellcom,0.65,0.20373285739541835,0.1856972969572479
extracellular space,cellcom,0.66,0.20667940698584797,0.18209012335667976
extracellular space,cellcom,0.67,0.21593999141291245,0.16901772622822084
extracellular space,cellcom,0.68,0.189421045099046,0.15888878275782548
extracellular space,cellcom,0.6900000000000001,0.18521168854128942,0.152193868555171
extracellular space,cellcom,0.7000000000000001,0.17616157194211474,0.14688410901513632
extracellular space,cellcom,0.71,0.16858473013815092,0.13485057788363938
extracellular space,cellcom,0.72,0.16879519796603876,0.13560086999255755
extracellular space,cellcom,0.73,0.1530101108744516,0.12754965851608946
extracellular space,cellcom,0.74,0.15132636825134899,0.11727642810167141
extracellular space,cellcom,0.75,0.1521682395629003,0.11167809467358965
extracellular space,cellcom,0.76,0.1494321578003585,0.10657033685518516
extracellular space,cellcom,0.77,0.141434380340621,0.10527175435898062
extracellular space,cellcom,0.78,0.13512034550398613,0.0980862645466489
extracellular space,cellcom,0.79,0.13364707070877133,0.09462337789010347
extracellular space,cellcom,0.8,0.1332261350529957,0.08622587774798084
extracellular space,cellcom,0.81,0.12354461497015555,0.08758217502179445
extracellular space,cellcom,0.8200000000000001,0.11975619406817463,0.0826764189250218
extracellular space,cellcom,0.8300000000000001,0.11975619406817596,0.07967525048934998
extracellular space,cellcom,0.84,0.10207689652559701,0.07410577445007188
extracellular space,cellcom,0.85,0.10733859222279273,0.07090260429276739
extracellular space,cellcom,0.86,0.10481297828813878,0.06761286196904924
extracellular space,cellcom,0.87,0.09260584427064471,0.06267824848347202
extracellular space,cellcom,0.88,0.09997221824671872,0.06019651304628114
extracellular space,cellcom,0.89,0.09239537644275689,0.056271908168863
extracellular space,cellcom,0.9,0.09365818341008386,0.050500430407953975
extracellular space,cellcom,0.91,0.07766262849060884,0.052029872014594865
extracellular space,cellcom,0.92,0.08671274508978549,0.048913274023704
extracellular space,cellcom,0.93,0.08944882685232727,0.05246273284666304
extracellular space,cellcom,0.9400000000000001,0.08986976250810294,0.049865567854253987
extracellular space,cellcom,0.9500000000000001,0.07492654672806791,0.04357465709486363
extracellular space,cellcom,0.96,0.0772416928348332,0.04340151276203587
extracellular space,cellcom,0.97,0.08292432418780457,0.044498093536608586
extracellular space,cellcom,0.98,0.10502344611602661,0.057368488943435714
extracellular space,cellcom,0.99,0.2647685274828887,0.14673982207111197
extrinsic component of membrane,cellcom,0.0,20.264377839996328,20.712845746986908
extrinsic component of membrane,cellcom,0.01,7.82270773090987,7.554357475236691
extrinsic component of membrane,cellcom,0.02,4.947904713820169,5.274744728377782
extrinsic component of membrane,cellcom,0.03,4.256360826792735,4.232832905988198
extrinsic component of membrane,cellcom,0.04,3.682624194856259,3.649284867853323
extrinsic component of membrane,cellcom,0.05,3.5403375101360157,3.290247860177628
extrinsic component of membrane,cellcom,0.06,3.0002600939398087,3.1090648780105092
extrinsic component of membrane,cellcom,0.07,2.9467113416257416,2.798568703472026
extrinsic component of membrane,cellcom,0.08,2.5504505745016153,2.505981799639132
extrinsic component of membrane,cellcom,0.09,2.155719771729317,2.286993224411934
extrinsic component of membrane,cellcom,0.1,2.174079343951287,2.1387127208465984
extrinsic component of membrane,cellcom,0.11,1.9246951546028988,1.9673617734616617
extrinsic component of membrane,cellcom,0.12,1.9124554397882512,1.8680091910170797
extrinsic component of membrane,cellcom,0.13,1.7793485411789889,1.7741016462077748
extrinsic component of membrane,cellcom,0.14,1.6156423555331192,1.6613300136667895
extrinsic component of membrane,cellcom,0.15,1.542204066645246,1.5654870289397285
extrinsic component of membrane,cellcom,0.16,1.4274567402579506,1.478082562254069
extrinsic component of membrane,cellcom,0.17,1.395327488869512,1.3972327854231983
extrinsic component of membrane,cellcom,0.18,1.3983874175731692,1.3403308518412989
extrinsic component of membrane,cellcom,0.19,1.3127094138706557,1.261571350121596
extrinsic component of membrane,cellcom,0.2,1.1688927647985825,1.2078693438703865
extrinsic component of membrane,cellcom,0.21,1.161242943039426,1.154812484258421
extrinsic component of membrane,cellcom,0.22,1.0801548323924044,1.0818593022919727
extrinsic component of membrane,cellcom,0.23,1.008246507856369,1.028286325368613
extrinsic component of membrane,cellcom,0.24,0.9623475773014479,0.9902226736528298
extrinsic component of membrane,cellcom,0.25,0.8873793240617486,0.9546363850317714
extrinsic component of membrane,cellcom,0.26,0.8491302152659835,0.9124696006903577
extrinsic component of membrane,cellcom,0.27,0.8613699300806283,0.8810122505605026
extrinsic component of membrane,cellcom,0.28,0.8476002509141577,0.8374777553438825
extrinsic component of membrane,cellcom,0.29,0.8062912134147268,0.7994399094936675
extrinsic component of membrane,cellcom,0.3,0.7833417481372678,0.7740469377727672
extrinsic component of membrane,cellcom,0.31,0.7374428175823496,0.737196161738778
extrinsic component of membrane,cellcom,0.32,0.6838940652682787,0.7149773114829903
extrinsic component of membrane,cellcom,0.33,0.7282630314713661,0.693326190269743
extrinsic component of membrane,cellcom,0.34,0.6487048851761749,0.660862411382657
extrinsic component of membrane,cellcom,0.35000000000000003,0.6318752773060416,0.62274714793574
extrinsic component of membrane,cellcom,0.36,0.5859763467511201,0.6040895071286119
extrinsic component of membrane,cellcom,0.37,0.5584369884181695,0.5664903609930918
extrinsic component of membrane,cellcom,0.38,0.5905662398066119,0.556709937942054
extrinsic component of membrane,cellcom,0.39,0.5018283074004372,0.5346459228796864
extrinsic component of membrane,cellcom,0.4,0.4788788421229781,0.5129948016664391
extrinsic component of membrane,cellcom,0.41000000000000003,0.42380012545707885,0.4971758060720193
extrinsic component of membrane,cellcom,0.42,0.5171279509187432,0.47087962905616554
extrinsic component of membrane,cellcom,0.43,0.4406297333272131,0.4499510720788788
extrinsic component of membrane,cellcom,0.44,0.42839001851256825,0.4335901533074858
extrinsic component of membrane,cellcom,0.45,0.38402105230948086,0.42460971208911863
extrinsic component of membrane,cellcom,0.46,0.4085004819387704,0.41291965498589933
extrinsic component of membrane,cellcom,0.47000000000000003,0.3870809810131442,0.3861331665242201
extrinsic component of membrane,cellcom,0.48,0.38249108795765024,0.3792430004170224
extrinsic component of membrane,cellcom,0.49,0.41003044629060104,0.36554008579934155
extrinsic component of membrane,cellcom,0.5,0.34424197916188526,0.34708889191677683
extrinsic component of membrane,cellcom,0.51,0.3274123712917486,0.3350891644267172
extrinsic component of membrane,cellcom,0.52,0.3014029773106284,0.32133463807789625
extrinsic component of membrane,cellcom,0.53,0.33812212175456285,0.3044576019951028
extrinsic component of membrane,cellcom,0.54,0.2906932268478142,0.29106435776426215
extrinsic component of membrane,cellcom,0.55,0.302932941662459,0.28309034530312577
extrinsic component of membrane,cellcom,0.56,0.29528311990330597,0.2750905269764194
extrinsic component of membrane,cellcom,0.5700000000000001,0.2799834763850031,0.2602005425425204
extrinsic component of membrane,cellcom,0.58,0.3075228347179508,0.24943949659981896
extrinsic component of membrane,cellcom,0.59,0.2906932268478142,0.24453638214151502
extrinsic component of membrane,cellcom,0.6,0.2631538685148634,0.23204634320562506
extrinsic component of membrane,cellcom,0.61,0.24785422499655735,0.22662711143592074
extrinsic component of membrane,cellcom,0.62,0.21113508055262292,0.21408546076889073
extrinsic component of membrane,cellcom,0.63,0.22949465277459016,0.20381472627202254
extrinsic component of membrane,cellcom,0.64,0.22643472407092896,0.1995309525873991
extrinsic component of membrane,cellcom,0.65,0.21266504490445354,0.18745380750062948
extrinsic component of membrane,cellcom,0.66,0.19889536573797814,0.18482160921248741
extrinsic component of membrane,cellcom,0.67,0.21266504490445354,0.1740347574042188
extrinsic component of membrane,cellcom,0.68,0.1805357935160109,0.16226728270428942
extrinsic component of membrane,cellcom,0.6900000000000001,0.1835957222196721,0.15571259284950417
extrinsic component of membrane,cellcom,0.7000000000000001,0.14075672036841685,0.15057722560107176
extrinsic component of membrane,cellcom,0.71,0.1529964351830601,0.13868072157329062
extrinsic component of membrane,cellcom,0.72,0.1529964351830601,0.13937747994368116
extrinsic component of membrane,cellcom,0.73,0.13310689860926228,0.13057767978430412
extrinsic component of membrane,cellcom,0.74,0.11168739768363388,0.12154562683479694
extrinsic component of membrane,cellcom,0.75,0.11780725509095627,0.11653928891421295
extrinsic component of membrane,cellcom,0.76,0.12239714814644807,0.11155875685919896
extrinsic component of membrane,cellcom,0.77,0.10556754027631146,0.1097007345381575
extrinsic component of membrane,cellcom,0.78,0.10556754027631146,0.10250089804412174
extrinsic component of membrane,cellcom,0.79,0.1285170055537705,0.09883646513317883
extrinsic component of membrane,cellcom,0.8,0.09485778981349727,0.09184307556370325
extrinsic component of membrane,cellcom,0.81,0.09638775416532787,0.09184307556370325
extrinsic component of membrane,cellcom,0.8200000000000001,0.09026789675800545,0.08709479629881946
extrinsic component of membrane,cellcom,0.8300000000000001,0.0856780037025146,0.08448840387624831
extrinsic component of membrane,cellcom,0.84,0.07037836018420765,0.07759823776905188
extrinsic component of membrane,cellcom,0.85,0.07955814629519126,0.07522409813661
extrinsic component of membrane,cellcom,0.86,0.08567800370251366,0.07186933561250732
extrinsic component of membrane,cellcom,0.87,0.06731843148054645,0.06626946278381285
extrinsic component of membrane,cellcom,0.88,0.08108811064702186,0.06472111084961162
extrinsic component of membrane,cellcom,0.89,0.044368966203087425,0.06090184274524857
extrinsic component of membrane,cellcom,0.9,0.06272853842505464,0.055585834437824326
extrinsic component of membrane,cellcom,0.91,0.047428894906748634,0.05525035818541406
extrinsic component of membrane,cellcom,0.92,0.05813864536956284,0.053392335864372586
extrinsic component of membrane,cellcom,0.93,0.048958859258579235,0.0570567687753155
extrinsic component of membrane,cellcom,0.9400000000000001,0.04283900185125683,0.054889076067433776
extrinsic component of membrane,cellcom,0.9500000000000001,0.04436896620308792,0.04740537505212833
extrinsic component of membrane,cellcom,0.96,0.05813864536956284,0.04730215158984772
extrinsic component of membrane,cellcom,0.97,0.05201878796224043,0.04908275631417914
extrinsic component of membrane,cellcom,0.98,0.08873793240617485,0.06268244746957999
extrinsic component of membrane,cellcom,0.99,0.19124554397882512,0.16046087211438795
fibrillar center,cellcom,0.0,25.017381803734605,20.66088282659992
fibrillar center,cellcom,0.01,7.573500198649185,7.558656953261352
fibrillar center,cellcom,0.02,5.53237981724275,5.266607130907136
fibrillar center,cellcom,0.03,4.4273937226857365,4.231218224198542
fibrillar center,cellcom,0.04,3.6054827175208572,3.6502958711873843
fibrillar center,cellcom,0.05,3.1535558204211376,3.2958504190963653
fibrillar center,cellcom,0.06,3.0840286054827146,3.1074999929490352
fibrillar center,cellcom,0.07,2.612236789829163,2.802975352144276
fibrillar center,cellcom,0.08,2.3390941597139463,2.5084502575139553
fibrillar center,cellcom,0.09,2.0634684147794977,2.2871013289909645
fibrillar center,cellcom,0.1,1.9840087405641649,2.1409028359482156
fibrillar center,cellcom,0.11,1.8548867699642442,1.9678081276824113
fibrillar center,cellcom,0.12,1.611541517679776,1.8714022466159852
fibrillar center,cellcom,0.13,1.6612038140643608,1.7753553236173623
fibrillar center,cellcom,0.14,1.6885180770758872,1.660283623025317
fibrillar center,cellcom,0.15,1.5320818434644403,1.56544177354002
fibrillar center,cellcom,0.16,1.2912197059992043,1.4791636379579682
fibrillar center,cellcom,0.17,1.271354787445374,1.3985006321507998
fibrillar center,cellcom,0.18,1.2639054429876826,1.342092935782144
fibrillar center,cellcom,0.19,1.1596146205800546,1.2634811189338317
fibrillar center,cellcom,0.2,1.0677393722685757,1.2086630940082999
fibrillar center,cellcom,0.21,1.080154946364719,1.1556911391457352
fibrillar center,cellcom,0.22,0.9857965832340079,1.0828226513822312
fibrillar center,cellcom,0.23,0.9237187127532795,1.0290302209361286
fibrillar center,cellcom,0.24,0.9957290425109248,0.989698672649984
fibrillar center,cellcom,0.25,0.9584823202224861,0.953469547664118
fibrillar center,cellcom,0.26,0.7623162495033764,0.9129585657266316
fibrillar center,cellcom,0.27,0.9411005164878815,0.8800626227989131
fibrillar center,cellcom,0.28,0.737485101311088,0.8386798855539159
fibrillar center,cellcom,0.29,0.727552642034167,0.8002970121612423
fibrillar center,cellcom,0.3,0.6853396901072699,0.7751186676912348
fibrillar center,cellcom,0.31,0.5884982121573296,0.7387357035334544
fibrillar center,cellcom,0.32,0.7002383790226454,0.7146085934048628
fibrillar center,cellcom,0.33,0.6431267381803729,0.6944300220220768
fibrillar center,cellcom,0.34,0.6704410011918944,0.6605597643389
fibrillar center,cellcom,0.35000000000000003,0.5760826380611866,0.6233819644595646
fibrillar center,cellcom,0.36,0.5934644417957881,0.6038956693503905
fibrillar center,cellcom,0.37,0.4817242749304723,0.5672306667107667
fibrillar center,cellcom,0.38,0.5289034564958279,0.5575644387421387
fibrillar center,cellcom,0.39,0.48420738974970157,0.5346167622648916
fibrillar center,cellcom,0.4,0.4668255860150969,0.5128997991629606
fibrillar center,cellcom,0.41000000000000003,0.46185935637664105,0.49631080845818254
fibrillar center,cellcom,0.42,0.45441001191895075,0.4718247402617877
fibrillar center,cellcom,0.43,0.3228049264998011,0.45110773177730096
fibrillar center,cellcom,0.44,0.3972983710766782,0.4338777445228764
fibrillar center,cellcom,0.45,0.38239968216130277,0.42436535572616285
fibrillar center,cellcom,0.46,0.38239968216130277,0.4131607360383897
fibrillar center,cellcom,0.47000000000000003,0.32777115613826135,0.38675167819306844
fibrillar center,cellcom,0.48,0.36998410806515664,0.37939303780315575
fibrillar center,cellcom,0.49,0.3228049264998011,0.36672694598219485
fibrillar center,cellcom,0.5,0.2756257449344455,0.34777908797472495
fibrillar center,cellcom,0.51,0.25327771156138235,0.3358052724273793
fibrillar center,cellcom,0.52,0.25327771156138235,0.3217033483352163
fibrillar center,cellcom,0.53,0.2954906634882794,0.30511435763043543
fibrillar center,cellcom,0.54,0.2930075486690502,0.2910380734002583
fibrillar center,cellcom,0.55,0.2557608263806116,0.2837050728723335
fibrillar center,cellcom,0.56,0.26321017083829934,0.2755515967608647
fibrillar center,cellcom,0.5700000000000001,0.2532777115613852,0.26060355722317485
fibrillar center,cellcom,0.58,0.24582836710369466,0.2504501718768146
fibrillar center,cellcom,0.59,0.23837902264600694,0.24537347920363595
fibrillar center,cellcom,0.6,0.22596344854986075,0.23263046779671773
fibrillar center,cellcom,0.61,0.18871672626142216,0.2273742960896388
fibrillar center,cellcom,0.62,0.2433452522844654,0.21373388951321934
fibrillar center,cellcom,0.63,0.166368692888359,0.2046317385082778
fibrillar center,cellcom,0.64,0.18871672626142216,0.20009348293679988
fibrillar center,cellcom,0.65,0.1638855780691298,0.1881196673894542
fibrillar center,cellcom,0.66,0.18871672626142216,0.18501724408917833
fibrillar center,cellcom,0.67,0.15147000397298357,0.17491513846679252
fibrillar center,cellcom,0.68,0.13657131505760814,0.16283876347150383
fibrillar center,cellcom,0.6900000000000001,0.15395311879221282,0.15619803921719436
fibrillar center,cellcom,0.7000000000000001,0.14402065951529747,0.15048034999437357
fibrillar center,cellcom,0.71,0.11174016686531577,0.13919881072064152
fibrillar center,cellcom,0.72,0.09187524831148185,0.14009620589014282
fibrillar center,cellcom,0.73,0.1018077075883988,0.13091713529924398
fibrillar center,cellcom,0.74,0.1018077075883988,0.12158422553643068
fibrillar center,cellcom,0.75,0.0893921334922526,0.11684085106906676
fibrillar center,cellcom,0.76,0.0893921334922526,0.11196927729177408
fibrillar center,cellcom,0.77,0.0893921334922526,0.10984116874695676
fibrillar center,cellcom,0.78,0.06704410011918946,0.10291840601080404
fibrillar center,cellcom,0.79,0.0819427890345649,0.09950830436669916
fibrillar center,cellcom,0.8,0.0819427890345649,0.09199582480487417
fibrillar center,cellcom,0.81,0.07697655939610641,0.09207274439083142
fibrillar center,cellcom,0.8200000000000001,0.07449344457687716,0.087278090199496
fibrillar center,cellcom,0.8300000000000001,0.06952721493841946,0.08466282427695035
fibrillar center,cellcom,0.84,0.0571116408422725,0.07768878181682516
fibrillar center,cellcom,0.85,0.06207787048073097,0.0754324739620791
fibrillar center,cellcom,0.86,0.04717918156535554,0.07235569052378898
fibrillar center,cellcom,0.87,0.08442590385379412,0.06609956419926577
fibrillar center,cellcom,0.88,0.049662296384584775,0.06515088930579299
fibrillar center,cellcom,0.89,0.024831148192292388,0.06099723166410135
fibrillar center,cellcom,0.9,0.02731426301152163,0.05599745857687992
fibrillar center,cellcom,0.91,0.02234803337306315,0.05545902147517915
fibrillar center,cellcom,0.92,0.01986491855383391,0.053818070308091104
fibrillar center,cellcom,0.93,0.024831148192292388,0.05725381181418172
fibrillar center,cellcom,0.9400000000000001,0.032280492649980105,0.05492058437347838
fibrillar center,cellcom,0.9500000000000001,0.017381803734604864,0.047664503431511414
fibrillar center,cellcom,0.96,0.02731426301152163,0.047690143293496634
fibrillar center,cellcom,0.97,0.017381803734604673,0.049459293770513446
fibrillar center,cellcom,0.98,0.024831148192292388,0.06350993813870492
fibrillar center,cellcom,0.99,0.007449344457687717,0.1625567249896606
focal adhesion,cellcom,0.0,20.766451730918735,20.70402112027025
focal adhesion,cellcom,0.01,7.855444276764073,7.552074614434901
focal adhesion,cellcom,0.02,5.655782686239539,5.260550207748236
focal adhesion,cellcom,0.03,4.424475236657977,4.228881481637204
focal adhesion,cellcom,0.04,3.7339369826679465,3.647928707668166
focal adhesion,cellcom,0.05,3.261764302373441,3.295136934233521
focal adhesion,cellcom,0.06,3.235468971509578,3.104349593211072
focal adhesion,cellcom,0.07,2.9313577536927804,2.7980672627246297
focal adhesion,cellcom,0.08,2.4706178259477767,2.507538967879677
focal adhesion,cellcom,0.09,2.209951067819086,2.286515298154855
focal adhesion,cellcom,0.1,2.1219188731879095,2.139693914919384
focal adhesion,cellcom,0.11,1.9264188045913944,1.9675674497226963
focal adhesion,cellcom,0.12,1.9847258425938612,1.866113536505888
focal adhesion,cellcom,0.13,1.768646819408239,1.774314485329669
focal adhesion,cellcom,0.14,1.6623222206978583,1.6605324552599694
focal adhesion,cellcom,0.15,1.5674303745369722,1.5650479459929842
focal adhesion,cellcom,0.16,1.4370969954726287,1.4781541876277084
focal adhesion,cellcom,0.17,1.360497553390957,1.3980344050489764
focal adhesion,cellcom,0.18,1.335345497782045,1.3414288832465033
focal adhesion,cellcom,0.19,1.237023825856312,1.2629961061318484
focal adhesion,cellcom,0.2,1.1718571363241435,1.2080256819330302
focal adhesion,cellcom,0.21,1.1329857776558274,1.1554170653839186
focal adhesion,cellcom,0.22,1.0701056386335563,1.08209721252194
focal adhesion,cellcom,0.23,0.8928979741162499,1.0310198778556154
focal adhesion,cellcom,0.24,0.9729272419627741,0.990142437764421
focal adhesion,cellcom,0.25,0.9614944894132703,0.9533397647172401
focal adhesion,cellcom,0.26,0.882608496821694,0.912073015672799
focal adhesion,cellcom,0.27,0.8494535144281329,0.8813954701567428
focal adhesion,cellcom,0.28,0.8128687062697253,0.8382081302762757
focal adhesion,cellcom,0.29,0.7191201353637895,0.8013795032988735
focal adhesion,cellcom,0.3,0.753418393012301,0.7746729091059616
focal adhesion,cellcom,0.31,0.7031142817944842,0.7379740517796474
focal adhesion,cellcom,0.32,0.7602780445420033,0.7134216337947158
focal adhesion,cellcom,0.33,0.6882517034801293,0.6940340479228934
focal adhesion,cellcom,0.34,0.6836786024603277,0.660138215059975
focal adhesion,cellcom,0.35000000000000003,0.6059358851237052,0.6232836341523644
focal adhesion,cellcom,0.36,0.5670645264553889,0.6046227583266043
focal adhesion,cellcom,0.37,0.5304797182969767,0.5671712370240077
focal adhesion,cellcom,0.38,0.5259066172771751,0.5579835457273208
focal adhesion,cellcom,0.39,0.5281931677870759,0.5342356995791047
focal adhesion,cellcom,0.4,0.5476288471212324,0.5116298263604202
focal adhesion,cellcom,0.41000000000000003,0.4927516348836169,0.4960315143002285
focal adhesion,cellcom,0.42,0.46302647825490423,0.471842451338327
focal adhesion,cellcom,0.43,0.4207252938217402,0.4504564128398241
focal adhesion,cellcom,0.44,0.43673114739104546,0.43343063461771514
focal adhesion,cellcom,0.45,0.42987149586134316,0.4238017265073455
focal adhesion,cellcom,0.46,0.41729546805688905,0.41274535223506126
focal adhesion,cellcom,0.47000000000000003,0.3658480815841239,0.3866097445069174
focal adhesion,cellcom,0.48,0.393286687702931,0.3789792890232261
focal adhesion,cellcom,0.49,0.33040654868066005,0.36709238898400975
focal adhesion,cellcom,0.5,0.3418393012301639,0.34715977057763814
focal adhesion,cellcom,0.51,0.34298257648511427,0.3347797458643058
focal adhesion,cellcom,0.52,0.3201170713861066,0.3210241628494921
focal adhesion,cellcom,0.53,0.2686696849133395,0.3058411136727638
focal adhesion,cellcom,0.54,0.2766726116979922,0.29138477454210104
focal adhesion,cellcom,0.55,0.26409658389353796,0.28385813477927846
focal adhesion,cellcom,0.56,0.24351762930443113,0.27614981750493944
focal adhesion,cellcom,0.5700000000000001,0.25266383134403697,0.2607072290260477
focal adhesion,cellcom,0.58,0.22979832624502655,0.2508706894739422
focal adhesion,cellcom,0.59,0.22408194997027464,0.24578371915148275
focal adhesion,cellcom,0.6,0.22408194997027464,0.23275484618273468
focal adhesion,cellcom,0.61,0.20807609640096933,0.22740833655810896
focal adhesion,cellcom,0.62,0.19550006859651514,0.21445732538001078
focal adhesion,cellcom,0.63,0.1612018109480037,0.2052177262228906
focal adhesion,cellcom,0.64,0.19892989436136627,0.20000098624934806
focal adhesion,cellcom,0.65,0.16920473773265637,0.18829576372164808
focal adhesion,cellcom,0.66,0.1497690583984999,0.1858560942812849
focal adhesion,cellcom,0.67,0.18063749028216017,0.17454018070683439
focal adhesion,cellcom,0.68,0.17034801298760674,0.16239374136545168
focal adhesion,cellcom,0.6900000000000001,0.15319888416335103,0.15624265990411046
focal adhesion,cellcom,0.7000000000000001,0.14405268212374958,0.15055874918667025
focal adhesion,cellcom,0.71,0.13490648008414494,0.1390092502402684
focal adhesion,cellcom,0.72,0.12347372753464114,0.13996954565828368
focal adhesion,cellcom,0.73,0.12233045227969075,0.1308078082918134
focal adhesion,cellcom,0.74,0.10632459871038541,0.12172393271599305
focal adhesion,cellcom,0.75,0.096035121415832,0.11702627134678308
focal adhesion,cellcom,0.76,0.08460236886632819,0.11235456390778974
focal adhesion,cellcom,0.77,0.08574564412127857,0.11017443376959285
focal adhesion,cellcom,0.78,0.09832167192573275,0.10264779400677025
focal adhesion,cellcom,0.79,0.0891754698861297,0.09955927631099132
focal adhesion,cellcom,0.8,0.08117254310147703,0.09213645226903525
focal adhesion,cellcom,0.81,0.09260529565098084,0.09190286689708559
focal adhesion,cellcom,0.8200000000000001,0.08117254310147703,0.0872830673185255
focal adhesion,cellcom,0.8300000000000001,0.08574564412127951,0.08448004285513043
focal adhesion,cellcom,0.84,0.058307038002469426,0.07791369851032219
focal adhesion,cellcom,0.85,0.07431289157177476,0.07531830548865924
focal adhesion,cellcom,0.86,0.060593588512370185,0.07235955744396345
focal adhesion,cellcom,0.87,0.060593588512370185,0.06641610742435526
focal adhesion,cellcom,0.88,0.06288013902227095,0.0650405491228739
focal adhesion,cellcom,0.89,0.04458773494306485,0.06099173600907967
focal adhesion,cellcom,0.9,0.042301184433164093,0.056008581407486775
focal adhesion,cellcom,0.91,0.048017560707916,0.055281871361421146
focal adhesion,cellcom,0.92,0.053733936982667894,0.053465096246257074
focal adhesion,cellcom,0.93,0.053733936982667894,0.0569948307557187
focal adhesion,cellcom,0.9400000000000001,0.04573101019801523,0.054892562408171704
focal adhesion,cellcom,0.9500000000000001,0.048017560707916525,0.047339968715133
focal adhesion,cellcom,0.96,0.03772808341336257,0.047703323738165285
focal adhesion,cellcom,0.97,0.04573101019801523,0.049208651690729806
focal adhesion,cellcom,0.98,0.05259066172771752,0.06335354365879298
focal adhesion,cellcom,0.99,0.15319888416335103,0.16114795271505347
glutamatergic synapse,cellcom,0.0,22.82115675370935,20.662654829130982
glutamatergic synapse,cellcom,0.01,7.747994772313763,7.55498584689376
glutamatergic synapse,cellcom,0.02,5.304563975091614,5.268611276451474
glutamatergic synapse,cellcom,0.03,4.471721805089306,4.228403923671351
glutamatergic synapse,cellcom,0.04,3.7721343822873683,3.6473666782052514
glutamatergic synapse,cellcom,0.05,3.5094687748251046,3.2900502614564058
glutamatergic synapse,cellcom,0.06,3.023857724931448,3.108945389696515
glutamatergic synapse,cellcom,0.07,2.9239166645311756,2.7985427724657437
glutamatergic synapse,cellcom,0.08,2.579248135714836,2.5052538536242865
glutamatergic synapse,cellcom,0.09,2.2627681111139566,2.285261273875355
glutamatergic synapse,cellcom,0.1,2.290956615329422,2.136234877613756
glutamatergic synapse,cellcom,0.11,2.033416190451786,1.9653050186632528
glutamatergic synapse,cellcom,0.12,1.8540347999897482,1.8690437015505614
glutamatergic synapse,cellcom,0.13,1.7066858006816479,1.77555268054628
glutamatergic synapse,cellcom,0.14,1.6387771314353106,1.6610125872416763
glutamatergic synapse,cellcom,0.15,1.3812367065576698,1.5688160971291691
glutamatergic synapse,cellcom,0.16,1.4350511236962804,1.478095372233295
glutamatergic synapse,cellcom,0.17,1.459395740973275,1.3959444418410016
glutamatergic synapse,cellcom,0.18,1.244138072418829,1.3432570345455912
glutamatergic synapse,cellcom,0.19,1.1749481075263295,1.2641870876757282
glutamatergic synapse,cellcom,0.2,1.1621351510647588,1.2081339000616995
glutamatergic synapse,cellcom,0.21,1.0660379776029512,1.1567151330402332
glutamatergic synapse,cellcom,0.22,1.0109422648181832,1.0832634502406913
glutamatergic synapse,cellcom,0.23,0.9853163518950381,1.028815480932468
glutamatergic synapse,cellcom,0.24,0.9404710042795267,0.9907562727141618
glutamatergic synapse,cellcom,0.25,0.8354047612946204,0.9559075011074704
glutamatergic synapse,cellcom,0.26,0.8264356917715187,0.9131362004430912
glutamatergic synapse,cellcom,0.27,0.7931220049714264,0.8824558183079282
glutamatergic synapse,cellcom,0.28,0.8097788483714771,0.8382087524269256
glutamatergic synapse,cellcom,0.29,0.7482766573559176,0.8005896847118225
glutamatergic synapse,cellcom,0.3,0.648335596955641,0.7767444256852527
glutamatergic synapse,cellcom,0.31,0.641929118724854,0.7391253579701542
glutamatergic synapse,cellcom,0.32,0.6098967275709192,0.7165746298353636
glutamatergic synapse,cellcom,0.33,0.5753017451246696,0.696302276070104
glutamatergic synapse,cellcom,0.34,0.5829895190016139,0.6622302229984799
glutamatergic synapse,cellcom,0.35000000000000003,0.5560823104323117,0.6242486866336866
glutamatergic synapse,cellcom,0.36,0.5458319452630496,0.6049601763461757
glutamatergic synapse,cellcom,0.37,0.49970530200138336,0.5677035772807753
glutamatergic synapse,cellcom,0.38,0.485611049893652,0.5587195328918287
glutamatergic synapse,cellcom,0.39,0.4612664326166616,0.5355733205468197
glutamatergic synapse,cellcom,0.4,0.45614125003203204,0.5135662953865762
glutamatergic synapse,cellcom,0.41000000000000003,0.4548599543858771,0.4967891750291228
glutamatergic synapse,cellcom,0.42,0.4369218153396711,0.472348431792332
glutamatergic synapse,cellcom,0.43,0.3959203546626345,0.45088510960663564
glutamatergic synapse,cellcom,0.44,0.36901314609332925,0.43480703593074016
glutamatergic synapse,cellcom,0.45,0.31263613766240395,0.42618546019149184
glutamatergic synapse,cellcom,0.46,0.33313686800092224,0.4144570103119738
glutamatergic synapse,cellcom,0.47000000000000003,0.33954334623171106,0.3870906272597673
glutamatergic synapse,cellcom,0.48,0.39335776337031975,0.379012754495064
glutamatergic synapse,cellcom,0.49,0.3177613202470335,0.3672584139977105
glutamatergic synapse,cellcom,0.5,0.3023857724931448,0.34794401309236733
glutamatergic synapse,cellcom,0.51,0.3075109550777744,0.33551651653128867
glutamatergic synapse,cellcom,0.52,0.25625912923147864,0.32231230143514256
glutamatergic synapse,cellcom,0.53,0.21653896420059945,0.30680382135162976
glutamatergic synapse,cellcom,0.54,0.23575839889296038,0.29217562227452676
glutamatergic synapse,cellcom,0.55,0.22678932936985863,0.28456378063086607
glutamatergic synapse,cellcom,0.56,0.22935192066217341,0.27635645477698706
glutamatergic synapse,cellcom,0.5700000000000001,0.2050073033851852,0.2616505838463802
glutamatergic synapse,cellcom,0.58,0.22294544243138642,0.2509577586802825
glutamatergic synapse,cellcom,0.59,0.21397637290828467,0.24593497882017987
glutamatergic synapse,cellcom,0.6,0.17810009481587766,0.23366282596611468
glutamatergic synapse,cellcom,0.61,0.1704123209389333,0.2281222337493004
glutamatergic synapse,cellcom,0.62,0.18194398175434984,0.2146850030926341
glutamatergic synapse,cellcom,0.63,0.18578786869282202,0.20461355275459328
glutamatergic synapse,cellcom,0.64,0.1870691643389794,0.20023803834038015
glutamatergic synapse,cellcom,0.65,0.1716936165850907,0.18819890104683518
glutamatergic synapse,cellcom,0.66,0.11787919944648019,0.18641244841618013
glutamatergic synapse,cellcom,0.67,0.1486302949542576,0.17520181089337375
glutamatergic synapse,cellcom,0.68,0.149911590600415,0.1628260955679662
glutamatergic synapse,cellcom,0.6900000000000001,0.13709863413884107,0.15656056605175572
glutamatergic synapse,cellcom,0.7000000000000001,0.1217230863849537,0.15099408321710758
glutamatergic synapse,cellcom,0.71,0.11787919944648019,0.13934330519109464
glutamatergic synapse,cellcom,0.72,0.1153166081541654,0.1400941331083265
glutamatergic synapse,cellcom,0.73,0.12300438203110974,0.13077351068751747
glutamatergic synapse,cellcom,0.74,0.1127540168618506,0.1215564507380508
glutamatergic synapse,cellcom,0.75,0.11147272121569321,0.11666312396712605
glutamatergic synapse,cellcom,0.76,0.1165979038003228,0.11164034410702342
glutamatergic synapse,cellcom,0.77,0.10891012992337842,0.10964676653368373
glutamatergic synapse,cellcom,0.78,0.10122235604643406,0.10257862786457023
glutamatergic synapse,cellcom,0.79,0.10891012992337842,0.09913517569243802
glutamatergic synapse,cellcom,0.8,0.08712810393870274,0.09198936516981779
glutamatergic synapse,cellcom,0.81,0.0935345821694897,0.09188580269847546
glutamatergic synapse,cellcom,0.8200000000000001,0.08072162570791577,0.08727727272374211
glutamatergic synapse,cellcom,0.8300000000000001,0.07944033006175927,0.08461053908667825
glutamatergic synapse,cellcom,0.84,0.08200292135407317,0.07738705671055032
glutamatergic synapse,cellcom,0.85,0.08456551264638795,0.07510868234101925
glutamatergic synapse,cellcom,0.86,0.08969069523101753,0.07174290202239376
glutamatergic synapse,cellcom,0.87,0.06918996489249923,0.06622820042341511
glutamatergic synapse,cellcom,0.88,0.049970530200138336,0.0652961381813342
glutamatergic synapse,cellcom,0.89,0.06918996489249923,0.06045459264608064
glutamatergic synapse,cellcom,0.9,0.07047126053865663,0.05540592216814242
glutamatergic synapse,cellcom,0.91,0.0743151474771288,0.05473276610441733
glutamatergic synapse,cellcom,0.92,0.06406478230786966,0.053257000887789244
glutamatergic synapse,cellcom,0.93,0.06534607795402705,0.05675223429559261
glutamatergic synapse,cellcom,0.9400000000000001,0.06278348666171227,0.05452564116173269
glutamatergic synapse,cellcom,0.9500000000000001,0.048689234553981484,0.04732804940344181
glutamatergic synapse,cellcom,0.96,0.04740793890782355,0.04748339311045477
glutamatergic synapse,cellcom,0.97,0.05509571278476791,0.04901093956275402
glutamatergic synapse,cellcom,0.98,0.060220895369397474,0.0631731075188166
glutamatergic synapse,cellcom,0.99,0.25369653793916386,0.1590978465996426
growth cone,cellcom,0.0,20.692900078738646,20.705574406603475
growth cone,cellcom,0.01,8.05054636938027,7.5522235749713635
growth cone,cellcom,0.02,5.342705152580132,5.268340680870019
growth cone,cellcom,0.03,4.209636842004186,4.2335390232122485
growth cone,cellcom,0.04,3.9369322655604844,3.6459932650580775
growth cone,cellcom,0.05,3.5797276795145105,3.2905751447004397
growth cone,cellcom,0.06,3.1860344529584577,3.1062052094729444
growth cone,cellcom,0.07,2.821148047857734,2.8007565108124792
growth cone,cellcom,0.08,2.5868525666877926,2.5056463131928033
growth cone,cellcom,0.09,2.4466593689385623,2.2826484462158754
growth cone,cellcom,0.1,2.510034376140271,2.134334676309763
growth cone,cellcom,0.11,2.2162047972960006,1.9633122088438941
growth cone,cellcom,0.12,1.9377388565612321,1.8678225213700914
growth cone,cellcom,0.13,1.883966123177967,1.7727185988605
growth cone,cellcom,0.14,1.799466113575698,1.6587121931046858
growth cone,cellcom,0.15,1.4845115323308546,1.566180037023148
growth cone,cellcom,0.16,1.5133183537861752,1.4767597183195655
growth cone,cellcom,0.17,1.3423978798179435,1.3979350772995862
growth cone,cellcom,0.18,1.2867046916709866,1.3420248751535975
growth cone,cellcom,0.19,1.1810796796681442,1.2635088461049815
growth cone,cellcom,0.2,1.1023410343569378,1.2086273505302234
growth cone,cellcom,0.21,1.0927387605384946,1.155751832769344
growth cone,cellcom,0.22,1.0408864819189174,1.0823793365768442
growth cone,cellcom,0.23,1.0140001152272877,1.0281407826091
growth cone,cellcom,0.24,0.9621478366077079,0.9901300748023975
growth cone,cellcom,0.25,0.8565228246048657,0.9548197217451587
growth cone,cellcom,0.26,0.9045341936970667,0.911511175096659
growth cone,cellcom,0.27,0.8834091912964982,0.8806499779599609
growth cone,cellcom,0.28,0.8065910007489812,0.8380615259113222
growth cone,cellcom,0.29,0.7412955387835832,0.8003337124117041
growth cone,cellcom,0.3,0.7220909911467028,0.7748989424382088
growth cone,cellcom,0.31,0.6932841696913824,0.7377883528813294
growth cone,cellcom,0.32,0.6721591672908139,0.7150282199930145
growth cone,cellcom,0.33,0.6414318910718052,0.6946083945542325
growth cone,cellcom,0.34,0.6222273434349248,0.6611754309894763
growth cone,cellcom,0.35000000000000003,0.5818977933974793,0.6234476174898662
growth cone,cellcom,0.36,0.5319659695415869,0.60475087555788
growth cone,cellcom,0.37,0.5127614219047065,0.5670744973868277
growth cone,cellcom,0.38,0.4551477789940654,0.5586391035027969
growth cone,cellcom,0.39,0.4935568742678262,0.5346445227290141
growth cone,cellcom,0.4,0.4589886885214415,0.5131445553904477
growth cone,cellcom,0.41000000000000003,0.49931823855889307,0.49591372032246067
growth cone,cellcom,0.42,0.4493864147030012,0.4719448572129557
growth cone,cellcom,0.43,0.389852317028672,0.45059919586007285
growth cone,cellcom,0.44,0.3821704979739199,0.43419132604906174
growth cone,cellcom,0.45,0.34568185746384716,0.4249844022366135
growth cone,cellcom,0.46,0.3572045860459753,0.41359147696031573
growth cone,cellcom,0.47000000000000003,0.343761402700161,0.38671651778710997
growth cone,cellcom,0.48,0.34952276699122325,0.37969559543850895
growth cone,cellcom,0.49,0.3687273146281036,0.36624525701976474
growth cone,cellcom,0.5,0.31687503600852657,0.34744564443065945
growth cone,cellcom,0.51,0.33607958364540697,0.33494685959029674
growth cone,cellcom,0.52,0.2707841216800136,0.32167654482151653
growth cone,cellcom,0.53,0.2765454859710777,0.30539726333190825
growth cone,cellcom,0.54,0.24389775498838104,0.29168974827035826
growth cone,cellcom,0.55,0.24389775498838104,0.2839487313219031
growth cone,cellcom,0.56,0.21509093353306044,0.2762334320377286
growth cone,cellcom,0.5700000000000001,0.2304545716425673,0.2609314217907854
growth cone,cellcom,0.58,0.23429548116994084,0.2506186384142692
growth cone,cellcom,0.59,0.20164775018724415,0.24588658818664214
growth cone,cellcom,0.6,0.20548865971462024,0.23292488538922893
growth cone,cellcom,0.61,0.24389775498838104,0.2267526459618893
growth cone,cellcom,0.62,0.2246932073515006,0.21389381382159844
growth cone,cellcom,0.63,0.1805227477866757,0.20455830168774725
growth cone,cellcom,0.64,0.18628411207773984,0.2001605810957678
growth cone,cellcom,0.65,0.17668183825929967,0.18802184355533316
growth cone,cellcom,0.66,0.1593977453861073,0.18539864179871385
growth cone,cellcom,0.67,0.16323865491348338,0.17482868177939476
growth cone,cellcom,0.68,0.16707956444085945,0.16250992058899608
growth cone,cellcom,0.6900000000000001,0.12482955963972259,0.15659485780446228
growth cone,cellcom,0.7000000000000001,0.15363638109504488,0.15037118304856317
growth cone,cellcom,0.71,0.1401931977492269,0.13890110477942205
growth cone,cellcom,0.72,0.11522728582128237,0.1399298113506453
growth cone,cellcom,0.73,0.10562501200284219,0.13095434651672228
growth cone,cellcom,0.74,0.11330683105759433,0.1214902460614682
growth cone,cellcom,0.75,0.12675001440341063,0.11642386619819359
growth cone,cellcom,0.76,0.1017841024754661,0.11187183962053061
growth cone,cellcom,0.77,0.1017841024754661,0.10973727348524233
growth cone,cellcom,0.78,0.08834091912964984,0.1027420688009241
growth cone,cellcom,0.79,0.07297728102014552,0.09968166675153486
growth cone,cellcom,0.8,0.059534097674329226,0.09232641476728849
growth cone,cellcom,0.81,0.06721591672908138,0.09224926177444676
growth cone,cellcom,0.8200000000000001,0.07489773578383355,0.08731147023257504
growth cone,cellcom,0.8300000000000001,0.05953409767432989,0.08484257446164015
growth cone,cellcom,0.84,0.06145455243801727,0.07769306379163747
growth cone,cellcom,0.85,0.04801136909220099,0.07566136831347152
growth cone,cellcom,0.86,0.05761364291064119,0.07229235429271531
growth cone,cellcom,0.87,0.05761364291064119,0.06640300917246209
growth cone,cellcom,0.88,0.05377273338326511,0.06514284362271358
growth cone,cellcom,0.89,0.040329550037448834,0.06089942901641759
growth cone,cellcom,0.9,0.05569318814695315,0.05570446083174007
growth cone,cellcom,0.91,0.04417045956482492,0.05526726053897018
growth cone,cellcom,0.92,0.04801136909220099,0.05354417703217121
growth cone,cellcom,0.93,0.03840909527376079,0.057170367695733235
growth cone,cellcom,0.9400000000000001,0.04609091432851295,0.05480434258191971
growth cone,cellcom,0.9500000000000001,0.030727276219008975,0.04757767891907677
growth cone,cellcom,0.96,0.04225000480113687,0.047551961254795654
growth cone,cellcom,0.97,0.059534097674329226,0.048992150454508235
growth cone,cellcom,0.98,0.059534097674329226,0.06316258347310878
growth cone,cellcom,0.99,0.1901250216051159,0.16058109576795246
intracellular membrane-bounded organelle,cellcom,0.0,20.81366223606908,20.514782335746375
intracellular membrane-bounded organelle,cellcom,0.01,7.538302685216686,7.594917197059508
intracellular membrane-bounded organelle,cellcom,0.02,5.2328401383890295,5.333565949480258
intracellular membrane-bounded organelle,cellcom,0.03,4.25190145650673,4.20033294937656
intracellular membrane-bounded organelle,cellcom,0.04,3.679564540099195,3.597492790300747
intracellular membrane-bounded organelle,cellcom,0.05,3.3183922521242812,3.2521418902444164
intracellular membrane-bounded organelle,cellcom,0.06,3.126724640449145,3.07298541805045
intracellular membrane-bounded organelle,cellcom,0.07,2.812703301163257,2.7804636067834245
intracellular membrane-bounded organelle,cellcom,0.08,2.5366414598092883,2.4540302849407682
intracellular membrane-bounded organelle,cellcom,0.09,2.317001597561677,2.2281403880485726
intracellular membrane-bounded organelle,cellcom,0.1,2.1611448329921368,2.1008320931809847
intracellular membrane-bounded organelle,cellcom,0.11,1.9871041160589775,1.9306439543623946
intracellular membrane-bounded organelle,cellcom,0.12,1.8921257915689311,1.8275781856501045
intracellular membrane-bounded organelle,cellcom,0.13,1.804269846669888,1.7212193570265475
intracellular membrane-bounded organelle,cellcom,0.14,1.6759476445415349,1.6334978461986907
intracellular membrane-bounded organelle,cellcom,0.15,1.5826802827465314,1.5341455280246392
intracellular membrane-bounded organelle,cellcom,0.16,1.4930735853223263,1.449366751585572
intracellular membrane-bounded organelle,cellcom,0.17,1.4171147996283655,1.3621356964891804
intracellular membrane-bounded organelle,cellcom,0.18,1.351541159595018,1.323249563494398
intracellular membrane-bounded organelle,cellcom,0.19,1.2749457366191763,1.2403625448766984
intracellular membrane-bounded organelle,cellcom,0.2,1.2094516762460705,1.2032981045987954
intracellular membrane-bounded organelle,cellcom,0.21,1.1651258054953724,1.1369464506419356
intracellular membrane-bounded organelle,cellcom,0.22,1.0891272299712906,1.0689832992816917
intracellular membrane-bounded organelle,cellcom,0.23,1.0379177186103024,1.0104088719237936
intracellular membrane-bounded organelle,cellcom,0.24,0.9952630207245321,0.9800706816774138
intracellular membrane-bounded organelle,cellcom,0.25,0.958855326167184,0.9441272830714291
intracellular membrane-bounded organelle,cellcom,0.26,0.9185084384282214,0.8989352906720917
intracellular membrane-bounded organelle,cellcom,0.27,0.8895016522726948,0.865163910305455
intracellular membrane-bounded organelle,cellcom,0.28,0.8396449951356971,0.8341250690141319
intracellular membrane-bounded organelle,cellcom,0.29,0.8028791921072885,0.7936975037204564
intracellular membrane-bounded organelle,cellcom,0.3,0.7719227042760134,0.77821311562704
intracellular membrane-bounded organelle,cellcom,0.31,0.7353160605680787,0.7405180894086779
intracellular membrane-bounded organelle,cellcom,0.32,0.7100495184435803,0.7222310971354576
intracellular membrane-bounded organelle,cellcom,0.33,0.701176386327418,0.6811028807968359
intracellular membrane-bounded organelle,cellcom,0.34,0.6651665900712431,0.6527265134763216
intracellular membrane-bounded organelle,cellcom,0.35000000000000003,0.6260531870659208,0.6173436357063011
intracellular membrane-bounded organelle,cellcom,0.36,0.6073917567408941,0.5974451460296902
intracellular membrane-bounded organelle,cellcom,0.37,0.5672040283224006,0.5648648724394703
intracellular membrane-bounded organelle,cellcom,0.38,0.5590073233182327,0.5542149765562155
intracellular membrane-bounded organelle,cellcom,0.39,0.5315523405372816,0.5385904582538089
intracellular membrane-bounded organelle,cellcom,0.4,0.50588790011161,0.5239468514143337
intracellular membrane-bounded organelle,cellcom,0.41000000000000003,0.4986461510302605,0.49122644761512624
intracellular membrane-bounded organelle,cellcom,0.42,0.4686446191217983,0.4769331662981238
intracellular membrane-bounded organelle,cellcom,0.43,0.44843138542219957,0.4522001844113546
intracellular membrane-bounded organelle,cellcom,0.44,0.4298893245875283,0.4398687260202176
intracellular membrane-bounded organelle,cellcom,0.45,0.4195041789269077,0.43174117389878636
intracellular membrane-bounded organelle,cellcom,0.46,0.40816407734347143,0.42109127801553164
intracellular membrane-bounded organelle,cellcom,0.47000000000000003,0.3839320708020255,0.3900524367242059
intracellular membrane-bounded organelle,cellcom,0.48,0.3782421250952466,0.3811541684533265
intracellular membrane-bounded organelle,cellcom,0.49,0.3621670337278492,0.37351707206336093
intracellular membrane-bounded organelle,cellcom,0.5,0.34330665425223933,0.3536185823867534
intracellular membrane-bounded organelle,cellcom,0.51,0.3329612984217361,0.33848451981581257
intracellular membrane-bounded organelle,cellcom,0.52,0.31784116297715437,0.3265734520516461
intracellular membrane-bounded organelle,cellcom,0.53,0.2973494004667344,0.31851596503470997
intracellular membrane-bounded organelle,cellcom,0.54,0.28207010570168345,0.30688515768852387
intracellular membrane-bounded organelle,cellcom,0.55,0.2778125938791302,0.29329252741647516
intracellular membrane-bounded organelle,cellcom,0.56,0.27204306851211874,0.2813814596523087
intracellular membrane-bounded organelle,cellcom,0.5700000000000001,0.25803704831082486,0.26491616009596386
intracellular membrane-bounded organelle,cellcom,0.58,0.2466571568972684,0.256998803288015
intracellular membrane-bounded organelle,cellcom,0.59,0.24056931288931838,0.2536356782722503
intracellular membrane-bounded organelle,cellcom,0.6,0.22680203166872562,0.24270552197101528
intracellular membrane-bounded organelle,cellcom,0.61,0.21960007241749063,0.23997298289570648
intracellular membrane-bounded organelle,cellcom,0.62,0.21036883183027233,0.22049488384606955
intracellular membrane-bounded organelle,cellcom,0.63,0.1962434421386236,0.21832286560672157
intracellular membrane-bounded organelle,cellcom,0.64,0.1944131099532269,0.20977492285831975
intracellular membrane-bounded organelle,cellcom,0.65,0.18136204567474584,0.19933522228855036
intracellular membrane-bounded organelle,cellcom,0.66,0.17750243215336575,0.198354310825619
intracellular membrane-bounded organelle,cellcom,0.67,0.16608275090969485,0.18980636807721718
intracellular membrane-bounded organelle,cellcom,0.68,0.1556180255888396,0.17481243571526647
intracellular membrane-bounded organelle,cellcom,0.6900000000000001,0.14929144260018568,0.16829638099722247
intracellular membrane-bounded organelle,cellcom,0.7000000000000001,0.1439993951945837,0.16171026117468518
intracellular membrane-bounded organelle,cellcom,0.71,0.13253992412079385,0.1501495189329924
intracellular membrane-bounded organelle,cellcom,0.72,0.1289190495801177,0.15841720126341383
intracellular membrane-bounded organelle,cellcom,0.73,0.12247309710111182,0.14496470120035526
intracellular membrane-bounded organelle,cellcom,0.74,0.11192879212002195,0.13802825585534065
intracellular membrane-bounded organelle,cellcom,0.75,0.10950161248286541,0.12898985737547317
intracellular membrane-bounded organelle,cellcom,0.76,0.10544304981089873,0.12282412817990467
intracellular membrane-bounded organelle,cellcom,0.77,0.0973259244669654,0.13130200582381135
intracellular membrane-bounded organelle,cellcom,0.78,0.09159618893007128,0.1218432167169733
intracellular membrane-bounded organelle,cellcom,0.79,0.09060144317713828,0.11469657605847343
intracellular membrane-bounded organelle,cellcom,0.8,0.08351885341625527,0.1066390890415373
intracellular membrane-bounded organelle,cellcom,0.81,0.08065398564780821,0.11175384166967936
intracellular membrane-bounded organelle,cellcom,0.8200000000000001,0.07552109756267389,0.10762000050446865
intracellular membrane-bounded organelle,cellcom,0.8300000000000001,0.07190022302199854,0.10670915414603357
intracellular membrane-bounded organelle,cellcom,0.84,0.06851808746202552,0.09325665408297382
intracellular membrane-bounded organelle,cellcom,0.85,0.0659317485043997,0.09178528688857679
intracellular membrane-bounded organelle,cellcom,0.86,0.061515077361377145,0.09073431032115033
intracellular membrane-bounded organelle,cellcom,0.87,0.05753609434964513,0.08169591184128285
intracellular membrane-bounded organelle,cellcom,0.88,0.054671226581198065,0.08316727903567989
intracellular membrane-bounded organelle,cellcom,0.89,0.05156761983204708,0.07658115921314078
intracellular membrane-bounded organelle,cellcom,0.9,0.04651431140714741,0.0718867972119693
intracellular membrane-bounded organelle,cellcom,0.91,0.042774067376119294,0.07686141963112117
intracellular membrane-bounded organelle,cellcom,0.92,0.04265469788576733,0.07251738315242517
intracellular membrane-bounded organelle,cellcom,0.93,0.04436566058081211,0.07903343787046917
intracellular membrane-bounded organelle,cellcom,0.9400000000000001,0.04213743009424218,0.07679135452662607
intracellular membrane-bounded organelle,cellcom,0.9500000000000001,0.03994898943779,0.0603961200747741
intracellular membrane-bounded organelle,cellcom,0.96,0.039113403005325835,0.06221781279164595
intracellular membrane-bounded organelle,cellcom,0.97,0.038357396233096745,0.06810328156923406
intracellular membrane-bounded organelle,cellcom,0.98,0.04675305038785133,0.09192541709756698
intracellular membrane-bounded organelle,cellcom,0.99,0.11348059549459745,0.24459727979238288
kinetochore,cellcom,0.0,20.0135209574841,20.712491260760448
kinetochore,cellcom,0.01,7.373929590865842,7.560701661910453
kinetochore,cellcom,0.02,5.591166307777055,5.266027964028304
kinetochore,cellcom,0.03,4.747358405528568,4.2279588494943345
kinetochore,cellcom,0.04,3.8459612399218783,3.647829733078563
kinetochore,cellcom,0.05,3.3952626571185354,3.2933633567499245
kinetochore,cellcom,0.06,3.2249987480594893,3.106054565671008
kinetochore,cellcom,0.07,2.709199258851221,2.8019662039153346
kinetochore,cellcom,0.08,2.8318894286143537,2.503389940446266
kinetochore,cellcom,0.09,2.383694726826579,2.2838033273076253
kinetochore,cellcom,0.1,2.296058891281487,2.1376942662128124
kinetochore,cellcom,0.11,2.1933997696429475,1.9643323656823437
kinetochore,cellcom,0.12,1.9355000250388084,1.8680629281650516
kinetochore,cellcom,0.13,1.81531373629125,1.7737675909643618
kinetochore,cellcom,0.14,1.8703991186338862,1.6584237296087647
kinetochore,cellcom,0.15,1.6275226601231896,1.5644616820719117
kinetochore,cellcom,0.16,1.6475537082477827,1.4754989794926858
kinetochore,cellcom,0.17,1.504832490360061,1.396099126499069
kinetochore,cellcom,0.18,1.3946617256747946,1.34074740463493
kinetochore,cellcom,0.19,1.3545996294256084,1.261475739973556
kinetochore,cellcom,0.2,1.3270569382542967,1.2059958297771778
kinetochore,cellcom,0.21,1.2945064850518293,1.1534898888889165
kinetochore,cellcom,0.22,1.1392658620862326,1.081242944834663
kinetochore,cellcom,0.23,1.1342581000550875,1.0268654542956057
kinetochore,cellcom,0.24,1.0966998848214724,0.9886653312860794
kinetochore,cellcom,0.25,0.9514747859181723,0.9535417282504771
kinetochore,cellcom,0.26,0.8988932845911155,0.9115472306064505
kinetochore,cellcom,0.27,0.928939856778005,0.8801923645389019
kinetochore,cellcom,0.28,0.8287846161550442,0.8377363888987918
kinetochore,cellcom,0.29,0.763683709750112,0.7999208308860037
kinetochore,cellcom,0.3,0.7060944463919068,0.7748984684314433
kinetochore,cellcom,0.31,0.7261254945165,0.7373136494167041
kinetochore,cellcom,0.32,0.7211177324853516,0.7143935756109898
kinetochore,cellcom,0.33,0.6635284691271466,0.6942167321153556
kinetochore,cellcom,0.34,0.6810556362361654,0.6604519254015686
kinetochore,cellcom,0.35000000000000003,0.6059392057689447,0.6230722077184274
kinetochore,cellcom,0.36,0.5783965145976258,0.6040490592130103
kinetochore,cellcom,0.37,0.5183033702238465,0.5668488051950111
kinetochore,cellcom,0.38,0.5032800841304017,0.5578243466048418
kinetochore,cellcom,0.39,0.5107917271771241,0.534340244137242
kinetochore,cellcom,0.4,0.5333266563172914,0.5122149379914576
kinetochore,cellcom,0.41000000000000003,0.46572186889679223,0.49626830945996797
kinetochore,cellcom,0.42,0.39060543842956547,0.4724765549949733
kinetochore,cellcom,0.43,0.43567529670989996,0.44994104618599934
kinetochore,cellcom,0.44,0.4131403675697327,0.43371240332356414
kinetochore,cellcom,0.45,0.4431869397566224,0.42373935107476907
kinetochore,cellcom,0.46,0.3230006510090638,0.413766298825974
kinetochore,cellcom,0.47000000000000003,0.380589914367271,0.3862058073929306
kinetochore,cellcom,0.48,0.31548900796234136,0.3799502167792883
kinetochore,cellcom,0.49,0.33802393710250855,0.3665673548927304
kinetochore,cellcom,0.5,0.30046572186889653,0.3475185687208673
kinetochore,cellcom,0.51,0.3355200560869344,0.3349561121606884
kinetochore,cellcom,0.52,0.27542691171315514,0.3214706996083331
kinetochore,cellcom,0.53,0.25789974460413617,0.3054984334103913
kinetochore,cellcom,0.54,0.24287645851069134,0.29155154286194784
kinetochore,cellcom,0.55,0.21783764835494998,0.28409098192518856
kinetochore,cellcom,0.56,0.2604036256197103,0.2755792766640061
kinetochore,cellcom,0.5700000000000001,0.22284541038610073,0.26091453145498383
kinetochore,cellcom,0.58,0.22785317241724656,0.25063382720879374
kinetochore,cellcom,0.59,0.19780660023035687,0.24578830824986755
kinetochore,cellcom,0.6,0.19780660023035687,0.23291819969229652
kinetochore,cellcom,0.61,0.18278331413691207,0.22743173907213676
kinetochore,cellcom,0.62,0.18779107616806034,0.2143052538500723
kinetochore,cellcom,0.63,0.15524062296559654,0.20474240426446672
kinetochore,cellcom,0.64,0.1852871951524862,0.20012762430358466
kinetochore,cellcom,0.65,0.1327056938254293,0.18843684840268346
kinetochore,cellcom,0.66,0.19530271921478273,0.1849501257655726
kinetochore,cellcom,0.67,0.1652561470278931,0.17477197218518276
kinetochore,cellcom,0.68,0.15524062296559654,0.16264535595464272
kinetochore,cellcom,0.6900000000000001,0.11017076468526206,0.15664614200549606
kinetochore,cellcom,0.7000000000000001,0.12519405077870827,0.15067256572280044
kinetochore,cellcom,0.71,0.12769793179428102,0.13903306515479627
kinetochore,cellcom,0.72,0.12769793179428102,0.13972528214892857
kinetochore,cellcom,0.73,0.1201862887475586,0.1307264612252086
kinetochore,cellcom,0.74,0.06259702538935344,0.12198401696598205
kinetochore,cellcom,0.75,0.07762031148279827,0.11695903434191048
kinetochore,cellcom,0.76,0.08763583554509481,0.1119853270507376
kinetochore,cellcom,0.77,0.09013971656066895,0.10983176306899264
kinetochore,cellcom,0.78,0.04757373929590862,0.10311469445926436
kinetochore,cellcom,0.79,0.06510090640492758,0.09967924715505216
kinetochore,cellcom,0.8,0.06259702538935344,0.09219304855184351
kinetochore,cellcom,0.81,0.037558215233612066,0.0924750628827863
kinetochore,cellcom,0.8200000000000001,0.040062096249186205,0.08762954392386016
kinetochore,cellcom,0.8300000000000001,0.0651009064049283,0.0847068499486358
kinetochore,cellcom,0.84,0.057589263358205176,0.0776821293415144
kinetochore,cellcom,0.85,0.045069858280334475,0.0756054783591175
kinetochore,cellcom,0.86,0.015023286093444825,0.07268278438389221
kinetochore,cellcom,0.87,0.037558215233612066,0.06658101976894816
kinetochore,cellcom,0.88,0.012519405077870688,0.06552987544452503
kinetochore,cellcom,0.89,0.017527167109018964,0.061068921482339056
kinetochore,cellcom,0.9,0.012519405077870688,0.05614648952406487
kinetochore,cellcom,0.91,0.010015524062296551,0.055582460862179286
kinetochore,cellcom,0.92,0.022534929140167238,0.053787824210725164
kinetochore,cellcom,0.93,0.010015524062296551,0.057402735180082765
kinetochore,cellcom,0.9400000000000001,0.0075116430467224125,0.05517225819898977
kinetochore,cellcom,0.9500000000000001,0.0025038810155741656,0.047814247928028374
kinetochore,cellcom,0.96,0.015023286093444825,0.047814247928027846
kinetochore,cellcom,0.97,0.005007762031148276,0.04958324691303263
kinetochore,cellcom,0.98,0.002503881015574138,0.0637352387930709
kinetochore,cellcom,0.99,0.010015524062296551,0.16251716762239599
lamellipodium,cellcom,0.0,20.851372095831106,20.70322722224397
lamellipodium,cellcom,0.01,8.743122272625351,7.541123284340492
lamellipodium,cellcom,0.02,5.791951980957967,5.261518949782511
lamellipodium,cellcom,0.03,4.77258223088466,4.225168913001818
lamellipodium,cellcom,0.04,4.2275385066491875,3.6412110634667805
lamellipodium,cellcom,0.05,3.528985632233474,3.2908930186747014
lamellipodium,cellcom,0.06,3.3358055780740608,3.1038472395937404
lamellipodium,cellcom,0.07,2.9684185107887626,2.798526299738931
lamellipodium,cellcom,0.08,2.464770512444591,2.5073458353337785
lamellipodium,cellcom,0.09,2.226745088569603,2.2856829360263236
lamellipodium,cellcom,0.1,2.175000431205479,2.138766229350786
lamellipodium,cellcom,0.11,2.0128671714645474,1.9659639528630222
lamellipodium,cellcom,0.12,1.9266260758576659,1.867882112221284
lamellipodium,cellcom,0.13,1.7800162133259725,1.7741016548219777
lamellipodium,cellcom,0.14,1.919726788209121,1.6567022247681404
lamellipodium,cellcom,0.15,1.5092191731203741,1.5659353113171182
lamellipodium,cellcom,0.16,1.5661382962209136,1.4759153446567022
lamellipodium,cellcom,0.17,1.5333666798903043,1.3951678209141007
lamellipodium,cellcom,0.18,1.3626093105886805,1.3409755434166672
lamellipodium,cellcom,0.19,1.2987908998395903,1.2618764539705618
lamellipodium,cellcom,0.2,1.1383824620107996,1.2082508257625577
lamellipodium,cellcom,0.21,1.152181037307897,1.1549600357710232
lamellipodium,cellcom,0.22,1.007295996688341,1.0829440624426903
lamellipodium,cellcom,0.23,1.0159201062490317,1.0281336220840762
lamellipodium,cellcom,0.24,0.9348534763785631,0.9905802282669384
lamellipodium,cellcom,0.25,0.8330889835624464,0.9553191883933733
lamellipodium,cellcom,0.26,0.8382634492988591,0.9125114102561452
lamellipodium,cellcom,0.27,0.846887558859547,0.8811911586226499
lamellipodium,cellcom,0.28,0.734774134570609,0.8391818408477937
lamellipodium,cellcom,0.29,0.710626627800679,0.8008815002400526
lamellipodium,cellcom,0.3,0.7089018058885413,0.7751762279290094
lamellipodium,cellcom,0.31,0.702002518239991,0.7377258612554057
lamellipodium,cellcom,0.32,0.6675060799972397,0.7151629168220653
lamellipodium,cellcom,0.33,0.6157614226331126,0.6950726238334746
lamellipodium,cellcom,0.34,0.6519826827880015,0.6607903418234562
lamellipodium,cellcom,0.35000000000000003,0.5674664090932637,0.623726326938098
lamellipodium,cellcom,0.36,0.55366783379616,0.6045375214554022
lamellipodium,cellcom,0.37,0.5364196146747843,0.5668038301370875
lamellipodium,cellcom,0.38,0.501923176432033,0.558098036508698
lamellipodium,cellcom,0.39,0.48984942304706997,0.5347623884988735
lamellipodium,cellcom,0.4,0.38808493023095336,0.5142857437220405
lamellipodium,cellcom,0.41000000000000003,0.3760111768459924,0.4977498871852802
lamellipodium,cellcom,0.42,0.4467288752436307,0.47201885808835153
lamellipodium,cellcom,0.43,0.3415147386032389,0.4514134293821046
lamellipodium,cellcom,0.44,0.3346154509546886,0.43498059998887273
lamellipodium,cellcom,0.45,0.3035686565362124,0.42573391385694437
lamellipodium,cellcom,0.46,0.3656622453731649,0.41355095413437587
lamellipodium,cellcom,0.47000000000000003,0.3087431222726268,0.387304789319796
lamellipodium,cellcom,0.48,0.32081687565758804,0.38017015963025586
lamellipodium,cellcom,0.49,0.25872328682063556,0.36788417276415614
lamellipodium,cellcom,0.5,0.2552736429963604,0.3484120426367528
lamellipodium,cellcom,0.51,0.25182399917208526,0.33620332612830145
lamellipodium,cellcom,0.52,0.27597150594201125,0.32167649889039734
lamellipodium,cellcom,0.53,0.2621729306449107,0.30565577807129035
lamellipodium,cellcom,0.54,0.2500991772599477,0.2916698433369253
lamellipodium,cellcom,0.55,0.21215309519292114,0.2844837000756217
lamellipodium,cellcom,0.56,0.18283112268658244,0.2768081778825447
lamellipodium,cellcom,0.5700000000000001,0.20870345136864832,0.2613025927810968
lamellipodium,cellcom,0.58,0.1931800541594079,0.2512574462867985
lamellipodium,cellcom,0.59,0.17765665695016974,0.24631214339729923
lamellipodium,cellcom,0.6,0.1949048760715454,0.23312466902530118
lamellipodium,cellcom,0.61,0.1811063007744449,0.22766423041814576
lamellipodium,cellcom,0.62,0.17765665695016974,0.21457978318967896
lamellipodium,cellcom,0.63,0.1397105748831432,0.20520431312833662
lamellipodium,cellcom,0.64,0.17248219121375702,0.2003877941682514
lamellipodium,cellcom,0.65,0.15350915018024378,0.18838513194686254
lamellipodium,cellcom,0.66,0.11728789002535477,0.18606702121740976
lamellipodium,cellcom,0.67,0.11901271193749234,0.17550673900545824
lamellipodium,cellcom,0.68,0.10693895855252936,0.16340104964053814
lamellipodium,cellcom,0.6900000000000001,0.0983148489918415,0.1570391235274844
lamellipodium,cellcom,0.7000000000000001,0.12073753384963126,0.15085749491561198
lamellipodium,cellcom,0.71,0.0810666298704658,0.13978207698600262
lamellipodium,cellcom,0.72,0.11211342428894207,0.14001388805894788
lamellipodium,cellcom,0.73,0.09486520516756637,0.1311535537152617
lamellipodium,cellcom,0.74,0.07416734222191552,0.12208716508451306
lamellipodium,cellcom,0.75,0.0810666298704658,0.11709034862324817
lamellipodium,cellcom,0.76,0.06554323266122768,0.1124283703784598
lamellipodium,cellcom,0.77,0.06036876692481496,0.11036782750783511
lamellipodium,cellcom,0.78,0.08969073943115366,0.10274381888652376
lamellipodium,cellcom,0.79,0.0758921641340531,0.09967876136646953
lamellipodium,cellcom,0.8,0.03967090397916412,0.09267291560634558
lamellipodium,cellcom,0.81,0.05519430118840225,0.0924668613192831
lamellipodium,cellcom,0.8200000000000001,0.06036876692481496,0.08754731521566664
lamellipodium,cellcom,0.8300000000000001,0.041395725891302144,0.08515193412856638
lamellipodium,cellcom,0.84,0.05174465736412711,0.07786276372373058
lamellipodium,cellcom,0.85,0.03449643824275141,0.07590524799663713
lamellipodium,cellcom,0.86,0.0465701916277144,0.07247959547422358
lamellipodium,cellcom,0.87,0.020697862945650843,0.06696764329530253
lamellipodium,cellcom,0.88,0.03277161633061384,0.06547374971409961
lamellipodium,cellcom,0.89,0.020697862945650843,0.061223880043436193
lamellipodium,cellcom,0.9,0.025872328682063555,0.05614979322452288
lamellipodium,cellcom,0.91,0.03794608206702655,0.05537708964803862
lamellipodium,cellcom,0.92,0.027597150594201127,0.053857439280952914
lamellipodium,cellcom,0.93,0.022422684857788415,0.057437632518663316
lamellipodium,cellcom,0.9400000000000001,0.027597150594201127,0.05509376500332772
lamellipodium,cellcom,0.9500000000000001,0.018973041033513483,0.047778837812610594
lamellipodium,cellcom,0.96,0.031046794418476263,0.04772732424084445
lamellipodium,cellcom,0.97,0.031046794418476263,0.049401515323227015
lamellipodium,cellcom,0.98,0.0465701916277144,0.0633616932717093
lamellipodium,cellcom,0.99,0.0931403832554288,0.16198442641698366
late endosome,cellcom,0.0,16.7227117645615,20.747014904705686
late endosome,cellcom,0.01,6.502049532412067,7.569848819450072
late endosome,cellcom,0.02,4.47951694852851,5.277574628664506
late endosome,cellcom,0.03,3.7357944085810355,4.2384199022080615
late endosome,cellcom,0.04,3.436341768734198,3.6520683087041386
late endosome,cellcom,0.05,3.134434599052553,3.296067295294931
late endosome,cellcom,0.06,3.041162465329763,3.107950646561227
late endosome,cellcom,0.07,2.6607103409341955,2.802491878879138
late endosome,cellcom,0.08,2.4643479541493836,2.5071620746989276
late endosome,cellcom,0.09,2.4815296629930517,2.2827606579774673
late endosome,cellcom,0.1,2.2876218060430533,2.137749800754314
late endosome,cellcom,0.11,1.9218968606563422,1.9671216409023455
late endosome,cellcom,0.12,2.069168650744948,1.866652580141896
late endosome,cellcom,0.13,1.8678972042905164,1.7732096864688314
late endosome,cellcom,0.14,1.651898578827229,1.6606627983428535
late endosome,cellcom,0.15,1.6641712280012748,1.5640658223641346
late endosome,cellcom,0.16,1.5954443926265909,1.4760079472616912
late endosome,cellcom,0.17,1.5438992660955821,1.3956685987771418
late endosome,cellcom,0.18,1.4113546550158305,1.3405619087377811
late endosome,cellcom,0.19,1.295991752779754,1.2620688523345838
late endosome,cellcom,0.2,1.2910826931101373,1.2063467316014453
late endosome,cellcom,0.21,1.2469011560835512,1.1539581937929702
late endosome,cellcom,0.22,1.2076286787265889,1.080516797667927
late endosome,cellcom,0.23,1.1781743207088704,1.0263845395603997
late endosome,cellcom,0.24,1.104538425664563,0.9885611948381768
late endosome,cellcom,0.25,0.9793574040892458,0.9532508587822465
late endosome,cellcom,0.26,0.9572666355759545,0.9109399985845086
late endosome,cellcom,0.27,0.8713580913575998,0.88078389458903
late endosome,cellcom,0.28,0.9351758670626684,0.8366267423099409
late endosome,cellcom,0.29,0.8369946736702577,0.7991623988257576
late endosome,cellcom,0.3,0.7780859576348144,0.7741605268907306
late endosome,cellcom,0.31,0.8738126211924099,0.735773037365874
late endosome,cellcom,0.32,0.9032669792101315,0.7124892427843309
late endosome,cellcom,0.33,0.7559951891215231,0.693257033603541
late endosome,cellcom,0.34,0.8198129648265867,0.6589980583161605
late endosome,cellcom,0.35000000000000003,0.7584497189563375,0.6214824289408364
late endosome,cellcom,0.36,0.7167227117645609,0.6026092209980846
late endosome,cellcom,0.37,0.7118136520949406,0.5648371621670131
late endosome,cellcom,0.38,0.5473601531626613,0.5573750650048666
late endosome,cellcom,0.39,0.5399965636582308,0.5340399845321747
late endosome,cellcom,0.4,0.562087332171522,0.5119101225014792
late endosome,cellcom,0.41000000000000003,0.5939962200240572,0.494934492531238
late endosome,cellcom,0.42,0.5866326305196234,0.47044547950769605
late endosome,cellcom,0.43,0.5719054515107626,0.4485207610415955
late endosome,cellcom,0.44,0.5203603249797497,0.4325964918399015
late endosome,cellcom,0.45,0.5473601531626613,0.4226470289570395
late endosome,cellcom,0.46,0.48845143712721784,0.41205649243481784
late endosome,cellcom,0.47000000000000003,0.4688151984487393,0.3852852572551604
late endosome,cellcom,0.48,0.52526938464937,0.377771874201863
late endosome,cellcom,0.49,0.4221791315873441,0.36569404683632695
late endosome,cellcom,0.5,0.4810878476227874,0.3456412633971566
late endosome,cellcom,0.51,0.473724258118357,0.33351215014047175
late endosome,cellcom,0.52,0.4393608404310151,0.31976753131260055
late endosome,cellcom,0.53,0.3804521243955717,0.3042279062945223
late endosome,cellcom,0.54,0.3878157139000021,0.29004735739188653
late endosome,cellcom,0.55,0.3951793034044325,0.282251901937273
late endosome,cellcom,0.56,0.41481554208291366,0.27396923051674615
late endosome,cellcom,0.5700000000000001,0.40499742274367756,0.25901939324688167
late endosome,cellcom,0.58,0.3460887067082297,0.2494032886564838
late endosome,cellcom,0.59,0.32154340836012835,0.24450548605177597
late endosome,cellcom,0.6,0.2969981100120269,0.23188915682917777
late endosome,cellcom,0.61,0.3387251172037993,0.22581177872804814
late endosome,cellcom,0.62,0.2920890503424066,0.21322109245102436
late endosome,cellcom,0.63,0.23563486414177343,0.20391270320752203
late endosome,cellcom,0.64,0.27245281166392554,0.19922004416740927
late endosome,cellcom,0.65,0.23563486414177343,0.18737300331204268
late endosome,cellcom,0.66,0.29945263984683707,0.18385991976835173
late endosome,cellcom,0.67,0.23072580447215313,0.17408995750451045
late endosome,cellcom,0.68,0.26508922215949515,0.16149927122748664
late endosome,cellcom,0.6900000000000001,0.18654426744557065,0.15585782320112157
late endosome,cellcom,0.7000000000000001,0.21108956579367436,0.14978044509999364
late endosome,cellcom,0.71,0.2528165729854444,0.13772826068003027
late endosome,cellcom,0.72,0.19145332711519092,0.1390616938498984
late endosome,cellcom,0.73,0.1963623867848112,0.12993280522541675
late endosome,cellcom,0.74,0.2037259762892416,0.1205218441996169
late endosome,cellcom,0.75,0.19881691661962134,0.11570097043163222
late endosome,cellcom,0.76,0.16445349893227937,0.11118781201054018
late endosome,cellcom,0.77,0.16690802876708952,0.10903380458229171
late endosome,cellcom,0.78,0.15708990942784895,0.1019819945493354
late endosome,cellcom,0.79,0.1595444392626591,0.09869969751581391
late endosome,cellcom,0.8,0.17427161827151993,0.09103245678907233
late endosome,cellcom,0.81,0.15218084975822868,0.09128888624481621
late endosome,cellcom,0.8200000000000001,0.122726491740507,0.08677572782372417
late endosome,cellcom,0.8300000000000001,0.09572666355759653,0.08439093388530715
late endosome,cellcom,0.84,0.11045384256645631,0.0771339802877548
late endosome,cellcom,0.85,0.10554478289683603,0.07497997285950635
late endosome,cellcom,0.86,0.11536290223607656,0.07164638993483609
late endosome,cellcom,0.87,0.08099948454873462,0.06613315663634296
late endosome,cellcom,0.88,0.10799931273164616,0.064543294010731
late endosome,cellcom,0.89,0.0859085442183549,0.06036349388210599
late endosome,cellcom,0.9,0.07609042487911434,0.05549133422297254
late endosome,cellcom,0.91,0.058908716035443356,0.05508104709378235
late endosome,cellcom,0.92,0.08345401438354476,0.05315782617570337
late endosome,cellcom,0.93,0.08836307405316504,0.05659398088267116
late endosome,cellcom,0.9400000000000001,0.06627230553987379,0.05456818818229463
late endosome,cellcom,0.9500000000000001,0.049090596696203345,0.04733687753031814
late endosome,cellcom,0.96,0.07118136520949406,0.04723430574802007
late endosome,cellcom,0.97,0.0859085442183549,0.04874723953690887
late endosome,cellcom,0.98,0.0981811933924056,0.06274828782052394
late endosome,cellcom,0.99,0.3019071696816472,0.15949912147268447
lysosomal membrane,cellcom,0.0,15.42831345698055,20.777575723120005
lysosomal membrane,cellcom,0.01,6.24506226251834,7.576775267686693
lysosomal membrane,cellcom,0.02,4.226703284300817,5.283582097231309
lysosomal membrane,cellcom,0.03,3.763966743162409,4.239640654266072
lysosomal membrane,cellcom,0.04,3.2730145592716595,3.6549912573987973
lysosomal membrane,cellcom,0.05,3.0284789887513655,3.298032792536287
lysosomal membrane,cellcom,0.06,3.107482788457918,3.10725706643219
lysosomal membrane,cellcom,0.07,2.874233475038563,2.800024798786404
lysosomal membrane,cellcom,0.08,2.4886196907565563,2.5069669412111857
lysosomal membrane,cellcom,0.09,2.364470862646249,2.283726413820228
lysosomal membrane,cellcom,0.1,2.065385049471428,2.1403101957740716
lysosomal membrane,cellcom,0.11,2.040931492419398,1.965638245902606
lysosomal membrane,cellcom,0.12,1.8622324216545636,1.8688355143317161
lysosomal membrane,cellcom,0.13,1.83965990745269,1.7732933019867052
lysosomal membrane,cellcom,0.14,1.7117489936420784,1.6598722965399808
lysosomal membrane,cellcom,0.15,1.6026485083330184,1.564587333016573
lysosomal membrane,cellcom,0.16,1.5311688800270857,1.4765053364981786
lysosomal membrane,cellcom,0.17,1.4578082088710007,1.3963723285674585
lysosomal membrane,cellcom,0.18,1.4352356946691232,1.3400091117532602
lysosomal membrane,cellcom,0.19,1.3204920808095997,1.261625395809467
lysosomal membrane,cellcom,0.2,1.241488281103046,1.2067542221605991
lysosomal membrane,cellcom,0.21,1.3336593807606927,1.1524747208014217
lysosomal membrane,cellcom,0.22,1.205748466950076,1.080136352165404
lysosomal membrane,cellcom,0.23,1.2057484669500795,1.025522427338143
lysosomal membrane,cellcom,0.24,1.1568413528460166,0.9874753266223968
lysosomal membrane,cellcom,0.25,1.1718896956472658,0.9505343958395654
lysosomal membrane,cellcom,0.26,0.9518076821789992,0.910866627547695
lysosomal membrane,cellcom,0.27,1.040216696136337,0.8785047257894765
lysosomal membrane,cellcom,0.28,1.0214062676347815,0.8351325744664635
lysosomal membrane,cellcom,0.29,0.9235920394266574,0.7978572202155377
lysosomal membrane,cellcom,0.3,0.9292351679771257,0.7720808882904703
lysosomal membrane,cellcom,0.31,0.8088484255671338,0.7362204025583904
lysosomal membrane,cellcom,0.32,0.8652797110718174,0.7123991616775396
lysosomal membrane,cellcom,0.33,0.8859711824235348,0.691279033423567
lysosomal membrane,cellcom,0.34,0.8765659681727541,0.6577080622037934
lysosomal membrane,cellcom,0.35000000000000003,0.8050863398668259,0.6204069830707152
lysosomal membrane,cellcom,0.36,0.7881569542154163,0.6012676707431167
lysosomal membrane,cellcom,0.37,0.7354877544110447,0.5640437662565172
lysosomal membrane,cellcom,0.38,0.7035100259583906,0.5552715814397028
lysosomal membrane,cellcom,0.39,0.6546029118543315,0.532453610963121
lysosomal membrane,cellcom,0.4,0.6527218690041754,0.5105102864800047
lysosomal membrane,cellcom,0.41000000000000003,0.6320303976524615,0.4940978116614515
lysosomal membrane,cellcom,0.42,0.722320454459952,0.4682185802077383
lysosomal membrane,cellcom,0.43,0.6320303976524579,0.44730425101105176
lysosomal membrane,cellcom,0.44,0.5868853692487109,0.4314062738357108
lysosomal membrane,cellcom,0.45,0.5492645122455885,0.42222249090432445
lysosomal membrane,cellcom,0.46,0.5210488694932466,0.4113665906324896
lysosomal membrane,cellcom,0.47000000000000003,0.4909521838907513,0.3847156127139589
lysosomal membrane,cellcom,0.48,0.5342161694443395,0.3771782222408581
lysosomal membrane,cellcom,0.49,0.5323351265941834,0.3640070825745562
lysosomal membrane,cellcom,0.5,0.5022384409916854,0.3449192200112826
lysosomal membrane,cellcom,0.51,0.44392611263684545,0.33347164744975066
lysosomal membrane,cellcom,0.52,0.4232346412851281,0.3196059359651085
lysosomal membrane,cellcom,0.53,0.4119483841841914,0.303553609496803
lysosomal membrane,cellcom,0.54,0.42887776983559645,0.289173400368946
lysosomal membrane,cellcom,0.55,0.4157104698845036,0.2816102850136867
lysosomal membrane,cellcom,0.56,0.4194725555848159,0.2734554973687302
lysosomal membrane,cellcom,0.5700000000000001,0.3837327414318537,0.2588437643014293
lysosomal membrane,cellcom,0.58,0.3705654414807566,0.24875961049441403
lysosomal membrane,cellcom,0.59,0.3969000413829424,0.24322876082985362
lysosomal membrane,cellcom,0.6,0.3498739701290392,0.23095799203917775
lysosomal membrane,cellcom,0.61,0.33858771302810253,0.2254528672567781
lysosomal membrane,cellcom,0.62,0.28403747037357485,0.21307919893745927
lysosomal membrane,cellcom,0.63,0.26898912757232585,0.20335519348069728
lysosomal membrane,cellcom,0.64,0.2953237274745116,0.1986732649274415
lysosomal membrane,cellcom,0.65,0.27463225612279424,0.18668546984053386
lysosomal membrane,cellcom,0.66,0.25205974192092073,0.18413870650662
lysosomal membrane,cellcom,0.67,0.24641661337045237,0.17369440434935712
lysosomal membrane,cellcom,0.68,0.22760618486889111,0.16168088438028871
lysosomal membrane,cellcom,0.6900000000000001,0.23136827056920337,0.15514676431145924
lysosomal membrane,cellcom,0.7000000000000001,0.23701139911967437,0.1492300414144893
lysosomal membrane,cellcom,0.71,0.23136827056920337,0.13765384444215195
lysosomal membrane,cellcom,0.72,0.2031526278168615,0.13873428949290328
lysosomal membrane,cellcom,0.73,0.2200820134682666,0.12939615726855247
lysosomal membrane,cellcom,0.74,0.17305594221436352,0.12067542221605958
lysosomal membrane,cellcom,0.75,0.2031526278168615,0.11537609649094589
lysosomal membrane,cellcom,0.76,0.17869907076483185,0.11082279234849385
lysosomal membrane,cellcom,0.77,0.180580113614988,0.1086619022469912
lysosomal membrane,cellcom,0.78,0.17305594221436352,0.10158755965278603
lysosomal membrane,cellcom,0.79,0.16176968511342674,0.09847484891133576
lysosomal membrane,cellcom,0.8,0.1749369850645196,0.09075738426311196
lysosomal membrane,cellcom,0.81,0.13355404236108487,0.09134905655280912
lysosomal membrane,cellcom,0.8200000000000001,0.15800759941311449,0.08617835523849916
lysosomal membrane,cellcom,0.8300000000000001,0.1279109138106179,0.08391456560835445
lysosomal membrane,cellcom,0.84,0.12602987096046037,0.07681449813198761
lysosomal membrane,cellcom,0.85,0.12979195666077262,0.07455070850184196
lysosomal membrane,cellcom,0.86,0.11662465670967974,0.07148944752471319
lysosomal membrane,cellcom,0.87,0.10721944245889911,0.06572707392070608
lysosomal membrane,cellcom,0.88,0.10345735675858687,0.06446655469482952
lysosomal membrane,cellcom,0.89,0.0978142282081185,0.060119049609663446
lysosomal membrane,cellcom,0.9,0.11474361385952361,0.054896898531032
lysosomal membrane,cellcom,0.91,0.07900379970655724,0.054793999002389016
lysosomal membrane,cellcom,0.92,0.060193371204996,0.05337913048354799
lysosomal membrane,cellcom,0.93,0.0827658854068695,0.05656901587148049
lysosomal membrane,cellcom,0.9400000000000001,0.06395545690530824,0.05456247506294231
lysosomal membrane,cellcom,0.9500000000000001,0.04890711410405978,0.047333783175773206
lysosomal membrane,cellcom,0.96,0.07712275685640112,0.047076534354165214
lysosomal membrane,cellcom,0.97,0.09217109965765012,0.04854285263732774
lysosomal membrane,cellcom,0.98,0.10345735675858687,0.06256291341493432
lysosomal membrane,cellcom,0.99,0.2482976562206085,0.1597772431003935
lysosome,cellcom,0.0,16.11408005235031,20.814787311962114
lysosome,cellcom,0.01,6.3878285527320315,7.58670522108555
lysosome,cellcom,0.02,4.501036099901844,5.287626479080661
lysosome,cellcom,0.03,3.7506816446722646,4.244718882112389
lysosome,cellcom,0.04,3.382048205911222,3.656217497640148
lysosome,cellcom,0.05,3.1573781219326,3.29766036272991
lysosome,cellcom,0.06,3.074490129785143,3.108040799644766
lysosome,cellcom,0.07,2.78438215726906,2.801422484494354
lysosome,cellcom,0.08,2.5324462863998267,2.506106513813935
lysosome,cellcom,0.09,2.3208637801286924,2.2839569845760654
lysosome,cellcom,0.1,2.0929218017231985,2.14040421860657
lysosome,cellcom,0.11,2.0307558076126084,1.9651269409178396
lysosome,cellcom,0.12,1.9445959210382795,1.8669394472348082
lysosome,cellcom,0.13,1.844257825280836,1.7725194017084451
lysosome,cellcom,0.14,1.7253789944377826,1.659028273789035
lysosome,cellcom,0.15,1.629403424582832,1.563568932219449
lysosome,cellcom,0.16,1.54433416948413,1.475644486963199
lysosome,cellcom,0.17,1.464718071763554,1.3955927092343299
lysosome,cellcom,0.18,1.442905442251062,1.3388731276756989
lysosome,cellcom,0.19,1.3360235576398725,1.260666100423538
lysosome,cellcom,0.2,1.2869451412367785,1.2053235861221783
lysosome,cellcom,0.21,1.2804013523830287,1.1519297519018459
lysosome,cellcom,0.22,1.137528629076234,1.0805041313316828
lysosome,cellcom,0.23,1.2051477805649493,1.0237325849708978
lysosome,cellcom,0.24,1.137528629076234,0.9862399802118025
lysosome,cellcom,0.25,1.1233504198931172,0.9494748826829627
lysosome,cellcom,0.26,0.9935652742938151,0.9094619850190664
lysosome,cellcom,0.27,1.0110153779038054,0.8775815788933516
lysosome,cellcom,0.28,0.9652088559275865,0.8346066875062884
lysosome,cellcom,0.29,0.8943178100119962,0.7972959595547544
lysosome,cellcom,0.3,0.9150398080488595,0.7708458752548542
lysosome,cellcom,0.31,0.8179736067182891,0.7352759681757153
lysosome,cellcom,0.32,0.8212455011451623,0.7119177896043888
lysosome,cellcom,0.33,0.8485112880357719,0.6902224847022111
lysosome,cellcom,0.34,0.8081579234376696,0.6571468881267956
lysosome,cellcom,0.35000000000000003,0.7536263496564546,0.6197841953731089
lysosome,cellcom,0.36,0.7339949830952115,0.6006871305789732
lysosome,cellcom,0.37,0.676191514887119,0.5637401562425701
lysosome,cellcom,0.38,0.6751008834114947,0.5544644390568487
lysosome,cellcom,0.39,0.6074817319227828,0.5323534157373839
lysosome,cellcom,0.4,0.6434725706183875,0.509307025979023
lysosome,cellcom,0.41000000000000003,0.6151161522521569,0.49311999010590396
lysosome,cellcom,0.42,0.6511069909477581,0.46737143063517317
lysosome,cellcom,0.43,0.5845784709346706,0.4465855097708114
lysosome,cellcom,0.44,0.5518595266659391,0.43068428030957473
lysosome,cellcom,0.45,0.5322281601047002,0.4213565983216924
lysosome,cellcom,0.46,0.5104155305922125,0.41052193707114387
lysosome,cellcom,0.47000000000000003,0.46679027156723957,0.38422774717772845
lysosome,cellcom,0.48,0.5540407896171878,0.37513390679956804
lysosome,cellcom,0.49,0.48205911222597847,0.36351977351660597
lysosome,cellcom,0.5,0.46351837714036387,0.3442668143159909
lysosome,cellcom,0.51,0.42970880139600787,0.3327046458351897
lysosome,cellcom,0.52,0.41989311811538843,0.31864816685066505
lysosome,cellcom,0.53,0.39698985712727636,0.30282488459266976
lysosome,cellcom,0.54,0.39808048860290074,0.2885085815973406
lysosome,cellcom,0.55,0.39262733122477883,0.2808177908775268
lysosome,cellcom,0.56,0.3784491220416618,0.27297110575123024
lysosome,cellcom,0.5700000000000001,0.3446395462973097,0.25852489075050167
lysosome,cellcom,0.58,0.3402770203948083,0.24826184232372023
lysosome,cellcom,0.59,0.35772712400479845,0.24262366128926213
lysosome,cellcom,0.6,0.34354891482168143,0.229918267160921
lysosome,cellcom,0.61,0.2988330243210816,0.22526741736752007
lysosome,cellcom,0.62,0.26502344857672566,0.21282184724998351
lysosome,cellcom,0.63,0.27374850038172077,0.20258478122428536
lysosome,cellcom,0.64,0.26829534300359886,0.19834964984817166
lysosome,cellcom,0.65,0.25084523939360864,0.18637176295008323
lysosome,cellcom,0.66,0.25084523939360864,0.18348771643015305
lysosome,cellcom,0.67,0.24866397644235988,0.172912879190409
lysosome,cellcom,0.68,0.21703566364925272,0.16127276350636643
lysosome,cellcom,0.6900000000000001,0.19413240266114065,0.155270828856782
lysosome,cellcom,0.7000000000000001,0.23121387283237232,0.14848942217478564
lysosome,cellcom,0.71,0.21594503217362834,0.1370831481004655
lysosome,cellcom,0.72,0.18649798233176992,0.13848619775880994
lysosome,cellcom,0.73,0.19958556003926256,0.12897663896336442
lysosome,cellcom,0.74,0.16468535281928223,0.12035048180465432
lysosome,cellcom,0.75,0.19522303413676503,0.11468631836911576
lysosome,cellcom,0.76,0.18867924528301872,0.10990555657031258
lysosome,cellcom,0.77,0.17777293052677484,0.10800884129143956
lysosome,cellcom,0.78,0.17559166757552608,0.10081171619215432
lysosome,cellcom,0.79,0.14832588068491642,0.0981615112819482
lysosome,cellcom,0.8,0.1723197731486529,0.08997705494160578
lysosome,cellcom,0.81,0.1439633547824189,0.09067857977077799
lysosome,cellcom,0.8200000000000001,0.14614461773366766,0.08574192356549207
lysosome,cellcom,0.8300000000000001,0.1319664085505521,0.08337752506717185
lysosome,cellcom,0.84,0.11887883084305803,0.07649218878085112
lysosome,cellcom,0.85,0.12542261969680432,0.07410180788144952
lysosome,cellcom,0.86,0.11778819936743365,0.07100990215287571
lysosome,cellcom,0.87,0.11669756789180925,0.06508591470653262
lysosome,cellcom,0.88,0.11233504198931171,0.06386474185575136
lysosome,cellcom,0.89,0.09706620133057033,0.05975952248503993
lysosome,cellcom,0.9,0.10360999018431662,0.05456304226894951
lysosome,cellcom,0.91,0.07307230886683383,0.054692954274351765
lysosome,cellcom,0.92,0.06870978296433629,0.05310802780844418
lysosome,cellcom,0.93,0.08725051804995085,0.056199933537017986
lysosome,cellcom,0.9400000000000001,0.061075362634965595,0.05453705986786905
lysosome,cellcom,0.9500000000000001,0.05453157378121988,0.047184040362101616
lysosome,cellcom,0.96,0.0752535718180826,0.04682028674697477
lysosome,cellcom,0.97,0.08834114952557523,0.048197354004238725
lysosome,cellcom,0.98,0.10033809575744349,0.06222785058768288
lysosome,cellcom,0.99,0.24430145053986238,0.15898631221128665
membrane,cellcom,0.0,19.795392487520697,21.24691600399123
membrane,cellcom,0.01,7.455677895885401,7.620177176709176
membrane,cellcom,0.02,5.136411810883287,5.348413120872404
membrane,cellcom,0.03,4.216977294402714,4.2428903645743725
membrane,cellcom,0.04,3.5938624548819953,3.6831463539526754
membrane,cellcom,0.05,3.2856382913592492,3.2996075558155225
membrane,cellcom,0.06,3.080404943014921,3.1232404272156677
membrane,cellcom,0.07,2.7685073950670542,2.8203763335310073
membrane,cellcom,0.08,2.5067447419583506,2.506704339149496
membrane,cellcom,0.09,2.256750524137535,2.3015161420247185
membrane,cellcom,0.1,2.1223998900705707,2.149355472663501
membrane,cellcom,0.11,1.9313838999642194,1.9876417524990753
membrane,cellcom,0.12,1.8717254158747332,1.866973767565367
membrane,cellcom,0.13,1.770367215996363,1.7764626591078811
membrane,cellcom,0.14,1.6725463492681154,1.6534468905022062
membrane,cellcom,0.15,1.5688072520771617,1.5628953030158887
membrane,cellcom,0.16,1.4737754364865017,1.4793061084878438
membrane,cellcom,0.17,1.3918725689337825,1.400372002274924
membrane,cellcom,0.18,1.3364997000069374,1.3441466312340222
membrane,cellcom,0.19,1.2640523960670287,1.2614479753401746
membrane,cellcom,0.2,1.2200398086030686,1.1995960192923074
membrane,cellcom,0.21,1.1476605303006588,1.1592384275516452
membrane,cellcom,0.22,1.0844647130610574,1.0802638423098943
membrane,cellcom,0.23,1.0420847408971512,1.0195452990691867
membrane,cellcom,0.24,0.9933783844455288,0.9876073453245701
membrane,cellcom,0.25,0.9574608478443348,0.9511762193801439
membrane,cellcom,0.26,0.9034484916675388,0.9161618594446674
membrane,cellcom,0.27,0.8808639800167879,0.8805807931056111
membrane,cellcom,0.28,0.8429736999280328,0.8344751792715028
membrane,cellcom,0.29,0.80814457352687,0.7944414197614564
membrane,cellcom,0.3,0.7836553440260559,0.7685753203409137
membrane,cellcom,0.31,0.7526356533250245,0.728015333456119
membrane,cellcom,0.32,0.7257655265116311,0.7077353400137217
membrane,cellcom,0.33,0.7055619121734593,0.6869695982253988
membrane,cellcom,0.34,0.6626377349095322,0.6594843376517705
membrane,cellcom,0.35000000000000003,0.6446109409714363,0.6099784853961812
membrane,cellcom,0.36,0.6130470451703832,0.5982800460651342
membrane,cellcom,0.37,0.5806668417193066,0.5578414962668211
membrane,cellcom,0.38,0.5617557144936779,0.5546031739606498
membrane,cellcom,0.39,0.5409398694179858,0.5300324034625756
membrane,cellcom,0.4,0.5284231521175696,0.5029114541483916
membrane,cellcom,0.41000000000000003,0.5150221015296269,0.4846149331185269
membrane,cellcom,0.42,0.4848867441161221,0.46376823327254696
membrane,cellcom,0.43,0.46570351434048424,0.44033087558163264
membrane,cellcom,0.44,0.4506018228149821,0.4233296834742337
membrane,cellcom,0.45,0.44216664376470166,0.4130884891809672
membrane,cellcom,0.46,0.42577246512665656,0.4051545995308477
membrane,cellcom,0.47000000000000003,0.4003308767008129,0.37770981798604863
membrane,cellcom,0.48,0.40067100488832197,0.36657808505858297
membrane,cellcom,0.49,0.38597746718783343,0.3545558134969223
membrane,cellcom,0.5,0.369243160362277,0.3338305507374264
membrane,cellcom,0.51,0.35706657124937213,0.3218082791757657
membrane,cellcom,0.52,0.34386959757393337,0.30739774491330374
membrane,cellcom,0.53,0.32203336793570736,0.29488972500571736
membrane,cellcom,0.54,0.30489090728513735,0.2828269744152296
membrane,cellcom,0.55,0.2986325486349293,0.27436685739035727
membrane,cellcom,0.56,0.28693213898454023,0.2685783562680762
membrane,cellcom,0.5700000000000001,0.287340292809557,0.24457429217358467
membrane,cellcom,0.58,0.2731229345715811,0.2368832766964253
membrane,cellcom,0.59,0.2634632940462599,0.23449501399562403
membrane,cellcom,0.6,0.2487017307082691,0.22295849077988902
membrane,cellcom,0.61,0.23795367998291175,0.2204487909926063
membrane,cellcom,0.62,0.2334639879077625,0.202476102193356
membrane,cellcom,0.63,0.22407644993245035,0.1924373030442252
membrane,cellcom,0.64,0.22013096295731915,0.18798460987323976
membrane,cellcom,0.65,0.20618570726935548,0.17697431403225758
membrane,cellcom,0.66,0.20060760499417005,0.1758004221962705
membrane,cellcom,0.67,0.19829473331909314,0.1606207863860929
membrane,cellcom,0.68,0.18026793938099375,0.15203923227473912
membrane,cellcom,0.6900000000000001,0.17598232421835125,0.14438869582640962
membrane,cellcom,0.7000000000000001,0.17067632449317674,0.13835732053116723
membrane,cellcom,0.71,0.16067655578034234,0.12597073771006073
membrane,cellcom,0.72,0.15768342773024283,0.1288447487567877
membrane,cellcom,0.73,0.15047271015500308,0.11880594960765692
membrane,cellcom,0.74,0.13469076225447835,0.11346271780247438
membrane,cellcom,0.75,0.1315615829293743,0.10763373765136618
membrane,cellcom,0.76,0.1331941982294286,0.09897122548235815
membrane,cellcom,0.77,0.1310173778293562,0.09690679501217399
membrane,cellcom,0.78,0.12700386521672277,0.0880014086702031
membrane,cellcom,0.79,0.11782040415391742,0.08832524090082022
membrane,cellcom,0.8,0.11210625060372743,0.0798651238759479
membrane,cellcom,0.81,0.10802471235359172,0.08233434463440346
membrane,cellcom,0.8200000000000001,0.11169809677871387,0.0725384196582355
membrane,cellcom,0.8300000000000001,0.10632407141603636,0.07152644393755778
membrane,cellcom,0.84,0.0965283796157095,0.06614273310354732
membrane,cellcom,0.85,0.08999791841549235,0.06654752339181873
membrane,cellcom,0.86,0.09231079009056925,0.06007087877947626
membrane,cellcom,0.87,0.08952173895297652,0.05246082135997388
membrane,cellcom,0.88,0.08428376486530235,0.053513276109479535
membrane,cellcom,0.89,0.08020222661516666,0.04897962488083982
membrane,cellcom,0.9,0.0761887140025332,0.04351495598917587
membrane,cellcom,0.91,0.0721071757523975,0.04501268005578006
membrane,cellcom,0.92,0.07040653481484095,0.043393518902694446
membrane,cellcom,0.93,0.07931789332763725,0.04359591404683015
membrane,cellcom,0.9400000000000001,0.07292348340242463,0.04383878821979299
membrane,cellcom,0.9500000000000001,0.06299174032709512,0.03805028709751235
membrane,cellcom,0.96,0.06537263763967358,0.03683591623269771
membrane,cellcom,0.97,0.07360373977744726,0.03456909061837785
membrane,cellcom,0.98,0.09673245652821627,0.043110165700904465
membrane,cellcom,0.99,0.261150422371183,0.10135948818315942
membrane raft,cellcom,0.0,18.62932273111973,20.732524998444585
membrane raft,cellcom,0.01,7.323793965398469,7.561878445368494
membrane raft,cellcom,0.02,5.058358100261776,5.2720790242392495
membrane raft,cellcom,0.03,4.088019367410002,4.235119838792361
membrane raft,cellcom,0.04,3.656976400889641,3.6497446294543296
membrane raft,cellcom,0.05,3.3125356742181213,3.2941592053973103
membrane raft,cellcom,0.06,3.0822524455291567,3.1075867650544673
membrane raft,cellcom,0.07,2.88149270769776,2.7999749077164444
membrane raft,cellcom,0.08,2.5449249119215867,2.506220366810109
membrane raft,cellcom,0.09,2.4366721121105335,2.2828321989530123
membrane raft,cellcom,0.1,2.2103253488692514,2.1383716033506435
membrane raft,cellcom,0.11,1.854075225854706,1.9681245729041397
membrane raft,cellcom,0.12,1.9938197492471492,1.8671127060022474
membrane raft,cellcom,0.13,1.8245517349971443,1.7735308288012093
membrane raft,cellcom,0.14,1.6769342807093541,1.6603584597245742
membrane raft,cellcom,0.15,1.627728462613418,1.5642827797519654
membrane raft,cellcom,0.16,1.4604286810872504,1.477462450271772
membrane raft,cellcom,0.17,1.421064026610509,1.3968894823739588
membrane raft,cellcom,0.18,1.2891924341134084,1.3419744027856537
membrane raft,cellcom,0.19,1.1277973507587526,1.26417804003556
membrane raft,cellcom,0.2,1.200621961540735,1.2073090531210866
membrane raft,cellcom,0.21,1.2065266597122433,1.154245043631264
membrane raft,cellcom,0.22,1.0530045072529366,1.0822075656320032
membrane raft,cellcom,0.23,1.0352904127384042,1.0278580907960186
membrane raft,cellcom,0.24,1.0215127836715405,0.9893455490248194
membrane raft,cellcom,0.25,0.907355285688979,0.9541237985398133
membrane raft,cellcom,0.26,0.8916094238982809,0.9116777328093425
membrane raft,cellcom,0.27,0.9309740783750262,0.8800295759866837
membrane raft,cellcom,0.28,0.7853248568110731,0.8383290801569953
membrane raft,cellcom,0.29,0.7262778750959507,0.800510689672725
membrane raft,cellcom,0.3,0.8227212785639767,0.7735673360170414
membrane raft,cellcom,0.31,0.7321825732674624,0.7372657946412543
membrane raft,cellcom,0.32,0.8601177003168847,0.7125591506879033
membrane raft,cellcom,0.33,0.7085637805814153,0.6937142287130789
membrane raft,cellcom,0.34,0.7518649005058351,0.6594694318911606
membrane raft,cellcom,0.35000000000000003,0.6219615407325791,0.6229107974461432
membrane raft,cellcom,0.36,0.6455803334186229,0.6032431776497678
membrane raft,cellcom,0.37,0.5825968862558304,0.5661446477593562
membrane raft,cellcom,0.38,0.5904698171511794,0.5568378786530992
membrane raft,cellcom,0.39,0.5668510244651322,0.53367379311515
membrane raft,cellcom,0.4,0.5412639990552478,0.5120522659926025
membrane raft,cellcom,0.41000000000000003,0.513708740921529,0.4957268560962703
membrane raft,cellcom,0.42,0.5235499045407125,0.47096879352906984
membrane raft,cellcom,0.43,0.4822170173401299,0.4493729757134457
membrane raft,cellcom,0.44,0.47040762099710626,0.4330218565101875
membrane raft,cellcom,0.45,0.5176452063692006,0.42271242443391926
membrane raft,cellcom,0.46,0.4271065010726865,0.4126600854268847
membrane raft,cellcom,0.47000000000000003,0.4192335701773397,0.38571673177120336
membrane raft,cellcom,0.48,0.468439388273269,0.3781324862288094
membrane raft,cellcom,0.49,0.42317003562501193,0.36553492583636205
membrane raft,cellcom,0.5,0.3286948648808232,0.34728131792077493
membrane raft,cellcom,0.51,0.35821835573838223,0.33465804822140416
membrane raft,cellcom,0.52,0.31491723581396236,0.32108353416586893
membrane raft,cellcom,0.53,0.3070443049186133,0.30498950803184427
membrane raft,cellcom,0.54,0.25587025409884445,0.2915178312040026
membrane raft,cellcom,0.55,0.31688546853779964,0.28298234130544636
membrane raft,cellcom,0.56,0.32279016670931143,0.2748067817038172
membrane raft,cellcom,0.5700000000000001,0.28933021040408113,0.26015247675750375
membrane raft,cellcom,0.58,0.3129490030901251,0.24958595161199904
membrane raft,cellcom,0.59,0.27358434861337977,0.2449325670588705
membrane raft,cellcom,0.6,0.2460290904796581,0.2323864252802698
membrane raft,cellcom,0.61,0.26374318499419347,0.22649899399481987
membrane raft,cellcom,0.62,0.2401243923081463,0.21369575914698558
membrane raft,cellcom,0.63,0.2184738323459364,0.2040547690507248
membrane raft,cellcom,0.64,0.2342196941366345,0.19952993103221306
membrane raft,cellcom,0.65,0.19879150510756374,0.18772935915438987
membrane raft,cellcom,0.66,0.2125691341744246,0.18469566093743317
membrane raft,cellcom,0.67,0.20272797055523828,0.17430910094039487
membrane raft,cellcom,0.68,0.21060090145058735,0.1619429243102577
membrane raft,cellcom,0.6900000000000001,0.19682327238372646,0.155644144114034
membrane raft,cellcom,0.7000000000000001,0.17517271242151852,0.15009093381858946
membrane raft,cellcom,0.71,0.1830456433168656,0.13834178055461133
membrane raft,cellcom,0.72,0.18698210876454013,0.1389845132276954
membrane raft,cellcom,0.73,0.15942685063081843,0.13024334887375227
membrane raft,cellcom,0.74,0.16139508335465572,0.12085945184672513
membrane raft,cellcom,0.75,0.1515539197354694,0.11610323006590313
membrane raft,cellcom,0.76,0.1515539197354694,0.11121846175046433
membrane raft,cellcom,0.77,0.14958568701163213,0.10911029858274866
membrane raft,cellcom,0.78,0.15549038518314393,0.10186027403036055
membrane raft,cellcom,0.79,0.11022103253488684,0.09918650611033089
membrane raft,cellcom,0.8,0.13187159249709673,0.09137087680562882
membrane raft,cellcom,0.81,0.12596689432558494,0.09147371403332227
membrane raft,cellcom,0.8200000000000001,0.12596689432558494,0.0866403643317302
membrane raft,cellcom,0.8300000000000001,0.10234810163953889,0.08427510809478182
membrane raft,cellcom,0.84,0.09841163619186323,0.0772050486908563
membrane raft,cellcom,0.85,0.10234810163953777,0.07494262968160045
membrane raft,cellcom,0.86,0.133839825220934,0.07129190809848304
membrane raft,cellcom,0.87,0.09644340346802598,0.065892953644577
membrane raft,cellcom,0.88,0.09250693802035144,0.06463319760533226
membrane raft,cellcom,0.89,0.09644340346802598,0.06015977820066726
membrane raft,cellcom,0.9,0.08857047257267692,0.05527500988522846
membrane raft,cellcom,0.91,0.09447517074418871,0.05460656790522105
membrane raft,cellcom,0.92,0.06495167988662974,0.053321102559052945
membrane raft,cellcom,0.93,0.07085637805814153,0.0567404403798601
membrane raft,cellcom,0.9400000000000001,0.1003798689157005,0.05409238176675381
membrane raft,cellcom,0.9500000000000001,0.07676107622965418,0.04697090374898303
membrane raft,cellcom,0.96,0.08660223984883965,0.04697090374898251
membrane raft,cellcom,0.97,0.10431633436337504,0.04841062493669079
membrane raft,cellcom,0.98,0.09841163619186323,0.06265358097223338
membrane raft,cellcom,0.99,0.2912984431279152,0.15926915639022804
microtubule,cellcom,0.0,20.901843547583457,20.6985738134085
microtubule,cellcom,0.01,8.274825987830472,7.53390177014785
microtubule,cellcom,0.02,5.719376122963568,5.253668145400708
microtubule,cellcom,0.03,4.525826274705198,4.223044879092286
microtubule,cellcom,0.04,3.9747248267427633,3.638536581138538
microtubule,cellcom,0.05,3.669731696637528,3.281339983566122
microtubule,cellcom,0.06,3.20771240053751,3.1037658479401293
microtubule,cellcom,0.07,2.9231024746719827,2.79677950581239
microtubule,cellcom,0.08,2.7381437695339055,2.498669244406561
microtubule,cellcom,0.09,2.446739442255135,2.2791832009930686
microtubule,cellcom,0.1,2.225543929579805,2.136299309845334
microtubule,cellcom,0.11,1.959807340973261,1.9668922189072608
microtubule,cellcom,0.12,2.0488894928356793,1.862480097752433
microtubule,cellcom,0.13,1.8488321178904124,1.7715921824312937
microtubule,cellcom,0.14,1.6487747429451496,1.660982561127444
microtubule,cellcom,0.15,1.6012139330524968,1.5638446244695674
microtubule,cellcom,0.16,1.432108831211969,1.4788128215773835
microtubule,cellcom,0.17,1.388322688771122,1.397510023012161
microtubule,cellcom,0.18,1.3218885416194823,1.3419688670155636
microtubule,cellcom,0.19,1.2607389289003628,1.262478049426113
microtubule,cellcom,0.2,1.2290317223052674,1.2064642027401902
microtubule,cellcom,0.21,1.1965695822198053,1.1534703243472197
microtubule,cellcom,0.22,1.096163428001992,1.0813324730362777
microtubule,cellcom,0.23,1.0440730171671895,1.0273932132646482
microtubule,cellcom,0.24,0.9270583261614644,0.991941411564692
microtubule,cellcom,0.25,0.865908713442345,0.9565683916462941
microtubule,cellcom,0.26,0.834201506847246,0.9141050113879057
microtubule,cellcom,0.27,0.8153281695882585,0.8829599470796505
microtubule,cellcom,0.28,0.7813561625220854,0.8396037066303049
microtubule,cellcom,0.29,0.6922740106596602,0.803285305333237
microtubule,cellcom,0.3,0.7043529465054122,0.7766308025736425
microtubule,cellcom,0.31,0.6598118705742019,0.7398922317749503
microtubule,cellcom,0.32,0.6801950748139084,0.715653703649723
microtubule,cellcom,0.33,0.6167806616237104,0.6965885125133037
microtubule,cellcom,0.34,0.6205553290755079,0.662055831598164
microtubule,cellcom,0.35000000000000003,0.5571409158853131,0.6251859578302161
microtubule,cellcom,0.36,0.555631048904591,0.605464251847498
microtubule,cellcom,0.37,0.4891969017529551,0.5690408081750274
microtubule,cellcom,0.38,0.49070676873367414,0.5595869943883732
microtubule,cellcom,0.39,0.48693210128187664,0.5357423751709232
microtubule,cellcom,0.4,0.47938276637828164,0.5135784339599895
microtubule,cellcom,0.41000000000000003,0.45371502770606126,0.4974281687411246
microtubule,cellcom,0.42,0.41445848620736475,0.4736360707113754
microtubule,cellcom,0.43,0.41521341969772424,0.45099943881110893
microtubule,cellcom,0.44,0.38728088055442283,0.4351117795307596
microtubule,cellcom,0.45,0.37973154565082784,0.42547414158714264
microtubule,cellcom,0.46,0.3397200706617744,0.41539007354804486
microtubule,cellcom,0.47000000000000003,0.3525539399978878,0.3873174987204544
microtubule,cellcom,0.48,0.3276411348160224,0.3810937379775715
microtubule,cellcom,0.49,0.32462140085458446,0.3677270957069966
microtubule,cellcom,0.5,0.26800138907762205,0.3497911101062054
microtubule,cellcom,0.51,0.30801286406667544,0.3358992559585941
microtubule,cellcom,0.52,0.28460992586553097,0.32227000774950093
microtubule,cellcom,0.53,0.25365765276079155,0.3068025179707806
microtubule,cellcom,0.54,0.27328592351013853,0.2916764159121339
microtubule,cellcom,0.55,0.2279899140885686,0.28534761279384596
microtubule,cellcom,0.56,0.22421524663677111,0.2772068286997826
microtubule,cellcom,0.5700000000000001,0.2151560447524595,0.26210698723499065
microtubule,cellcom,0.58,0.2279899140885686,0.25118258019263173
microtubule,cellcom,0.59,0.22572511361749012,0.24598298260997192
microtubule,cellcom,0.6,0.1706149688212467,0.23471718784754234
microtubule,cellcom,0.61,0.18118403768627966,0.2285722088862171
microtubule,cellcom,0.62,0.17740937023448217,0.21531060899104942
microtubule,cellcom,0.63,0.1796741707055607,0.2050952379826925
microtubule,cellcom,0.64,0.16684030136944922,0.2011298883110681
microtubule,cellcom,0.65,0.13437816128399077,0.18973279057937942
microtubule,cellcom,0.66,0.14192749618758574,0.18655525872330955
microtubule,cellcom,0.67,0.13664296175506926,0.17599849999487904
microtubule,cellcom,0.68,0.11776962449608179,0.16412871157385764
microtubule,cellcom,0.6900000000000001,0.11927949147680078,0.15745852073549604
microtubule,cellcom,0.7000000000000001,0.11550482402500457,0.15162866890039434
microtubule,cellcom,0.71,0.12380909241895778,0.13944375335314946
microtubule,cellcom,0.72,0.1049357551599703,0.14080930423344395
microtubule,cellcom,0.73,0.10116108770817281,0.13164435697915974
microtubule,cellcom,0.74,0.10191602119853231,0.12205924022324645
microtubule,cellcom,0.75,0.09134695233349933,0.11743737570532661
microtubule,cellcom,0.76,0.07624828252630936,0.11297307475051768
microtubule,cellcom,0.77,0.08908215186242084,0.11034701536533598
microtubule,cellcom,0.78,0.07398348205523086,0.1035455215577153
microtubule,cellcom,0.79,0.06718908064199539,0.10044677148320087
microtubule,cellcom,0.8,0.052845344325164904,0.09325136876780296
microtubule,cellcom,0.81,0.06114961271911939,0.0929887628292848
microtubule,cellcom,0.8200000000000001,0.055110144796243404,0.08826185593595769
microtubule,cellcom,0.8300000000000001,0.0649242801709176,0.08518936645529601
microtubule,cellcom,0.84,0.05133547734444591,0.0783878726476744
microtubule,cellcom,0.85,0.04227627546013193,0.07644458870263994
microtubule,cellcom,0.86,0.04227627546013193,0.07313575387731097
microtubule,cellcom,0.87,0.04001147498905343,0.06720085966680027
microtubule,cellcom,0.88,0.032462140085458446,0.06612417531887577
microtubule,cellcom,0.89,0.032462140085458446,0.061607353176363205
microtubule,cellcom,0.9,0.025667738672222953,0.05674914331377701
microtubule,cellcom,0.91,0.020383204239706465,0.05632897381214794
microtubule,cellcom,0.92,0.014343736316830476,0.054832119962594364
microtubule,cellcom,0.93,0.02793253914330145,0.05793087003710879
microtubule,cellcom,0.9400000000000001,0.01660853678790897,0.056013846685926134
microtubule,cellcom,0.9500000000000001,0.012078935845752113,0.0485820986258624
microtubule,cellcom,0.96,0.019628270749346966,0.04845079565660277
microtubule,cellcom,0.97,0.009814135374673483,0.050499121977044516
microtubule,cellcom,0.98,0.02415787169150396,0.06446975790621129
microtubule,cellcom,0.99,0.03925654149869393,0.16520539592178216
microtubule cytoskeleton,cellcom,0.0,20.320051721283257,20.746595174985703
microtubule cytoskeleton,cellcom,0.01,7.927968651856368,7.5193514062564955
microtubule cytoskeleton,cellcom,0.02,5.4848738899503555,5.2462844962903965
microtubule cytoskeleton,cellcom,0.03,4.44440356267132,4.210651391537179
microtubule cytoskeleton,cellcom,0.04,3.8748912617838056,3.6257832979582845
microtubule cytoskeleton,cellcom,0.05,3.569504416545556,3.264991511111962
microtubule cytoskeleton,cellcom,0.06,3.2533423039624045,3.0916462824737865
microtubule cytoskeleton,cellcom,0.07,2.9702944276099155,2.7829339080233773
microtubule cytoskeleton,cellcom,0.08,2.675157226919247,2.48871612731422
microtubule cytoskeleton,cellcom,0.09,2.4423063277100434,2.2679825660374795
microtubule cytoskeleton,cellcom,0.1,2.209455428500846,2.131800801584743
microtubule cytoskeleton,cellcom,0.11,2.063595102246776,1.956292620004563
microtubule cytoskeleton,cellcom,0.12,1.9902707220217537,1.8557574436480517
microtubule cytoskeleton,cellcom,0.13,1.8018349491854146,1.7712337371220013
microtubule cytoskeleton,cellcom,0.14,1.6940822757364662,1.6569904953667893
microtubule cytoskeleton,cellcom,0.15,1.6131363649504191,1.5599666062537978
microtubule cytoskeleton,cellcom,0.16,1.5101142966772743,1.473729391552909
microtubule cytoskeleton,cellcom,0.17,1.4131368905732207,1.3954979117672532
microtubule cytoskeleton,cellcom,0.18,1.3566324398621805,1.3396543994462828
microtubule cytoskeleton,cellcom,0.19,1.3003908005498002,1.2583610771842724
microtubule cytoskeleton,cellcom,0.2,1.2162911529798894,1.2062535744904164
microtubule cytoskeleton,cellcom,0.21,1.1965802980806872,1.1504662427653427
microtubule cytoskeleton,cellcom,0.22,1.0861995106451747,1.081364109812839
microtubule cytoskeleton,cellcom,0.23,1.0407331386776928,1.026588028813906
microtubule cytoskeleton,cellcom,0.24,0.9860683677572455,0.9901549123751237
microtubule cytoskeleton,cellcom,0.25,0.935871390613953,0.9554072138132347
microtubule cytoskeleton,cellcom,0.26,0.874899146125765,0.9153223586411928
microtubule cytoskeleton,cellcom,0.27,0.8680660497607094,0.8820353555726087
microtubule cytoskeleton,cellcom,0.28,0.8144525244348936,0.8401246310339404
microtubule cytoskeleton,cellcom,0.29,0.7684605296700923,0.8028768959546594
microtubule cytoskeleton,cellcom,0.3,0.7582108851225089,0.775910209924414
microtubule cytoskeleton,cellcom,0.31,0.7158982499388957,0.7394770934856345
microtubule cytoskeleton,cellcom,0.32,0.7051229825940004,0.7154598887399473
microtubule cytoskeleton,cellcom,0.33,0.6756881059445304,0.6958528607721229
microtubule cytoskeleton,cellcom,0.34,0.638368887335381,0.6630433927686578
microtubule cytoskeleton,cellcom,0.35000000000000003,0.6110365018751621,0.6241664204083909
microtubule cytoskeleton,cellcom,0.36,0.5881719101920884,0.6054582819749047
microtubule cytoskeleton,cellcom,0.37,0.5419171040286355,0.568968984940229
microtubule cytoskeleton,cellcom,0.38,0.519315323744221,0.561328423898326
microtubule cytoskeleton,cellcom,0.39,0.5132706615751333,0.5363280587244528
microtubule cytoskeleton,cellcom,0.4,0.49250856108131075,0.5145580778146193
microtubule cytoskeleton,cellcom,0.41000000000000003,0.46359930722915527,0.4994174072205573
microtubule cytoskeleton,cellcom,0.42,0.4675414782089925,0.4720855473169829
microtubule cytoskeleton,cellcom,0.43,0.43679254456624256,0.4511863656435427
microtubule cytoskeleton,cellcom,0.44,0.41156265029526823,0.4358490629638406
microtubule cytoskeleton,cellcom,0.45,0.4110370274979563,0.42531520123327604
microtubule cytoskeleton,cellcom,0.46,0.3771343570713346,0.416663389465239
microtubule cytoskeleton,cellcom,0.47000000000000003,0.35374414259095416,0.3896124325411513
microtubule cytoskeleton,cellcom,0.48,0.3469110462258966,0.3827583998417951
microtubule cytoskeleton,cellcom,0.49,0.33744983587428123,0.36935932772051694
microtubule cytoskeleton,cellcom,0.5,0.3069637136301873,0.35132535643779034
microtubule cytoskeleton,cellcom,0.51,0.30748933642749926,0.33789819401856397
microtubule cytoskeleton,cellcom,0.52,0.296188446285292,0.32365641295884073
microtubule cytoskeleton,cellcom,0.53,0.2654395126425421,0.30924609011142834
microtubule cytoskeleton,cellcom,0.54,0.28278506495383693,0.2919424665753542
microtubule cytoskeleton,cellcom,0.55,0.2444146007500635,0.28758847039338753
microtubule cytoskeleton,cellcom,0.56,0.2399468069729118,0.2792175616048322
microtubule cytoskeleton,cellcom,0.5700000000000001,0.2378443157836666,0.2629532790928434
microtubule cytoskeleton,cellcom,0.58,0.2268062370401127,0.25292504272534294
microtubule cytoskeleton,cellcom,0.59,0.22312687745892895,0.24767215700903472
microtubule cytoskeleton,cellcom,0.6,0.19763417178929865,0.23629558634002498
microtubule cytoskeleton,cellcom,0.61,0.20183915416779438,0.22966627602425635
microtubule cytoskeleton,cellcom,0.62,0.18449360185649957,0.21719418373526786
microtubule cytoskeleton,cellcom,0.63,0.18344235626187563,0.20646368991906602
microtubule cytoskeleton,cellcom,0.64,0.16977616353176456,0.20320521535707806
microtubule cytoskeleton,cellcom,0.65,0.16557118115326883,0.19025558800297065
microtubule cytoskeleton,cellcom,0.66,0.15348185681509366,0.18842971863633948
microtubule cytoskeleton,cellcom,0.67,0.14796281744331802,0.17753068303244862
microtubule cytoskeleton,cellcom,0.68,0.13140569932799115,0.1659012996819053
microtubule cytoskeleton,cellcom,0.6900000000000001,0.12693790555083945,0.15930007966408485
microtubule cytoskeleton,cellcom,0.7000000000000001,0.11800231799653735,0.1538786521600893
microtubule cytoskeleton,cellcom,0.71,0.11984199778712791,0.14095711510392836
microtubule cytoskeleton,cellcom,0.72,0.10696423925298479,0.14309197774798946
microtubule cytoskeleton,cellcom,0.73,0.10565018225970488,0.13328846376407733
microtubule cytoskeleton,cellcom,0.74,0.09960552009061728,0.12370967216375059
microtubule cytoskeleton,cellcom,0.75,0.09093274393496988,0.11929949538588756
microtubule cytoskeleton,cellcom,0.76,0.08199715638066647,0.11491740890597268
microtubule cytoskeleton,cellcom,0.77,0.0814715335833545,0.11264209477217073
microtubule cytoskeleton,cellcom,0.78,0.07385000302233102,0.10561952028512767
microtubule cytoskeleton,cellcom,0.79,0.07174751183308316,0.10227677482929516
microtubule cytoskeleton,cellcom,0.8,0.059920998893563955,0.09531038093814845
microtubule cytoskeleton,cellcom,0.81,0.053876336724476365,0.09598454808890458
microtubule cytoskeleton,cellcom,0.8200000000000001,0.05361352532582039,0.09073166237259638
microtubule cytoskeleton,cellcom,0.8300000000000001,0.05755569630566075,0.08738891691676486
microtubule cytoskeleton,cellcom,0.84,0.04520356056882895,0.08092814838868427
microtubule cytoskeleton,cellcom,0.85,0.04940854294732466,0.07806293799797069
microtubule cytoskeleton,cellcom,0.86,0.03758203000780547,0.07578762386416873
microtubule cytoskeleton,cellcom,0.87,0.03285142483199779,0.06986057099710438
microtubule cytoskeleton,cellcom,0.88,0.03153736783871787,0.06856841729148846
microtubule cytoskeleton,cellcom,0.89,0.0325886134333418,0.06362452485261015
microtubule cytoskeleton,cellcom,0.9,0.028383631054846085,0.058624451817835495
microtubule cytoskeleton,cellcom,0.91,0.019973666297854655,0.058877264499369045
microtubule cytoskeleton,cellcom,0.92,0.019973666297854655,0.057051395132737846
microtubule cytoskeleton,cellcom,0.93,0.02391583727769439,0.06045032118446668
microtubule cytoskeleton,cellcom,0.9400000000000001,0.020499289095166618,0.05834354883835377
microtubule cytoskeleton,cellcom,0.9500000000000001,0.017608363709951006,0.05053444600876244
microtubule cytoskeleton,cellcom,0.96,0.018133986507262775,0.0506187169026064
microtubule cytoskeleton,cellcom,0.97,0.019185232101886707,0.0523322250774449
microtubule cytoskeleton,cellcom,0.98,0.024178648676350372,0.06727626358587255
microtubule cytoskeleton,cellcom,0.99,0.04204982378495716,0.17368231221354902
microtubule organizing center,cellcom,0.0,19.458745982816293,20.787680877327915
microtubule organizing center,cellcom,0.01,7.822030563389519,7.541437203925771
microtubule organizing center,cellcom,0.02,5.3613005837213885,5.26325329088594
microtubule organizing center,cellcom,0.03,4.493097002689052,4.216072676374415
microtubule organizing center,cellcom,0.04,3.9392995343346224,3.6307347199253774
microtubule organizing center,cellcom,0.05,3.567505082967143,3.2763721977861757
microtubule organizing center,cellcom,0.06,3.2772840558798424,3.096039304238578
microtubule organizing center,cellcom,0.07,2.962877943201943,2.790344480193006
microtubule organizing center,cellcom,0.08,2.7103692529677983,2.493279448082875
microtubule organizing center,cellcom,0.09,2.464419230012459,2.2729627536556887
microtubule organizing center,cellcom,0.1,2.222158457401457,2.1338310297560104
microtubule organizing center,cellcom,0.11,2.121728864694695,1.9564198212523922
microtubule organizing center,cellcom,0.12,2.0385157735948036,1.8575424246252583
microtubule organizing center,cellcom,0.13,1.8540532563783023,1.7689179782913376
microtubule organizing center,cellcom,0.14,1.7519839968518431,1.6545394193475638
microtubule organizing center,cellcom,0.15,1.6781989899652376,1.5576368653890413
microtubule organizing center,cellcom,0.16,1.5785892306683267,1.4705544194949962
microtubule organizing center,cellcom,0.17,1.481029054896048,1.3916689233076638
microtubule organizing center,cellcom,0.18,1.3892077129927187,1.3381317501407402
microtubule organizing center,cellcom,0.19,1.3158326228110435,1.258894569642555
microtubule organizing center,cellcom,0.2,1.2563947005968412,1.2039777118715391
microtubule organizing center,cellcom,0.21,1.2166327802190582,1.1508463282940569
microtubule organizing center,cellcom,0.22,1.084229684528103,1.0816727296140092
microtubule organizing center,cellcom,0.23,1.0514363481340612,1.026404187532144
microtubule organizing center,cellcom,0.24,1.015363678100609,0.9880705976496117
microtubule organizing center,cellcom,0.25,0.9657637568046165,0.9527127980896499
microtubule organizing center,cellcom,0.26,0.8862399160490579,0.9130806815209095
microtubule organizing center,cellcom,0.27,0.9210828359677306,0.8780204609932044
microtubule organizing center,cellcom,0.28,0.8206532432609732,0.8387670813746134
microtubule organizing center,cellcom,0.29,0.7927789073260306,0.8000006492633424
microtubule organizing center,cellcom,0.3,0.7726929887846783,0.7743006419320773
microtubule organizing center,cellcom,0.31,0.7300616514724202,0.7376713683252002
microtubule organizing center,cellcom,0.32,0.7312914015871969,0.7133510455980345
microtubule organizing center,cellcom,0.33,0.70423689906211,0.6932238819617594
microtubule organizing center,cellcom,0.34,0.6460287269626805,0.6616263992639512
microtubule organizing center,cellcom,0.35000000000000003,0.6288122253558107,0.6225082828418393
microtubule organizing center,cellcom,0.36,0.6005279727159436,0.604004277563325
microtubule organizing center,cellcom,0.37,0.5677346363218989,0.5662658457453091
microtubule organizing center,cellcom,0.38,0.5374008001574075,0.5585828961852257
microtubule organizing center,cellcom,0.39,0.5095264642224695,0.5357234159800476
microtubule organizing center,cellcom,0.4,0.491490129205745,0.513810778150232
microtubule organizing center,cellcom,0.41000000000000003,0.4787827113530553,0.4970922470652644
microtubule organizing center,cellcom,0.42,0.4890306289761916,0.4704995026372261
microtubule organizing center,cellcom,0.43,0.44803895848363573,0.4499124441329179
microtubule organizing center,cellcom,0.44,0.4168852889092933,0.43460065029134304
microtubule organizing center,cellcom,0.45,0.4164753722043677,0.4244288579160212
microtubule organizing center,cellcom,0.46,0.3963894536630153,0.4139324338691465
microtubule organizing center,cellcom,0.47000000000000003,0.3681052010231538,0.38733968944111324
microtubule organizing center,cellcom,0.48,0.3431002820226927,0.38168568782823276
microtubule organizing center,cellcom,0.49,0.34023086508821376,0.367997052344422
microtubule organizing center,cellcom,0.5,0.31071686233357354,0.3494389417873189
microtubule organizing center,cellcom,0.51,0.31809536302223357,0.33607493797506094
microtubule organizing center,cellcom,0.52,0.30005902800550904,0.32238630249125017
microtubule organizing center,cellcom,0.53,0.26603594149668763,0.3075885087963007
microtubule organizing center,cellcom,0.54,0.29227061061192344,0.2909781882685145
microtubule organizing center,cellcom,0.55,0.25332852364399533,0.28540534457352434
microtubule organizing center,cellcom,0.56,0.24349052272578192,0.27753302653836837
microtubule organizing center,cellcom,0.5700000000000001,0.24676985636518914,0.26143670615721043
microtubule organizing center,cellcom,0.58,0.22094510395487615,0.25234701935372844
microtubule organizing center,cellcom,0.59,0.2184856037253228,0.24707175469099507
microtubule organizing center,cellcom,0.6,0.19635010165934264,0.2349521722863563
microtubule organizing center,cellcom,0.61,0.20249885223322603,0.22859480205178018
microtubule organizing center,cellcom,0.62,0.19020135108545927,0.21560953518966722
microtubule organizing center,cellcom,0.63,0.1779038499376925,0.20597879560026677
microtubule organizing center,cellcom,0.64,0.1680658490194791,0.2020832155416329
microtubule organizing center,cellcom,0.65,0.17011543254410688,0.1890438434009278
microtubule organizing center,cellcom,0.66,0.15248901423230785,0.18720426392879513
microtubule organizing center,cellcom,0.67,0.14593034695349894,0.17657257668544013
microtubule organizing center,cellcom,0.68,0.13158326228110437,0.1646153101165778
microtubule organizing center,cellcom,0.6900000000000001,0.13240309569095549,0.15774393973537637
microtubule organizing center,cellcom,0.7000000000000001,0.12338492818259457,0.15219814867968395
microtubule organizing center,cellcom,0.71,0.10616842657571972,0.14107951392899806
microtubule organizing center,cellcom,0.72,0.10165934282153857,0.14210751422224865
microtubule organizing center,cellcom,0.73,0.10780809339542197,0.13212509032199934
microtubule organizing center,cellcom,0.74,0.10083950941168746,0.12273782448626351
microtubule organizing center,cellcom,0.75,0.08485275791959067,0.11865287595255714
microtubule organizing center,cellcom,0.76,0.07952384075555839,0.11386455879715299
microtubule organizing center,cellcom,0.77,0.0774742572309306,0.11175445293205964
microtubule organizing center,cellcom,0.78,0.07050567324719612,0.10466666143648964
microtubule organizing center,cellcom,0.79,0.06681642290286607,0.10147444999955353
microtubule organizing center,cellcom,0.8,0.06312717255853605,0.09379150043947004
microtubule organizing center,cellcom,0.81,0.048370171181215935,0.09479244809342459
microtubule organizing center,cellcom,0.8200000000000001,0.050829671410769287,0.08954423606998727
microtubule organizing center,cellcom,0.8300000000000001,0.051239588115695414,0.08670370894390102
microtubule organizing center,cellcom,0.84,0.03894208696792808,0.08002170703777109
microtubule organizing center,cellcom,0.85,0.04919000459106705,0.07701886407590748
microtubule organizing center,cellcom,0.86,0.036482586738374734,0.07444886334278096
microtubule organizing center,cellcom,0.87,0.03156358627926802,0.06857844061553404
microtubule organizing center,cellcom,0.88,0.028694169344789112,0.06738812448650702
microtubule organizing center,cellcom,0.89,0.028694169344789112,0.06273507052758322
microtubule organizing center,cellcom,0.9,0.027874335934937995,0.05754096378273804
microtubule organizing center,cellcom,0.91,0.017216501606873467,0.05762212170062624
microtubule organizing center,cellcom,0.92,0.01967600183642682,0.055701384310605374
microtubule organizing center,cellcom,0.93,0.020495835246277936,0.05932643797627857
microtubule organizing center,cellcom,0.9400000000000001,0.015166918082245675,0.057297490029073424
microtubule organizing center,cellcom,0.9500000000000001,0.01598675149209697,0.049425171993917986
microtubule organizing center,cellcom,0.96,0.012707417852692322,0.04977685630476633
microtubule organizing center,cellcom,0.97,0.017216501606873467,0.05123769882675404
microtubule organizing center,cellcom,0.98,0.01762641831179903,0.0661166504395918
microtubule organizing center,cellcom,0.99,0.036482586738374734,0.1691872061576134
midbody,cellcom,0.0,20.167458621116037,20.713248080893177
midbody,cellcom,0.01,7.781173270212503,7.555567456727083
midbody,cellcom,0.02,5.76036459345357,5.262165929680899
midbody,cellcom,0.03,4.730529402412958,4.225974409849226
midbody,cellcom,0.04,3.9038349437388487,3.6461356009184724
midbody,cellcom,0.05,3.587641977707514,3.290121781598513
midbody,cellcom,0.06,3.2308208652028725,3.105459084544718
midbody,cellcom,0.07,3.0771404850647417,2.7970013167387533
midbody,cellcom,0.08,2.6496617265195828,2.504635878221493
midbody,cellcom,0.09,2.2486795852396155,2.2853424885383973
midbody,cellcom,0.1,2.1709561745950445,2.138837922693996
midbody,cellcom,0.11,2.0755683524403397,1.9650665141028034
midbody,cellcom,0.12,2.0066771475508274,1.8667359452170749
midbody,cellcom,0.13,1.6445567115931516,1.7760781989362053
midbody,cellcom,0.14,1.8247337089964881,1.6581793576354142
midbody,cellcom,0.15,1.7717404744660916,1.562088840986672
midbody,cellcom,0.16,1.6304251823850473,1.4750100287396115
midbody,cellcom,0.17,1.5403366836833858,1.3951148322870341
midbody,cellcom,0.18,1.3071664517496586,1.341791289955965
midbody,cellcom,0.19,1.4255180088675332,1.2600422571693246
midbody,cellcom,0.2,1.2577060995212967,1.2064869852965052
midbody,cellcom,0.21,1.3318966278638413,1.152339515705855
midbody,cellcom,0.22,1.0651640140608707,1.082073969099637
midbody,cellcom,0.23,1.077529102117965,1.0272313108837205
midbody,cellcom,0.24,0.9521117803960352,0.9903090705637044
midbody,cellcom,0.25,0.9591775450000875,0.9534383256974149
midbody,cellcom,0.26,0.9167829573757743,0.9113407922781529
midbody,cellcom,0.27,0.8266944586741085,0.8814734291183095
midbody,cellcom,0.28,0.7454381657275122,0.8389896797961232
midbody,cellcom,0.29,0.7825334298987823,0.7998016395122549
midbody,cellcom,0.3,0.6924449311971165,0.7753927944471415
midbody,cellcom,0.31,0.6889120488950904,0.7379041041361657
midbody,cellcom,0.32,0.6677147550829338,0.7151431135902161
midbody,cellcom,0.33,0.6853791665930643,0.6940299775634302
midbody,cellcom,0.34,0.6235537263076075,0.6612016258144644
midbody,cellcom,0.35000000000000003,0.5740933740792452,0.6236099445960442
midbody,cellcom,0.36,0.5316987864549289,0.6048398517136909
midbody,cellcom,0.37,0.5158008160958113,0.5670936841340958
midbody,cellcom,0.38,0.49283708113264163,0.5582107183667285
midbody,cellcom,0.39,0.44867605235731534,0.5353467369133311
midbody,cellcom,0.4,0.43984384660225007,0.5134869168075492
midbody,cellcom,0.41000000000000003,0.4398438466022525,0.49677664207415684
midbody,cellcom,0.42,0.47340622847149805,0.47162111293004455
midbody,cellcom,0.43,0.3833177297698324,0.450765454171878
midbody,cellcom,0.44,0.41688011163908034,0.4337462067161397
midbody,cellcom,0.45,0.3974492589779368,0.42432253868467185
midbody,cellcom,0.46,0.3409231421455191,0.4138947093055886
midbody,cellcom,0.47000000000000003,0.3214922894843773,0.38709132564231746
midbody,cellcom,0.48,0.32502517178640167,0.38008794393586925
midbody,cellcom,0.49,0.33915670099450607,0.3666733782408017
midbody,cellcom,0.5,0.3214922894843756,0.3474140785480751
midbody,cellcom,0.51,0.3002949956722189,0.3354671332841377
midbody,cellcom,0.52,0.27203193725601005,0.32171784713986495
midbody,cellcom,0.53,0.27026549610499706,0.30552252694370846
midbody,cellcom,0.54,0.2861634664641145,0.29112954762788745
midbody,cellcom,0.55,0.24376887883980122,0.28399742728713173
midbody,cellcom,0.56,0.21373937927257936,0.2763246046822754
midbody,cellcom,0.5700000000000001,0.23670311423575163,0.2608759685651179
midbody,cellcom,0.58,0.21373937927257936,0.2509373459964085
midbody,cellcom,0.59,0.2190387027256185,0.24568480971657397
midbody,cellcom,0.6,0.1784105562523183,0.23335164854970758
midbody,cellcom,0.61,0.19254208546042273,0.22748116682518663
midbody,cellcom,0.62,0.1854763208563705,0.21445281703304805
midbody,cellcom,0.63,0.19607496776244884,0.20435970810316992
midbody,cellcom,0.64,0.13601596862800502,0.20090951270367077
midbody,cellcom,0.65,0.14661461553408336,0.18847336062935666
midbody,cellcom,0.66,0.1448481743830703,0.18564111067454392
midbody,cellcom,0.67,0.16781190934623996,0.1747755699388078
midbody,cellcom,0.68,0.15191393898712252,0.1627256337674227
midbody,cellcom,0.6900000000000001,0.12365088057091367,0.15664917022800626
midbody,cellcom,0.7000000000000001,0.13601596862800655,0.1506242021423154
midbody,cellcom,0.71,0.1254173217219267,0.13911496823502925
midbody,cellcom,0.72,0.12365088057091367,0.1398359045871634
midbody,cellcom,0.73,0.11128579251382231,0.13090144336607232
midbody,cellcom,0.74,0.08302273409761346,0.12194123441811928
midbody,cellcom,0.75,0.07065764604052209,0.11722940040238537
midbody,cellcom,0.76,0.08478917524862652,0.11213135048372244
midbody,cellcom,0.77,0.10068714560774399,0.10976255961242451
midbody,cellcom,0.78,0.05299323453039157,0.10327413244321716
midbody,cellcom,0.79,0.08125629294660042,0.0995922075019606
midbody,cellcom,0.8,0.045927469926339365,0.09256307806865263
midbody,cellcom,0.81,0.05652611683241768,0.09243433943434297
midbody,cellcom,0.8200000000000001,0.045927469926339365,0.08774825314547098
midbody,cellcom,0.8300000000000001,0.060058999134444443,0.08486450773693531
midbody,cellcom,0.84,0.0370952641712741,0.0780671078453838
midbody,cellcom,0.85,0.04062814647330021,0.07580130788153362
midbody,cellcom,0.86,0.0370952641712741,0.0726085897506538
midbody,cellcom,0.87,0.04062814647330021,0.06666086484554705
midbody,cellcom,0.88,0.02826305841620884,0.06552796486362196
midbody,cellcom,0.89,0.01943085266114358,0.06122809447767898
midbody,cellcom,0.9,0.024730176114182736,0.05615579228587799
midbody,cellcom,0.91,0.02119729381215663,0.05561509002177738
midbody,cellcom,0.92,0.02119729381215663,0.053941487775751674
midbody,cellcom,0.93,0.022963734963169682,0.05741743090211276
midbody,cellcom,0.9400000000000001,0.01413152920810442,0.055280369572572235
midbody,cellcom,0.9500000000000001,0.01589797035911765,0.047813528782611914
midbody,cellcom,0.96,0.00706576460405221,0.04807100605123072
midbody,cellcom,0.97,0.015897970359117473,0.04961586966294676
midbody,cellcom,0.98,0.012365088057091368,0.06385436261759625
midbody,cellcom,0.99,0.01413152920810442,0.1631118496703517
mitochondrial inner membrane,cellcom,0.0,17.5175953649337,20.72634857252042
mitochondrial inner membrane,cellcom,0.01,6.520978341175098,7.565626459231437
mitochondrial inner membrane,cellcom,0.02,5.2222265427538215,5.269632761578571
mitochondrial inner membrane,cellcom,0.03,3.985690399346735,4.234849282147538
mitochondrial inner membrane,cellcom,0.04,3.596842555508029,3.6501860152878915
mitochondrial inner membrane,cellcom,0.05,3.2235486254228736,3.2948615639589134
mitochondrial inner membrane,cellcom,0.06,2.9785744838044845,3.108105484615547
mitochondrial inner membrane,cellcom,0.07,2.601392075280944,2.8023374269298653
mitochondrial inner membrane,cellcom,0.08,2.5391764202667506,2.506506192505644
mitochondrial inner membrane,cellcom,0.09,2.1308861842361067,2.2858269735961474
mitochondrial inner membrane,cellcom,0.1,2.0570050939067555,2.139839968610879
mitochondrial inner membrane,cellcom,0.11,1.9947894388925624,1.966469224457767
mitochondrial inner membrane,cellcom,0.12,1.753703775712562,1.8695021779268655
mitochondrial inner membrane,cellcom,0.13,1.7887000816580456,1.7740933478971213
mitochondrial inner membrane,cellcom,0.14,1.6603802931912774,1.6605734441080544
mitochondrial inner membrane,cellcom,0.15,1.617607030369015,1.5647559015534127
mitochondrial inner membrane,cellcom,0.16,1.8392503013570773,1.474864690609726
mitochondrial inner membrane,cellcom,0.17,1.6137185519306327,1.3957788170429062
mitochondrial inner membrane,cellcom,0.18,1.535948983162887,1.3400151019277937
mitochondrial inner membrane,cellcom,0.19,1.462067892833533,1.2611080400906103
mitochondrial inner membrane,cellcom,0.2,1.3804098456274085,1.206085116426874
mitochondrial inner membrane,cellcom,0.21,1.2870863631061153,1.154050903101412
mitochondrial inner membrane,cellcom,0.22,1.322082669051599,1.080252747825393
mitochondrial inner membrane,cellcom,0.23,1.2170937512151518,1.0267114070643935
mitochondrial inner membrane,cellcom,0.24,1.0226698292957956,0.9895441118319203
mitochondrial inner membrane,cellcom,0.25,1.119881790255472,0.9524279056650613
mitochondrial inner membrane,cellcom,0.26,1.0071159155422476,0.9107903171915719
mitochondrial inner membrane,cellcom,0.27,1.1043278765019238,0.8792172746435764
mitochondrial inner membrane,cellcom,0.28,0.9449002605280598,0.8369410728499461
mitochondrial inner membrane,cellcom,0.29,0.8515767780067652,0.7992117978957428
mitochondrial inner membrane,cellcom,0.3,0.8088035151845075,0.773973799483591
mitochondrial inner membrane,cellcom,0.31,0.76603025236225,0.737010860513567
mitochondrial inner membrane,cellcom,0.32,0.8010265583077335,0.7138930583242985
mitochondrial inner membrane,cellcom,0.33,0.8515767780067652,0.6928699078251073
mitochondrial inner membrane,cellcom,0.34,0.7310339464167664,0.6601984503664613
mitochondrial inner membrane,cellcom,0.35000000000000003,0.6727067698409643,0.6225713535434894
mitochondrial inner membrane,cellcom,0.36,0.7543648170470888,0.60279988515178
mitochondrial inner membrane,cellcom,0.37,0.6610413345257995,0.5657347680505327
mitochondrial inner membrane,cellcom,0.38,0.5132791538670913,0.5575605175526698
mitochondrial inner membrane,cellcom,0.39,0.6649298129641865,0.5332421223215276
mitochondrial inner membrane,cellcom,0.4,0.6182680717035418,0.5117336256990257
mitochondrial inner membrane,cellcom,0.41000000000000003,0.5910487226348358,0.4953340356376909
mitochondrial inner membrane,cellcom,0.42,0.5288330676206395,0.47127108573460413
mitochondrial inner membrane,cellcom,0.43,0.4588404557296726,0.4497370445792965
mitochondrial inner membrane,cellcom,0.44,0.4238441497841891,0.4335673553132114
mitochondrial inner membrane,cellcom,0.45,0.5404985029358007,0.42317073046124193
mitochondrial inner membrane,cellcom,0.46,0.5288330676206395,0.4120844032235153
mitochondrial inner membrane,cellcom,0.47000000000000003,0.4588404557296751,0.3856713563022978
mitochondrial inner membrane,cellcom,0.48,0.349963059454835,0.3794895793632868
mitochondrial inner membrane,cellcom,0.49,0.36940545164677024,0.3662575113698713
mitochondrial inner membrane,cellcom,0.5,0.4938367616751561,0.3460773304532721
mitochondrial inner membrane,cellcom,0.51,0.4355095850993503,0.3343013008297883
mitochondrial inner membrane,cellcom,0.52,0.41995567134580203,0.32035398591780967
mitochondrial inner membrane,cellcom,0.53,0.3810708869619314,0.3045163755782002
mitochondrial inner membrane,cellcom,0.54,0.3732939300851573,0.29051797160061
mitochondrial inner membrane,cellcom,0.55,0.349963059454835,0.28298233442289256
mitochondrial inner membrane,cellcom,0.56,0.2877474044406421,0.27534451911395186
mitochondrial inner membrane,cellcom,0.5700000000000001,0.3188552319477421,0.2601455220944909
mitochondrial inner membrane,cellcom,0.58,0.346074581016448,0.24977444177532437
mitochondrial inner membrane,cellcom,0.59,0.33052066726289975,0.24474216881257752
mitochondrial inner membrane,cellcom,0.6,0.2955243613174163,0.2321487141393074
mitochondrial inner membrane,cellcom,0.61,0.27608196912548094,0.22665663958605575
mitochondrial inner membrane,cellcom,0.62,0.26830501224870684,0.21368001692069835
mitochondrial inner membrane,cellcom,0.63,0.23330870630322334,0.20404972805290358
mitochondrial inner membrane,cellcom,0.64,0.26830501224870684,0.19952834574627312
mitochondrial inner membrane,cellcom,0.65,0.2294202278648363,0.1875990489259544
mitochondrial inner membrane,cellcom,0.66,0.2294202278648363,0.18476360578450818
mitochondrial inner membrane,cellcom,0.67,0.2294202278648363,0.17431589186692714
mitochondrial inner membrane,cellcom,0.68,0.2294202278648363,0.1621311497185502
mitochondrial inner membrane,cellcom,0.6900000000000001,0.13220826690515988,0.15633254077162867
mitochondrial inner membrane,cellcom,0.7000000000000001,0.20220087879612914,0.15007413023420405
mitochondrial inner membrane,cellcom,0.71,0.1788700081658046,0.13865572407000007
mitochondrial inner membrane,cellcom,0.72,0.13609674534354696,0.1396264163166213
mitochondrial inner membrane,cellcom,0.73,0.14776218065870814,0.13050701810494295
mitochondrial inner membrane,cellcom,0.74,0.16331609441225634,0.12110663003240058
mitochondrial inner membrane,cellcom,0.75,0.0972119609596764,0.11668742585699343
mitochondrial inner membrane,cellcom,0.76,0.15165065909709516,0.1114763411646058
mitochondrial inner membrane,cellcom,0.77,0.12831978846677283,0.10950941213855753
mitochondrial inner membrane,cellcom,0.78,0.14387370222032106,0.10228030935451
mitochondrial inner membrane,cellcom,0.79,0.12831978846677283,0.09913833181939394
mitochondrial inner membrane,cellcom,0.8,0.10887739627483757,0.0917815063713173
mitochondrial inner membrane,cellcom,0.81,0.07388109032935407,0.09203695169937552
mitochondrial inner membrane,cellcom,0.8200000000000001,0.10110043939806344,0.08705576780224028
mitochondrial inner membrane,cellcom,0.8300000000000001,0.06999261189096778,0.08460349265288233
mitochondrial inner membrane,cellcom,0.84,0.0894350040829023,0.07739993440163968
mitochondrial inner membrane,cellcom,0.85,0.054438698137418785,0.0754330053755914
mitochondrial inner membrane,cellcom,0.86,0.08554652564451523,0.07201003797961132
mitochondrial inner membrane,cellcom,0.87,0.0894350040829023,0.06613479543427232
mitochondrial inner membrane,cellcom,0.88,0.08554652564451523,0.06485756879398125
mitochondrial inner membrane,cellcom,0.89,0.08554652564451523,0.06046390915137991
mitochondrial inner membrane,cellcom,0.9,0.05055021969903172,0.0557381705823029
mitochondrial inner membrane,cellcom,0.91,0.046661741260644665,0.05517619086057482
mitochondrial inner membrane,cellcom,0.92,0.07388109032935407,0.053336984498555666
mitochondrial inner membrane,cellcom,0.93,0.0349963059454835,0.057066486288205626
mitochondrial inner membrane,cellcom,0.9400000000000001,0.058327176575805835,0.05466530020445839
mitochondrial inner membrane,cellcom,0.9500000000000001,0.062215655014193585,0.04725738569077063
mitochondrial inner membrane,cellcom,0.96,0.058327176575805835,0.047410652887605036
mitochondrial inner membrane,cellcom,0.97,0.042773262822257616,0.04917322565120673
mitochondrial inner membrane,cellcom,0.98,0.08165804720612817,0.06299281789915626
mitochondrial inner membrane,cellcom,0.99,0.05055021969903172,0.16169689266085122
mitochondrial matrix,cellcom,0.0,19.120809391193994,20.71689703845676
mitochondrial matrix,cellcom,0.01,7.61448161596221,7.558404961859184
mitochondrial matrix,cellcom,0.02,5.18560298938908,5.269930436018469
mitochondrial matrix,cellcom,0.03,4.586315084429089,4.230662854203976
mitochondrial matrix,cellcom,0.04,4.205591003630978,3.645808037766079
mitochondrial matrix,cellcom,0.05,3.2643564705467636,3.2946139677031323
mitochondrial matrix,cellcom,0.06,3.2326294638135833,3.106351042743989
mitochondrial matrix,cellcom,0.07,3.031691754503474,2.7993533877868626
mitochondrial matrix,cellcom,0.08,2.562837099446541,2.506312495494728
mitochondrial matrix,cellcom,0.09,2.4288786265731286,2.2837711479462834
mitochondrial matrix,cellcom,0.1,2.2490922550851353,2.1385032317829746
mitochondrial matrix,cellcom,0.11,1.945923079634788,1.9668043767998737
mitochondrial matrix,cellcom,0.12,2.0446293228046657,1.8674710806164068
mitochondrial matrix,cellcom,0.13,1.8613177283463163,1.7735568937460906
mitochondrial matrix,cellcom,0.14,1.6462791271547956,1.66067582427976
mitochondrial matrix,cellcom,0.15,1.484118870518559,1.5656880402813629
mitochondrial matrix,cellcom,0.16,1.646279127154791,1.4760171182505875
mitochondrial matrix,cellcom,0.17,1.5228963231924448,1.3962897505727156
mitochondrial matrix,cellcom,0.18,1.3219586138823267,1.3414340496952761
mitochondrial matrix,cellcom,0.19,1.3325342827933855,1.2619111767084625
mitochondrial matrix,cellcom,0.2,1.2373532625938615,1.207004352158265
mitochondrial matrix,cellcom,0.21,1.1386470194239775,1.1550371387920795
mitochondrial matrix,cellcom,0.22,1.265555046356681,1.0804988238999071
mitochondrial matrix,cellcom,0.23,1.0187894384319827,1.0280203738060725
mitochondrial matrix,cellcom,0.24,0.9377093101138639,0.9901377322867968
mitochondrial matrix,cellcom,0.25,1.0293651073430385,0.9529708221862417
mitochondrial matrix,cellcom,0.26,0.8742552966475122,0.9116884564280597
mitochondrial matrix,cellcom,0.27,0.8636796277364536,0.8808097580776673
mitochondrial matrix,cellcom,0.28,0.8531039588253997,0.8375335690816336
mitochondrial matrix,cellcom,0.29,0.8425282899143363,0.7992419381802317
mitochondrial matrix,cellcom,0.3,0.7402968237741031,0.7744469568889397
mitochondrial matrix,cellcom,0.31,0.7261959318926916,0.7372800467883845
mitochondrial matrix,cellcom,0.32,0.6204392427821055,0.7151434964809014
mitochondrial matrix,cellcom,0.33,0.6944689251595157,0.6939016104468152
mitochondrial matrix,cellcom,0.34,0.7614481615962203,0.6599299298941069
mitochondrial matrix,cellcom,0.35000000000000003,0.6380653576338733,0.622788581629938
mitochondrial matrix,cellcom,0.36,0.6944689251595157,0.6031315294515804
mitochondrial matrix,cellcom,0.37,0.5992879049599882,0.5661179903693221
mitochondrial matrix,cellcom,0.38,0.5287834455529308,0.557478089671944
mitochondrial matrix,cellcom,0.39,0.5710861211971652,0.533833391017877
mitochondrial matrix,cellcom,0.4,0.5217329996122251,0.5123614484563458
mitochondrial matrix,cellcom,0.41000000000000003,0.43712764832375856,0.49638530071711406
mitochondrial matrix,cellcom,0.42,0.39835019564987445,0.47217824166262323
mitochondrial matrix,cellcom,0.43,0.3877745267388159,0.4502461860462021
mitochondrial matrix,cellcom,0.44,0.39482497267952166,0.43378436341569493
mitochondrial matrix,cellcom,0.45,0.4230267564423446,0.42394305640832647
mitochondrial matrix,cellcom,0.46,0.43007720238305036,0.41272141023628817
mitochondrial matrix,cellcom,0.47000000000000003,0.4018754186202296,0.386034853052673
mitochondrial matrix,cellcom,0.48,0.35604752000564005,0.3794654611022976
mitochondrial matrix,cellcom,0.49,0.3172700673317585,0.3666334192381445
mitochondrial matrix,cellcom,0.5,0.4089258645609331,0.34659293951404874
mitochondrial matrix,cellcom,0.51,0.37014841188705155,0.33470668559605826
mitochondrial matrix,cellcom,0.52,0.32079529030211135,0.3210055412948908
mitochondrial matrix,cellcom,0.53,0.274967391687524,0.30523388824671843
mitochondrial matrix,cellcom,0.54,0.2643917227764654,0.2912515637453405
mitochondrial matrix,cellcom,0.55,0.3313709592131699,0.2830717761028524
mitochondrial matrix,cellcom,0.56,0.25734127683575964,0.2755565962063165
mitochondrial matrix,cellcom,0.5700000000000001,0.26439172277646833,0.26050067457686477
mitochondrial matrix,cellcom,0.58,0.27849261465787684,0.2501992545146035
mitochondrial matrix,cellcom,0.59,0.2643917227764654,0.2451635727471968
mitochondrial matrix,cellcom,0.6,0.21856382416187806,0.23266383475601973
mitochondrial matrix,cellcom,0.61,0.20093770931011368,0.22716803993372306
mitochondrial matrix,cellcom,0.62,0.2502908308950539,0.2137736376691489
mitochondrial matrix,cellcom,0.63,0.246765607924701,0.20393233066178043
mitochondrial matrix,cellcom,0.64,0.20093770931011368,0.19997024602245028
mitochondrial matrix,cellcom,0.65,0.18331159445834933,0.18790505924978038
mitochondrial matrix,cellcom,0.66,0.20798815525081943,0.1848887625566129
mitochondrial matrix,cellcom,0.67,0.1233828039623505,0.17504745554924447
mitochondrial matrix,cellcom,0.68,0.1868368174287022,0.16239434653977075
mitochondrial matrix,cellcom,0.6900000000000001,0.1515845877251735,0.15620838213513916
mitochondrial matrix,cellcom,0.7000000000000001,0.13748369584376352,0.15050809262178197
mitochondrial matrix,cellcom,0.71,0.1269080269327034,0.13900526624953147
mitochondrial matrix,cellcom,0.72,0.13043324990305627,0.1396698739954836
mitochondrial matrix,cellcom,0.73,0.09518102019952754,0.13087660227980893
mitochondrial matrix,cellcom,0.74,0.10223146614023328,0.12152097016371323
mitochondrial matrix,cellcom,0.75,0.10223146614023328,0.11666422125098594
mitochondrial matrix,cellcom,0.76,0.09870624316988041,0.11183303417464142
mitochondrial matrix,cellcom,0.77,0.08813057425882179,0.10978808726401941
mitochondrial matrix,cellcom,0.78,0.08108012831811606,0.1027074585859907
mitochondrial matrix,cellcom,0.79,0.09870624316988041,0.09933329618346437
mitochondrial matrix,cellcom,0.8,0.08108012831811606,0.09197148730522513
mitochondrial matrix,cellcom,0.81,0.08108012831811606,0.0919970491416079
mitochondrial matrix,cellcom,0.8200000000000001,0.07402968237741031,0.08724254757441172
mitochondrial matrix,cellcom,0.8300000000000001,0.08813057425882277,0.08448186924507292
mitochondrial matrix,cellcom,0.84,0.06697923643670456,0.07755461158533991
mitochondrial matrix,cellcom,0.85,0.052878344555293076,0.07545854100195235
mitochondrial matrix,cellcom,0.86,0.010575668911058614,0.07254449165431598
mitochondrial matrix,cellcom,0.87,0.07402968237741031,0.0662307180677705
mitochondrial matrix,cellcom,0.88,0.0634540134663517,0.06500374992139729
mitochondrial matrix,cellcom,0.89,0.05640356752564595,0.06065823773632552
mitochondrial matrix,cellcom,0.9,0.042302675644234455,0.05580148882359823
mitochondrial matrix,cellcom,0.91,0.03172700673317585,0.055290252095942724
mitochondrial matrix,cellcom,0.92,0.042302675644234455,0.05355204722191401
mitochondrial matrix,cellcom,0.93,0.007050445940705744,0.057284075333799186
mitochondrial matrix,cellcom,0.9400000000000001,0.04935312158494021,0.05472789169552167
mitochondrial matrix,cellcom,0.9500000000000001,0.024676560792470378,0.047519453835579595
mitochondrial matrix,cellcom,0.96,0.014100891881411488,0.04772394852664127
mitochondrial matrix,cellcom,0.97,0.021151337822117228,0.049334344218756106
mitochondrial matrix,cellcom,0.98,0.03172700673317585,0.0633422305565169
mitochondrial matrix,cellcom,0.99,0.028201783762822976,0.16193423348488079
mitochondrial outer membrane,cellcom,0.0,18.432363142814054,20.720810950644175
mitochondrial outer membrane,cellcom,0.01,7.404614688583924,7.559853599647413
mitochondrial outer membrane,cellcom,0.02,5.093500226210225,5.270514892339532
mitochondrial outer membrane,cellcom,0.03,4.6259990951591,4.230561392975082
mitochondrial outer membrane,cellcom,0.04,3.6532951289398277,3.64981444457929
mitochondrial outer membrane,cellcom,0.05,3.155632634595085,3.295336522800004
mitochondrial outer membrane,cellcom,0.06,3.2649675765344566,3.1061913552252505
mitochondrial outer membrane,cellcom,0.07,3.072688885537628,2.7991849613878665
mitochondrial outer membrane,cellcom,0.08,2.363896848137537,2.507687296000819
mitochondrial outer membrane,cellcom,0.09,2.3638968481375335,2.2842798469566974
mitochondrial outer membrane,cellcom,0.1,2.1866988387875144,2.1389781357588618
mitochondrial outer membrane,cellcom,0.11,2.0396621927311127,1.9661592902265639
mitochondrial outer membrane,cellcom,0.12,1.655104810737444,1.8701942423526239
mitochondrial outer membrane,cellcom,0.13,1.7267380485597932,1.7745102422759744
mitochondrial outer membrane,cellcom,0.14,1.553310209621478,1.661299079568467
mitochondrial outer membrane,cellcom,0.15,1.5344593575629604,1.5653084818947718
mitochondrial outer membrane,cellcom,0.16,1.5608505504448786,1.476676226550073
mitochondrial outer membrane,cellcom,0.17,1.3308701553310234,1.3976506959126733
mitochondrial outer membrane,cellcom,0.18,1.2780877695671833,1.3417221842523797
mitochondrial outer membrane,cellcom,0.19,1.1008897602171608,1.2635142472070864
mitochondrial outer membrane,cellcom,0.2,1.002865329512896,1.2086077275369378
mitochondrial outer membrane,cellcom,0.21,1.1725229980395102,1.1547998492561804
mitochondrial outer membrane,cellcom,0.22,1.078268737746945,1.0818551709600968
mitochondrial outer membrane,cellcom,0.23,1.1574423163927032,1.0270764002887147
mitochondrial outer membrane,cellcom,0.24,0.9877846478660828,0.989773692648683
mitochondrial outer membrane,cellcom,0.25,0.7728849343990342,0.9547449171867107
mitochondrial outer membrane,cellcom,0.26,0.9350022621022462,0.9112591580063483
mitochondrial outer membrane,cellcom,0.27,0.908611069220328,0.8804971991032012
mitochondrial outer membrane,cellcom,0.28,0.9161514100437382,0.8371136391218573
mitochondrial outer membrane,cellcom,0.29,0.8407480018096811,0.7992743856870015
mitochondrial outer membrane,cellcom,0.3,0.7955059568692499,0.7740567333303519
mitochondrial outer membrane,cellcom,0.31,0.8407480018096811,0.7364985276927886
mitochondrial outer membrane,cellcom,0.32,0.6484693108128482,0.714908946901128
mitochondrial outer membrane,cellcom,0.33,0.8407480018096811,0.6929105693134124
mitochondrial outer membrane,cellcom,0.34,0.7653445935756289,0.6599513276314691
mitochondrial outer membrane,cellcom,0.35000000000000003,0.727642889458607,0.6221887235958816
mitochondrial outer membrane,cellcom,0.36,0.6560096516362534,0.60343517057685
mitochondrial outer membrane,cellcom,0.37,0.6258482883426325,0.5659536143385472
mitochondrial outer membrane,cellcom,0.38,0.659779822047956,0.556576837829033
mitochondrial outer membrane,cellcom,0.39,0.5466747096968778,0.5340163646467416
mitochondrial outer membrane,cellcom,0.4,0.6560096516362534,0.5114558914644501
mitochondrial outer membrane,cellcom,0.41000000000000003,0.5617553913436913,0.49551281641830364
mitochondrial outer membrane,cellcom,0.42,0.5881465842256064,0.47085725965622705
mitochondrial outer membrane,cellcom,0.43,0.49012215352133875,0.4495231768621009
mitochondrial outer membrane,cellcom,0.44,0.43356959734579964,0.4335034524166913
mitochondrial outer membrane,cellcom,0.45,0.3958678932287736,0.42412667590717723
mitochondrial outer membrane,cellcom,0.46,0.47504147187452833,0.41242486762009967
mitochondrial outer membrane,cellcom,0.47000000000000003,0.4411099381692073,0.3857764264772593
mitochondrial outer membrane,cellcom,0.48,0.5014326647564465,0.378469183747772
mitochondrial outer membrane,cellcom,0.49,0.41471874528728664,0.3659497818685843
mitochondrial outer membrane,cellcom,0.5,0.4712713014628257,0.3461997866591718
mitochondrial outer membrane,cellcom,0.51,0.3770170411702606,0.3346768269703683
mitochondrial outer membrane,cellcom,0.52,0.41471874528728664,0.32036893910843944
mitochondrial outer membrane,cellcom,0.53,0.3581661891117475,0.3046558122600711
mitochondrial outer membrane,cellcom,0.54,0.3770170411702606,0.2904756733969095
mitochondrial outer membrane,cellcom,0.55,0.34308550746493716,0.28301513186890376
mitochondrial outer membrane,cellcom,0.56,0.30161363293620846,0.27524799274385664
mitochondrial outer membrane,cellcom,0.5700000000000001,0.3883275524053727,0.2596626148942584
mitochondrial outer membrane,cellcom,0.58,0.3619363595234501,0.24964709339090535
mitochondrial outer membrane,cellcom,0.59,0.3166943145830189,0.24481818123750435
mitochondrial outer membrane,cellcom,0.6,0.25260141758407456,0.2324265283570838
mitochondrial outer membrane,cellcom,0.61,0.25260141758407456,0.226805572411326
mitochondrial outer membrane,cellcom,0.62,0.24129090634896677,0.21385182393632973
mitochondrial outer membrane,cellcom,0.63,0.2639119288191824,0.2038363024329795
mitochondrial outer membrane,cellcom,0.64,0.16965766852661726,0.20018268106823695
mitochondrial outer membrane,cellcom,0.65,0.20735937264364332,0.1877399285883095
mitochondrial outer membrane,cellcom,0.66,0.23752073593726417,0.18469950241764962
mitochondrial outer membrane,cellcom,0.67,0.22621022470215632,0.17432628371775122
mitochondrial outer membrane,cellcom,0.68,0.2035892022319407,0.16229232803387889
mitochondrial outer membrane,cellcom,0.6900000000000001,0.18473835017342766,0.15598152749477812
mitochondrial outer membrane,cellcom,0.7000000000000001,0.1432664756447006,0.1504627707480358
mitochondrial outer membrane,cellcom,0.71,0.1960488614085355,0.1385310142631756
mitochondrial outer membrane,cellcom,0.72,0.13949630523299641,0.13960410585282026
mitochondrial outer membrane,cellcom,0.73,0.13949630523299641,0.13055947674010093
mitochondrial outer membrane,cellcom,0.74,0.11687528276278078,0.12141264842836784
mitochondrial outer membrane,cellcom,0.75,0.08294374905745733,0.1167881346729944
mitochondrial outer membrane,cellcom,0.76,0.11687528276278078,0.11170372452205896
mitochondrial outer membrane,cellcom,0.77,0.11310511235107816,0.10960864094227651
mitochondrial outer membrane,cellcom,0.78,0.09802443070426775,0.1025824460100793
mitochondrial outer membrane,cellcom,0.79,0.10556477152767296,0.09928652184188498
mitochondrial outer membrane,cellcom,0.8,0.09048408988086253,0.09190262971313955
mitochondrial outer membrane,cellcom,0.81,0.09802443070426775,0.0918770799133861
mitochondrial outer membrane,cellcom,0.8200000000000001,0.0678630674106469,0.0872781159577661
mitochondrial outer membrane,cellcom,0.8300000000000001,0.06786306741064765,0.08462093678340882
mitochondrial outer membrane,cellcom,0.84,0.10933494193937555,0.07726259445441588
mitochondrial outer membrane,cellcom,0.85,0.11310511235107816,0.07503976187586624
mitochondrial outer membrane,cellcom,0.86,0.09802443070426775,0.07192268630594602
mitochondrial outer membrane,cellcom,0.87,0.0640928969989443,0.06630173036018824
mitochondrial outer membrane,cellcom,0.88,0.03770170411702606,0.06517753917103669
mitochondrial outer membrane,cellcom,0.89,0.0640928969989443,0.060604125015170145
mitochondrial outer membrane,cellcom,0.9,0.06032272658724169,0.055673013662755365
mitochondrial outer membrane,cellcom,0.91,0.0640928969989443,0.0550598184686727
mitochondrial outer membrane,cellcom,0.92,0.06032272658724169,0.05342463128445226
mitochondrial outer membrane,cellcom,0.93,0.049012215352133875,0.05697605345018103
mitochondrial outer membrane,cellcom,0.9400000000000001,0.0640928969989443,0.054625471872864144
mitochondrial outer membrane,cellcom,0.9500000000000001,0.03393153370532383,0.047445978142146794
mitochondrial outer membrane,cellcom,0.96,0.05278238576383648,0.04744597814214627
mitochondrial outer membrane,cellcom,0.97,0.07540340823405212,0.04895341632759949
mitochondrial outer membrane,cellcom,0.98,0.07540340823405212,0.06303135599174736
mitochondrial outer membrane,cellcom,0.99,0.2186698838787511,0.1605804914503981
mitochondrion,cellcom,0.0,20.041848940735736,20.73508642016551
mitochondrion,cellcom,0.01,7.455750376403362,7.56341822502941
mitochondrion,cellcom,0.02,5.207407143957986,5.272092746411677
mitochondrion,cellcom,0.03,4.37457765764484,4.226900690846972
mitochondrion,cellcom,0.04,3.7367666062050238,3.645949741591893
mitochondrion,cellcom,0.05,3.2838970492347466,3.2948657478881818
mitochondrion,cellcom,0.06,3.1386705551801373,3.1058551912416155
mitochondrion,cellcom,0.07,2.854737940273383,2.7986235556096433
mitochondrion,cellcom,0.08,2.5512442057592692,2.5047279152074635
mitochondrion,cellcom,0.09,2.3348863676779152,2.2825762173337694
mitochondrion,cellcom,0.1,2.2418228592429266,2.134713701634814
mitochondrion,cellcom,0.11,2.0142025583573413,1.964527313205261
mitochondrion,cellcom,0.12,1.8796457659067451,1.8682589261686942
mitochondrion,cellcom,0.13,1.822147929485126,1.7720435649580935
mitochondrion,cellcom,0.14,1.6591385994238392,1.6606363046089816
mitochondrion,cellcom,0.15,1.5429574041801506,1.5660912569162233
mitochondrion,cellcom,0.16,1.546513971381488,1.4741444746956769
mitochondrion,cellcom,0.17,1.4095861341300069,1.3966472300501624
mitochondrion,cellcom,0.18,1.313558819693897,1.3425343746545024
mitochondrion,cellcom,0.19,1.2750293416794098,1.2618555804511795
mitochondrion,cellcom,0.2,1.163590236037512,1.2091744223565388
mitochondrion,cellcom,0.21,1.1831513556448638,1.1536563825728492
mitochondrion,cellcom,0.22,1.1321738924256963,1.0795793037019705
mitochondrion,cellcom,0.23,1.0960154592121039,1.0249096771337016
mitochondrion,cellcom,0.24,1.0124361299806752,0.9887460638266556
mitochondrion,cellcom,0.25,0.9217436663465748,0.954942099774984
mitochondrion,cellcom,0.26,0.9223364275467977,0.9109306642253567
mitochondrion,cellcom,0.27,0.900997024338774,0.8797779914718556
mitochondrion,cellcom,0.28,0.8529833671207258,0.8369596370064097
mitochondrion,cellcom,0.29,0.8055624711028908,0.7992847876594048
mitochondrion,cellcom,0.3,0.7640691870872893,0.7746542914994026
mitochondrion,cellcom,0.31,0.7587343362852834,0.7362370805889148
mitochondrion,cellcom,0.32,0.703014783464333,0.7149737243775889
mitochondrion,cellcom,0.33,0.7332456046756997,0.6921461063003425
mitochondrion,cellcom,0.34,0.7006437386634414,0.658872400508305
mitochondrion,cellcom,0.35000000000000003,0.6182499318324648,0.623106480895991
mitochondrion,cellcom,0.36,0.6028381406266666,0.6038315931582893
mitochondrion,cellcom,0.37,0.5915756778224319,0.5652287918569294
mitochondrion,cellcom,0.38,0.5643086626121795,0.5569567630066381
mitochondrion,cellcom,0.39,0.5483041102061619,0.533466322104849
mitochondrion,cellcom,0.4,0.5435620206043787,0.5110363977223282
mitochondrion,cellcom,0.41000000000000003,0.5157022441939064,0.4950756241073456
mitochondrion,cellcom,0.42,0.49021351258431983,0.47081630872908453
mitochondrion,cellcom,0.43,0.4451636613673811,0.4500036720384476
mitochondrion,cellcom,0.44,0.4125617953551229,0.4344405921181878
mitochondrion,cellcom,0.45,0.4161183625564602,0.4242861464461955
mitochondrion,cellcom,0.46,0.4125617953551229,0.4128590809510814
mitochondrion,cellcom,0.47000000000000003,0.3817382129435353,0.3863461679693804
mitochondrion,cellcom,0.48,0.3734395561404129,0.37955886224606233
mitochondrion,cellcom,0.49,0.3426159737288233,0.36733640936149714
mitochondrion,cellcom,0.5,0.3728467949401901,0.34588746275929927
mitochondrion,cellcom,0.51,0.3426159737288233,0.33461947474207543
mitochondrion,cellcom,0.52,0.32779694372325135,0.32070019542668127
mitochondrion,cellcom,0.53,0.2868964209078728,0.30582645124394586
mitochondrion,cellcom,0.54,0.300529928512999,0.29063455210542993
mitochondrion,cellcom,0.55,0.2922312717098787,0.2830253460796811
mitochondrion,cellcom,0.56,0.2679280625007407,0.2757608079226945
mitochondrion,cellcom,0.5700000000000001,0.2963806001114421,0.25892510817931585
mitochondrion,cellcom,0.58,0.271484629702078,0.24945999824484494
mitochondrion,cellcom,0.59,0.25429455489561453,0.244899777211992
mitochondrion,cellcom,0.6,0.24836694289338576,0.23185542402499404
mitochondrion,cellcom,0.61,0.2252492560846935,0.22705658677530577
mitochondrion,cellcom,0.62,0.22762030088558502,0.21342894950271035
mitochondrion,cellcom,0.63,0.2074664200780072,0.20409640413315083
mitochondrion,cellcom,0.64,0.19738947967421827,0.20009295427291365
mitochondrion,cellcom,0.65,0.20153880807577843,0.18726070438976936
mitochondrion,cellcom,0.66,0.19442567367310387,0.18463592600458076
mitochondrion,cellcom,0.67,0.17130798686441165,0.17482614820135056
mitochondrion,cellcom,0.68,0.16656589726262863,0.1623915920129318
mitochondrion,cellcom,0.6900000000000001,0.15589619565861684,0.15618757037521327
mitochondrion,cellcom,0.7000000000000001,0.15233962845728125,0.15032821660625853
mitochondrion,cellcom,0.71,0.14700477765527367,0.13855648324238065
mitochondrion,cellcom,0.72,0.12625813564747296,0.14020028384724625
mitochondrion,cellcom,0.73,0.13218574764970173,0.1305495835219063
mitochondrion,cellcom,0.74,0.12033052364524417,0.12142914145620043
mitochondrion,cellcom,0.75,0.1090680608410095,0.11689543333632918
mitochondrion,cellcom,0.76,0.1197377624450213,0.11138074743613494
mitochondrion,cellcom,0.77,0.10076940403788921,0.11002858887406808
mitochondrion,cellcom,0.78,0.10195492643833497,0.10257846032620949
mitochondrion,cellcom,0.79,0.09424903083543755,0.09955598824629533
mitochondrion,cellcom,0.8,0.08061552323031136,0.09239750174123548
mitochondrion,cellcom,0.81,0.08713589643276302,0.09213237261141845
mitochondrion,cellcom,0.8200000000000001,0.08180104563075712,0.08738656118769358
mitochondrion,cellcom,0.8300000000000001,0.08180104563075802,0.08462921823759739
mitochondrion,cellcom,0.84,0.0770589560289741,0.07749724464551831
mitochondrion,cellcom,0.85,0.053941269220281876,0.07625113773537827
mitochondrion,cellcom,0.86,0.06461097082429366,0.07243327826601301
mitochondrion,cellcom,0.87,0.0717241052269682,0.06604366623742254
mitochondrion,cellcom,0.88,0.0557195528209505,0.06540735632586167
mitochondrion,cellcom,0.89,0.05157022441939036,0.06103272568388065
mitochondrion,cellcom,0.9,0.04801365721805309,0.05604829804332046
mitochondrion,cellcom,0.91,0.04564261241716158,0.0555445526966681
mitochondrion,cellcom,0.92,0.04386432881649295,0.053900752091802506
mitochondrion,cellcom,0.93,0.033194627212481155,0.05798374069098479
mitochondrion,cellcom,0.9400000000000001,0.045049851216938705,0.05512034608896085
mitochondrion,cellcom,0.9500000000000001,0.037936716814264596,0.0477762691930296
mitochondrion,cellcom,0.96,0.035565672013372664,0.0480148854098644
mitochondrion,cellcom,0.97,0.041493284015601435,0.04947309562385808
mitochondrion,cellcom,0.98,0.045049851216938705,0.0639226331988863
mitochondrion,cellcom,0.99,0.111439105641901,0.1631869794023829
mitotic spindle,cellcom,0.0,17.792334767305437,20.743710515158348
mitotic spindle,cellcom,0.01,7.784513101290575,7.555840896159189
mitotic spindle,cellcom,0.02,5.287446226046149,5.269085073981009
mitotic spindle,cellcom,0.03,4.315604223699648,4.232139950824169
mitotic spindle,cellcom,0.04,3.748533437622213,3.6485401391352545
mitotic spindle,cellcom,0.05,3.4689088775909287,3.292101501834903
mitotic spindle,cellcom,0.06,3.4258897145091876,3.1030704940132012
mitotic spindle,cellcom,0.07,2.968322252639814,2.798826218230541
mitotic spindle,cellcom,0.08,2.8060226828314443,2.502783913543513
mitotic spindle,cellcom,0.09,2.4208056315995283,2.2830276534983445
mitotic spindle,cellcom,0.1,2.4168947985921014,2.1356492888582532
mitotic spindle,cellcom,0.11,2.350410637465781,1.9616080902803052
mitotic spindle,cellcom,0.12,2.102072741493936,1.8656784534219302
mitotic spindle,cellcom,0.13,1.937817755181852,1.772037140787732
mitotic spindle,cellcom,0.14,1.789206100899495,1.6588807934777134
mitotic spindle,cellcom,0.15,1.7461869378177537,1.5627197530461052
mitotic spindle,cellcom,0.16,1.6699256941728573,1.474709260693865
mitotic spindle,cellcom,0.17,1.4939382088384854,1.3959291997627368
mitotic spindle,cellcom,0.18,1.4391865467344533,1.3400066695652095
mitotic spindle,cellcom,0.19,1.4000782166601475,1.2606095324387945
mitotic spindle,cellcom,0.2,1.2925303089558102,1.2061011351887982
mitotic spindle,cellcom,0.21,1.2847086429409453,1.1532125629514127
mitotic spindle,cellcom,0.22,1.1497849041845902,1.0809375135788892
mitotic spindle,cellcom,0.23,1.1771607352366076,1.0259920206905668
mitotic spindle,cellcom,0.24,1.1302307391474373,0.9879132771399745
mitotic spindle,cellcom,0.25,1.0461478294876798,0.9523028383705169
mitotic spindle,cellcom,0.26,1.0207274149393812,0.9099816959773566
mitotic spindle,cellcom,0.27,0.9659757528353531,0.8795649818515311
mitotic spindle,cellcom,0.28,0.9014470082127536,0.8368067438200502
mitotic spindle,cellcom,0.29,0.8525615956198663,0.7988565578101399
mitotic spindle,cellcom,0.3,0.7763003519749699,0.7741735099988192
mitotic spindle,cellcom,0.31,0.7743449354712547,0.7367118426435126
mitotic spindle,cellcom,0.32,0.7508799374266711,0.7139828694505882
mitotic spindle,cellcom,0.33,0.6902620258114973,0.6939536046120269
mitotic spindle,cellcom,0.34,0.674618693781775,0.6604772210179232
mitotic spindle,cellcom,0.35000000000000003,0.6257332811888962,0.6228612846137993
mitotic spindle,cellcom,0.36,0.6276886976926079,0.6034748074786545
mitotic spindle,cellcom,0.37,0.5240516229956976,0.5669130429081356
mitotic spindle,cellcom,0.38,0.5827141181071563,0.5569369777510602
mitotic spindle,cellcom,0.39,0.5631599530700034,0.5337194859035366
mitotic spindle,cellcom,0.4,0.5220962064919823,0.5123017996255885
mitotic spindle,cellcom,0.41000000000000003,0.4477903793508038,0.4965920681540112
mitotic spindle,cellcom,0.42,0.5240516229956976,0.4709576945416264
mitotic spindle,cellcom,0.43,0.3969495502542038,0.4504913340647396
mitotic spindle,cellcom,0.44,0.42236996480250255,0.4336502962351406
mitotic spindle,cellcom,0.45,0.46147829487680836,0.42344282750483403
mitotic spindle,cellcom,0.46,0.42628079780993317,0.412669705595518
mitotic spindle,cellcom,0.47000000000000003,0.3539303871724694,0.38657252483667587
mitotic spindle,cellcom,0.48,0.32850997262416864,0.3799646672455181
mitotic spindle,cellcom,0.49,0.3949941337504885,0.3659004722946927
mitotic spindle,cellcom,0.5,0.3187328901055922,0.3474138979443389
mitotic spindle,cellcom,0.51,0.330465389127884,0.335020951022405
mitotic spindle,cellcom,0.52,0.29526789206100873,0.3213424286936314
mitotic spindle,cellcom,0.53,0.2463824794681265,0.305786966270872
mitotic spindle,cellcom,0.54,0.27375831052014055,0.2912856756817211
mitotic spindle,cellcom,0.55,0.2620258114978488,0.28370078078136735
mitotic spindle,cellcom,0.56,0.23464998044583474,0.27596161683219284
mitotic spindle,cellcom,0.5700000000000001,0.22096206491983017,0.2610489421128561
mitotic spindle,cellcom,0.58,0.2639812280015641,0.25022439718726364
mitotic spindle,cellcom,0.59,0.2248728979272583,0.2455706142145042
mitotic spindle,cellcom,0.6,0.19358623386781368,0.2330748212600231
mitotic spindle,cellcom,0.61,0.21314039890496658,0.22716117438856084
mitotic spindle,cellcom,0.62,0.20140789988267482,0.2142025742876175
mitotic spindle,cellcom,0.63,0.20336331638639013,0.20425222063867882
mitotic spindle,cellcom,0.64,0.1681658193195149,0.20039549441815996
mitotic spindle,cellcom,0.65,0.16425498631208432,0.18818252805318356
mitotic spindle,cellcom,0.66,0.14470082127493145,0.18558566573136753
mitotic spindle,cellcom,0.67,0.1525224872897926,0.1749668128708723
mitotic spindle,cellcom,0.68,0.1525224872897926,0.1627024234896223
mitotic spindle,cellcom,0.6900000000000001,0.1310129057489244,0.15650595002865533
mitotic spindle,cellcom,0.7000000000000001,0.12905748924521054,0.15069514918974192
mitotic spindle,cellcom,0.71,0.13687915526007027,0.13894498997122612
mitotic spindle,cellcom,0.72,0.1134141572154868,0.13994773878856104
mitotic spindle,cellcom,0.73,0.10363707469691036,0.1309744224488205
mitotic spindle,cellcom,0.74,0.09385999217833389,0.12174399102771201
mitotic spindle,cellcom,0.75,0.08017207665232687,0.117038785038679
mitotic spindle,cellcom,0.76,0.07235041063746572,0.11225644452523562
mitotic spindle,cellcom,0.77,0.07039499413375043,0.11014810085801863
mitotic spindle,cellcom,0.78,0.07430582714118102,0.10292316707157997
mitotic spindle,cellcom,0.79,0.06061791161517398,0.09983778609516489
mitotic spindle,cellcom,0.8,0.0567070786077434,0.0923557372273583
mitotic spindle,cellcom,0.81,0.043019163081736374,0.09256142929245265
mitotic spindle,cellcom,0.8200000000000001,0.06648416112631984,0.08741912766509416
mitotic spindle,cellcom,0.8300000000000001,0.05279624560031341,0.08492511137582624
mitotic spindle,cellcom,0.84,0.046929996089166946,0.07788015814634418
mitotic spindle,cellcom,0.85,0.058662495111458685,0.07551469939775929
mitotic spindle,cellcom,0.86,0.031286664059444635,0.07263501048643853
mitotic spindle,cellcom,0.87,0.039108330074305794,0.0666442290905659
mitotic spindle,cellcom,0.88,0.035197497066875215,0.06538436519186307
mitotic spindle,cellcom,0.89,0.023464998044583473,0.061116254841155536
mitotic spindle,cellcom,0.9,0.03324208056315992,0.055999664721933844
mitotic spindle,cellcom,0.91,0.027375831052014056,0.055485434559197994
mitotic spindle,cellcom,0.92,0.005866249511145868,0.05409701311981121
mitotic spindle,cellcom,0.93,0.015643332029722318,0.05746522068573101
mitotic spindle,cellcom,0.9400000000000001,0.007821666014861159,0.05530545400224045
mitotic spindle,cellcom,0.9500000000000001,0.009777082518576556,0.04784911664257119
mitotic spindle,cellcom,0.96,0.007821666014861159,0.048003385691391405
mitotic spindle,cellcom,0.97,0.013687915526007028,0.04959749919587254
mitotic spindle,cellcom,0.98,0.003910833007430579,0.06389309771992911
mitotic spindle,cellcom,0.99,0.03715291357059051,0.16259957745707512
neuron projection,cellcom,0.0,20.895994167950494,20.686760542347418
neuron projection,cellcom,0.01,7.868710541828154,7.528488952956104
neuron projection,cellcom,0.02,5.510261616400362,5.245750826208891
neuron projection,cellcom,0.03,4.324772256758257,4.224266330406659
neuron projection,cellcom,0.04,3.7939646261137985,3.635737024020933
neuron projection,cellcom,0.05,3.4231966351808154,3.281794763638229
neuron projection,cellcom,0.06,3.0880246495217296,3.1091420410633175
neuron projection,cellcom,0.07,2.8379983084778306,2.79740873254458
neuron projection,cellcom,0.08,2.552091194117833,2.502280397828427
neuron projection,cellcom,0.09,2.3481972759089063,2.278614743990864
neuron projection,cellcom,0.1,2.1949920692100258,2.1338505764099054
neuron projection,cellcom,0.11,2.009038537659151,1.962507306467081
neuron projection,cellcom,0.12,1.8521313464117786,1.8703719904181484
neuron projection,cellcom,0.13,1.758442660530863,1.7757292118822503
neuron projection,cellcom,0.14,1.6909526345315455,1.657599868051755
neuron projection,cellcom,0.15,1.550561989731263,1.566523258386207
neuron projection,cellcom,0.16,1.4187143861967222,1.482969036181568
neuron projection,cellcom,0.17,1.3742905716148937,1.3994426746712325
neuron projection,cellcom,0.18,1.2982575043498308,1.3455043705071135
neuron projection,cellcom,0.19,1.2099794112705486,1.2675501478567035
neuron projection,cellcom,0.2,1.1629926843089982,1.211550152314418
neuron projection,cellcom,0.21,1.1000589469847326,1.1602864748030657
neuron projection,cellcom,0.22,1.0533569880653704,1.0846168290852267
neuron projection,cellcom,0.23,0.9901384826989195,1.031653649221602
neuron projection,cellcom,0.24,0.9895689466145343,0.9897790256892309
neuron projection,cellcom,0.25,0.936602090766965,0.9551760433690702
neuron projection,cellcom,0.26,0.868257760641069,0.9156417181578724
neuron projection,cellcom,0.27,0.8528802863627424,0.8834068948531817
neuron projection,cellcom,0.28,0.8138670645825481,0.8399720724400379
neuron projection,cellcom,0.29,0.7583372963552532,0.8035860056846953
neuron projection,cellcom,0.3,0.7480856468363688,0.7767561570741361
neuron projection,cellcom,0.31,0.7167611621953331,0.739199941158213
neuron projection,cellcom,0.32,0.6780327084573256,0.7180258134904819
neuron projection,cellcom,0.33,0.651834048575732,0.6980218349833359
neuron projection,cellcom,0.34,0.6333241258333019,0.6633352705802763
neuron projection,cellcom,0.35000000000000003,0.5906089195046202,0.6260576616073533
neuron projection,cellcom,0.36,0.5738076050153342,0.6067223397633953
neuron projection,cellcom,0.37,0.530807630644458,0.5698347805106637
neuron projection,cellcom,0.38,0.5236884295896772,0.5605571693088816
neuron projection,cellcom,0.39,0.502615594467526,0.5371820467914784
neuron projection,cellcom,0.4,0.4741387902484028,0.5161750832895452
neuron projection,cellcom,0.41000000000000003,0.4852447438938635,0.4970069256113913
neuron projection,cellcom,0.42,0.4419600014807934,0.47455120600587375
neuron projection,cellcom,0.43,0.41490703747262636,0.45320991417234474
neuron projection,cellcom,0.44,0.38728453738007673,0.43802583577903753
neuron projection,cellcom,0.45,0.386430233253503,0.42760593611096986
neuron projection,cellcom,0.46,0.3667812383423079,0.41735320060870007
neuron projection,cellcom,0.47000000000000003,0.3562448207812343,0.38907459589456134
neuron projection,cellcom,0.48,0.3750395115658537,0.37971340260987807
neuron projection,cellcom,0.49,0.3428607227982444,0.3685691248900196
neuron projection,cellcom,0.5,0.33203953719497753,0.3485094249942743
neuron projection,cellcom,0.51,0.3129600783681649,0.337114401025719
neuron projection,cellcom,0.52,0.3044170371024279,0.32262683998990305
neuron projection,cellcom,0.53,0.27109917616605367,0.30833430381418453
neuron projection,cellcom,0.54,0.2773640730942608,0.2923979866747869
neuron projection,cellcom,0.55,0.2636952070690816,0.2853492310169764
neuron projection,cellcom,0.56,0.2582846142674482,0.2771024655042811
neuron projection,cellcom,0.5700000000000001,0.249741573001714,0.26158405877938107
neuron projection,cellcom,0.58,0.25486739776115347,0.2499661492564257
neuron projection,cellcom,0.59,0.2295230420061337,0.24684575149486532
neuron projection,cellcom,0.6,0.22154953682477918,0.23363978239683306
neuron projection,cellcom,0.61,0.2184170883606756,0.22781689728820698
neuron projection,cellcom,0.62,0.2087349749261737,0.2145552068015754
neuron projection,cellcom,0.63,0.19762902128071563,0.20488754587959815
neuron projection,cellcom,0.64,0.19335750064784712,0.2006248596517523
neuron projection,cellcom,0.65,0.19335750064784712,0.18733530847082105
neuron projection,cellcom,0.66,0.16402639230215013,0.18711242291642388
neuron projection,cellcom,0.67,0.16915221706159234,0.17521590645047494
neuron projection,cellcom,0.68,0.16516546447091507,0.1623164049897388
neuron projection,cellcom,0.6900000000000001,0.14580123760191124,0.15719003723860386
neuron projection,cellcom,0.7000000000000001,0.14437739739095667,0.1510049631040841
neuron projection,cellcom,0.71,0.12985422723920217,0.13980496399562461
neuron projection,cellcom,0.72,0.136973428293983,0.13986068538422392
neuron projection,cellcom,0.73,0.13583435612521808,0.13010944237934777
neuron projection,cellcom,0.74,0.11447675296087562,0.12205770172675
neuron projection,cellcom,0.75,0.11960257772031781,0.1162626773124236
neuron projection,cellcom,0.76,0.10849662407485972,0.11205571247317701
neuron projection,cellcom,0.77,0.1047946395263737,0.11010546387220178
neuron projection,cellcom,0.78,0.10707278386390355,0.10210944460820331
neuron projection,cellcom,0.79,0.09739067042940165,0.09951840003833623
neuron projection,cellcom,0.8,0.09568206217625425,0.09152238077433776
neuron projection,cellcom,0.81,0.09084100545900328,0.0920238732717314
neuron projection,cellcom,0.8200000000000001,0.0840065724464137,0.08745471940658942
neuron projection,cellcom,0.8300000000000001,0.08315226831984092,0.08464078928232609
neuron projection,cellcom,0.84,0.0771721394338241,0.07750845154161573
neuron projection,cellcom,0.85,0.06692048991493972,0.07611541682663342
neuron projection,cellcom,0.86,0.07603306726505918,0.07171342712728931
neuron projection,cellcom,0.87,0.06891386621027835,0.0660298454901615
neuron projection,cellcom,0.88,0.06492711361960109,0.06499899980107458
neuron projection,cellcom,0.89,0.06321850536645371,0.06037412454733331
neuron projection,cellcom,0.9,0.06094036102892384,0.05519203540759912
neuron projection,cellcom,0.91,0.06065559298673261,0.0545791001330069
neuron projection,cellcom,0.92,0.054105928016334244,0.053408950972421765
neuron projection,cellcom,0.93,0.06378804145083616,0.05625074179098568
neuron projection,cellcom,0.9400000000000001,0.05125824759442192,0.05502487124180125
neuron projection,cellcom,0.9500000000000001,0.04043706199115552,0.048031836972590586
neuron projection,cellcom,0.96,0.05125824759442192,0.04711243406070172
neuron projection,cellcom,0.97,0.046132422834979724,0.04942487168757236
neuron projection,cellcom,0.98,0.07090724250561699,0.06235223384260819
neuron projection,cellcom,0.99,0.19250319652127343,0.15788655459609502
neuronal cell body,cellcom,0.0,21.588802291558665,20.67913365249932
neuronal cell body,cellcom,0.01,7.65229463399204,7.556028265005331
neuronal cell body,cellcom,0.02,5.329104025164971,5.267545418434973
neuronal cell body,cellcom,0.03,4.141148766793486,4.235961574645119
neuronal cell body,cellcom,0.04,3.687757558716797,3.6487100955407348
neuronal cell body,cellcom,0.05,3.401312725707107,3.291216315096274
neuronal cell body,cellcom,0.06,3.0612693196495857,3.108627934689437
neuronal cell body,cellcom,0.07,2.831059055083519,2.8001327535383536
neuronal cell body,cellcom,0.08,2.4426890667697645,2.5086237534756353
neuronal cell body,cellcom,0.09,2.3117679621119573,2.2840141743148017
neuronal cell body,cellcom,0.1,2.14921491270462,2.1390044529927046
neuronal cell body,cellcom,0.11,2.1175829679550837,1.9621652415696287
neuronal cell body,cellcom,0.12,1.7107610118707643,1.8734451111157553
neuronal cell body,cellcom,0.13,1.7889622086126742,1.7737492944201687
neuronal cell body,cellcom,0.14,1.6264091592053382,1.661588234064352
neuronal cell body,cellcom,0.15,1.4717640959853777,1.5678767796291249
neuronal cell body,cellcom,0.16,1.3575376288342738,1.4808030021115117
neuronal cell body,cellcom,0.17,1.3329350051401936,1.3991125373696012
neuronal cell body,cellcom,0.18,1.3285416794805318,1.3416731127046169
neuronal cell body,cellcom,0.19,1.1932272491630704,1.264477452804548
neuronal cell body,cellcom,0.2,1.086030103067422,1.210827253151592
neuronal cell body,cellcom,0.21,1.065820805032993,1.1575690422929767
neuronal cell body,cellcom,0.22,0.9445650168264363,1.0859134906863452
neuronal cell body,cellcom,0.23,0.9480796773541653,1.0303294796479436
neuronal cell body,cellcom,0.24,0.9498370076180258,0.9909476721092124
neuronal cell body,cellcom,0.25,0.919083728000421,0.9545449794075211
neuronal cell body,cellcom,0.26,0.8602131641610058,0.9129419020341597
neuronal cell body,cellcom,0.27,0.837367870730785,0.8819747872807469
neuronal cell body,cellcom,0.28,0.7705893207039901,0.8396399974912756
neuronal cell body,cellcom,0.29,0.6941454542259393,0.8026885204774938
neuronal cell body,cellcom,0.3,0.7398360410863809,0.7752231722869142
neuronal cell body,cellcom,0.31,0.7011747752813918,0.7382716952731372
neuronal cell body,cellcom,0.32,0.6862374680385552,0.715301151924403
neuronal cell body,cellcom,0.33,0.6326388949907296,0.6957278447933429
neuronal cell body,cellcom,0.34,0.6625135094764029,0.6606056488198518
neuronal cell body,cellcom,0.35000000000000003,0.589584303526086,0.6238893650826864
neuronal cell body,cellcom,0.36,0.5930989640538089,0.6041069972613045
neuronal cell body,cellcom,0.37,0.5447723817975726,0.5669987247297885
neuronal cell body,cellcom,0.38,0.5140191021799677,0.5585578993581832
neuronal cell body,cellcom,0.39,0.505232450860652,0.5349601739384938
neuronal cell body,cellcom,0.4,0.4560272034724842,0.5141063700792335
neuronal cell body,cellcom,0.41000000000000003,0.49468846927747595,0.49599648778040495
neuronal cell body,cellcom,0.42,0.47887249690270495,0.4714318566679903
neuronal cell body,cellcom,0.43,0.4077006212162479,0.45104843936194633
neuronal cell body,cellcom,0.44,0.440211231097716,0.43330441327117225
neuronal cell body,cellcom,0.45,0.41472994227170046,0.42421027324232186
neuronal cell body,cellcom,0.46,0.395399309369206,0.4133652499320549
neuronal cell body,cellcom,0.47000000000000003,0.3620100343558083,0.3868668074342
neuronal cell body,cellcom,0.48,0.41560860740363204,0.37821692137227403
neuronal cell body,cellcom,0.49,0.3918846488414797,0.3655164844354313
neuronal cell body,cellcom,0.5,0.35234471790455907,0.34688395041080394
neuronal cell body,cellcom,0.51,0.37606867646671144,0.3337392595070346
neuronal cell body,cellcom,0.52,0.32422743368274887,0.3209081596387428
neuronal cell body,cellcom,0.53,0.30050347512059655,0.3051502101059935
neuronal cell body,cellcom,0.54,0.2759008514265126,0.29150900006271796
neuronal cell body,cellcom,0.55,0.29611014946093867,0.2830420421048228
neuronal cell body,cellcom,0.56,0.2679928652391285,0.2756465201848094
neuronal cell body,cellcom,0.5700000000000001,0.25129822773243143,0.26080321117220595
neuronal cell body,cellcom,0.58,0.2838088376138967,0.2494094035498503
neuronal cell body,cellcom,0.59,0.2477835672047024,0.24522818974348232
neuronal cell body,cellcom,0.6,0.23548225535766043,0.23247548763405995
neuronal cell body,cellcom,0.61,0.2337249250937973,0.22677858382288357
neuronal cell body,cellcom,0.62,0.24163291128118142,0.21321577153847743
neuronal cell body,cellcom,0.63,0.20297164547619237,0.20427842702736587
neuronal cell body,cellcom,0.64,0.2108796316635765,0.19965295925407128
neuronal cell body,cellcom,0.65,0.20297164547619237,0.18742290887044494
neuronal cell body,cellcom,0.66,0.1968209895526714,0.18470511989630575
neuronal cell body,cellcom,0.67,0.20385031060812395,0.17380783141345918
neuronal cell body,cellcom,0.68,0.17309703099051904,0.1622572282733676
neuronal cell body,cellcom,0.6900000000000001,0.1713397007266559,0.15572408170091762
neuronal cell body,cellcom,0.7000000000000001,0.14058642110905256,0.15070662513327773
neuronal cell body,cellcom,0.71,0.13970775597711943,0.1388946961302865
neuronal cell body,cellcom,0.72,0.1441010816367773,0.1394696130286621
neuronal cell body,cellcom,0.73,0.15640239348381926,0.12985282127401573
neuronal cell body,cellcom,0.74,0.1379504257132563,0.12088934417661436
neuronal cell body,cellcom,0.75,0.12564911386621433,0.11629000898960958
neuronal cell body,cellcom,0.76,0.11598379741496709,0.11161227604373539
neuronal cell body,cellcom,0.77,0.11861979281076178,0.10936487362281261
neuronal cell body,cellcom,0.78,0.12828510926200903,0.10178642359877063
neuronal cell body,cellcom,0.79,0.1071971460956514,0.09909476721092124
neuronal cell body,cellcom,0.8,0.10104649017213041,0.09162084753203847
neuronal cell body,cellcom,0.81,0.08786651319315687,0.09203896891267527
neuronal cell body,cellcom,0.8200000000000001,0.08962384345702001,0.08707377751761329
neuronal cell body,cellcom,0.8300000000000001,0.08610918292929469,0.08446051888863423
neuronal cell body,cellcom,0.84,0.09225983885281472,0.07703886438233012
neuronal cell body,cellcom,0.85,0.08259452240156746,0.07507892041059513
neuronal cell body,cellcom,0.86,0.08962384345702001,0.07157715384776195
neuronal cell body,cellcom,0.87,0.07205054081838864,0.06611544331319376
neuronal cell body,cellcom,0.88,0.0702932105545255,0.06483494658499356
neuronal cell body,cellcom,0.89,0.0790798618738412,0.060078815880249985
neuronal cell body,cellcom,0.9,0.0702932105545255,0.055270420002926805
neuronal cell body,cellcom,0.91,0.07292920595032021,0.05459097275939201
neuronal cell body,cellcom,0.92,0.06589988489486766,0.05310141534087341
neuronal cell body,cellcom,0.93,0.06062789410327824,0.056812242594024995
neuronal cell body,cellcom,0.9400000000000001,0.05535590331168883,0.05466937051826141
neuronal cell body,cellcom,0.9500000000000001,0.04129726120078419,0.04753517446114656
neuronal cell body,cellcom,0.96,0.04920524738816785,0.047430644115986825
neuronal cell body,cellcom,0.97,0.05535590331168883,0.04894633412079522
neuronal cell body,cellcom,0.98,0.07556520134611491,0.06274433968180958
neuronal cell body,cellcom,0.99,0.21351562705937122,0.15940877636777942
nuclear body,cellcom,0.0,24.1172408954794,20.453605303216516
nuclear body,cellcom,0.01,7.844491132715719,7.537724593977254
nuclear body,cellcom,0.02,5.324432202106881,5.26525620349998
nuclear body,cellcom,0.03,4.366625188773645,4.223377775694607
nuclear body,cellcom,0.04,3.7976272675914875,3.638930658253084
nuclear body,cellcom,0.05,3.384448374792766,3.287750073440808
nuclear body,cellcom,0.06,3.097180118673542,3.108004039653128
nuclear body,cellcom,0.07,2.8464665635257944,2.79767234881413
nuclear body,cellcom,0.08,2.4351338677458316,2.5120025986327756
nuclear body,cellcom,0.09,2.3125463857000943,2.2827691789508546
nuclear body,cellcom,0.1,2.0887873070262573,2.1430272654785707
nuclear body,cellcom,0.11,1.9130293508402052,1.970611686980295
nuclear body,cellcom,0.12,1.8317966820147162,1.8714734106128625
nuclear body,cellcom,0.13,1.733209761212876,1.7772130208506474
nuclear body,cellcom,0.14,1.6682236261524916,1.6600074885097187
nuclear body,cellcom,0.15,1.5183124282290896,1.5685539273527342
nuclear body,cellcom,0.16,1.4215717044460103,1.4813514852483431
nuclear body,cellcom,0.17,1.3835400458595366,1.3982094068544415
nuclear body,cellcom,0.18,1.26612191546633,1.3468417183023198
nuclear body,cellcom,0.19,1.1712273887020117,1.269149792539939
nuclear body,cellcom,0.2,1.129134096674263,1.212985969672083
nuclear body,cellcom,0.21,1.0589786099613399,1.1619997918041685
nuclear body,cellcom,0.22,0.9995310659572338,1.0879049667785936
nuclear body,cellcom,0.23,0.9666687590232897,1.0324769145159929
nuclear body,cellcom,0.24,0.9168214395167386,0.9951433689900476
nuclear body,cellcom,0.25,0.8640202047801726,0.9601261383325032
nuclear body,cellcom,0.26,0.8651279229914292,0.9148353699645351
nuclear body,cellcom,0.27,0.8514660650525974,0.8828429740174866
nuclear body,cellcom,0.28,0.7602639323258056,0.8433566182020967
nuclear body,cellcom,0.29,0.731463258833129,0.8045787822287955
nuclear body,cellcom,0.3,0.7266631465843503,0.7777095297553802
nuclear body,cellcom,0.31,0.703401064147961,0.7396947151504971
nuclear body,cellcom,0.32,0.6579846174864391,0.7186298752296552
nuclear body,cellcom,0.33,0.6177375224774482,0.699527090256162
nuclear body,cellcom,0.34,0.6062911009611296,0.6646733641775632
nuclear body,cellcom,0.35000000000000003,0.5763827092572038,0.6263315404147922
nuclear body,cellcom,0.36,0.5468435569570237,0.6079917768097091
nuclear body,cellcom,0.37,0.5128735318118204,0.5703039713627175
nuclear body,cellcom,0.38,0.5217352775018734,0.5598941798365058
nuclear body,cellcom,0.39,0.4674570851502985,0.5390200952577672
nuclear body,cellcom,0.4,0.47484187322534266,0.5152029282580054
nuclear body,cellcom,0.41000000000000003,0.4537952272114692,0.49907047646869585
nuclear body,cellcom,0.42,0.4305331447750774,0.4746810434426212
nuclear body,cellcom,0.43,0.4205636808737678,0.45195390696916427
nuclear body,cellcom,0.44,0.3954554014186174,0.4363119689166891
nuclear body,cellcom,0.45,0.36074689746590966,0.42860000294308204
nuclear body,cellcom,0.46,0.3685009249447061,0.41611915341689104
nuclear body,cellcom,0.47000000000000003,0.34339264548955767,0.38930440246979303
nuclear body,cellcom,0.48,0.3230844782831842,0.3834454883909021
nuclear body,cellcom,0.49,0.3046225080955737,0.37082838504892296
nuclear body,cellcom,0.5,0.303514789884317,0.35025405886491817
nuclear body,cellcom,0.51,0.28431434088920204,0.3386997352860864
nuclear body,cellcom,0.52,0.2662216101053438,0.32504710294411765
nuclear body,cellcom,0.53,0.2496058369364943,0.3091054064969087
nuclear body,cellcom,0.54,0.24074409124644125,0.2947715050759994
nuclear body,cellcom,0.55,0.2152665723875387,0.28844932802343104
nuclear body,cellcom,0.56,0.2178512482138042,0.2796745822866767
nuclear body,cellcom,0.5700000000000001,0.20640482669748794,0.2645231579710417
nuclear body,cellcom,0.58,0.20935874192750334,0.2534320973658865
nuclear body,cellcom,0.59,0.20935874192750334,0.24795469397120445
nuclear body,cellcom,0.6,0.1794503502235743,0.23648212268184549
nuclear body,cellcom,0.61,0.17686567439730883,0.230677710129272
nuclear body,cellcom,0.62,0.17132708334102567,0.21718858236624897
nuclear body,cellcom,0.63,0.15581902838343284,0.20781431984002693
nuclear body,cellcom,0.64,0.1550805495759284,0.20329069315586165
nuclear body,cellcom,0.65,0.154342070768424,0.1903465806559911
nuclear body,cellcom,0.66,0.14289564925210546,0.18816651960338132
nuclear body,cellcom,0.67,0.12738759429451263,0.17816548952453398
nuclear body,cellcom,0.68,0.1270183548907604,0.16519412626150579
nuclear body,cellcom,0.6900000000000001,0.11446421516318525,0.15925345989314418
nuclear body,cellcom,0.7000000000000001,0.10929486351065552,0.15344904734057233
nuclear body,cellcom,0.71,0.09600224497557473,0.14208547910384217
nuclear body,cellcom,0.72,0.0985869208018402,0.14263049436699463
nuclear body,cellcom,0.73,0.09637148437932694,0.1331472287881421
nuclear body,cellcom,0.74,0.08640202047801725,0.12396372160402341
nuclear body,cellcom,0.75,0.0808634294217341,0.11919483805143952
nuclear body,cellcom,0.76,0.09120213272679599,0.11325417168307789
nuclear body,cellcom,0.77,0.0705247261166722,0.11251840107782209
nuclear body,cellcom,0.78,0.06609385327164569,0.10524244731473695
nuclear body,cellcom,0.79,0.0705247261166722,0.10145459123582747
nuclear body,cellcom,0.8,0.06277069863787578,0.09404238365695423
nuclear body,cellcom,0.81,0.06277069863787578,0.09406963442011186
nuclear body,cellcom,0.8200000000000001,0.06018602281161031,0.08913724628858223
nuclear body,cellcom,0.8300000000000001,0.05649362877408883,0.08657567455176671
nuclear body,cellcom,0.84,0.047631883084035154,0.07968123147288733
nuclear body,cellcom,0.85,0.050955037717805046,0.07709240897291322
nuclear body,cellcom,0.86,0.04615492546902631,0.07401307273610191
nuclear body,cellcom,0.87,0.03803165858647768,0.06837216476247411
nuclear body,cellcom,0.88,0.0317545887226901,0.06744563881511495
nuclear body,cellcom,0.89,0.03138534931893789,0.06278575831516156
nuclear body,cellcom,0.9,0.023631321840141474,0.05807137628889292
nuclear body,cellcom,0.91,0.02141588541762821,0.057608113315213344
nuclear body,cellcom,0.92,0.020308167206371578,0.05591856599944077
nuclear body,cellcom,0.93,0.020308167206371578,0.059624669788877385
nuclear body,cellcom,0.9400000000000001,0.021046646013875996,0.05717210110469139
nuclear body,cellcom,0.9500000000000001,0.028062194685168306,0.04877886605214429
nuclear body,cellcom,0.96,0.02067740661012379,0.0494601351310843
nuclear body,cellcom,0.97,0.026954476473911367,0.050768171762650166
nuclear body,cellcom,0.98,0.029169912896424628,0.06561983768355427
nuclear body,cellcom,0.99,0.04873960129529179,0.1692544899719915
nuclear envelope,cellcom,0.0,17.79564228102949,20.791273677335074
nuclear envelope,cellcom,0.01,7.390061000982745,7.563788373612018
nuclear envelope,cellcom,0.02,5.112041717943498,5.273964728935337
nuclear envelope,cellcom,0.03,4.258559172723972,4.232475506205094
nuclear envelope,cellcom,0.04,3.6627150306775618,3.6494578706727623
nuclear envelope,cellcom,0.05,3.457312592408965,3.2895885042455926
nuclear envelope,cellcom,0.06,2.999583882991436,3.1104376224689716
nuclear envelope,cellcom,0.07,2.753455099204067,2.802429784454606
nuclear envelope,cellcom,0.08,2.7313212157699507,2.500091443500981
nuclear envelope,cellcom,0.09,2.2877581917502567,2.2847289353363793
nuclear envelope,cellcom,0.1,2.32582847125694,2.1337949052906606
nuclear envelope,cellcom,0.11,1.9893934430583724,1.9659830176355333
nuclear envelope,cellcom,0.12,1.8831508025746118,1.8683213585891556
nuclear envelope,cellcom,0.13,1.776022806753489,1.7741345525800116
nuclear envelope,cellcom,0.14,1.7414939485962724,1.6581841933376908
nuclear envelope,cellcom,0.15,1.776022806753489,1.558876551273676
nuclear envelope,cellcom,0.16,1.5918688965816417,1.4738602220770727
nuclear envelope,cellcom,0.17,1.4528681086153956,1.3955584585238432
nuclear envelope,cellcom,0.18,1.4528681086153914,1.338001306335727
nuclear envelope,cellcom,0.19,1.344854757456904,1.2599869366427159
nuclear envelope,cellcom,0.2,1.2377267616357848,1.206322664924888
nuclear envelope,cellcom,0.21,1.2023125481411954,1.1535205747877195
nuclear envelope,cellcom,0.22,1.2474656703467926,1.0769431743958187
nuclear envelope,cellcom,0.23,1.1500765832366842,1.0243500979751816
nuclear envelope,cellcom,0.24,1.0562289174760282,0.9877988242978437
nuclear envelope,cellcom,0.25,0.9765469371132095,0.9528412802090128
nuclear envelope,cellcom,0.26,1.003107597234149,0.9087132593076412
nuclear envelope,cellcom,0.27,0.9632666070527397,0.8782495101241011
nuclear envelope,cellcom,0.28,0.9464448556428167,0.8344350097975218
nuclear envelope,cellcom,0.29,0.8818139160151919,0.7971260613977785
nuclear envelope,cellcom,0.3,0.8278072404359482,0.772619203135205
nuclear envelope,cellcom,0.31,0.785310184242445,0.735780535597648
nuclear envelope,cellcom,0.32,0.858794677243711,0.7102024820378832
nuclear envelope,cellcom,0.33,0.7693737881698813,0.691678641410842
nuclear envelope,cellcom,0.34,0.7649470114830581,0.6575832789026774
nuclear envelope,cellcom,0.35000000000000003,0.686150386457608,0.6210320052253459
nuclear envelope,cellcom,0.36,0.656048304987206,0.6022468974526448
nuclear envelope,cellcom,0.37,0.6392265535772778,0.5642064010450681
nuclear envelope,cellcom,0.38,0.6330290662157252,0.5550359242325272
nuclear envelope,cellcom,0.39,0.567512771250741,0.5331156107119525
nuclear envelope,cellcom,0.4,0.5692834819254703,0.5107511430437618
nuclear envelope,cellcom,0.41000000000000003,0.5374106897803459,0.4947354670150252
nuclear envelope,cellcom,0.42,0.4878307908879224,0.4711691704768121
nuclear envelope,cellcom,0.43,0.5126207403341326,0.44794252122795514
nuclear envelope,cellcom,0.44,0.48606008021319314,0.43195297191378146
nuclear envelope,cellcom,0.45,0.4293973386218555,0.4237753102547351
nuclear envelope,cellcom,0.46,0.46392619677907687,0.41133899412148883
nuclear envelope,cellcom,0.47000000000000003,0.3851295717536251,0.38617896799477647
nuclear envelope,cellcom,0.48,0.4400216026702313,0.3775048987589807
nuclear envelope,cellcom,0.49,0.3541421349458602,0.36663618549967314
nuclear envelope,cellcom,0.5,0.3612249776447774,0.34662312214239027
nuclear envelope,cellcom,0.51,0.3700785310184239,0.33392553886348764
nuclear envelope,cellcom,0.52,0.33820573887329647,0.3204964075767469
nuclear envelope,cellcom,0.53,0.3027915253787105,0.3050816459830174
nuclear envelope,cellcom,0.54,0.29216726133033466,0.2910254735467013
nuclear envelope,cellcom,0.55,0.28154299728195886,0.2834748530372303
nuclear envelope,cellcom,0.56,0.29305261666769933,0.2749052906596993
nuclear envelope,cellcom,0.5700000000000001,0.30279152537871384,0.25928151534944743
nuclear envelope,cellcom,0.58,0.273574799245677,0.24971913781841912
nuclear envelope,cellcom,0.59,0.23638987507636167,0.24556499020248182
nuclear envelope,cellcom,0.6,0.22488025569062123,0.23278902677988222
nuclear envelope,cellcom,0.61,0.24967020513683144,0.22630960156760266
nuclear envelope,cellcom,0.62,0.22488025569062123,0.2137165251469626
nuclear envelope,cellcom,0.63,0.21514134697961007,0.20391900718484632
nuclear envelope,cellcom,0.64,0.2310777430521738,0.19905943827563666
nuclear envelope,cellcom,0.65,0.20805850428069286,0.18727629000653154
nuclear envelope,cellcom,0.66,0.20451708293123425,0.18448073154800768
nuclear envelope,cellcom,0.67,0.18680997618394127,0.1743174395819724
nuclear envelope,cellcom,0.68,0.1682175140992836,0.16240365774003904
nuclear envelope,cellcom,0.6900000000000001,0.15847860538827246,0.15610711952971898
nuclear envelope,cellcom,0.7000000000000001,0.14873969667726294,0.15046374918354172
nuclear envelope,cellcom,0.71,0.1540518287014492,0.13847158719790975
nuclear envelope,cellcom,0.72,0.14342756465307338,0.13949052906596984
nuclear envelope,cellcom,0.73,0.1345740112794269,0.1305029392553885
nuclear envelope,cellcom,0.74,0.12394974723105107,0.12130633572828206
nuclear envelope,cellcom,0.75,0.10801335115848736,0.1168125408229914
nuclear envelope,cellcom,0.76,0.11066941717058132,0.11177008491182223
nuclear envelope,cellcom,0.77,0.12394974723105107,0.1092096668843892
nuclear envelope,cellcom,0.78,0.09827444244747621,0.10267798824297836
nuclear envelope,cellcom,0.79,0.09827444244747621,0.09935989549314164
nuclear envelope,cellcom,0.8,0.0805673357001832,0.09222730241672102
nuclear envelope,cellcom,0.81,0.08322340171227714,0.09217504898758973
nuclear envelope,cellcom,0.8200000000000001,0.08853553373646506,0.08710646636185491
nuclear envelope,cellcom,0.8300000000000001,0.07614055901336078,0.08475506205094796
nuclear envelope,cellcom,0.84,0.07082842698917204,0.07767472240365766
nuclear envelope,cellcom,0.85,0.058433452266066936,0.07579359895493136
nuclear envelope,cellcom,0.86,0.056662741591337634,0.07255388634879158
nuclear envelope,cellcom,0.87,0.04780918821769113,0.06683213585891568
nuclear envelope,cellcom,0.88,0.07259913766390134,0.06476812540822985
nuclear envelope,cellcom,0.89,0.06374558429025484,0.06053559764859564
nuclear envelope,cellcom,0.9,0.052235964904514376,0.055806662312214185
nuclear envelope,cellcom,0.91,0.04869454355505578,0.05531025473546697
nuclear envelope,cellcom,0.92,0.03895563484404462,0.05389941214892223
nuclear envelope,cellcom,0.93,0.056662741591337634,0.05693011103853685
nuclear envelope,cellcom,0.9400000000000001,0.04957989889242043,0.05483997387328539
nuclear envelope,cellcom,0.9500000000000001,0.03984099018140972,0.04757674722403706
nuclear envelope,cellcom,0.96,0.045153122205597175,0.04755062050947089
nuclear envelope,cellcom,0.97,0.03895563484404462,0.04943174395819721
nuclear envelope,cellcom,0.98,0.056662741591337634,0.06330502939255384
nuclear envelope,cellcom,0.99,0.2054024382685989,0.1596603527106465
nuclear matrix,cellcom,0.0,25.312812507622137,20.6569644437036
nuclear matrix,cellcom,0.01,9.007536769189493,7.543576658246676
nuclear matrix,cellcom,0.02,5.81233688626552,5.263614099424279
nuclear matrix,cellcom,0.03,4.336691138808263,4.23213530113221
nuclear matrix,cellcom,0.04,3.417156516012585,3.6522842965033524
nuclear matrix,cellcom,0.05,3.4074001804922087,3.293208016515151
nuclear matrix,cellcom,0.06,2.880558062391763,3.1096436676967234
nuclear matrix,cellcom,0.07,2.780555623307887,2.8012412006821488
nuclear matrix,cellcom,0.08,2.4878655576965305,2.506917642231598
nuclear matrix,cellcom,0.09,2.1610283177638463,2.286117272948747
nuclear matrix,cellcom,0.1,2.0415132076392117,2.1403274820808074
nuclear matrix,cellcom,0.11,1.8244347423107892,1.9681493543961337
nuclear matrix,cellcom,0.12,1.8390692455913542,1.8690584569618776
nuclear matrix,cellcom,0.13,1.6634552062245407,1.7753529343881813
nuclear matrix,cellcom,0.14,1.5854045220615167,1.661362499839724
nuclear matrix,cellcom,0.15,1.4902802507378217,1.5658874969546972
nuclear matrix,cellcom,0.16,1.3975950632942253,1.478080242085421
nuclear matrix,cellcom,0.17,1.3268616307714847,1.3979407352318942
nuclear matrix,cellcom,0.18,1.219541940047317,1.3425739527369231
nuclear matrix,cellcom,0.19,1.1488085075245726,1.2636140994242766
nuclear matrix,cellcom,0.2,1.046366984560601,1.2089140776263343
nuclear matrix,cellcom,0.21,1.0024634747188947,1.1565220736257669
nuclear matrix,cellcom,0.22,0.9561208809970966,1.0831527523112223
nuclear matrix,cellcom,0.23,0.8683138613136921,1.0296323840541635
nuclear matrix,cellcom,0.24,0.8488011902729328,0.9912423546910454
nuclear matrix,cellcom,0.25,0.7756286738700937,0.9553911449050498
nuclear matrix,cellcom,0.26,0.7487987511890528,0.913128774570772
nuclear matrix,cellcom,0.27,0.8292885192321757,0.8812268396825185
nuclear matrix,cellcom,0.28,0.7683114222298141,0.8383746425778034
nuclear matrix,cellcom,0.29,0.673187150906119,0.8008821756914429
nuclear matrix,cellcom,0.3,0.5536720407814819,0.7765197656079696
nuclear matrix,cellcom,0.31,0.6439181443449835,0.7381810255292407
nuclear matrix,cellcom,0.32,0.6634308153857404,0.7149982689866514
nuclear matrix,cellcom,0.33,0.5853801312227123,0.6950467373603963
nuclear matrix,cellcom,0.34,0.5487938730212928,0.6618369257202933
nuclear matrix,cellcom,0.35000000000000003,0.47318227273836166,0.6244726820449066
nuclear matrix,cellcom,0.36,0.507329447059684,0.6048032414827728
nuclear matrix,cellcom,0.37,0.4951340276592108,0.5671056174588719
nuclear matrix,cellcom,0.38,0.4756213566184537,0.5581299926912765
nuclear matrix,cellcom,0.39,0.46098685333788586,0.5348703022221077
nuclear matrix,cellcom,0.4,0.4170833434961825,0.5134313813486513
nuclear matrix,cellcom,0.41000000000000003,0.39025342081514364,0.49707009962943727
nuclear matrix,cellcom,0.42,0.4170833434961825,0.47222044134429175
nuclear matrix,cellcom,0.43,0.33903265933315413,0.4509610329661871
nuclear matrix,cellcom,0.44,0.4048879240957093,0.4338047673389833
nuclear matrix,cellcom,0.45,0.30976365277201856,0.42513687827770547
nuclear matrix,cellcom,0.46,0.3365935754530595,0.4136480785751833
nuclear matrix,cellcom,0.47000000000000003,0.2780555623307898,0.387285386400648
nuclear matrix,cellcom,0.48,0.31464182053220785,0.3799766633756039
nuclear matrix,cellcom,0.49,0.30488548501182927,0.36692354049930087
nuclear matrix,cellcom,0.5,0.28293373009097755,0.34771570349664666
nuclear matrix,cellcom,0.51,0.30000731725164004,0.33532934131736497
nuclear matrix,cellcom,0.52,0.2292738847288956,0.3219684827347443
nuclear matrix,cellcom,0.53,0.20976121368813855,0.3060175152906176
nuclear matrix,cellcom,0.54,0.24390838800946343,0.2915539370936925
nuclear matrix,cellcom,0.55,0.23903022024927414,0.28388618907794666
nuclear matrix,cellcom,0.56,0.22683480084880098,0.2759363499980764
nuclear matrix,cellcom,0.5700000000000001,0.20000487816776222,0.26116503609483654
nuclear matrix,cellcom,0.58,0.18293129100709757,0.2511123363551268
nuclear matrix,cellcom,0.59,0.1634186199663405,0.24616292041185275
nuclear matrix,cellcom,0.6,0.19512671040757074,0.2329559296823909
nuclear matrix,cellcom,0.61,0.1658577038464351,0.2276218441062199
nuclear matrix,cellcom,0.62,0.15122320056586733,0.2146969444408825
nuclear matrix,cellcom,0.63,0.15122320056586733,0.20479811255433442
nuclear matrix,cellcom,0.64,0.16097953608624588,0.2003872340971161
nuclear matrix,cellcom,0.65,0.126832361764921,0.18851376476169698
nuclear matrix,cellcom,0.66,0.14878411668577268,0.1854364076985214
nuclear matrix,cellcom,0.67,0.1341496134052049,0.17510161689469012
nuclear matrix,cellcom,0.68,0.126832361764921,0.1629460564951466
nuclear matrix,cellcom,0.6900000000000001,0.09512427132369074,0.1568169870109886
nuclear matrix,cellcom,0.7000000000000001,0.10244152296397577,0.15091871930657041
nuclear matrix,cellcom,0.71,0.11951511012463707,0.13912218389772904
nuclear matrix,cellcom,0.72,0.10731969072416392,0.1399428124479092
nuclear matrix,cellcom,0.73,0.1121978584843532,0.130813319827155
nuclear matrix,cellcom,0.74,0.0926851874435961,0.1216838272064008
nuclear matrix,cellcom,0.75,0.07317251640283903,0.11701650232725118
nuclear matrix,cellcom,0.76,0.08048976804312294,0.11206708638397712
nuclear matrix,cellcom,0.77,0.048781677601892684,0.11027196143045803
nuclear matrix,cellcom,0.78,0.07317251640283903,0.10286065983664354
nuclear matrix,cellcom,0.79,0.06097709700236586,0.0997320134890817
nuclear matrix,cellcom,0.8,0.05853801312227122,0.09224377796868782
nuclear matrix,cellcom,0.81,0.048781677601892684,0.09237200117965347
nuclear matrix,cellcom,0.8200000000000001,0.04146442596160878,0.08762774237392446
nuclear matrix,cellcom,0.8300000000000001,0.05853801312227187,0.08478118709048799
nuclear matrix,cellcom,0.84,0.0634161808824605,0.07762633191860382
nuclear matrix,cellcom,0.85,0.0560989292421766,0.07549782661657407
nuclear matrix,cellcom,0.86,0.043903509841703416,0.07239482491120537
nuclear matrix,cellcom,0.87,0.04634259372179805,0.06649655720678552
nuclear matrix,cellcom,0.88,0.036586258201419516,0.06529125902370841
nuclear matrix,cellcom,0.89,0.05122076148198732,0.060726512713331314
nuclear matrix,cellcom,0.9,0.04146442596160878,0.05585403069663665
nuclear matrix,cellcom,0.91,0.04634259372179805,0.05521291464180841
nuclear matrix,cellcom,0.92,0.04146442596160878,0.05359730218364124
nuclear matrix,cellcom,0.93,0.048781677601892684,0.05700803959532749
nuclear matrix,cellcom,0.9400000000000001,0.014634503280567805,0.055110336073035886
nuclear matrix,cellcom,0.9500000000000001,0.014634503280567968,0.04769903447922191
nuclear matrix,cellcom,0.96,0.02682992268104098,0.047699034479221386
nuclear matrix,cellcom,0.97,0.02926900656113561,0.04934029157958169
nuclear matrix,cellcom,0.98,0.021951754920851708,0.06354742335457558
nuclear matrix,cellcom,0.99,0.02682992268104098,0.16238187436689774
nuclear membrane,cellcom,0.0,18.479624023004522,20.750908712347613
nuclear membrane,cellcom,0.01,7.55120913086989,7.558964010951162
nuclear membrane,cellcom,0.02,5.202619677987358,5.270686995857578
nuclear membrane,cellcom,0.03,4.257610113882519,4.232724624680305
nuclear membrane,cellcom,0.04,3.6229589186861064,3.650387361621418
nuclear membrane,cellcom,0.05,3.4342103596356788,3.291537917311062
nuclear membrane,cellcom,0.06,2.973106497257443,3.110002620737802
nuclear membrane,cellcom,0.07,2.7235530332780193,2.802609757638727
nuclear membrane,cellcom,0.08,2.645013364411397,2.5038922617795962
nuclear membrane,cellcom,0.09,2.2687830151632213,2.285143524239751
nuclear membrane,cellcom,0.1,2.301719005333098,2.135979000949889
nuclear membrane,cellcom,0.11,1.969825565928986,1.9665892185125613
nuclear membrane,cellcom,0.12,1.805145615079615,1.8700466242721738
nuclear membrane,cellcom,0.13,1.7620754740882416,1.7744363083023507
nuclear membrane,cellcom,0.14,1.783610544583933,1.6580569041939088
nuclear membrane,cellcom,0.15,1.7722096249097412,1.5608668944878514
nuclear membrane,cellcom,0.16,1.5581256888055621,1.4755893293500868
nuclear membrane,cellcom,0.17,1.4352491100948837,1.3964233662082302
nuclear membrane,cellcom,0.18,1.4555174117378789,1.338958769475551
nuclear membrane,cellcom,0.19,1.3402414461433212,1.2608286710787586
nuclear membrane,cellcom,0.2,1.1666941133251438,1.2080513623175217
nuclear membrane,cellcom,0.21,1.1780950329993276,1.1544453617602233
nuclear membrane,cellcom,0.22,1.2122977920218887,1.0791638914123696
nuclear membrane,cellcom,0.23,1.114756590364958,1.0261794097021184
nuclear membrane,cellcom,0.24,1.0235492329714588,0.9890695552100363
nuclear membrane,cellcom,0.25,0.9627443280424611,0.9533322215051728
nuclear membrane,cellcom,0.26,0.9982138559177097,0.9096446258819085
nuclear membrane,cellcom,0.27,0.9488098706628992,0.8792937888514014
nuclear membrane,cellcom,0.28,0.9348754132833426,0.8356579864653951
nuclear membrane,cellcom,0.29,0.9158738804930256,0.7971756111860955
nuclear membrane,cellcom,0.3,0.8626695886801528,0.7723925471603315
nuclear membrane,cellcom,0.31,0.7765293066974063,0.7363962472692009
nuclear membrane,cellcom,0.32,0.8436680558898411,0.7118203561924507
nuclear membrane,cellcom,0.33,0.7549942362017197,0.6926568584086833
nuclear membrane,cellcom,0.34,0.7625948493178444,0.6585769082959294
nuclear membrane,cellcom,0.35000000000000003,0.6688539542189768,0.6219590895577611
nuclear membrane,cellcom,0.36,0.6257838132275998,0.6033394207651513
nuclear membrane,cellcom,0.37,0.6561862656920986,0.5645203894437091
nuclear membrane,cellcom,0.38,0.6485856525759739,0.5554047796871062
nuclear membrane,cellcom,0.39,0.5371099935394784,0.5340400693200683
nuclear membrane,cellcom,0.4,0.5434438378029156,0.5117948739197221
nuclear membrane,cellcom,0.41000000000000003,0.5307761492760441,0.49524693461725544
nuclear membrane,cellcom,0.42,0.47630508861048076,0.47155152857381066
nuclear membrane,cellcom,0.43,0.5105078476330419,0.4485553312332898
nuclear membrane,cellcom,0.44,0.4623706312309189,0.4329137735827554
nuclear membrane,cellcom,0.45,0.4180337213868582,0.4240571300124197
nuclear membrane,cellcom,0.46,0.4573035558201691,0.4119375124951181
nuclear membrane,cellcom,0.47000000000000003,0.37876388695354934,0.38629986005467476
nuclear membrane,cellcom,0.48,0.42690110335567033,0.37832370151764505
nuclear membrane,cellcom,0.49,0.3420275902256112,0.3667738096101313
nuclear membrane,cellcom,0.5,0.3648294295739853,0.34667803355580223
nuclear membrane,cellcom,0.51,0.35596204760517314,0.334532519419874
nuclear membrane,cellcom,0.52,0.32429282628798695,0.32093679464084984
nuclear membrane,cellcom,0.53,0.3027577557923003,0.30506216742267506
nuclear membrane,cellcom,0.54,0.2837562230019886,0.29120747645738376
nuclear membrane,cellcom,0.55,0.26728822791705176,0.2837492502928905
nuclear membrane,cellcom,0.56,0.273622072180489,0.27546233233234246
nuclear membrane,cellcom,0.5700000000000001,0.2799559164439293,0.26013153410533146
nuclear membrane,cellcom,0.58,0.2634879213589894,0.2501354393154175
nuclear membrane,cellcom,0.59,0.23435223774717803,0.24552584119986265
nuclear membrane,cellcom,0.6,0.21535070495686634,0.23291418792865357
nuclear membrane,cellcom,0.61,0.23561900659986548,0.22680258593274938
nuclear membrane,cellcom,0.62,0.2090168606934291,0.21413913942428692
nuclear membrane,cellcom,0.63,0.2140839361041789,0.20403945815986896
nuclear membrane,cellcom,0.64,0.23055193118911574,0.19935217018843399
nuclear membrane,cellcom,0.65,0.1988827098719295,0.18764689856915984
nuclear membrane,cellcom,0.66,0.1786144082289303,0.18518671979962217
nuclear membrane,cellcom,0.67,0.1836814836396801,0.17449141630678983
nuclear membrane,cellcom,0.68,0.14947872461711897,0.16283793792476914
nuclear membrane,cellcom,0.6900000000000001,0.15581256888055622,0.15618250693770397
nuclear membrane,cellcom,0.7000000000000001,0.13807780494293348,0.15066652717021586
nuclear membrane,cellcom,0.71,0.13301072953218215,0.1390389454068202
nuclear membrane,cellcom,0.72,0.12794365412143235,0.1398417405842483
nuclear membrane,cellcom,0.73,0.12287657871068254,0.13077792406489888
nuclear membrane,cellcom,0.74,0.10894212133112062,0.12163641768966932
nuclear membrane,cellcom,0.75,0.12034304100530764,0.1164829905829535
nuclear membrane,cellcom,0.76,0.10260827706768337,0.11192518570465207
nuclear membrane,cellcom,0.77,0.10260827706768337,0.10977576635863492
nuclear membrane,cellcom,0.78,0.08614028198274652,0.10288726580392936
nuclear membrane,cellcom,0.79,0.09247412624618377,0.09946891214520329
nuclear membrane,cellcom,0.8,0.08107320657199674,0.0921142724552169
nuclear membrane,cellcom,0.81,0.09247412624618377,0.0919070995062032
nuclear membrane,cellcom,0.8200000000000001,0.10260827706768337,0.08683136225536751
nuclear membrane,cellcom,0.8300000000000001,0.07093905575049793,0.08478552938385815
nuclear membrane,cellcom,0.84,0.06840551804512225,0.07766395926151123
nuclear membrane,cellcom,0.85,0.062071673781684995,0.07556633315274752
nuclear membrane,cellcom,0.86,0.059538136076310096,0.07235515244303514
nuclear membrane,cellcom,0.87,0.05447106066556031,0.0665284132520248
nuclear membrane,cellcom,0.88,0.07853966886662184,0.06471564994815492
nuclear membrane,cellcom,0.89,0.06333844263437245,0.06057219096788089
nuclear membrane,cellcom,0.9,0.06587198033974735,0.0554964537170452
nuclear membrane,cellcom,0.91,0.05193752296018541,0.055185694293524656
nuclear membrane,cellcom,0.92,0.04687044754943561,0.05360600055729519
nuclear membrane,cellcom,0.93,0.062071673781684995,0.05681718126700755
nuclear membrane,cellcom,0.9400000000000001,0.05573782951824776,0.054667761920990404
nuclear membrane,cellcom,0.9500000000000001,0.05067075410749852,0.047287225612377824
nuclear membrane,cellcom,0.96,0.05447106066556031,0.047339018849630723
nuclear membrane,cellcom,0.97,0.04940398525481051,0.049125885534873896
nuclear membrane,cellcom,0.98,0.05573782951824776,0.06326543930505901
nuclear membrane,cellcom,0.99,0.23561900659986548,0.15944548088466978
nuclear speck,cellcom,0.0,27.8613545345727,20.450888292089246
nuclear speck,cellcom,0.01,8.206120971198038,7.5357854212400115
nuclear speck,cellcom,0.02,5.427152758279272,5.263709784024698
nuclear speck,cellcom,0.03,4.411916830454121,4.226867494798443
nuclear speck,cellcom,0.04,3.8732654539006037,3.6418911301142063
nuclear speck,cellcom,0.05,3.387075322525826,3.2910997865765297
nuclear speck,cellcom,0.06,3.144719147615597,3.1059277902799654
nuclear speck,cellcom,0.07,2.7649292881526266,2.8023098406327716
nuclear speck,cellcom,0.08,2.3193781495219388,2.513382658219433
nuclear speck,cellcom,0.09,2.279478047555008,2.285005614816491
nuclear speck,cellcom,0.1,2.023821838655811,2.143406591818216
nuclear speck,cellcom,0.11,1.8257991103755051,1.9716639015261326
nuclear speck,cellcom,0.12,1.798460151620386,1.8712463315787617
nuclear speck,cellcom,0.13,1.6558542316274794,1.7783975290076937
nuclear speck,cellcom,0.14,1.5900929524597704,1.6630789482882398
nuclear speck,cellcom,0.15,1.4083258212770975,1.5706769132359069
nuclear speck,cellcom,0.16,1.3765535178589887,1.4808240810846243
nuclear speck,cellcom,0.17,1.2723699182786825,1.4016411084985458
nuclear speck,cellcom,0.18,1.126808435177111,1.3489225412872305
nuclear speck,cellcom,0.19,1.0795194254385307,1.2689248749905049
nuclear speck,cellcom,0.2,1.027058180259796,1.213630824435873
nuclear speck,cellcom,0.21,0.9413468501086161,1.1625153642035664
nuclear speck,cellcom,0.22,0.8903633864842091,1.0886410409578056
nuclear speck,cellcom,0.23,0.8076076194416957,1.035791071535103
nuclear speck,cellcom,0.24,0.8260798888708264,0.9955819948485068
nuclear speck,cellcom,0.25,0.7448019033826413,0.9609443719250231
nuclear speck,cellcom,0.26,0.7677075174747663,0.9165304244738187
nuclear speck,cellcom,0.27,0.7610575004802783,0.8849413328546781
nuclear speck,cellcom,0.28,0.6775628426606011,0.843339392727312
nuclear speck,cellcom,0.29,0.6679572625574481,0.8042340946164244
nuclear speck,cellcom,0.3,0.5955459663952469,0.7805554161232083
nuclear speck,cellcom,0.31,0.5881570586235937,0.7425013357034782
nuclear speck,cellcom,0.32,0.554168082873989,0.7201629597664819
nuclear speck,cellcom,0.33,0.5386513765535175,0.6994276908084935
nuclear speck,cellcom,0.34,0.5393902673306827,0.6649740309809615
nuclear speck,cellcom,0.35000000000000003,0.5305235780047018,0.626184098177428
nuclear speck,cellcom,0.36,0.47954011438029187,0.6082082756587123
nuclear speck,cellcom,0.37,0.44555113863068724,0.5706535236422796
nuclear speck,cellcom,0.38,0.4366844493047034,0.5615604906138082
nuclear speck,cellcom,0.39,0.42707886920155425,0.5379080925628709
nuclear speck,cellcom,0.4,0.3967843473377762,0.5165420929901909
nuclear speck,cellcom,0.41000000000000003,0.396045456560613,0.4995123663935188
nuclear speck,cellcom,0.42,0.35245090070785706,0.47588624878485764
nuclear speck,cellcom,0.43,0.3509731191535264,0.4533113488673519
nuclear speck,cellcom,0.44,0.32806750506140153,0.4372539986349935
nuclear speck,cellcom,0.45,0.305900781746442,0.4281346851642432
nuclear speck,cellcom,0.46,0.30811745407793795,0.4165712905615628
nuclear speck,cellcom,0.47000000000000003,0.29186185698030254,0.3895024350143812
nuclear speck,cellcom,0.48,0.2748673691054986,0.3830111657715106
nuclear speck,cellcom,0.49,0.2674784613338454,0.36979210330526463
nuclear speck,cellcom,0.5,0.24900619190471243,0.3505285391148902
nuclear speck,cellcom,0.51,0.2438339564645552,0.338203011686124
nuclear speck,cellcom,0.52,0.2238839054810916,0.32445834037430155
nuclear speck,cellcom,0.53,0.21797277926376904,0.30811190527687604
nuclear speck,cellcom,0.54,0.19950050983463605,0.29431467308049597
nuclear speck,cellcom,0.55,0.18989492973148692,0.28674590570419606
nuclear speck,cellcom,0.56,0.17511711418818054,0.2789931752319444
nuclear speck,cellcom,0.5700000000000001,0.1758560049653478,0.2635402751720016
nuclear speck,cellcom,0.58,0.18028934962833779,0.25289669604907694
nuclear speck,cellcom,0.59,0.17437822341101522,0.24782457068926483
nuclear speck,cellcom,0.6,0.1374336845527493,0.23594581077923854
nuclear speck,cellcom,0.61,0.14334481077007183,0.22995386993966777
nuclear speck,cellcom,0.62,0.12708921367243484,0.21712901410760405
nuclear speck,cellcom,0.63,0.11896141512361633,0.20727384825304684
nuclear speck,cellcom,0.64,0.12708921367243484,0.2025696490851382
nuclear speck,cellcom,0.65,0.1374336845527493,0.18966595192623797
nuclear speck,cellcom,0.66,0.11970030590078164,0.18737955344798074
nuclear speck,cellcom,0.67,0.10122803647164867,0.17728786361291415
nuclear speck,cellcom,0.68,0.11378917968345909,0.16430532512717747
nuclear speck,cellcom,0.6900000000000001,0.10048914569448335,0.15815570163393378
nuclear speck,cellcom,0.7000000000000001,0.08940578403700457,0.15258424787082583
nuclear speck,cellcom,0.71,0.07388907771653187,0.14123109680637425
nuclear speck,cellcom,0.72,0.08275576704251571,0.14162530344055654
nuclear speck,cellcom,0.73,0.07610575004802783,0.1325585508543639
nuclear speck,cellcom,0.74,0.07388907771653187,0.1230713111917102
nuclear speck,cellcom,0.75,0.06132793450472146,0.11852479467747448
nuclear speck,cellcom,0.76,0.06871684227637465,0.11326870622171063
nuclear speck,cellcom,0.77,0.05985015295039082,0.1114027948199145
nuclear speck,cellcom,0.78,0.05098346362440699,0.10438591673146977
nuclear speck,cellcom,0.79,0.05985015295039082,0.1007329352547139
nuclear speck,cellcom,0.8,0.05615569906456423,0.09316416787841399
nuclear speck,cellcom,0.81,0.05689458984172954,0.09316416787841399
nuclear speck,cellcom,0.8200000000000001,0.05098346362440699,0.08843368826822652
nuclear speck,cellcom,0.8300000000000001,0.052461245178738215,0.08564796138667265
nuclear speck,cellcom,0.84,0.04433344662991912,0.07865736374050579
nuclear speck,cellcom,0.85,0.045072337407084447,0.07637096526224853
nuclear speck,cellcom,0.86,0.04433344662991912,0.07308590997739613
nuclear speck,cellcom,0.87,0.02881674030944743,0.06761957798340174
nuclear speck,cellcom,0.88,0.03177230341810871,0.06617415365806668
nuclear speck,cellcom,0.89,0.025861177200786158,0.06186416112434034
nuclear speck,cellcom,0.9,0.02216672331495956,0.056897157533643515
nuclear speck,cellcom,0.91,0.019950050983463606,0.056371548688067125
nuclear speck,cellcom,0.92,0.022905614092124882,0.05455819817082861
nuclear speck,cellcom,0.93,0.019950050983463606,0.05823746008986329
nuclear speck,cellcom,0.9400000000000001,0.020688941760628927,0.05589850072704839
nuclear speck,cellcom,0.9500000000000001,0.030294521863778404,0.04796180715884553
nuclear speck,cellcom,0.96,0.02216672331495956,0.0483822942353061
nuclear speck,cellcom,0.97,0.02438339564645552,0.050011681656592887
nuclear speck,cellcom,0.98,0.022905614092124882,0.0645447662367799
nuclear speck,cellcom,0.99,0.05246124517873763,0.16483093397275386
nucleolus,cellcom,0.0,25.220477006308062,20.426320242733883
nucleolus,cellcom,0.01,7.86567795317125,7.539840369058975
nucleolus,cellcom,0.02,5.263112006242672,5.26970730734615
nucleolus,cellcom,0.03,4.251293654011307,4.232106190684062
nucleolus,cellcom,0.04,3.5485572542711283,3.6560982576406738
nucleolus,cellcom,0.05,3.262144217900598,3.296389710756497
nucleolus,cellcom,0.06,3.015837725435829,3.112911135901869
nucleolus,cellcom,0.07,2.685394678907883,2.808173405981042
nucleolus,cellcom,0.08,2.443447593389396,2.5106303859274717
nucleolus,cellcom,0.09,2.194089516062233,2.290423760327236
nucleolus,cellcom,0.1,2.067666714620144,2.1437271291760314
nucleolus,cellcom,0.11,1.8819559787086575,1.9718894332077637
nucleolus,cellcom,0.12,1.7729708050516793,1.8746665373235663
nucleolus,cellcom,0.13,1.6814232591798197,1.779922717498503
nucleolus,cellcom,0.14,1.5985945272005226,1.6644031624387674
nucleolus,cellcom,0.15,1.452118453805543,1.5720845257150233
nucleolus,cellcom,0.16,1.3413895173700556,1.4856402213922695
nucleolus,cellcom,0.17,1.2842812863738042,1.4041810156666856
nucleolus,cellcom,0.18,1.2454825645519174,1.3472161592644676
nucleolus,cellcom,0.19,1.197965028837476,1.2664036690325664
nucleolus,cellcom,0.2,1.153499077985433,1.2105436182654035
nucleolus,cellcom,0.21,1.063695294892082,1.1605578998992192
nucleolus,cellcom,0.22,0.9904572581945943,1.0874790491126514
nucleolus,cellcom,0.23,0.9416319003962719,1.0332896800375115
nucleolus,cellcom,0.24,0.8954221867657116,0.9955915560513698
nucleolus,cellcom,0.25,0.8740610927289444,0.9584323616433031
nucleolus,cellcom,0.26,0.808669988534759,0.9177701249777684
nucleolus,cellcom,0.27,0.8718813892558048,0.8812306995844845
nucleolus,cellcom,0.28,0.7541774017062755,0.8428050206679533
nucleolus,cellcom,0.29,0.7341241297533877,0.8035978938632081
nucleolus,cellcom,0.3,0.7118911543273647,0.7780526318625938
nucleolus,cellcom,0.31,0.6356015327674818,0.743480299429273
nucleolus,cellcom,0.32,0.6552188640257373,0.7181236627809838
nucleolus,cellcom,0.33,0.6233951933179005,0.6982641078290294
nucleolus,cellcom,0.34,0.6002903365026216,0.664392383847202
nucleolus,cellcom,0.35000000000000003,0.531847647446044,0.6285266204265118
nucleolus,cellcom,0.36,0.5597478519022268,0.6065113471622658
nucleolus,cellcom,0.37,0.5117943754931574,0.5697294034588495
nucleolus,cellcom,0.38,0.5383867578654594,0.5584388287982405
nucleolus,cellcom,0.39,0.4978442732650646,0.5363427160972871
nucleolus,cellcom,0.4,0.45032673755062325,0.5162675893141039
nucleolus,cellcom,0.41000000000000003,0.4568658479700443,0.49837512732211514
nucleolus,cellcom,0.42,0.40586078669857717,0.4757131385641834
nucleolus,cellcom,0.43,0.4036810832254376,0.45264695262270044
nucleolus,cellcom,0.44,0.3914747437758564,0.436101814575889
nucleolus,cellcom,0.45,0.38057622641015887,0.4266166540018212
nucleolus,cellcom,0.46,0.3783965229370193,0.4149757751154653
nucleolus,cellcom,0.47000000000000003,0.3204164105515101,0.39021196100305755
nucleolus,cellcom,0.48,0.3435212673667871,0.3815082483171921
nucleolus,cellcom,0.49,0.3195445291622525,0.36916676097934253
nucleolus,cellcom,0.5,0.30908195249118287,0.3493880454640989
nucleolus,cellcom,0.51,0.3077741304072991,0.3366423609426953
nucleolus,cellcom,0.52,0.2698472899746716,0.3241661412103277
nucleolus,cellcom,0.53,0.27595045969946225,0.3068126087964083
nucleolus,cellcom,0.54,0.2707191713639274,0.29231540314627064
nucleolus,cellcom,0.55,0.2659238237230205,0.28450092426422613
nucleolus,cellcom,0.56,0.2489221366325323,0.27706369608683207
nucleolus,cellcom,0.5700000000000001,0.23540797509906994,0.2620814538164325
nucleolus,cellcom,0.58,0.2153547031461838,0.2525693467634582
nucleolus,cellcom,0.59,0.2275610425957651,0.24639860309453343
nucleolus,cellcom,0.6,0.1992248974449514,0.23462299181365948
nucleolus,cellcom,0.61,0.19268578702553288,0.22909896363842117
nucleolus,cellcom,0.62,0.17873568479744,0.21621854672249957
nucleolus,cellcom,0.63,0.15388706520364956,0.20735315516321465
nucleolus,cellcom,0.64,0.17350439646190516,0.20161355515674748
nucleolus,cellcom,0.65,0.1612980570123239,0.18951458612903035
nucleolus,cellcom,0.66,0.15039953964662633,0.18719718894332063
nucleolus,cellcom,0.67,0.14124478505944038,0.17674195512872318
nucleolus,cellcom,0.68,0.12424309796895219,0.16493939736894564
nucleolus,cellcom,0.6900000000000001,0.1255509200528359,0.15806804524852724
nucleolus,cellcom,0.7000000000000001,0.11552428407639542,0.1525709635521942
nucleolus,cellcom,0.71,0.09721477490202225,0.14149596072281223
nucleolus,cellcom,0.72,0.10157418184830126,0.14195405086417345
nucleolus,cellcom,0.73,0.10331794462681287,0.13230721141668408
nucleolus,cellcom,0.74,0.0898037830933479,0.12333403394178472
nucleolus,cellcom,0.75,0.09721477490202225,0.11775611280873917
nucleolus,cellcom,0.76,0.07759744364376664,0.11384887336771694
nucleolus,cellcom,0.77,0.08239279128467356,0.11131590435077839
nucleolus,cellcom,0.78,0.06669892627806907,0.10476790997720319
nucleolus,cellcom,0.79,0.0719302146136039,0.10102234940960256
nucleolus,cellcom,0.8,0.06713486697269697,0.0934234423587869
nucleolus,cellcom,0.81,0.06539110419418537,0.09355817475330491
nucleolus,cellcom,0.8200000000000001,0.0540566461338599,0.08919284517092144
nucleolus,cellcom,0.8300000000000001,0.04490189154667445,0.08695628742192348
nucleolus,cellcom,0.84,0.04838941710369717,0.07927654093439604
nucleolus,cellcom,0.85,0.053184764744604096,0.07666273248074668
nucleolus,cellcom,0.86,0.04664565432518556,0.0736716733224469
nucleolus,cellcom,0.87,0.04795347640906927,0.06742009021681131
nucleolus,cellcom,0.88,0.037490899737999614,0.06669253528641406
nucleolus,cellcom,0.89,0.04141436598965073,0.06181522260486217
nucleolus,cellcom,0.9,0.030079907929325266,0.0572882141490571
nucleolus,cellcom,0.91,0.03182367070783688,0.05656065921865985
nucleolus,cellcom,0.92,0.024848619593790436,0.055240281752383366
nucleolus,cellcom,0.93,0.017873568479744,0.059336146545730814
nucleolus,cellcom,0.9400000000000001,0.023976738204534637,0.05658760569756345
nucleolus,cellcom,0.9500000000000001,0.026592382372302346,0.0486383944210015
nucleolus,cellcom,0.96,0.02702832306692995,0.04874618033661537
nucleolus,cellcom,0.97,0.020053271952883513,0.050928845127807106
nucleolus,cellcom,0.98,0.02528456028841834,0.06545299725684839
nucleolus,cellcom,0.99,0.05710823099625522,0.1673915269491734
nucleoplasm,cellcom,0.0,22.50735809649605,20.024082590064026
nucleoplasm,cellcom,0.01,7.825943788027623,7.4578038818225405
nucleoplasm,cellcom,0.02,5.426492107273741,5.209897294013592
nucleoplasm,cellcom,0.03,4.357140082247886,4.186369729660161
nucleoplasm,cellcom,0.04,3.7685848590630835,3.6049392042253294
nucleoplasm,cellcom,0.05,3.378897108744436,3.2624460231376142
nucleoplasm,cellcom,0.06,3.173554880947753,3.0821938169366403
nucleoplasm,cellcom,0.07,2.8368676245604116,2.7874741154124743
nucleoplasm,cellcom,0.08,2.526911856386237,2.499084574796798
nucleoplasm,cellcom,0.09,2.298168014340655,2.279767231939542
nucleoplasm,cellcom,0.1,2.1683029297341108,2.12833299584133
nucleoplasm,cellcom,0.11,1.9674930303888007,1.966336833807397
nucleoplasm,cellcom,0.12,1.8585321545579483,1.8726084844440651
nucleoplasm,cellcom,0.13,1.752161180699309,1.782517354608268
nucleoplasm,cellcom,0.14,1.6404254098982383,1.668189752343824
nucleoplasm,cellcom,0.15,1.551813763849037,1.570124718159202
nucleoplasm,cellcom,0.16,1.448217684960623,1.4882173322603522
nucleoplasm,cellcom,0.17,1.349893906515641,1.4150882357981467
nucleoplasm,cellcom,0.18,1.313172796409655,1.3519265197719592
nucleoplasm,cellcom,0.19,1.2099467035172708,1.2822597765138428
nucleoplasm,cellcom,0.2,1.1451066577130078,1.2307091843640152
nucleoplasm,cellcom,0.21,1.1230924909492166,1.1669529228381355
nucleoplasm,cellcom,0.22,1.038365697858335,1.0982654309912778
nucleoplasm,cellcom,0.23,0.9845327354359656,1.0443716301073664
nucleoplasm,cellcom,0.24,0.9567837857337091,1.0022288461585533
nucleoplasm,cellcom,0.25,0.9076681447607201,0.9708578277335882
nucleoplasm,cellcom,0.26,0.8741844121200005,0.9254975034334995
nucleoplasm,cellcom,0.27,0.8504128118750698,0.8921330089213293
nucleoplasm,cellcom,0.28,0.8038870728742955,0.8504099041487774
nucleoplasm,cellcom,0.29,0.7704033402335715,0.8105753556693579
nucleoplasm,cellcom,0.3,0.7389545305710172,0.7875279742400915
nucleoplasm,cellcom,0.31,0.6989035465007643,0.7516803779350869
nucleoplasm,cellcom,0.32,0.674484470762781,0.7295772746523913
nucleoplasm,cellcom,0.33,0.6654198138600449,0.704676310194671
nucleoplasm,cellcom,0.34,0.6278662352629948,0.6730604789168914
nucleoplasm,cellcom,0.35000000000000003,0.5849478597235122,0.6372478558765781
nucleoplasm,cellcom,0.36,0.5885552231848019,0.6095490302438296
nucleoplasm,cellcom,0.37,0.5348147572614372,0.578282931612928
nucleoplasm,cellcom,0.38,0.543971910663181,0.5623001496505992
nucleoplasm,cellcom,0.39,0.5078057795512435,0.5440441054835626
nucleoplasm,cellcom,0.4,0.49041643773783117,0.5207519112014816
nucleoplasm,cellcom,0.41000000000000003,0.48218424932616527,0.5011668829763111
nucleoplasm,cellcom,0.42,0.45156790815467596,0.47923864601705185
nucleoplasm,cellcom,0.43,0.4235414689553997,0.4597235643212542
nucleoplasm,cellcom,0.44,0.410961945090378,0.44202709238922266
nucleoplasm,cellcom,0.45,0.39468256126505574,0.43499746618697294
nucleoplasm,cellcom,0.46,0.385155421867282,0.42331639578124464
nucleoplasm,cellcom,0.47000000000000003,0.3553715491868649,0.397785912559146
nucleoplasm,cellcom,0.48,0.3552790526878554,0.3883781043581231
nucleoplasm,cellcom,0.49,0.3302125014568196,0.37991457430367326
nucleoplasm,cellcom,0.5,0.3164305231047002,0.3586158561087973
nucleoplasm,cellcom,0.51,0.3066258942099039,0.34567574817430785
nucleoplasm,cellcom,0.52,0.2919189508677094,0.33200120168137437
nucleoplasm,cellcom,0.53,0.26916481211186133,0.3185714680412556
nucleoplasm,cellcom,0.54,0.2650949661555308,0.300874996109224
nucleoplasm,cellcom,0.55,0.24548570836593814,0.297762375552009
nucleoplasm,cellcom,0.56,0.24187834490464513,0.2881097544981736
nucleoplasm,cellcom,0.5700000000000001,0.2328136880019115,0.27100782806583784
nucleoplasm,cellcom,0.58,0.22458149959024032,0.2601661160126139
nucleoplasm,cellcom,0.59,0.21671929717460175,0.256109217308828
nucleoplasm,cellcom,0.6,0.1987749763671443,0.24533745178498276
nucleoplasm,cellcom,0.61,0.19655506039096404,0.23848269190617213
nucleoplasm,cellcom,0.62,0.18249559254182213,0.22596226314793635
nucleoplasm,cellcom,0.63,0.17241347415000327,0.21627466882941315
nucleoplasm,cellcom,0.64,0.16640120171451497,0.2126724225665688
nucleoplasm,cellcom,0.65,0.1651062507284098,0.19647980101611306
nucleoplasm,cellcom,0.66,0.15076929338224535,0.19801862466237669
nucleoplasm,cellcom,0.67,0.13883724501027622,0.18822611054979005
nucleoplasm,cellcom,0.68,0.13615484653905838,0.17255808796965144
nucleoplasm,cellcom,0.6900000000000001,0.12366781917304419,0.16846621600117775
nucleoplasm,cellcom,0.7000000000000001,0.11821052573160228,0.1625907075336276
nucleoplasm,cellcom,0.71,0.11238324629412767,0.14895113430538012
nucleoplasm,cellcom,0.72,0.10553850536757174,0.15248343403884887
nucleoplasm,cellcom,0.73,0.09841627494399328,0.14279583972032567
nucleoplasm,cellcom,0.74,0.08796417055614437,0.1340175502836855
nucleoplasm,cellcom,0.75,0.09166403051644487,0.12597369940548936
nucleoplasm,cellcom,0.76,0.09120154802140731,0.11950364543824463
nucleoplasm,cellcom,0.77,0.08037945763752835,0.12069273643763015
nucleoplasm,cellcom,0.78,0.06946487075464187,0.11506204082289284
nucleoplasm,cellcom,0.79,0.06900238825960431,0.11079530253098009
nucleoplasm,cellcom,0.8,0.06354509481816108,0.1026115585940327
nucleoplasm,cellcom,0.81,0.06539502479831133,0.10194706656496433
nucleoplasm,cellcom,0.8200000000000001,0.05984523485786058,0.09747048868492472
nucleoplasm,cellcom,0.8300000000000001,0.055497899404508104,0.09547701259772065
nucleoplasm,cellcom,0.84,0.051983032442222014,0.08711840233733315
nucleoplasm,cellcom,0.85,0.04985561296504923,0.08491508666200116
nucleoplasm,cellcom,0.86,0.041715921052388125,0.0835861026038644
nucleoplasm,cellcom,0.87,0.03940350857720032,0.07645155660755129
nucleoplasm,cellcom,0.88,0.03228127815362186,0.07736086148943433
nucleoplasm,cellcom,0.89,0.03514866962285474,0.07026128875780903
nucleoplasm,cellcom,0.9,0.026176509219126034,0.06686888208309152
nucleoplasm,cellcom,0.91,0.02682398471217862,0.06581968414245724
nucleoplasm,cellcom,0.92,0.022754138755848072,0.06508524558401324
nucleoplasm,cellcom,0.93,0.022476649258825532,0.06994652937561875
nucleoplasm,cellcom,0.9400000000000001,0.02580652322309598,0.06560984455433039
nucleoplasm,cellcom,0.9500000000000001,0.02626900571813384,0.05532770473611505
nucleoplasm,cellcom,0.96,0.02164418076775792,0.057251234293943944
nucleoplasm,cellcom,0.97,0.022199159761802995,0.0593146569105247
nucleoplasm,cellcom,0.98,0.023309117749893145,0.07816524657725395
nucleoplasm,cellcom,0.99,0.06234264033106342,0.19826343751519135
nucleus,cellcom,0.0,21.65394594749188,19.832755288887416
nucleus,cellcom,0.01,7.663467552765254,7.4625229374337945
nucleus,cellcom,0.02,5.318657060674416,5.22393659474488
nucleus,cellcom,0.03,4.287476425049797,4.183310416201746
nucleus,cellcom,0.04,3.7053121956309076,3.5988017474840683
nucleus,cellcom,0.05,3.331820370134002,3.25996602872259
nucleus,cellcom,0.06,3.138454140002232,3.0785617461587385
nucleus,cellcom,0.07,2.806802720367858,2.795711394215919
nucleus,cellcom,0.08,2.5243534995262515,2.4904961307241273
nucleus,cellcom,0.09,2.3073130144317604,2.2641183985748805
nucleus,cellcom,0.1,2.1514442619590746,2.1281260932738633
nucleus,cellcom,0.11,1.9698886780391371,1.963678214237338
nucleus,cellcom,0.12,1.8716961306098565,1.8660327180627585
nucleus,cellcom,0.13,1.785526079548673,1.7637583186264127
nucleus,cellcom,0.14,1.6636592771566776,1.6577320712831645
nucleus,cellcom,0.15,1.568061894141653,1.5623766640907213
nucleus,cellcom,0.16,1.4746889377674264,1.479592383651297
nucleus,cellcom,0.17,1.387300748307717,1.4063095362228761
nucleus,cellcom,0.18,1.329571580725236,1.3520782801139382
nucleus,cellcom,0.19,1.249068521344167,1.2747025076961596
nucleus,cellcom,0.2,1.1832360852845196,1.229290530433336
nucleus,cellcom,0.21,1.146956746023969,1.1622445210839223
nucleus,cellcom,0.22,1.0758810185967354,1.0873050135407594
nucleus,cellcom,0.23,1.0164040872250668,1.0385797160484584
nucleus,cellcom,0.24,0.9772118083158593,1.0013048634668429
nucleus,cellcom,0.25,0.941938757297575,0.9641761867777074
nucleus,cellcom,0.26,0.904970905029163,0.9173511758876036
nucleus,cellcom,0.27,0.8789133358084485,0.8823176869906372
nucleus,cellcom,0.28,0.828387073539019,0.8461635162513524
nucleus,cellcom,0.29,0.7929551349035306,0.8056240687377509
nucleus,cellcom,0.3,0.7575761588071135,0.7894959952677985
nucleus,cellcom,0.31,0.7178542545072438,0.7549984846432473
nucleus,cellcom,0.32,0.708956547944073,0.7195264680688501
nucleus,cellcom,0.33,0.694444812239854,0.6934097086129754
nucleus,cellcom,0.34,0.6564706717291786,0.6645156072000392
nucleus,cellcom,0.35000000000000003,0.615530629030783,0.6296770194930454
nucleus,cellcom,0.36,0.6041436831314838,0.6034628094421824
nucleus,cellcom,0.37,0.5604495884016272,0.5717913660721851
nucleus,cellcom,0.38,0.5552062970340443,0.5591715140216784
nucleus,cellcom,0.39,0.5286720649617315,0.5390966914548492
nucleus,cellcom,0.4,0.5000193313267588,0.5238456733397581
nucleus,cellcom,0.41000000000000003,0.48958571113066246,0.5018218388732396
nucleus,cellcom,0.42,0.46135667780821904,0.4811135874390077
nucleus,cellcom,0.43,0.44244905136148116,0.4565560375028866
nucleus,cellcom,0.44,0.42449475061794006,0.4417922723627185
nucleus,cellcom,0.45,0.41363743010930903,0.43341152119404225
nucleus,cellcom,0.46,0.402674184522545,0.42220470277081235
nucleus,cellcom,0.47000000000000003,0.37836437909102694,0.39331060135787843
nucleus,cellcom,0.48,0.369784447762253,0.38804826922870744
nucleus,cellcom,0.49,0.35341902319070667,0.37810830854027744
nucleus,cellcom,0.5,0.3338758462751708,0.35915416781577125
nucleus,cellcom,0.51,0.3256136901807979,0.34356207261823407
nucleus,cellcom,0.52,0.3088775278357862,0.332160353005035
nucleus,cellcom,0.53,0.2904995267797132,0.318371093814713
nucleus,cellcom,0.54,0.27609371615362716,0.30482546111185255
nucleus,cellcom,0.55,0.26777859752018773,0.2978090182729608
nucleus,cellcom,0.56,0.2621645683791395,0.2876254310970693
nucleus,cellcom,0.5700000000000001,0.24993022185478245,0.2702792251898122
nucleus,cellcom,0.58,0.23822550072108475,0.2616061222361791
nucleus,cellcom,0.59,0.2303870449392438,0.259023681469087
nucleus,cellcom,0.6,0.21751714794608606,0.2464038294185803
nucleus,cellcom,0.61,0.21200904388317082,0.24075169490947304
nucleus,cellcom,0.62,0.19892729673374707,0.22793694166899717
nucleus,cellcom,0.63,0.18388593563886313,0.22296696132478216
nucleus,cellcom,0.64,0.1817674340762034,0.2167301232457673
nucleus,cellcom,0.65,0.1722871395833012,0.20220998459306078
nucleus,cellcom,0.66,0.16810309899704826,0.20065077507330703
nucleus,cellcom,0.67,0.15210841219896742,0.19543716824163052
nucleus,cellcom,0.68,0.14628253290165322,0.17755498406195502
nucleus,cellcom,0.6900000000000001,0.13553113747115517,0.17516744448483215
nucleus,cellcom,0.7000000000000001,0.1321415349709011,0.16722522099358847
nucleus,cellcom,0.71,0.12139013954040156,0.15504389662051068
nucleus,cellcom,0.72,0.11683536118068319,0.16054985523714102
nucleus,cellcom,0.73,0.11058578157083704,0.1490506850289573
nucleus,cellcom,0.74,0.09792773473394524,0.14296002284241935
nucleus,cellcom,0.75,0.09729218426514732,0.13428691988878927
nucleus,cellcom,0.76,0.09215481797569754,0.129755467222005
nucleus,cellcom,0.77,0.08410451203759062,0.133117512748974
nucleus,cellcom,0.78,0.07732530703707954,0.12575999282763609
nucleus,cellcom,0.79,0.0761601311776167,0.12064383659094419
nucleus,cellcom,0.8,0.06991055156777054,0.11211690952979103
nucleus,cellcom,0.81,0.06848056301297523,0.11348121785957554
nucleus,cellcom,0.8200000000000001,0.06323727164539245,0.1091446663827605
nucleus,cellcom,0.8300000000000001,0.060165444379536526,0.10690330269811571
nucleus,cellcom,0.84,0.05582251617608345,0.09740186968711528
nucleus,cellcom,0.85,0.053598089535290744,0.09525795659745392
nucleus,cellcom,0.86,0.04724258484731161,0.0949656048125001
nucleus,cellcom,0.87,0.04395890742518905,0.08682848013128537
nucleus,cellcom,0.88,0.04125781793279792,0.08682848013128537
nucleus,cellcom,0.89,0.03956301668267014,0.08000693848236283
nucleus,cellcom,0.9,0.03357824976815645,0.07606018938548623
nucleus,cellcom,0.91,0.032624924064959586,0.0758165628980247
nucleus,cellcom,0.92,0.02918235902563755,0.0758165628980247
nucleus,cellcom,0.93,0.029288284103770535,0.08234575276199342
nucleus,cellcom,0.9400000000000001,0.02992383457256845,0.07747322301276303
nucleus,cellcom,0.9500000000000001,0.031194935510164626,0.06222220489767264
nucleus,cellcom,0.96,0.02748755777550978,0.06587660220959474
nucleus,cellcom,0.97,0.02399203019712125,0.07225961618108652
nucleus,cellcom,0.98,0.027540520314576274,0.09584266016736157
nucleus,cellcom,0.99,0.06371393449699088,0.2504480291104415
other,cellcom,0.0,20.225673841012448,20.73250216969262
other,cellcom,0.01,7.785130400934215,7.546026037383864
other,cellcom,0.02,5.430128454651617,5.260241123430242
other,cellcom,0.03,4.4944886973198255,4.218466932865675
other,cellcom,0.04,3.913452135689126,3.634948982396064
other,cellcom,0.05,3.563595970720316,3.279191783132086
other,cellcom,0.06,3.321022700300959,3.095186834865543
other,cellcom,0.07,3.0646830407580077,2.7861346654544463
other,cellcom,0.08,2.6027969505074586,2.5012929678901594
other,cellcom,0.09,2.3668695231132904,2.2801813828174264
other,cellcom,0.1,2.241547911781182,2.1335243717409376
other,cellcom,0.11,1.9780877061398106,1.966008283037844
other,cellcom,0.12,1.9258703680847613,1.8655200787389947
other,cellcom,0.13,1.829505644219539,1.7710643840365303
other,cellcom,0.14,1.7084563605464815,1.6578676928546432
other,cellcom,0.15,1.6049710905828392,1.5628489639231782
other,cellcom,0.16,1.4298056565618191,1.4799220653382443
other,cellcom,0.17,1.3728412877744995,1.3985770248252543
other,cellcom,0.18,1.29166706225256,1.3440967603814786
other,cellcom,0.19,1.2783753762021843,1.2615184067954468
other,cellcom,0.2,1.2019481814125286,1.2075207431193888
other,cellcom,0.21,1.1426102972590635,1.1556143494367368
other,cellcom,0.22,1.0813736008126906,1.0818568654383036
other,cellcom,0.23,0.9949776414852529,1.0298164159868495
other,cellcom,0.24,1.0196622012930903,0.9880714495798818
other,cellcom,0.25,0.9674448632380438,0.9527343489219628
other,cellcom,0.26,0.9133287128900864,0.9113111163601385
other,cellcom,0.27,0.8829477162035139,0.88055872299547
other,cellcom,0.28,0.8316797842949274,0.8379826108218971
other,cellcom,0.29,0.7524043710658976,0.8022165317037864
other,cellcom,0.3,0.7571514017981745,0.7751640775582324
other,cellcom,0.31,0.7149028282809096,0.738459608058467
other,cellcom,0.32,0.6740783639833279,0.7167425735114911
other,cellcom,0.33,0.6588878656400416,0.6958834958848894
other,cellcom,0.34,0.6066705275849951,0.663710111370851
other,cellcom,0.35000000000000003,0.5762895308984257,0.6255310284141955
other,cellcom,0.36,0.5487567526512162,0.6068972765498115
other,cellcom,0.37,0.524072192843376,0.5687450047469143
other,cellcom,0.38,0.48941886849775423,0.5611038259248301
other,cellcom,0.39,0.5183757559646436,0.5349897621609356
other,cellcom,0.4,0.4955900084497143,0.5133799722290064
other,cellcom,0.41000000000000003,0.4841971346922523,0.49662300112794755
other,cellcom,0.42,0.43815093658916304,0.4735385977391222
other,cellcom,0.43,0.42058692287973837,0.4514462070394825
other,cellcom,0.44,0.408719346049046,0.43490372516851444
other,cellcom,0.45,0.3840347862412058,0.4261901001959624
other,cellcom,0.46,0.3607743356530487,0.4157873725364232
other,cellcom,0.47000000000000003,0.3474826496026751,0.3883327510844459
other,cellcom,0.48,0.36029963257982095,0.38036983841721933
other,cellcom,0.49,0.34605854038299017,0.36742005115031884
other,cellcom,0.5,0.31425343447673454,0.34889354390098504
other,cellcom,0.51,0.3194751682822392,0.33583651201903775
other,cellcom,0.52,0.31235462218382376,0.32149254475652894
other,cellcom,0.53,0.2615613933484603,0.3074703113391606
other,cellcom,0.54,0.2739036732523804,0.2920270867724221
other,cellcom,0.55,0.26535901793428185,0.2844395302578614
other,cellcom,0.56,0.2416238642728971,0.27733457451101123
other,cellcom,0.5700000000000001,0.22311044441701944,0.2626420622496033
other,cellcom,0.58,0.22358514749024463,0.25191760074492087
other,cellcom,0.59,0.2140910860256907,0.2470647819140534
other,cellcom,0.6,0.21029346143986918,0.23382007195577426
other,cellcom,0.61,0.20317291534145374,0.22832378543462603
other,cellcom,0.62,0.1984258846091768,0.2149182085537767
other,cellcom,0.63,0.17469073094779203,0.2059096608898459
other,cellcom,0.64,0.18038716782652434,0.20108365321274016
other,cellcom,0.65,0.16757018484937658,0.18901863401997576
other,cellcom,0.66,0.15048087421317952,0.18700779748784835
other,cellcom,0.67,0.17184251250842583,0.17483553368003715
other,cellcom,0.68,0.1428856250415364,0.16368209371517048
other,cellcom,0.6900000000000001,0.1428856250415364,0.15692568296722242
other,cellcom,0.7000000000000001,0.13434096972343934,0.1513221518310291
other,cellcom,0.71,0.13576507894312095,0.13909626571569278
other,cellcom,0.72,0.12484690825888396,0.14043682340377772
other,cellcom,0.73,0.12104928367306239,0.13116016420222998
other,cellcom,0.74,0.10680819147623154,0.12220523884582261
other,cellcom,0.75,0.09968764537781609,0.11751328693752534
other,cellcom,0.76,0.08782006854712368,0.11308944656684507
other,cellcom,0.77,0.09209239620617295,0.11062282042076879
other,cellcom,0.78,0.08259833474161905,0.10367873159648883
other,cellcom,0.79,0.08022481937548057,0.10040777083756158
other,cellcom,0.8,0.07785130400934209,0.09268615855419236
other,cellcom,0.81,0.07785130400934209,0.09271296970795406
other,cellcom,0.8200000000000001,0.07880071015579748,0.08761885049323132
other,cellcom,0.8300000000000001,0.07073075791092744,0.08528628011596448
other,cellcom,0.84,0.07832600708256979,0.07743061206378582
other,cellcom,0.85,0.07215486713060974,0.0754733978391818
other,cellcom,0.86,0.07262957020383744,0.07206838131144608
other,cellcom,0.87,0.054590853421185,0.06694745094296162
other,cellcom,0.88,0.056489665714095784,0.0654728374860682
other,cellcom,0.89,0.049843822688908045,0.061236675191719804
other,cellcom,0.9,0.05506555649441269,0.05574038867057157
other,cellcom,0.91,0.04367268273694801,0.05576719982433327
other,cellcom,0.92,0.036552136638532566,0.054426642136248336
other,cellcom,0.93,0.051267931908591136,0.0572418132812267
other,cellcom,0.9400000000000001,0.03370391819916639,0.05587444443938007
other,cellcom,0.9500000000000001,0.028007481320434353,0.048447754847390063
other,cellcom,0.96,0.044147385810175695,0.04767023138830027
other,cellcom,0.97,0.038450948931443345,0.049734690227951066
other,cellcom,0.98,0.062186102592828134,0.06316707826256211
other,cellcom,0.99,0.1286445328447055,0.1627973256410344
perikaryon,cellcom,0.0,21.603631790435877,20.69791353194904
perikaryon,cellcom,0.01,8.100978497592099,7.554285632399213
perikaryon,cellcom,0.02,5.5734486672187975,5.2667862209584415
perikaryon,cellcom,0.03,4.042820772368945,4.234811589396516
perikaryon,cellcom,0.04,3.582712186742737,3.650397866037778
perikaryon,cellcom,0.05,3.4078709242047807,3.293449489335308
perikaryon,cellcom,0.06,2.9968405877120308,3.108181280336387
perikaryon,cellcom,0.07,2.785190638323979,2.8011580798434346
perikaryon,cellcom,0.08,2.2944081469893574,2.508490606594731
perikaryon,cellcom,0.09,2.021410386184471,2.2870132103398064
perikaryon,cellcom,0.1,1.9661973559093289,2.1407434475445317
perikaryon,cellcom,0.11,2.085825588172143,1.9656598721342293
perikaryon,cellcom,0.12,1.6257170025459329,1.8707738888513559
perikaryon,cellcom,0.13,1.6839974233919188,1.7749410928981868
perikaryon,cellcom,0.14,1.717738719671179,1.6600952749441666
perikaryon,cellcom,0.15,1.484617036287229,1.5657722613571445
perikaryon,cellcom,0.16,1.3404496794576843,1.4783840108417714
perikaryon,cellcom,0.17,1.3527192417410534,1.397572269955231
perikaryon,cellcom,0.18,1.251495352903284,1.3420429863188117
perikaryon,cellcom,0.19,1.122664948927946,1.2635854823421984
perikaryon,cellcom,0.2,1.0858562620778525,1.208235325427194
perikaryon,cellcom,0.21,1.033710622373546,1.1559303227761153
perikaryon,cellcom,0.22,0.9416889052483045,1.0830001576315138
perikaryon,cellcom,0.23,0.9324867335357829,1.0287503505765851
perikaryon,cellcom,0.24,0.9110149995398906,0.9904172321953149
perikaryon,cellcom,0.25,0.8772737032606354,0.9541568658760516
perikaryon,cellcom,0.26,0.8159258918438078,0.9122156235349985
perikaryon,cellcom,0.27,0.8864758749731596,0.8806381415039676
perikaryon,cellcom,0.28,0.8128585012729709,0.8378524446191395
perikaryon,cellcom,0.29,0.6380172387350076,0.8009011609458703
perikaryon,cellcom,0.3,0.7515106898561387,0.774390406177517
perikaryon,cellcom,0.31,0.7361737370019318,0.7372088167195853
perikaryon,cellcom,0.32,0.7576454709978215,0.7141014696579799
perikaryon,cellcom,0.33,0.641084629305849,0.6943463512398634
perikaryon,cellcom,0.34,0.6932302690101524,0.6603890427672718
perikaryon,cellcom,0.35000000000000003,0.5459955216097692,0.6235401172205294
perikaryon,cellcom,0.36,0.6288150670224835,0.603580282549372
perikaryon,cellcom,0.37,0.5858715990307041,0.5661939768384027
perikaryon,cellcom,0.38,0.5337259593264005,0.5574679465526802
perikaryon,cellcom,0.39,0.47544553848041426,0.534590905275742
perikaryon,cellcom,0.4,0.481580319622097,0.512686266200732
perikaryon,cellcom,0.41000000000000003,0.5245237876138793,0.49572040673025386
perikaryon,cellcom,0.42,0.42636728934695217,0.4720245004411631
perikaryon,cellcom,0.43,0.37728904021349,0.45040134621407957
perikaryon,cellcom,0.44,0.4325020704886349,0.43351225533848775
perikaryon,cellcom,0.45,0.39569338363853834,0.42417207629365283
perikaryon,cellcom,0.46,0.44170424220115906,0.41260560799703533
perikaryon,cellcom,0.47000000000000003,0.34354774393423676,0.38650428573475915
perikaryon,cellcom,0.48,0.38035643078433146,0.3792880378151859
perikaryon,cellcom,0.49,0.41103033649274523,0.36590471277286085
perikaryon,cellcom,0.5,0.3650194779301245,0.34689169077200516
perikaryon,cellcom,0.51,0.38342382135517283,0.33455753652649717
perikaryon,cellcom,0.52,0.32514340050918655,0.3209694952311346
perikaryon,cellcom,0.53,0.2914021042299313,0.3051295751523598
perikaryon,cellcom,0.54,0.2607281985215175,0.2913112280723301
perikaryon,cellcom,0.55,0.2944694948007727,0.2833272942038685
perikaryon,cellcom,0.56,0.312873838225821,0.2751130545507397
perikaryon,cellcom,0.5700000000000001,0.2392564645256305,0.26070614824323013
perikaryon,cellcom,0.58,0.28526732308824854,0.2501120821485378
perikaryon,cellcom,0.59,0.22085212110057953,0.24550596645519457
perikaryon,cellcom,0.6,0.28526732308824854,0.23212264141286948
perikaryon,cellcom,0.61,0.27606515137572446,0.2265697130492279
perikaryon,cellcom,0.62,0.25459341737983476,0.21369817863949656
perikaryon,cellcom,0.63,0.20551516824637261,0.20423005193651322
perikaryon,cellcom,0.64,0.23925646452562782,0.19964952577479966
perikaryon,cellcom,0.65,0.18711082482132432,0.1878783412251447
perikaryon,cellcom,0.66,0.1932456059630071,0.18498672415099035
perikaryon,cellcom,0.67,0.21778473052973815,0.17431588946141185
perikaryon,cellcom,0.68,0.17790865310880016,0.16244234678523817
perikaryon,cellcom,0.6900000000000001,0.1932456059630071,0.1558658371564092
perikaryon,cellcom,0.7000000000000001,0.15643691911291224,0.1503640878560287
perikaryon,cellcom,0.71,0.1226956228336553,0.1390535148757064
perikaryon,cellcom,0.72,0.17177387196711744,0.13933499972363295
perikaryon,cellcom,0.73,0.19017821539216573,0.13012276833694644
perikaryon,cellcom,0.74,0.11962823226281391,0.121396738051224
perikaryon,cellcom,0.75,0.11656084169197255,0.1165603165732136
perikaryon,cellcom,0.76,0.11042606055028976,0.11174948462683287
perikaryon,cellcom,0.77,0.13496518511702082,0.10942083724853156
perikaryon,cellcom,0.78,0.13189779454617945,0.10230694745547925
perikaryon,cellcom,0.79,0.12883040397533807,0.09908266647013897
perikaryon,cellcom,0.8,0.08588693598355872,0.09194318714545696
perikaryon,cellcom,0.81,0.08895432655440008,0.09194318714545696
perikaryon,cellcom,0.8200000000000001,0.09508910769608286,0.08708117613581688
perikaryon,cellcom,0.8300000000000001,0.08895432655440108,0.08447104390958998
perikaryon,cellcom,0.84,0.09202171712524147,0.0773571541165367
perikaryon,cellcom,0.85,0.08895432655440008,0.07518204392801352
perikaryon,cellcom,0.86,0.08588693598355872,0.07198335247430293
perikaryon,cellcom,0.87,0.07975215484187595,0.06617452879436451
perikaryon,cellcom,0.88,0.08895432655440008,0.06479269408636154
perikaryon,cellcom,0.89,0.09202171712524147,0.0603657051144261
perikaryon,cellcom,0.9,0.09508910769608286,0.055375746446637585
perikaryon,cellcom,0.91,0.06748259255851041,0.055017493003822
perikaryon,cellcom,0.92,0.06441520198766904,0.05337976297952219
perikaryon,cellcom,0.93,0.06441520198766904,0.056859939281159295
perikaryon,cellcom,0.9400000000000001,0.058280420845986274,0.05465923956100641
perikaryon,cellcom,0.9500000000000001,0.04907824913346267,0.04734063351491714
perikaryon,cellcom,0.96,0.06748259255851041,0.04731504398328692
perikaryon,cellcom,0.97,0.09815649826692424,0.04872246822291958
perikaryon,cellcom,0.98,0.09508910769608286,0.06284788968250551
perikaryon,cellcom,0.99,0.3220760099383452,0.15962749830597286
perinuclear region of cytoplasm,cellcom,0.0,20.760118977423115,20.703202241925755
perinuclear region of cytoplasm,cellcom,0.01,7.789876436442732,7.549497533538465
perinuclear region of cytoplasm,cellcom,0.02,5.336949827692389,5.266598289515197
perinuclear region of cytoplasm,cellcom,0.03,4.344379365016968,4.2287440120491615
perinuclear region of cytoplasm,cellcom,0.04,3.6453214880039826,3.6500198663345484
perinuclear region of cytoplasm,cellcom,0.05,3.406842512153257,3.289865001326624
perinuclear region of cytoplasm,cellcom,0.06,3.151329323741759,3.105484296355548
perinuclear region of cytoplasm,cellcom,0.07,2.9449532869478636,2.7952262716104155
perinuclear region of cytoplasm,cellcom,0.08,2.6461994051128856,2.501098918505789
perinuclear region of cytoplasm,cellcom,0.09,2.402479133089611,2.2800743964528345
perinuclear region of cytoplasm,cellcom,0.1,2.1640001572388865,2.1383040090395133
perinuclear region of cytoplasm,cellcom,0.11,2.0198645124939407,1.9645098823464198
perinuclear region of cytoplasm,cellcom,0.12,1.9333831256469707,1.8661418258283453
perinuclear region of cytoplasm,cellcom,0.13,1.8167642858078787,1.7724730484461344
perinuclear region of cytoplasm,cellcom,0.14,1.6804905853217533,1.659769550519234
perinuclear region of cytoplasm,cellcom,0.15,1.5868024162375343,1.5642263415715907
perinuclear region of cytoplasm,cellcom,0.16,1.5022865154552707,1.4762336597748293
perinuclear region of cytoplasm,cellcom,0.17,1.4583906600102232,1.3947354873456097
perinuclear region of cytoplasm,cellcom,0.18,1.412529318500464,1.3384233390490283
perinuclear region of cytoplasm,cellcom,0.19,1.2723246458849262,1.2620204524244176
perinuclear region of cytoplasm,cellcom,0.2,1.2113945778791118,1.2070547268016016
perinuclear region of cytoplasm,cellcom,0.21,1.1622574262615135,1.1546234438587937
perinuclear region of cytoplasm,cellcom,0.22,1.067258933134163,1.0824182279229573
perinuclear region of cytoplasm,cellcom,0.23,1.0417076142930166,1.0273997014109737
perinuclear region of cytoplasm,cellcom,0.24,0.9473642831872314,0.9914686963328454
perinuclear region of cytoplasm,cellcom,0.25,0.892330673375525,0.9559864988126392
perinuclear region of cytoplasm,cellcom,0.26,0.8942961594402288,0.912108959914884
perinuclear region of cytoplasm,cellcom,0.27,0.8458141698442017,0.8820916544234597
perinuclear region of cytoplasm,cellcom,0.28,0.8261593091971683,0.8381085137473755
perinuclear region of cytoplasm,cellcom,0.29,0.7475398666090117,0.8016494997775755
perinuclear region of cytoplasm,cellcom,0.3,0.7213333857462944,0.7763314734220117
perinuclear region of cytoplasm,cellcom,0.31,0.7167472515953188,0.7380244283313725
perinuclear region of cytoplasm,cellcom,0.32,0.7128162794659113,0.7145280326520692
perinuclear region of cytoplasm,cellcom,0.33,0.686609798603194,0.6941996903227844
perinuclear region of cytoplasm,cellcom,0.34,0.6551620215679331,0.660882329258424
perinuclear region of cytoplasm,cellcom,0.35000000000000003,0.6034042218640698,0.6236841028402947
perinuclear region of cytoplasm,cellcom,0.36,0.5929216295189794,0.6042269751822615
perinuclear region of cytoplasm,cellcom,0.37,0.5326467235347296,0.5677151603232994
perinuclear region of cytoplasm,cellcom,0.38,0.5365776956641373,0.5581053984949101
perinuclear region of cytoplasm,cellcom,0.39,0.5025092705426047,0.5353746157085281
perinuclear region of cytoplasm,cellcom,0.4,0.4861302200034064,0.5134886471488176
perinuclear region of cytoplasm,cellcom,0.41000000000000003,0.5025092705426075,0.4956947474995502
perinuclear region of cytoplasm,cellcom,0.42,0.4481308227524663,0.4725943584889965
perinuclear region of cytoplasm,cellcom,0.43,0.4245449899760207,0.45081399170761993
perinuclear region of cytoplasm,cellcom,0.44,0.42388982795445274,0.43389130672960496
perinuclear region of cytoplasm,cellcom,0.45,0.40489012932898266,0.4247039520145516
perinuclear region of cytoplasm,cellcom,0.46,0.4186485317819093,0.4126125483953146
perinuclear region of cytoplasm,cellcom,0.47000000000000003,0.36558040803490877,0.3869777167047511
perinuclear region of cytoplasm,cellcom,0.48,0.3970281850701675,0.3785823753272002
perinuclear region of cytoplasm,cellcom,0.49,0.3472358714310046,0.36704538104421647
perinuclear region of cytoplasm,cellcom,0.5,0.2922022616192982,0.3492514813949464
perinuclear region of cytoplasm,cellcom,0.51,0.3079261501369286,0.336051259103203
perinuclear region of cytoplasm,cellcom,0.52,0.30399517800752096,0.32168941724978617
perinuclear region of cytoplasm,cellcom,0.53,0.2568235124546298,0.30695796917220064
perinuclear region of cytoplasm,cellcom,0.54,0.23127219361348042,0.2934673419900389
perinuclear region of cytoplasm,cellcom,0.55,0.24896156819581458,0.2848079961666552
perinuclear region of cytoplasm,cellcom,0.56,0.25092705426051837,0.2764126547891064
perinuclear region of cytoplasm,cellcom,0.5700000000000001,0.2358583277644586,0.2615228040440228
perinuclear region of cytoplasm,cellcom,0.58,0.24830640617424665,0.2504874182081224
perinuclear region of cytoplasm,cellcom,0.59,0.2096518469017386,0.24673855507726727
perinuclear region of cytoplasm,cellcom,0.6,0.22603089744093696,0.23282552078176974
perinuclear region of cytoplasm,cellcom,0.61,0.2109621709448745,0.22762463319882284
perinuclear region of cytoplasm,cellcom,0.62,0.1893418242331327,0.21503162113249968
perinuclear region of cytoplasm,cellcom,0.63,0.19851409253508376,0.20447144329910497
perinuclear region of cytoplasm,cellcom,0.64,0.18213504199588543,0.20069617972366635
perinuclear region of cytoplasm,cellcom,0.65,0.1539630750684643,0.18923838677443314
perinuclear region of cytoplasm,cellcom,0.66,0.17951439390961368,0.18527832008691011
perinuclear region of cytoplasm,cellcom,0.67,0.1539630750684643,0.17551015559102
perinuclear region of cytoplasm,cellcom,0.68,0.156583723154736,0.16281154174636286
perinuclear region of cytoplasm,cellcom,0.6900000000000001,0.14544596878808116,0.15660743726924345
perinuclear region of cytoplasm,cellcom,0.7000000000000001,0.14544596878808277,0.15061453634879365
perinuclear region of cytoplasm,cellcom,0.71,0.1441356447449453,0.13870793584163946
perinuclear region of cytoplasm,cellcom,0.72,0.11530851579595625,0.140582367407067
perinuclear region of cytoplasm,cellcom,0.73,0.10810173355870897,0.13152701491493105
perinuclear region of cytoplasm,cellcom,0.74,0.1028604373861655,0.12212845664320976
perinuclear region of cytoplasm,cellcom,0.75,0.09958462727832584,0.11724437439526471
perinuclear region of cytoplasm,cellcom,0.76,0.08320557673912751,0.11288830103898939
perinuclear region of cytoplasm,cellcom,0.77,0.09106752099794271,0.11038025880355816
perinuclear region of cytoplasm,cellcom,0.78,0.08255041471755958,0.10335774054435068
perinuclear region of cytoplasm,cellcom,0.79,0.07599879450188024,0.10026888852808272
perinuclear region of cytoplasm,cellcom,0.8,0.08124009067442371,0.09232235470845321
perinuclear region of cytoplasm,cellcom,0.81,0.08451590078226338,0.09221675293011927
perinuclear region of cytoplasm,cellcom,0.8200000000000001,0.07272298439404058,0.08772867735092651
perinuclear region of cytoplasm,cellcom,0.8300000000000001,0.06093006800581846,0.0854582391167476
perinuclear region of cytoplasm,cellcom,0.84,0.05175779970386672,0.07851492219128962
perinuclear region of cytoplasm,cellcom,0.85,0.06617136417836125,0.07566367417627307
perinuclear region of cytoplasm,cellcom,0.86,0.06617136417836125,0.07233721815875373
perinuclear region of cytoplasm,cellcom,0.87,0.04782682757445912,0.06703072879747289
perinuclear region of cytoplasm,cellcom,0.88,0.04913715161759499,0.06563150523454808
perinuclear region of cytoplasm,cellcom,0.89,0.051102637682298786,0.06101142743243791
perinuclear region of cytoplasm,cellcom,0.9,0.051102637682298786,0.05588974118324148
perinuclear region of cytoplasm,cellcom,0.91,0.04586134150975532,0.055493734514489176
perinuclear region of cytoplasm,cellcom,0.92,0.04127520735877979,0.05396250872864695
perinuclear region of cytoplasm,cellcom,0.93,0.04651650353132326,0.05734176563533325
perinuclear region of cytoplasm,cellcom,0.9400000000000001,0.042585531401915656,0.055176929179487334
perinuclear region of cytoplasm,cellcom,0.9500000000000001,0.03341326309996496,0.047916806919029005
perinuclear region of cytoplasm,cellcom,0.96,0.03996488331564392,0.04778480469611104
perinuclear region of cytoplasm,cellcom,0.97,0.04782682757445912,0.04918402825903584
perinuclear region of cytoplasm,cellcom,0.98,0.07403330843717644,0.06267465544119757
perinuclear region of cytoplasm,cellcom,0.99,0.12448078409790729,0.16244193552219405
plasma membrane,cellcom,0.0,19.500891560240753,21.097647993277
plasma membrane,cellcom,0.01,7.398710285278615,7.6109434435789876
plasma membrane,cellcom,0.02,5.111336555209585,5.320770547720542
plasma membrane,cellcom,0.03,4.19539529280987,4.245541522020479
plasma membrane,cellcom,0.04,3.600849616618765,3.665790519239302
plasma membrane,cellcom,0.05,3.3194347735354355,3.286242511731776
plasma membrane,cellcom,0.06,3.0880216867121337,3.113524955399238
plasma membrane,cellcom,0.07,2.7818125843263104,2.8072826657040606
plasma membrane,cellcom,0.08,2.509695588481415,2.5057502431468923
plasma membrane,cellcom,0.09,2.262269542525252,2.2921577684380345
plasma membrane,cellcom,0.1,2.125797806947766,2.1436960278662665
plasma membrane,cellcom,0.11,1.9216584053572139,1.9813065373292305
plasma membrane,cellcom,0.12,1.8838471599209046,1.8638289941439514
plasma membrane,cellcom,0.13,1.7646280964414023,1.777302006437041
plasma membrane,cellcom,0.14,1.666380843955266,1.658680638375395
plasma membrane,cellcom,0.15,1.563897905504944,1.5654925528590058
plasma membrane,cellcom,0.16,1.4701962672242608,1.4795374775902828
plasma membrane,cellcom,0.17,1.3964333457993385,1.3974512217563593
plasma membrane,cellcom,0.18,1.3363072669907816,1.3429176886797995
plasma membrane,cellcom,0.19,1.2584119690154394,1.2637246369449369
plasma membrane,cellcom,0.2,1.2193610106140116,1.2032701280377402
plasma membrane,cellcom,0.21,1.1532429858073519,1.155464976586913
plasma membrane,cellcom,0.22,1.0753476878320096,1.0839422799053846
plasma membrane,cellcom,0.23,1.047350836702944,1.0216374660511114
plasma membrane,cellcom,0.24,1.0057171429574998,0.9845640832933266
plasma membrane,cellcom,0.25,0.9527194136984142,0.9537817373556039
plasma membrane,cellcom,0.26,0.9172842847785968,0.909508986258289
plasma membrane,cellcom,0.27,0.8801962052386129,0.8808460805326718
plasma membrane,cellcom,0.28,0.8479636681453727,0.8342856796826127
plasma membrane,cellcom,0.29,0.806433283813687,0.797313222649212
plasma membrane,cellcom,0.3,0.7904203246808248,0.7689194521886241
plasma membrane,cellcom,0.31,0.7535388639683618,0.7318797113389709
plasma membrane,cellcom,0.32,0.7422781378684783,0.7054035296417164
plasma membrane,cellcom,0.33,0.7120084796366809,0.6880106631391998
plasma membrane,cellcom,0.34,0.671821117683885,0.6570264657527052
plasma membrane,cellcom,0.35000000000000003,0.6361793699365503,0.6185737647616517
plasma membrane,cellcom,0.36,0.6123148953578942,0.6010126887184883
plasma membrane,cellcom,0.37,0.586694160745315,0.5597340674446241
plasma membrane,cellcom,0.38,0.5610734261327356,0.5560334575504716
plasma membrane,cellcom,0.39,0.5504325565154143,0.5287835119662581
plasma membrane,cellcom,0.4,0.5383453551054475,0.5039894256754365
plasma membrane,cellcom,0.41000000000000003,0.5147908087680789,0.4898261823532739
plasma membrane,cellcom,0.42,0.4870005764665284,0.4666469076526254
plasma membrane,cellcom,0.43,0.46675193136948984,0.4442750387470673
plasma membrane,cellcom,0.44,0.4615864606814698,0.4243590291349013
plasma membrane,cellcom,0.45,0.4516687569604713,0.4149056529507482
plasma membrane,cellcom,0.46,0.43100687420839123,0.40693252072425606
plasma membrane,cellcom,0.47000000000000003,0.4049729019407725,0.38001899422133123
plasma membrane,cellcom,0.48,0.39980743125275026,0.3726177744330242
plasma membrane,cellcom,0.49,0.3883400863253458,0.3590937273653034
plasma membrane,cellcom,0.5,0.3687112977108697,0.3399851235482252
plasma membrane,cellcom,0.51,0.36065316343755843,0.32659564411301906
plasma membrane,cellcom,0.52,0.34825603378631037,0.31212962361769575
plasma membrane,cellcom,0.53,0.32718091337918864,0.2977981707548871
plasma membrane,cellcom,0.54,0.2990807528363597,0.28844572029512
plasma membrane,cellcom,0.55,0.3061057929720669,0.27603185619564496
plasma membrane,cellcom,0.56,0.29060938090800686,0.27048094135441625
plasma membrane,cellcom,0.5700000000000001,0.2899895244254476,0.2509349927316683
plasma membrane,cellcom,0.58,0.27304678056873877,0.2430291443214307
plasma membrane,cellcom,0.59,0.26178605446885506,0.23993408877359412
plasma membrane,cellcom,0.6,0.2489756871625654,0.22721744750096112
plasma membrane,cellcom,0.61,0.24246719409566017,0.2219356679247617
plasma membrane,cellcom,0.62,0.23874805520028575,0.20598940347177744
plasma membrane,cellcom,0.63,0.22893366089304767,0.19619960820633778
plasma membrane,cellcom,0.64,0.21798286303444525,0.19411380990236093
plasma membrane,cellcom,0.65,0.21395379589778962,0.1793786541420084
plasma membrane,cellcom,0.66,0.20517249572815557,0.17850396453066328
plasma membrane,cellcom,0.67,0.20868501579600918,0.16360059922966744
plasma membrane,cellcom,0.68,0.18575032594120025,0.15502191265685947
plasma membrane,cellcom,0.6900000000000001,0.18110140232198224,0.1480580376742271
plasma membrane,cellcom,0.7000000000000001,0.1730432680486729,0.14304539336305855
plasma membrane,cellcom,0.71,0.1617825419487873,0.13147257696679834
plasma membrane,cellcom,0.72,0.16477851494783893,0.13140529315054103
plasma membrane,cellcom,0.73,0.1579600936396525,0.1217164236094873
plasma membrane,cellcom,0.74,0.1405008027141448,0.11515625152439886
plasma membrane,cellcom,0.75,0.13523202261236436,0.1104800262945153
plasma membrane,cellcom,0.76,0.1370915920600516,0.10348250940375427
plasma membrane,cellcom,0.77,0.13409561906099995,0.1016658463648067
plasma membrane,cellcom,0.78,0.13512871319860395,0.09194333491562433
plasma membrane,cellcom,0.79,0.12624410361520952,0.09056401668234933
plasma membrane,cellcom,0.8,0.11715287520429427,0.08366742551597428
plasma membrane,cellcom,0.81,0.11333042689515943,0.08494581802486331
plasma membrane,cellcom,0.8200000000000001,0.11859920699693988,0.07690540198211387
plasma membrane,cellcom,0.8300000000000001,0.10940466917226543,0.07640077336018485
plasma membrane,cellcom,0.84,0.10155315372647378,0.06963874982632359
plasma membrane,cellcom,0.85,0.09504466065956853,0.06886498593936444
plasma membrane,cellcom,0.86,0.09804063365862015,0.06365049017942233
plasma membrane,cellcom,0.87,0.09349501945316252,0.05742673717562047
plasma membrane,cellcom,0.88,0.0882262393513821,0.05742673717562047
plasma membrane,cellcom,0.89,0.08202767452575806,0.05365884346521069
plasma membrane,cellcom,0.9,0.07923832035422725,0.04804064480772468
plasma membrane,cellcom,0.91,0.07272982728732201,0.04938632113287103
plasma membrane,cellcom,0.92,0.07324637435612402,0.04703138756386492
plasma membrane,cellcom,0.93,0.08388724397344527,0.048141570532110656
plasma membrane,cellcom,0.9400000000000001,0.07882508269918564,0.04682953611509297
plasma membrane,cellcom,0.9500000000000001,0.0657047871516155,0.04137954699825071
plasma membrane,cellcom,0.96,0.07169673314971801,0.039596525867431336
plasma membrane,cellcom,0.97,0.07872177328542523,0.03949560014304536
plasma membrane,cellcom,0.98,0.1041358890704838,0.049756382122286266
plasma membrane,cellcom,0.99,0.28926635852912164,0.11919328049983792
postsynaptic density,cellcom,0.0,23.102198291395503,20.646612948223176
postsynaptic density,cellcom,0.01,8.278040404468658,7.541165694210478
postsynaptic density,cellcom,0.02,5.565683759777841,5.262053564348122
postsynaptic density,cellcom,0.03,4.44427956670129,4.228045894766728
postsynaptic density,cellcom,0.04,3.8390604795115846,3.6451961894936247
postsynaptic density,cellcom,0.05,3.505183049625847,3.289225483560894
postsynaptic density,cellcom,0.06,3.1681258346935715,3.1057670582405073
postsynaptic density,cellcom,0.07,2.88512496555233,2.7989630022908916
postsynaptic density,cellcom,0.08,2.5512475356665902,2.505627124390586
postsynaptic density,cellcom,0.09,2.3042842303860236,2.284338198950988
postsynaptic density,cellcom,0.1,2.2332690310135046,2.136994251064
postsynaptic density,cellcom,0.11,1.8198969749644933,1.970254046758499
postsynaptic density,cellcom,0.12,1.8156572615691164,1.8700487220441038
postsynaptic density,cellcom,0.13,1.802938121382993,1.7734834454511472
postsynaptic density,cellcom,0.14,1.6015517351027102,1.6620199719040316
postsynaptic density,cellcom,0.15,1.4637610497530356,1.567586723496483
postsynaptic density,cellcom,0.16,1.4054649905666365,1.4790035524269618
postsynaptic density,cellcom,0.17,1.384266423589768,1.3975184751942447
postsynaptic density,cellcom,0.18,1.3174909376126163,1.3418777396237167
postsynaptic density,cellcom,0.19,1.2199775295190034,1.2634607029504918
postsynaptic density,cellcom,0.2,1.19453924914676,1.207533963599001
postsynaptic density,cellcom,0.21,1.0207109999364035,1.1582113115535377
postsynaptic density,cellcom,0.22,1.052508850401712,1.0825503113151147
postsynaptic density,cellcom,0.23,0.9634748690988507,1.0295356104607722
postsynaptic density,cellcom,0.24,0.9592351557034735,0.9905090945302288
postsynaptic density,cellcom,0.25,0.8405231806329885,0.9562926421887289
postsynaptic density,cellcom,0.26,0.8309838254933959,0.9133920750432313
postsynaptic density,cellcom,0.27,0.7907065482373384,0.8828936718543412
postsynaptic density,cellcom,0.28,0.7610285544697214,0.8395250985218063
postsynaptic density,cellcom,0.29,0.7133317787717545,0.8016685980588656
postsynaptic density,cellcom,0.3,0.6656350030737916,0.7768642701456506
postsynaptic density,cellcom,0.31,0.6847137133529767,0.7384877628082237
postsynaptic density,cellcom,0.32,0.5977995887478001,0.7173234830164449
postsynaptic density,cellcom,0.33,0.5935598753524256,0.6963672059744623
postsynaptic density,cellcom,0.34,0.6030992304920182,0.6620727526017888
postsynaptic density,cellcom,0.35000000000000003,0.5829605918639927,0.6238782476704371
postsynaptic density,cellcom,0.36,0.5479829563521501,0.605158000188762
postsynaptic density,cellcom,0.37,0.48862696881690754,0.568263512443634
postsynaptic density,cellcom,0.38,0.4706081868865661,0.5593973952335645
postsynaptic density,cellcom,0.39,0.4536493333050682,0.5360750869126485
postsynaptic density,cellcom,0.4,0.4525894049562246,0.5138967937156125
postsynaptic density,cellcom,0.41000000000000003,0.4313908379793546,0.497542577512877
postsynaptic density,cellcom,0.42,0.39323341742098195,0.4735702605988447
postsynaptic density,cellcom,0.43,0.3561359252114554,0.45209397668237133
postsynaptic density,cellcom,0.44,0.3328175015368958,0.4359737635731541
postsynaptic density,cellcom,0.45,0.34553664172301923,0.4258596298643064
postsynaptic density,cellcom,0.46,0.3275178597926777,0.41493948549999793
postsynaptic density,cellcom,0.47000000000000003,0.3084391495134943,0.3880551300888216
postsynaptic density,cellcom,0.48,0.36355542365336074,0.3796830194095162
postsynaptic density,cellcom,0.49,0.33811714328111386,0.3669688513282143
postsynaptic density,cellcom,0.5,0.2883005108854639,0.34848260694006344
postsynaptic density,cellcom,0.51,0.293600152629682,0.3359764416085578
postsynaptic density,cellcom,0.52,0.24166366353634472,0.3229502694025612
postsynaptic density,cellcom,0.53,0.24484344858287557,0.3064920518249249
postsynaptic density,cellcom,0.54,0.21198566976872343,0.29299787343188655
postsynaptic density,cellcom,0.55,0.2321243083967522,0.2846777634400324
postsynaptic density,cellcom,0.56,0.21092574141987983,0.27700766204129196
postsynaptic density,cellcom,0.5700000000000001,0.2130455981175694,0.2616934595875384
postsynaptic density,cellcom,0.58,0.20880588472219258,0.25142332381634064
postsynaptic density,cellcom,0.59,0.20244631462913087,0.24635325679005454
postsynaptic density,cellcom,0.6,0.19396688783838198,0.2335090869901298
postsynaptic density,cellcom,0.61,0.16534882241960427,0.2284910206512928
postsynaptic density,cellcom,0.62,0.1547495389311681,0.2154908487890208
postsynaptic density,cellcom,0.63,0.1600491806753862,0.2053247143927241
postsynaptic density,cellcom,0.64,0.18442753269878942,0.2003586487413362
postsynaptic density,cellcom,0.65,0.15792932397769896,0.18860649337784227
postsynaptic density,cellcom,0.66,0.14309032709388833,0.18608446003656154
postsynaptic density,cellcom,0.67,0.14944989718695004,0.17529431739087575
postsynaptic density,cellcom,0.68,0.13885061369851387,0.1631521568715137
postsynaptic density,cellcom,0.6900000000000001,0.11235240497742342,0.1572500788460422
postsynaptic density,cellcom,0.7000000000000001,0.1059928348843629,0.15150400288291965
postsynaptic density,cellcom,0.71,0.10175312148898724,0.1398298485505977
postsynaptic density,cellcom,0.72,0.13461090030313938,0.13972584717569955
postsynaptic density,cellcom,0.73,0.09963326479130001,0.13137973684012091
postsynaptic density,cellcom,0.74,0.06995527102367874,0.12264362134867413
postsynaptic density,cellcom,0.75,0.08479426790748938,0.11733955122886713
postsynaptic density,cellcom,0.76,0.08903398130286384,0.1122954845463056
postsynaptic density,cellcom,0.77,0.08055455451211492,0.1103454587669648
postsynaptic density,cellcom,0.78,0.0741949844190532,0.10324736493016429
postsynaptic density,cellcom,0.79,0.06465562927946066,0.1001793243706681
postsynaptic density,cellcom,0.8,0.06995527102367874,0.09243122194075398
postsynaptic density,cellcom,0.81,0.07843469781442768,0.09224921953468217
postsynaptic density,cellcom,0.8200000000000001,0.07101519937252235,0.0875431573205397
postsynaptic density,cellcom,0.8300000000000001,0.059355987535243224,0.08512512535415805
postsynaptic density,cellcom,0.84,0.04133720560490107,0.07836503598577566
postsynaptic density,cellcom,0.85,0.04239713395374469,0.07610300608174034
postsynaptic density,cellcom,0.86,0.06677548597714789,0.07222895486678328
postsynaptic density,cellcom,0.87,0.04769677569796278,0.06674288234090449
postsynaptic density,cellcom,0.88,0.030737922116464898,0.06583287031054544
postsynaptic density,cellcom,0.89,0.043457062302588306,0.061048807065229346
postsynaptic density,cellcom,0.9,0.0370974922095266,0.05616074244501507
postsynaptic density,cellcom,0.91,0.04133720560490107,0.05545873316445238
postsynaptic density,cellcom,0.92,0.0243783520234032,0.05418471632194973
postsynaptic density,cellcom,0.93,0.0487567040468064,0.0571227551628232
postsynaptic density,cellcom,0.9400000000000001,0.0370974922095266,0.055120728696033315
postsynaptic density,cellcom,0.9500000000000001,0.02437835202340347,0.04791863348433516
postsynaptic density,cellcom,0.96,0.030737922116464898,0.047892633140610076
postsynaptic density,cellcom,0.97,0.018018781930341492,0.049894659607399965
postsynaptic density,cellcom,0.98,0.04451699065143192,0.06357084040651012
postsynaptic density,cellcom,0.99,0.15686939562885535,0.16107212937355017
postsynaptic membrane,cellcom,0.0,20.13090248384366,20.712556166264477
postsynaptic membrane,cellcom,0.01,7.503148679619268,7.5595012970141955
postsynaptic membrane,cellcom,0.02,5.085375673610969,5.271612449691883
postsynaptic membrane,cellcom,0.03,4.257427786839551,4.232921961266345
postsynaptic membrane,cellcom,0.04,3.902298019945078,3.646696210909718
postsynaptic membrane,cellcom,0.05,3.801127330539097,3.288090285343124
postsynaptic membrane,cellcom,0.06,3.2581091404620786,3.1053829172336362
postsynaptic membrane,cellcom,0.07,2.9876323993971066,2.798703808000791
postsynaptic membrane,cellcom,0.08,2.665537959655608,2.5047430431940683
postsynaptic membrane,cellcom,0.09,2.3744141391200193,2.283700786430475
postsynaptic membrane,cellcom,0.1,2.238143414614004,2.1380693193450395
postsynaptic membrane,cellcom,0.11,1.9779902132843319,1.9665129845303833
postsynaptic membrane,cellcom,0.12,1.9697313814960855,1.8674897533823072
postsynaptic membrane,cellcom,0.13,1.8086841616253366,1.773759409005511
postsynaptic membrane,cellcom,0.14,1.7508723391076366,1.659448470920986
postsynaptic membrane,cellcom,0.15,1.511366217248569,1.565769513794392
postsynaptic membrane,cellcom,0.16,1.5258191728779948,1.4766383283110849
postsynaptic membrane,cellcom,0.17,1.4824603059897206,1.3961402008624861
postsynaptic membrane,cellcom,0.18,1.3730307847954895,1.3408989068904125
postsynaptic membrane,cellcom,0.19,1.2677306794953844,1.2623534949496598
postsynaptic membrane,cellcom,0.2,1.2285012285012307,1.2069580392269736
postsynaptic membrane,cellcom,0.21,1.1665599900894008,1.1547742866421917
postsynaptic membrane,cellcom,0.22,1.1872070695600097,1.0805197100936883
postsynaptic membrane,cellcom,0.23,1.0612598847892984,1.0275394551307104
postsynaptic membrane,cellcom,0.24,0.9662833192244948,0.99005245610501
postsynaptic membrane,cellcom,0.25,0.9064067887597291,0.9541070745855096
postsynaptic membrane,cellcom,0.26,0.8217537629302327,0.912534789168389
postsynaptic membrane,cellcom,0.27,0.7928478516713803,0.8817795199197528
postsynaptic membrane,cellcom,0.28,0.7949125596184458,0.8381774381194772
postsynaptic membrane,cellcom,0.29,0.8134949311419892,0.7993800642135072
postsynaptic membrane,cellcom,0.3,0.7329713212066147,0.7747141841143503
postsynaptic membrane,cellcom,0.31,0.7185183655771885,0.737432734089479
postsynaptic membrane,cellcom,0.32,0.7185183655771885,0.7144112459969326
postsynaptic membrane,cellcom,0.33,0.6194123841182659,0.6948327036682269
postsynaptic membrane,cellcom,0.34,0.6338653397476922,0.6609941994071961
postsynaptic membrane,cellcom,0.35000000000000003,0.5203064026593462,0.6241752346341873
postsynaptic membrane,cellcom,0.36,0.6194123841182659,0.60359464092645
postsynaptic membrane,cellcom,0.37,0.5347593582887696,0.5667499825283344
postsynaptic membrane,cellcom,0.38,0.43565337682984706,0.5587849587463151
postsynaptic membrane,cellcom,0.39,0.4397827927239688,0.5352752917768062
postsynaptic membrane,cellcom,0.4,0.528565234447587,0.5122281100591565
postsynaptic membrane,cellcom,0.41000000000000003,0.4294592529886668,0.49678624137208305
postsynaptic membrane,cellcom,0.42,0.43152396093572526,0.47214605489802675
postsynaptic membrane,cellcom,0.43,0.34893564305328983,0.451051588688227
postsynaptic membrane,cellcom,0.44,0.4067474655709946,0.4338368598690238
postsynaptic membrane,cellcom,0.45,0.39435921788862927,0.4243045249557038
postsynaptic membrane,cellcom,0.46,0.363388598682716,0.41346181516211616
postsynaptic membrane,cellcom,0.47000000000000003,0.32828856358268277,0.3868689131802148
postsynaptic membrane,cellcom,0.48,0.3716474304709596,0.37939206827515576
postsynaptic membrane,cellcom,0.49,0.33861210331798536,0.3666223365988215
postsynaptic membrane,cellcom,0.5,0.33861210331798536,0.3471465687705289
postsynaptic membrane,cellcom,0.51,0.29525323642970674,0.3354559693485327
postsynaptic membrane,cellcom,0.52,0.32828856358268094,0.3209133775400715
postsynaptic membrane,cellcom,0.53,0.2684120331179152,0.3054715088529952
postsynaptic membrane,cellcom,0.54,0.2147296264943322,0.29200804929887214
postsynaptic membrane,cellcom,0.55,0.2766708649061588,0.2835034593896837
postsynaptic membrane,cellcom,0.56,0.2395061218590628,0.275872452734007
postsynaptic membrane,cellcom,0.5700000000000001,0.23950612185906547,0.2607902947983797
postsynaptic membrane,cellcom,0.58,0.2395061218590628,0.2505385383821647
postsynaptic membrane,cellcom,0.59,0.24776495364730636,0.2452713452359906
postsynaptic membrane,cellcom,0.6,0.19821196291784507,0.23298979243661877
postsynaptic membrane,cellcom,0.61,0.20440608675902774,0.22726011403858545
postsynaptic membrane,cellcom,0.62,0.20647079470608865,0.21413067161080512
postsynaptic membrane,cellcom,0.63,0.18788842318254068,0.2044441749468654
postsynaptic membrane,cellcom,0.64,0.17962959139429713,0.20023042042992611
postsynaptic membrane,cellcom,0.65,0.1940825470237233,0.18779470587993455
postsynaptic membrane,cellcom,0.66,0.17550017550017535,0.18517395611939916
postsynaptic membrane,cellcom,0.67,0.17343546755311445,0.17469095707725749
postsynaptic membrane,cellcom,0.68,0.12801189271777497,0.1630003576552613
postsynaptic membrane,cellcom,0.6900000000000001,0.12801189271777497,0.15652556412923263
postsynaptic membrane,cellcom,0.7000000000000001,0.13007660066483728,0.15066741760568456
postsynaptic membrane,cellcom,0.71,0.14040014040014026,0.13889973730837682
postsynaptic membrane,cellcom,0.72,0.15691780397662738,0.1393879161853393
postsynaptic membrane,cellcom,0.73,0.14659426424132294,0.13042084102429166
postsynaptic membrane,cellcom,0.74,0.10942952119422698,0.1215308467385539
postsynaptic membrane,cellcom,0.75,0.10530010530010521,0.11670044521913568
postsynaptic membrane,cellcom,0.76,0.11562364503540964,0.11169018832399445
postsynaptic membrane,cellcom,0.77,0.13007660066483584,0.10937776206469851
postsynaptic membrane,cellcom,0.78,0.10530010530010521,0.10251756416212052
postsynaptic membrane,cellcom,0.79,0.09704127351186165,0.09935724827441605
postsynaptic membrane,cellcom,0.8,0.0929118576177399,0.09188040336935914
postsynaptic membrane,cellcom,0.81,0.09704127351186165,0.09185470974425586
postsynaptic membrane,cellcom,0.8200000000000001,0.12388247682365318,0.0866902910984949
postsynaptic membrane,cellcom,0.8300000000000001,0.08258831788243637,0.08453202658981962
postsynaptic membrane,cellcom,0.84,0.0743294860941919,0.07751766693662095
postsynaptic membrane,cellcom,0.85,0.07845890198831369,0.07525662792753159
postsynaptic membrane,cellcom,0.86,0.09497656556480079,0.07181368216369094
postsynaptic membrane,cellcom,0.87,0.07226477814713102,0.06621247189117407
postsynaptic membrane,cellcom,0.88,0.06400594635888748,0.06500487151131952
postsynaptic membrane,cellcom,0.89,0.0929118576177399,0.0602258572421079
postsynaptic membrane,cellcom,0.9,0.07845890198831369,0.05542114934779297
postsynaptic membrane,cellcom,0.91,0.05368240662358305,0.055138519471656794
postsynaptic membrane,cellcom,0.92,0.04955299072946127,0.05351982109014963
postsynaptic membrane,cellcom,0.93,0.07226477814713102,0.05673152422806067
postsynaptic membrane,cellcom,0.9400000000000001,0.08465302582949634,0.05431632346835157
postsynaptic membrane,cellcom,0.9500000000000001,0.04955299072946182,0.047327657440257666
postsynaptic membrane,cellcom,0.96,0.0598765304647657,0.04732765744025714
postsynaptic membrane,cellcom,0.97,0.047488282782400394,0.04915190482259061
postsynaptic membrane,cellcom,0.98,0.0763941940412528,0.06294938150305646
postsynaptic membrane,cellcom,0.99,0.32828856358268094,0.15888937763873515
presynapse,cellcom,0.0,23.323205843963542,20.643403775980847
presynapse,cellcom,0.01,8.486251110550503,7.536841974001359
presynapse,cellcom,0.02,5.712342740564434,5.258830357277391
presynapse,cellcom,0.03,4.4959471761854095,4.227000492040324
presynapse,cellcom,0.04,3.8619736539031044,3.644813390978775
presynapse,cellcom,0.05,3.468208092485551,3.2902793718718173
presynapse,cellcom,0.06,3.131478211273319,3.1066865006892175
presynapse,cellcom,0.07,2.766230489958431,2.8018501131900595
presynapse,cellcom,0.08,2.583058209299011,2.5049113106405945
presynapse,cellcom,0.09,2.2770398481973415,2.284999940248533
presynapse,cellcom,0.1,2.091673887530027,2.1404273736529302
presynapse,cellcom,0.11,1.8744995667481994,1.968836753282045
presynapse,cellcom,0.12,1.8207544065547143,1.8698831313300814
presynapse,cellcom,0.13,1.6682936460058555,1.7766968247032284
presynapse,cellcom,0.14,1.6737778460256034,1.6602594044909234
presynapse,cellcom,0.15,1.3940836450186997,1.569151409692933
presynapse,cellcom,0.16,1.2964648846672724,1.4815245872083012
presynapse,cellcom,0.17,1.2460102444856394,1.400782172656797
presynapse,cellcom,0.18,1.2174924043829716,1.3442261120137322
presynapse,cellcom,0.19,1.135229404086825,1.2654321148017875
presynapse,cellcom,0.2,1.1549725241579034,1.2084603917929566
presynapse,cellcom,0.21,1.0507727237827809,1.157385878598531
presynapse,cellcom,0.22,0.9531539634313535,1.084878774668911
presynapse,cellcom,0.23,0.8719878031391577,1.0316480129520413
presynapse,cellcom,0.24,0.9070866832655112,0.9917184469399188
presynapse,cellcom,0.25,0.8489541630562342,0.9559974623812562
presynapse,cellcom,0.26,0.7776595627995738,0.9145870991910683
presynapse,cellcom,0.27,0.7941121628588032,0.8827369704136716
presynapse,cellcom,0.28,0.7666911627600917,0.8393262320882032
presynapse,cellcom,0.29,0.7096554825547591,0.8016828090878334
presynapse,cellcom,0.3,0.6932028824955297,0.7761195735927613
presynapse,cellcom,0.31,0.6602976823770711,0.739021707447474
presynapse,cellcom,0.32,0.6065525221835886,0.7170175809593378
presynapse,cellcom,0.33,0.6416514023099444,0.6951433489605058
presynapse,cellcom,0.34,0.5769378420769757,0.662643747736588
presynapse,cellcom,0.35000000000000003,0.5407421219466741,0.6248444513490611
presynapse,cellcom,0.36,0.503449561812418,0.6061656237871097
presynapse,cellcom,0.37,0.4661570016781648,0.5687300319696312
presynapse,cellcom,0.38,0.4990622017966235,0.5586502195996231
presynapse,cellcom,0.39,0.41021816147678497,0.5370357765793996
presynapse,cellcom,0.4,0.4332518015597061,0.5143042409511597
presynapse,cellcom,0.41000000000000003,0.4069276414649414,0.498067429788134
presynapse,cellcom,0.42,0.378409801362275,0.47385509698182315
presynapse,cellcom,0.43,0.4069276414649391,0.4508118145792531
presynapse,cellcom,0.44,0.34879512125566214,0.43551024373921515
presynapse,cellcom,0.45,0.29175944105033375,0.4270671019344403
presynapse,cellcom,0.46,0.33782672121617585,0.4146232098590953
presynapse,cellcom,0.47000000000000003,0.29943732107797577,0.3882026707346175
presynapse,cellcom,0.48,0.35208564126750796,0.3799413812148664
presynapse,cellcom,0.49,0.3016310010858713,0.3678092359138516
presynapse,cellcom,0.5,0.2796942010068989,0.34863680929254753
presynapse,cellcom,0.51,0.28846892103848787,0.3360630227278983
presynapse,cellcom,0.52,0.2709194809753099,0.3221902912702067
presynapse,cellcom,0.53,0.2478858408923888,0.3063691424729518
presynapse,cellcom,0.54,0.25775740092792643,0.29184693856873917
presynapse,cellcom,0.55,0.2424016408726457,0.28439099488267644
presynapse,cellcom,0.56,0.20291540073049524,0.2771428823795005
presynapse,cellcom,0.5700000000000001,0.21059328075813796,0.26171141705016115
presynapse,cellcom,0.58,0.23033640082921084,0.2508782166421857
presynapse,cellcom,0.59,0.20291540073049524,0.24630593061867684
presynapse,cellcom,0.6,0.19194700069100903,0.2335243128711408
presynapse,cellcom,0.61,0.17768808063967692,0.22814668101394578
presynapse,cellcom,0.62,0.17549440063177968,0.21494940090063624
presynapse,cellcom,0.63,0.16562284059624208,0.20515535640709745
presynapse,cellcom,0.64,0.1941406806989063,0.20011545022209343
presynapse,cellcom,0.65,0.1722038806199338,0.188243093899687
presynapse,cellcom,0.66,0.14039552050542375,0.18611282427509768
presynapse,cellcom,0.67,0.16233232058439623,0.1749678770927949
presynapse,cellcom,0.68,0.14039552050542375,0.16309552077038847
presynapse,cellcom,0.6900000000000001,0.14039552050542375,0.1565488385094554
presynapse,cellcom,0.7000000000000001,0.13271764047778487,0.15083348098007104
presynapse,cellcom,0.71,0.13162080047383476,0.13909101914696717
presynapse,cellcom,0.72,0.12942712046593752,0.1398444071849317
presynapse,cellcom,0.73,0.09213456033168434,0.13153115986946112
presynapse,cellcom,0.74,0.10858716039091368,0.12168515758020065
presynapse,cellcom,0.75,0.10858716039091368,0.11674916698663998
presynapse,cellcom,0.76,0.09761876035142746,0.11207296537168777
presynapse,cellcom,0.77,0.09213456033168434,0.11004661133854184
presynapse,cellcom,0.78,0.09103772032773572,0.10282447773322677
presynapse,cellcom,0.79,0.10200612036722194,0.09926536872629092
presynapse,cellcom,0.8,0.10200612036722194,0.09165355165306317
presynapse,cellcom,0.81,0.08665036031194122,0.09204323512097586
presynapse,cellcom,0.8200000000000001,0.07019776025271188,0.08754888579104957
presynapse,cellcom,0.8300000000000001,0.07897248028430173,0.0846392492306358
presynapse,cellcom,0.84,0.06361672022902014,0.07780679909323247
presynapse,cellcom,0.85,0.066907240240866,0.07549467718361723
presynapse,cellcom,0.86,0.07787564028035224,0.07196154707454223
presynapse,cellcom,0.87,0.0625198802250715,0.06637608403446042
presynapse,cellcom,0.88,0.050454640181636666,0.0653369281200266
presynapse,cellcom,0.89,0.06361672022902014,0.06055681091363102
presynapse,cellcom,0.9,0.066907240240866,0.05543896803504444
presynapse,cellcom,0.91,0.058132520209277026,0.05504928456713176
presynapse,cellcom,0.92,0.04826096017373942,0.05359446628692441
presynapse,cellcom,0.93,0.0526483201895339,0.05702368080455602
presynapse,cellcom,0.9400000000000001,0.03400204012240732,0.05517917905643599
presynapse,cellcom,0.9500000000000001,0.02742100009871588,0.04782715096181723
presynapse,cellcom,0.96,0.03838940013820181,0.04769725647251246
presynapse,cellcom,0.97,0.04826096017373942,0.049152074752719814
presynapse,cellcom,0.98,0.06471356023296876,0.06307676400613305
presynapse,cellcom,0.99,0.14368604051726963,0.16138091351157266
protein-containing complex,cellcom,0.0,21.289654114363344,20.40118277793815
protein-containing complex,cellcom,0.01,7.6990293204947005,7.4857941608250735
protein-containing complex,cellcom,0.02,5.2734793342429676,5.267159310709991
protein-containing complex,cellcom,0.03,4.321328490188332,4.187345727133653
protein-containing complex,cellcom,0.04,3.746272959790581,3.5996230300541674
protein-containing complex,cellcom,0.05,3.393561364332032,3.242759691693541
protein-containing complex,cellcom,0.06,3.168919875398456,3.075153172984744
protein-containing complex,cellcom,0.07,2.8658650920763304,2.767263510019344
protein-containing complex,cellcom,0.08,2.5702217732521744,2.47365301166878
protein-containing complex,cellcom,0.09,2.325643444819051,2.2635563301466335
protein-containing complex,cellcom,0.1,2.208394076461116,2.1033209477660453
protein-containing complex,cellcom,0.11,2.0274802280655866,1.9349811746581116
protein-containing complex,cellcom,0.12,1.9105273182875646,1.846990646761252
protein-containing complex,cellcom,0.13,1.8036540002267891,1.7588457495172085
protein-containing complex,cellcom,0.14,1.6812166067202745,1.649822398066064
protein-containing complex,cellcom,0.15,1.589240332300421,1.552531117001158
protein-containing complex,cellcom,0.16,1.5015627072893962,1.4645791814410984
protein-containing complex,cellcom,0.17,1.399062153282429,1.396232152973851
protein-containing complex,cellcom,0.18,1.3508135194006188,1.3363368462651095
protein-containing complex,cellcom,0.19,1.2669898559285404,1.260039796417704
protein-containing complex,cellcom,0.2,1.1931716695287296,1.214539431334201
protein-containing complex,cellcom,0.21,1.1581154424533122,1.153254800500773
protein-containing complex,cellcom,0.22,1.0832596510237815,1.0810871306906322
protein-containing complex,cellcom,0.23,1.0335287242423834,1.0250510576615843
protein-containing complex,cellcom,0.24,0.9905422301541353,0.9893531461244794
protein-containing complex,cellcom,0.25,0.9526696465694916,0.9539639732817525
protein-containing complex,cellcom,0.26,0.906422108102138,0.9140209046969953
protein-containing complex,cellcom,0.27,0.8719587981865622,0.8852310214465327
protein-containing complex,cellcom,0.28,0.8171880755465437,0.8482981551319357
protein-containing complex,cellcom,0.29,0.7744239253932331,0.812638835931626
protein-containing complex,cellcom,0.3,0.7657525119306043,0.7786003948767893
protein-containing complex,cellcom,0.31,0.714983980119487,0.7487685185328113
protein-containing complex,cellcom,0.32,0.7015692293781552,0.7211749977230515
protein-containing complex,cellcom,0.33,0.6865980710922491,0.6977108569505565
protein-containing complex,cellcom,0.34,0.6437598062939632,0.6694612664152498
protein-containing complex,cellcom,0.35000000000000003,0.6084071206386339,0.6304444139136209
protein-containing complex,cellcom,0.36,0.5961782042169745,0.6077521198770597
protein-containing complex,cellcom,0.37,0.5533399394186886,0.5731347937702701
protein-containing complex,cellcom,0.38,0.5458543602757356,0.5632165632134752
protein-containing complex,cellcom,0.39,0.5099828721055447,0.5466604507276195
protein-containing complex,cellcom,0.4,0.4937517648549831,0.522154316861609
protein-containing complex,cellcom,0.41000000000000003,0.47092445420122786,0.5089943300138802
protein-containing complex,cellcom,0.42,0.4525440222462514,0.48159377088810185
protein-containing complex,cellcom,0.43,0.42356519605917575,0.4634553725935744
protein-containing complex,cellcom,0.44,0.4117809675073982,0.44481527392068776
protein-containing complex,cellcom,0.45,0.4010343439853368,0.43586185178381465
protein-containing complex,cellcom,0.46,0.3783552626215384,0.43080625566342506
protein-containing complex,cellcom,0.47000000000000003,0.3606418624713842,0.39943068584757446
protein-containing complex,cellcom,0.48,0.36219827001595656,0.388200315839684
protein-containing complex,cellcom,0.49,0.3331453291839011,0.3835306430872631
protein-containing complex,cellcom,0.5,0.3188412027028126,0.36172597279703333
protein-containing complex,cellcom,0.51,0.3175812537381571,0.3440120902072714
protein-containing complex,cellcom,0.52,0.29853378997836566,0.3327045355257894
protein-containing complex,cellcom,0.53,0.2757064793246078,0.3202778030771983
protein-containing complex,cellcom,0.54,0.26777621231177634,0.30318139787618625
protein-containing complex,cellcom,0.55,0.25599198375999876,0.29770128605103113
protein-containing complex,cellcom,0.56,0.25539906660016093,0.285853438654393
protein-containing complex,cellcom,0.5700000000000001,0.23746332251506808,0.272539082459477
protein-containing complex,cellcom,0.58,0.23279409988134223,0.2595720572957267
protein-containing complex,cellcom,0.59,0.22175101777936196,0.2575652557822896
protein-containing complex,cellcom,0.6,0.2059645983986788,0.24641207044799507
protein-containing complex,cellcom,0.61,0.2026294393745908,0.23965841150854333
protein-containing complex,cellcom,0.62,0.19506974558665802,0.2239127380954217
protein-containing complex,cellcom,0.63,0.17505879144213002,0.21943602702698511
protein-containing complex,cellcom,0.64,0.17594816718188683,0.21248940640354907
protein-containing complex,cellcom,0.65,0.1634969068252916,0.2005643743333172
protein-containing complex,cellcom,0.66,0.1616440407007983,0.19724543336878664
protein-containing complex,cellcom,0.67,0.1491927803442031,0.18794468020074173
protein-containing complex,cellcom,0.68,0.14733991421970977,0.1705009439685579
protein-containing complex,cellcom,0.6900000000000001,0.13755678108238498,0.16586986355293387
protein-containing complex,cellcom,0.7000000000000001,0.12555020859566957,0.16336136166113932
protein-containing complex,cellcom,0.71,0.11754582693785699,0.15004700546621844
protein-containing complex,cellcom,0.72,0.11591530474830285,0.15193802996926492
protein-containing complex,cellcom,0.73,0.11109785282462019,0.1407848446349704
protein-containing complex,cellcom,0.74,0.09545966273389647,0.13488021710504977
protein-containing complex,cellcom,0.75,0.09657138240859246,0.12696878806169207
protein-containing complex,cellcom,0.76,0.09271742086964634,0.12164304558372442
protein-containing complex,cellcom,0.77,0.08990106436041648,0.11990639042786541
protein-containing complex,cellcom,0.78,0.07915444083835514,0.11473501729708524
protein-containing complex,cellcom,0.79,0.08160022412268635,0.10856024340958656
protein-containing complex,cellcom,0.8,0.07567105252430768,0.1003400756718539
protein-containing complex,cellcom,0.81,0.07596751110422661,0.1002242986614633
protein-containing complex,cellcom,0.8200000000000001,0.07115005918054396,0.09547744123544867
protein-containing complex,cellcom,0.8300000000000001,0.06277510429783478,0.09582477226662153
protein-containing complex,cellcom,0.84,0.05981051849864476,0.08667838844576302
protein-containing complex,cellcom,0.85,0.05825411095407036,0.08416988655396668
protein-containing complex,cellcom,0.86,0.05469660799504316,0.08115968428381107
protein-containing complex,cellcom,0.87,0.04928623891152264,0.07513927974349982
protein-containing complex,cellcom,0.88,0.04735925814204957,0.07417447132357816
protein-containing complex,cellcom,0.89,0.04217123299346824,0.07023805297029773
protein-containing complex,cellcom,0.9,0.03779846893966397,0.0650280875027207
protein-containing complex,cellcom,0.91,0.03594560281517064,0.06510527217631444
protein-containing complex,cellcom,0.92,0.032981017015981315,0.06414046375639276
protein-containing complex,cellcom,0.93,0.03453742456055571,0.06857858248803246
protein-containing complex,cellcom,0.9400000000000001,0.03253632914610292,0.06622444994342358
protein-containing complex,cellcom,0.9500000000000001,0.030090545861772046,0.05634481172342628
protein-containing complex,cellcom,0.96,0.032313985211163715,0.05538000330350398
protein-containing complex,cellcom,0.97,0.03112815089148798,0.058505982584050195
protein-containing complex,cellcom,0.98,0.043431181958123705,0.07336403225084395
protein-containing complex,cellcom,0.99,0.10227821007203193,0.19153376752285034
receptor complex,cellcom,0.0,15.094489080004527,20.8341261952312
receptor complex,cellcom,0.01,6.097091773226208,7.592341693926838
receptor complex,cellcom,0.02,4.008147561389612,5.2982558249714
receptor complex,cellcom,0.03,3.4389498698653385,4.25144447972121
receptor complex,cellcom,0.04,2.9715966957112134,3.6653973088298546
receptor complex,cellcom,0.05,2.7599864207310185,3.3066559642208806
receptor complex,cellcom,0.06,2.7418807287541,3.115642228521271
receptor complex,cellcom,0.07,2.5472445400022647,2.80684793847686
receptor complex,cellcom,0.08,2.173814642978387,2.5143565331863664
receptor complex,cellcom,0.09,2.0572592508769927,2.2900361077745273
receptor complex,cellcom,0.1,1.9610727622496331,2.1433880250119492
receptor complex,cellcom,0.11,1.8513070046395845,1.9693002142479434
receptor complex,cellcom,0.12,1.6974086228358023,1.8726770660726308
receptor complex,cellcom,0.13,1.7030666515785884,1.7758202778291914
receptor complex,cellcom,0.14,1.7777526309833687,1.6578839634389668
receptor complex,cellcom,0.15,1.5989589227113261,1.564324096156905
receptor complex,cellcom,0.16,1.4857983478556058,1.477046550706773
receptor complex,cellcom,0.17,1.3907434649768047,1.3973493274670665
receptor complex,cellcom,0.18,1.4133755799479448,1.33964023063909
receptor complex,cellcom,0.19,1.3217155143148116,1.2610592877248872
receptor complex,cellcom,0.2,1.237976688921582,1.2065173118204504
receptor complex,cellcom,0.21,1.206291727961977,1.1537406164307629
receptor complex,cellcom,0.22,1.2040285164648628,1.0790277146444807
receptor complex,cellcom,0.23,1.1780015842480502,1.0245116987476133
receptor complex,cellcom,0.24,1.0569197691524264,0.9882196081648369
receptor complex,cellcom,0.25,1.1689487382595893,0.9485786766055413
receptor complex,cellcom,0.26,1.0704990381351127,0.9077695447055983
receptor complex,cellcom,0.27,1.0467353174154115,0.876877135697372
receptor complex,cellcom,0.28,1.044472105918303,0.8329008828739013
receptor complex,cellcom,0.29,0.992418241484666,0.7951290718596367
receptor complex,cellcom,0.3,1.0852099128663564,0.7670663036765334
receptor complex,cellcom,0.31,0.8769944551318313,0.7339932540324323
receptor complex,cellcom,0.32,0.942627588548149,0.7092274068107112
receptor complex,cellcom,0.33,0.959601674776507,0.6878104005655122
receptor complex,cellcom,0.34,0.9075478103428757,0.6549969509971103
receptor complex,cellcom,0.35000000000000003,0.8260721964467618,0.6182375802780813
receptor complex,cellcom,0.36,0.8498359171664583,0.5981445344189458
receptor complex,cellcom,0.37,0.7751499377616832,0.5615668837529029
receptor complex,cellcom,0.38,0.7660970917732256,0.5524808811034244
receptor complex,cellcom,0.39,0.7389385538078527,0.5294024343737493
receptor complex,cellcom,0.4,0.7287541020708379,0.5074662279771517
receptor complex,cellcom,0.41000000000000003,0.7106484100939265,0.4910335431853835
receptor complex,cellcom,0.42,0.6778318433857639,0.46691669615290815
receptor complex,cellcom,0.43,0.6551997284146198,0.4450843297865901
receptor complex,cellcom,0.44,0.6631209686545202,0.4282362848737003
receptor complex,cellcom,0.45,0.612198709969446,0.4196175623604808
receptor complex,cellcom,0.46,0.6235147674550181,0.40801343897671843
receptor complex,cellcom,0.47000000000000003,0.560144845535818,0.38215727143706213
receptor complex,cellcom,0.48,0.5669344800271581,0.37499230934775707
receptor complex,cellcom,0.49,0.5884349892497449,0.36118158532055
receptor complex,cellcom,0.5,0.5250650673305416,0.34295766000645334
receptor complex,cellcom,0.51,0.48772207762815395,0.3314573766529707
receptor complex,cellcom,0.52,0.532986307570442,0.31614097218670717
receptor complex,cellcom,0.53,0.49903813511372597,0.30056496764474433
receptor complex,cellcom,0.54,0.45264229942288065,0.2873513237916458
receptor complex,cellcom,0.55,0.4718795971483531,0.2790960413844054
receptor complex,cellcom,0.56,0.4594319339142239,0.2712041990831442
receptor complex,cellcom,0.5700000000000001,0.4549055109200001,0.2560695146698731
receptor complex,cellcom,0.58,0.4220889442118362,0.24646431186899312
receptor complex,cellcom,0.59,0.3904039832522346,0.24197323055939382
receptor complex,cellcom,0.6,0.36550865678397615,0.2295124269258235
receptor complex,cellcom,0.61,0.3519293878012897,0.22411274535127634
receptor complex,cellcom,0.62,0.37003507977820493,0.21045778136948887
receptor complex,cellcom,0.63,0.3066651578590016,0.20189097887140925
receptor complex,cellcom,0.64,0.31458639809890204,0.19734797754667008
receptor complex,cellcom,0.65,0.32703406133303126,0.18467949385254026
receptor complex,cellcom,0.66,0.29648070612198685,0.18249885321666545
receptor complex,cellcom,0.67,0.29874391761910124,0.17182929010542083
receptor complex,cellcom,0.68,0.2885594658820864,0.15968000656268977
receptor complex,cellcom,0.6900000000000001,0.25347968767681317,0.15394284488973342
receptor complex,cellcom,0.7000000000000001,0.23990041869412942,0.14836144326219836
receptor complex,cellcom,0.71,0.2116102749801967,0.13725056002226318
receptor complex,cellcom,0.72,0.2206631209686543,0.137743800166092
receptor complex,cellcom,0.73,0.2670589566594996,0.12748959717596642
receptor complex,cellcom,0.74,0.22292633246576873,0.11905259471573651
receptor complex,cellcom,0.75,0.2150050922258683,0.11430191333043782
receptor complex,cellcom,0.76,0.19124137150616707,0.10991467205111828
receptor complex,cellcom,0.77,0.1991626117460675,0.10757827136982384
receptor complex,cellcom,0.78,0.2138734864773111,0.09999794915940188
receptor complex,cellcom,0.79,0.2093470634830823,0.09680486822829948
receptor complex,cellcom,0.8,0.20142582324318192,0.08938030606329717
receptor complex,cellcom,0.81,0.1980310059975103,0.08948414609357692
receptor complex,cellcom,0.8200000000000001,0.2150050922258683,0.08421426455687947
receptor complex,cellcom,0.8300000000000001,0.17879370827203986,0.08234514401184484
receptor complex,cellcom,0.84,0.17766210252348066,0.07518018192254099
receptor complex,cellcom,0.85,0.16521443928935145,0.07323318135479562
receptor complex,cellcom,0.86,0.15842480479800822,0.07011798044640304
receptor complex,cellcom,0.87,0.151635170306665,0.06432889875830682
receptor complex,cellcom,0.88,0.15502998755233663,0.06292705834953016
receptor complex,cellcom,0.89,0.1323978725811926,0.05898113719889955
receptor complex,cellcom,0.9,0.12447663234129219,0.05412661578332112
receptor complex,cellcom,0.91,0.13013466108407817,0.05339973557136285
receptor complex,cellcom,0.92,0.09844970012447656,0.05243921529127513
receptor complex,cellcom,0.93,0.1323978725811926,0.05519097609368858
receptor complex,cellcom,0.9400000000000001,0.14937195880955062,0.05251709531398495
receptor complex,cellcom,0.9500000000000001,0.11995020934706471,0.04568961332309171
receptor complex,cellcom,0.96,0.1312662668326354,0.045559813285241516
receptor complex,cellcom,0.97,0.1357926898268642,0.04714337374700774
receptor complex,cellcom,0.98,0.2093470634830823,0.0597599374259977
receptor complex,cellcom,0.99,0.5624080570329293,0.15176220425385864
ribonucleoprotein complex,cellcom,0.0,30.352494195454867,20.418763204760182
ribonucleoprotein complex,cellcom,0.01,8.0727151199606,7.543538960657164
ribonucleoprotein complex,cellcom,0.02,5.494089917680998,5.262644884882584
ribonucleoprotein complex,cellcom,0.03,4.382431576725532,4.228789741673405
ribonucleoprotein complex,cellcom,0.04,3.5372546260465767,3.6531830576638886
ribonucleoprotein complex,cellcom,0.05,3.1590797157531854,3.2984168007013808
ribonucleoprotein complex,cellcom,0.06,2.759797368606203,3.1175842654788832
ribonucleoprotein complex,cellcom,0.07,2.5636741011749824,2.8080784060605044
ribonucleoprotein complex,cellcom,0.08,2.4264757616266808,2.509103689950599
ribonucleoprotein complex,cellcom,0.09,2.1687891367058305,2.2882632629035884
ribonucleoprotein complex,cellcom,0.1,1.9374868078519676,2.1452958062269643
ribonucleoprotein complex,cellcom,0.11,1.7264124393161198,1.9737923483273654
ribonucleoprotein complex,cellcom,0.12,1.6367058326883823,1.8756410474175818
ribonucleoprotein complex,cellcom,0.13,1.6041652008724392,1.7792405817476717
ribonucleoprotein complex,cellcom,0.14,1.5417223668472553,1.6641035658242218
ribonucleoprotein complex,cellcom,0.15,1.3508759586294226,1.5714660893265673
ribonucleoprotein complex,cellcom,0.16,1.364947583198479,1.4805794480687884
ribonucleoprotein complex,cellcom,0.17,1.2418208682192382,1.4018179941438509
ribonucleoprotein complex,cellcom,0.18,1.0870329979596134,1.3488486951704373
ribonucleoprotein complex,cellcom,0.19,1.0544923661436705,1.268597724698143
ribonucleoprotein complex,cellcom,0.2,0.96654471258707,1.2143740960006502
ribonucleoprotein complex,cellcom,0.21,0.9577499472314069,1.1607776321651944
ribonucleoprotein complex,cellcom,0.22,0.9199324562020678,1.0866415190978225
ribonucleoprotein complex,cellcom,0.23,0.8486948568212217,1.0332802420856386
ribonucleoprotein complex,cellcom,0.24,0.7994441708295215,0.9954151635397699
ribonucleoprotein complex,cellcom,0.25,0.7581087736579182,0.9593270521030266
ribonucleoprotein complex,cellcom,0.26,0.6886301273482017,0.9180386986851742
ribonucleoprotein complex,cellcom,0.27,0.7466755786955598,0.8846683016506188
ribonucleoprotein complex,cellcom,0.28,0.6692816435657527,0.8426482558937204
ribonucleoprotein complex,cellcom,0.29,0.6666432139590509,0.8035027157545113
ribonucleoprotein complex,cellcom,0.3,0.6490536832477303,0.7779196157569938
ribonucleoprotein complex,cellcom,0.31,0.6138746218250892,0.7408646251579338
ribonucleoprotein complex,cellcom,0.32,0.5848518961514102,0.7183128219936258
ribonucleoprotein complex,cellcom,0.33,0.5672623654400896,0.6976686452846996
ribonucleoprotein complex,cellcom,0.34,0.5329627805530144,0.664455039465655
ribonucleoprotein complex,cellcom,0.35000000000000003,0.45117146274537606,0.62800108185939
ribonucleoprotein complex,cellcom,0.36,0.4327024554984869,0.608872553567065
ribonucleoprotein complex,cellcom,0.37,0.4168718778582984,0.5707984200671845
ribonucleoprotein complex,cellcom,0.38,0.43446140856961896,0.5609205734900021
ribonucleoprotein complex,cellcom,0.39,0.38433124604235525,0.5385516934104567
ribonucleoprotein complex,cellcom,0.4,0.3975233940758457,0.5158430990306379
ribonucleoprotein complex,cellcom,0.41000000000000003,0.3456342784774518,0.5004252961720754
ribonucleoprotein complex,cellcom,0.42,0.3342010835150915,0.4757306797291166
ribonucleoprotein complex,cellcom,0.43,0.3104552170548087,0.45393670077311093
ribonucleoprotein complex,cellcom,0.44,0.3139731231970728,0.4370555132364447
ribonucleoprotein complex,cellcom,0.45,0.3069373109125446,0.4274128534825285
ribonucleoprotein complex,cellcom,0.46,0.2928656863434881,0.41641133652751844
ribonucleoprotein complex,cellcom,0.47000000000000003,0.2840709209878294,0.3891819287671394
ribonucleoprotein complex,cellcom,0.48,0.26560191374094116,0.3826750933234377
ribonucleoprotein complex,cellcom,0.49,0.2814324913811297,0.3687990707507291
ribonucleoprotein complex,cellcom,0.5,0.24185604728065832,0.35016704797419185
ribonucleoprotein complex,cellcom,0.51,0.23482023499613008,0.33793733316434693
ribonucleoprotein complex,cellcom,0.52,0.24273552381622435,0.3233296182525877
ribonucleoprotein complex,cellcom,0.53,0.20227960318018695,0.30806860660953345
ribonucleoprotein complex,cellcom,0.54,0.1970027439667908,0.29385286973655134
ribonucleoprotein complex,cellcom,0.55,0.14863153451065914,0.2874244299006072
ribonucleoprotein complex,cellcom,0.56,0.1882079786111305,0.27801695696995726
ribonucleoprotein complex,cellcom,0.5700000000000001,0.16622106522198157,0.2633308464504455
ribonucleoprotein complex,cellcom,0.58,0.15390839372405532,0.2532700767884976
ribonucleoprotein complex,cellcom,0.59,0.16885949482867782,0.247573329291604
ribonucleoprotein complex,cellcom,0.6,0.145113628368395,0.23516069139699644
ribonucleoprotein complex,cellcom,0.61,0.11960880883698012,0.23016950436990163
ribonucleoprotein complex,cellcom,0.62,0.14335467529726295,0.21613669058168217
ribonucleoprotein complex,cellcom,0.63,0.12224723844367821,0.2066769539125286
ribonucleoprotein complex,cellcom,0.64,0.12224723844367821,0.20228679987822532
ribonucleoprotein complex,cellcom,0.65,0.10377823119679157,0.19037066749940204
ribonucleoprotein complex,cellcom,0.66,0.10377823119679157,0.1874700300124517
ribonucleoprotein complex,cellcom,0.67,0.09234503623443319,0.17712180978873676
ribonucleoprotein complex,cellcom,0.68,0.10113980159009348,0.16439558946310753
ribonucleoprotein complex,cellcom,0.6900000000000001,0.1072961373390557,0.15762743532688994
ribonucleoprotein complex,cellcom,0.7000000000000001,0.07739393512981152,0.15258398456129318
ribonucleoprotein complex,cellcom,0.71,0.08179131780764082,0.14061558844396466
ribonucleoprotein complex,cellcom,0.72,0.07123759938084845,0.14163473134478508
ribonucleoprotein complex,cellcom,0.73,0.08091184127207479,0.1320965990678761
ribonucleoprotein complex,cellcom,0.74,0.07035812284528242,0.12289818109124062
ribonucleoprotein complex,cellcom,0.75,0.05452754520509388,0.1184034995799301
ribonucleoprotein complex,cellcom,0.76,0.06332231056075419,0.11317712572956902
ribonucleoprotein complex,cellcom,0.77,0.04837120945613167,0.11145242235894987
ribonucleoprotein complex,cellcom,0.78,0.050130162527263725,0.10410936709919257
ribonucleoprotein complex,cellcom,0.79,0.04573277984943358,0.10092127905047231
ribonucleoprotein complex,cellcom,0.8,0.04749173292056564,0.09321237762118974
ribonucleoprotein complex,cellcom,0.81,0.050130162527263725,0.09316011388268612
ribonucleoprotein complex,cellcom,0.8200000000000001,0.03693801449377328,0.08863930050212379
ribonucleoprotein complex,cellcom,0.8300000000000001,0.03342010835150952,0.08602611357694422
ribonucleoprotein complex,cellcom,0.84,0.02990220220924503,0.07889211327120038
ribonucleoprotein complex,cellcom,0.85,0.03517906142264121,0.0764879813000343
ribonucleoprotein complex,cellcom,0.86,0.03166115528037709,0.07329989325131404
ribonucleoprotein complex,cellcom,0.87,0.03342010835150915,0.067263431454147
ribonucleoprotein complex,cellcom,0.88,0.02814324913811297,0.06608749733781576
ribonucleoprotein complex,cellcom,0.89,0.02550481953141488,0.06167121143426066
ribonucleoprotein complex,cellcom,0.9,0.02550481953141488,0.056601628799410414
ribonucleoprotein complex,cellcom,0.91,0.016710054175754576,0.05626191449913694
ribonucleoprotein complex,cellcom,0.92,0.02462534299584885,0.05432815617450335
ribonucleoprotein complex,cellcom,0.93,0.017589530711320606,0.058091145346763316
ribonucleoprotein complex,cellcom,0.9400000000000001,0.015830577640188546,0.055843804591108055
ribonucleoprotein complex,cellcom,0.9500000000000001,0.025504819531415163,0.04800424381556698
ribonucleoprotein complex,cellcom,0.96,0.014951101104622515,0.04844848559284714
ribonucleoprotein complex,cellcom,0.97,0.017589530711320606,0.050068661486459075
ribonucleoprotein complex,cellcom,0.98,0.02374586646028282,0.06428439835944119
ribonucleoprotein complex,cellcom,0.99,0.032540631815943126,0.1647875675018846
sarcolemma,cellcom,0.0,17.928308425384447,20.731684510849586
sarcolemma,cellcom,0.01,7.504873294346979,7.559319003164585
sarcolemma,cellcom,0.02,5.520359540827378,5.266948002991152
sarcolemma,cellcom,0.03,4.377842755035736,4.231854742125874
sarcolemma,cellcom,0.04,4.055663850985487,3.645997848604577
sarcolemma,cellcom,0.05,3.882391163092919,3.2888323927703085
sarcolemma,cellcom,0.06,3.508771929824558,3.1034609081614404
sarcolemma,cellcom,0.07,3.1974225687675997,2.79727517238959
sarcolemma,cellcom,0.08,2.7940220922677077,2.50400088330691
sarcolemma,cellcom,0.09,2.5449426034221334,2.282354381809409
sarcolemma,cellcom,0.1,2.4610136452241727,2.1362552142134543
sarcolemma,cellcom,0.11,2.2471301711067806,1.9640001198920058
sarcolemma,cellcom,0.12,1.895170023824993,1.8684964031117595
sarcolemma,cellcom,0.13,1.7381416504223506,1.7745297633183221
sarcolemma,cellcom,0.14,1.5784058912713912,1.6613496611898082
sarcolemma,cellcom,0.15,1.6650422352176721,1.5641551597240728
sarcolemma,cellcom,0.16,1.5838206627680298,1.4762343560787412
sarcolemma,cellcom,0.17,1.3428633311674274,1.397715340002713
sarcolemma,cellcom,0.18,1.3374485596707808,1.3413302325366907
sarcolemma,cellcom,0.19,1.1993718865063885,1.2630161600588996
sarcolemma,cellcom,0.2,1.1154429283084275,1.208091275730351
sarcolemma,cellcom,0.21,1.1154429283084244,1.1552926812335442
sarcolemma,cellcom,0.22,1.0964912280701744,1.081692311515293
sarcolemma,cellcom,0.23,1.0260991986138204,1.0279714708264087
sarcolemma,cellcom,0.24,1.0017327268789247,0.989647017955364
sarcolemma,cellcom,0.25,0.8663634394628539,0.9543454831583748
sarcolemma,cellcom,0.26,0.9611219406541036,0.9109486762308712
sarcolemma,cellcom,0.27,0.9232185401776037,0.8802839903440816
sarcolemma,cellcom,0.28,0.9015594541910372,0.8370408911152635
sarcolemma,cellcom,0.29,0.7418236950400686,0.8000998075323426
sarcolemma,cellcom,0.3,0.7824344812648899,0.7741232064553127
sarcolemma,cellcom,0.31,0.7580680095299972,0.7370027972239359
sarcolemma,cellcom,0.32,0.6876759800736403,0.7147151809152417
sarcolemma,cellcom,0.33,0.72557938055014,0.6936059902964324
sarcolemma,cellcom,0.34,0.679553822828676,0.6604819812307523
sarcolemma,cellcom,0.35000000000000003,0.5550140784058938,0.6235408976478396
sarcolemma,cellcom,0.36,0.6064544076239978,0.6037638404175926
sarcolemma,cellcom,0.37,0.6226987221139262,0.5658236567932522
sarcolemma,cellcom,0.38,0.5468919211609266,0.5573697333658164
sarcolemma,cellcom,0.39,0.5089885206844266,0.534339196513499
sarcolemma,cellcom,0.4,0.5225254494260337,0.512333377652386
sarcolemma,cellcom,0.41000000000000003,0.4954515919428223,0.49596350774289955
sarcolemma,cellcom,0.42,0.4629629629629626,0.4717289272509143
sarcolemma,cellcom,0.43,0.4819146632012125,0.4494925468417803
sarcolemma,cellcom,0.44,0.38715616200996283,0.4339424513252546
sarcolemma,cellcom,0.45,0.4277669482347841,0.42390021501145214
sarcolemma,cellcom,0.46,0.349252761533463,0.41344809150116796
sarcolemma,cellcom,0.47000000000000003,0.3817413905133221,0.38619059293513486
sarcolemma,cellcom,0.48,0.37632661901667713,0.37932498239406365
sarcolemma,cellcom,0.49,0.3357158327918559,0.3665672434035698
sarcolemma,cellcom,0.5,0.35196014728178443,0.346995129771567
sarcolemma,cellcom,0.51,0.30593458956032027,0.3352364908224973
sarcolemma,cellcom,0.52,0.349252761533463,0.32073673124695595
sarcolemma,cellcom,0.53,0.3032272038119989,0.3050329280317496
sarcolemma,cellcom,0.54,0.21659085986571347,0.2917628300456535
sarcolemma,cellcom,0.55,0.265323803335499,0.28359070406579895
sarcolemma,cellcom,0.56,0.2951050465670346,0.27523925243748365
sarcolemma,cellcom,0.5700000000000001,0.2815681178254306,0.2603296056654635
sarcolemma,cellcom,0.58,0.19493177387914212,0.2509278180961609
sarcolemma,cellcom,0.59,0.24095733160060626,0.24534310504409726
sarcolemma,cellcom,0.6,0.19763915962746356,0.2328927814509646
sarcolemma,cellcom,0.61,0.23012778860732058,0.22694941710197947
sarcolemma,cellcom,0.62,0.20034654537578497,0.21416606016170545
sarcolemma,cellcom,0.63,0.20576131687242782,0.2042262956470234
sarcolemma,cellcom,0.64,0.16785791639592795,0.20028113138088674
sarcolemma,cellcom,0.65,0.18680961663417786,0.1878820436873143
sarcolemma,cellcom,0.66,0.17056530214424936,0.18519215896040292
sarcolemma,cellcom,0.67,0.1624431448992851,0.17479127134967898
sarcolemma,cellcom,0.68,0.13536928741607093,0.1628276888023684
sarcolemma,cellcom,0.6900000000000001,0.13536928741607093,0.1563719654577811
sarcolemma,cellcom,0.7000000000000001,0.15432098765432256,0.15037736520923745
sarcolemma,cellcom,0.71,0.11912497292614242,0.1391054673059881
sarcolemma,cellcom,0.72,0.1461988304093566,0.13954097245224995
sarcolemma,cellcom,0.73,0.1326619016677495,0.13060030797899214
sarcolemma,cellcom,0.74,0.12453974442278526,0.12135222810837304
sarcolemma,cellcom,0.75,0.09205111544292822,0.11679223304751377
sarcolemma,cellcom,0.76,0.09746588693957106,0.11187358668973296
sarcolemma,cellcom,0.77,0.12453974442278526,0.1094911173601829
sarcolemma,cellcom,0.78,0.08392895819796398,0.10272797861823431
sarcolemma,cellcom,0.79,0.116417587177821,0.09916708359879925
sarcolemma,cellcom,0.8,0.08392895819796398,0.09196843971058882
sarcolemma,cellcom,0.81,0.11100281568117816,0.09173787816256784
sarcolemma,cellcom,0.8200000000000001,0.10558804418453531,0.0869729395034677
sarcolemma,cellcom,0.8300000000000001,0.05685510071475042,0.08476979582237933
sarcolemma,cellcom,0.84,0.05414771496642837,0.07769924168306848
sarcolemma,cellcom,0.85,0.06768464370803547,0.07536800825307864
sarcolemma,cellcom,0.86,0.08663634394628539,0.07196082093232424
sarcolemma,cellcom,0.87,0.05956248646307121,0.06635048993048051
sarcolemma,cellcom,0.88,0.040610786224821276,0.06522330014015575
sarcolemma,cellcom,0.89,0.05414771496642837,0.06068892302907658
sarcolemma,cellcom,0.9,0.05956248646307121,0.05566780487217535
sarcolemma,cellcom,0.91,0.0730994152046783,0.054950502278332314
sarcolemma,cellcom,0.92,0.04602555772146411,0.05354151504042636
sarcolemma,cellcom,0.93,0.05414771496642837,0.05694870236118076
sarcolemma,cellcom,0.9400000000000001,0.051440329218106956,0.054719940730311334
sarcolemma,cellcom,0.9500000000000001,0.05144032921810752,0.04731635324386057
sarcolemma,cellcom,0.96,0.06226987221139263,0.04734197119364014
sarcolemma,cellcom,0.97,0.03519601472817844,0.04926331742714827
sarcolemma,cellcom,0.98,0.09746588693957106,0.06278959491104547
sarcolemma,cellcom,0.99,0.15432098765432084,0.1610344323177608
spindle,cellcom,0.0,19.944542475422235,20.72910230936566
spindle,cellcom,0.01,7.775817158221998,7.55205041870353
spindle,cellcom,0.02,5.319721031846064,5.267753848746507
spindle,cellcom,0.03,4.494580287370808,4.225083796967581
spindle,cellcom,0.04,3.8383329132005706,3.643967625807974
spindle,cellcom,0.05,3.5736492731703238,3.2856994446332926
spindle,cellcom,0.06,3.266952356944792,3.102286861048937
spindle,cellcom,0.07,3.0140324342492244,2.7943923741815597
spindle,cellcom,0.08,2.801445256701119,2.497540847832454
spindle,cellcom,0.09,2.4451726745651605,2.2798218158133605
spindle,cellcom,0.1,2.2359465591126804,2.136289497228663
spindle,cellcom,0.11,2.154440803293842,1.960805863969045
spindle,cellcom,0.12,1.9931098227039727,1.8648734154856308
spindle,cellcom,0.13,1.8527854802117452,1.7717409593611189
spindle,cellcom,0.14,1.726745651625917,1.6585113618194645
spindle,cellcom,0.15,1.6922947651457847,1.5611396649272682
spindle,cellcom,0.16,1.5864213091336847,1.473842706896537
spindle,cellcom,0.17,1.3855978489202614,1.3975625412311985
spindle,cellcom,0.18,1.3889589110158798,1.3398094278097845
spindle,cellcom,0.19,1.3351819174859243,1.2601535704220308
spindle,cellcom,0.2,1.227627930426017,1.2065873614625298
spindle,cellcom,0.21,1.223426602806486,1.15278563912704
spindle,cellcom,0.22,1.1200739433661027,1.0806400416178294
spindle,cellcom,0.23,1.106629694983617,1.025503743485113
spindle,cellcom,0.24,1.0015965044954196,0.9893916925011748
spindle,cellcom,0.25,0.9789093353499697,0.952730110306614
spindle,cellcom,0.26,0.9326947315351642,0.9107563930760105
spindle,cellcom,0.27,0.8990841105789421,0.8801134860454393
spindle,cellcom,0.28,0.7848079993277912,0.8392911675418644
spindle,cellcom,0.29,0.7890093269473146,0.7998819292941736
spindle,cellcom,0.3,0.7520376438954703,0.7748913432871746
spindle,cellcom,0.31,0.7528779094193759,0.7367120082251732
spindle,cellcom,0.32,0.7184270229392482,0.7143382375068653
spindle,cellcom,0.33,0.6957398537937982,0.6938485737964148
spindle,cellcom,0.34,0.6386017981682205,0.6613477279108727
spindle,cellcom,0.35000000000000003,0.6234770187379242,0.6228805431671187
spindle,cellcom,0.36,0.6007898495924707,0.6038824641712188
spindle,cellcom,0.37,0.5142425006301987,0.5679797584103784
spindle,cellcom,0.38,0.5251659524409709,0.5582713736893349
spindle,cellcom,0.39,0.48987480043693765,0.5354789125248364
spindle,cellcom,0.4,0.4831526762456932,0.5133406551825107
spindle,cellcom,0.41000000000000003,0.43693807243089017,0.49779677236768893
spindle,cellcom,0.42,0.45626417948071546,0.4721258143856276
spindle,cellcom,0.43,0.4016469204268545,0.4512959646876473
spindle,cellcom,0.44,0.4041677169985712,0.43441750607559054
spindle,cellcom,0.45,0.4125703722376267,0.4242904309083564
spindle,cellcom,0.46,0.3823208133770268,0.41379700160070554
spindle,cellcom,0.47000000000000003,0.3461893958490899,0.38739333533781567
spindle,cellcom,0.48,0.3184606335602047,0.38119148310361584
spindle,cellcom,0.49,0.3503907234686158,0.36677283086292856
spindle,cellcom,0.5,0.3058566507016215,0.3483242830776571
spindle,cellcom,0.51,0.29661372993866036,0.336156091985244
spindle,cellcom,0.52,0.2680447021258715,0.3226533250955985
spindle,cellcom,0.53,0.25712125031509936,0.3065075747643752
spindle,cellcom,0.54,0.2646836400302493,0.29187957730059255
spindle,cellcom,0.55,0.23863540878917716,0.28481417602112685
spindle,cellcom,0.56,0.23779514326527162,0.2765973760146372
spindle,cellcom,0.5700000000000001,0.22183009831106856,0.2617338651748753
spindle,cellcom,0.58,0.22351062935887722,0.25124043586722156
spindle,cellcom,0.59,0.220149567263255,0.2460853097485003
spindle,cellcom,0.6,0.1983026636417106,0.23362926897433117
spindle,cellcom,0.61,0.220149567263255,0.22719190336415135
spindle,cellcom,0.62,0.18905974287874952,0.214814367048643
spindle,cellcom,0.63,0.1949416015460884,0.20453028296408743
spindle,cellcom,0.64,0.1697336358289218,0.20091907786569388
spindle,cellcom,0.65,0.1604907150659607,0.18872471862039386
spindle,cellcom,0.66,0.1604907150659607,0.1858200536499469
spindle,cellcom,0.67,0.15712965297033848,0.1752219517307484
spindle,cellcom,0.68,0.1462062011595663,0.1630799287912222
spindle,cellcom,0.6900000000000001,0.12519956306192745,0.15713975808589367
spindle,cellcom,0.7000000000000001,0.11427611125115653,0.15153977336809665
spindle,cellcom,0.71,0.12772035963364411,0.13926690966413424
spindle,cellcom,0.72,0.11511637677506081,0.14036597208538446
spindle,cellcom,0.73,0.08990841105789422,0.13188749055002566
spindle,cellcom,0.74,0.0974708007730442,0.12212676952320829
spindle,cellcom,0.75,0.07310310057978316,0.11791369690841581
spindle,cellcom,0.76,0.08570708343836644,0.11254922556659928
spindle,cellcom,0.77,0.08906814553398866,0.11027259626543814
spindle,cellcom,0.78,0.06638097638853872,0.10367822173793685
spindle,cellcom,0.79,0.07310310057978316,0.10014552109820402
spindle,cellcom,0.8,0.05797832114948318,0.09294927905430381
spindle,cellcom,0.81,0.04789513486261654,0.09328946504183364
spindle,cellcom,0.8200000000000001,0.05545752457776653,0.0881343389231124
spindle,cellcom,0.8300000000000001,0.06217964876901164,0.08520350579977944
spindle,cellcom,0.84,0.04957566591042765,0.0783474497434081
spindle,cellcom,0.85,0.050415931434333205,0.07607082044224696
spindle,cellcom,0.86,0.02940929333669437,0.07342783700066906
spindle,cellcom,0.87,0.03361062095622214,0.06730448922513214
spindle,cellcom,0.88,0.03193008990841103,0.06602224973367356
spindle,cellcom,0.89,0.022687169145449944,0.06180917711888108
spindle,cellcom,0.9,0.027728762288883265,0.05657554654149911
spindle,cellcom,0.91,0.021006638097638836,0.056183024248195455
spindle,cellcom,0.92,0.01008318628686664,0.05482228029807615
spindle,cellcom,0.93,0.01932610704982773,0.058093299408939876
spindle,cellcom,0.9400000000000001,0.013444248382488855,0.05597367902510018
spindle,cellcom,0.9500000000000001,0.01260398285858344,0.04843725099367068
spindle,cellcom,0.96,0.015965044954205514,0.04846341914655705
spindle,cellcom,0.97,0.014284513906394408,0.05021668538998001
spindle,cellcom,0.98,0.009242920762961088,0.0647923465479888
spindle,cellcom,0.99,0.03445088648012769,0.1649116994933059
spindle pole,cellcom,0.0,19.50608182823443,20.722152216477376
spindle pole,cellcom,0.01,7.589384445263546,7.558381746230047
spindle pole,cellcom,0.02,5.29487652045706,5.268966589118544
spindle pole,cellcom,0.03,4.401032067821599,4.230880175925565
spindle pole,cellcom,0.04,3.88868411352746,3.646503039352949
spindle pole,cellcom,0.05,3.6988573534832305,3.288748951736523
spindle pole,cellcom,0.06,3.391079985256171,3.1032973434899818
spindle pole,cellcom,0.07,2.812384813859198,2.800867379327152
spindle pole,cellcom,0.08,2.736822705492077,2.503506648801694
spindle pole,cellcom,0.09,2.381127902690746,2.2834710303590464
spindle pole,cellcom,0.1,2.2171028381865105,2.13821304110531
spindle pole,cellcom,0.11,2.174714338370808,1.9637490610981616
spindle pole,cellcom,0.12,2.078879469222261,1.8658124965100755
spindle pole,cellcom,0.13,1.9314412089937323,1.771993075992957
spindle pole,cellcom,0.14,1.772945079248068,1.6590032033954119
spindle pole,cellcom,0.15,1.6789531883523758,1.5635111930994592
spindle pole,cellcom,0.16,1.7010689273866553,1.4741177024586285
spindle pole,cellcom,0.17,1.5001842978252886,1.3957633043580768
spindle pole,cellcom,0.18,1.4670106892738652,1.3395385556389552
spindle pole,cellcom,0.19,1.3527460375967553,1.261158425387956
spindle pole,cellcom,0.2,1.293770733505347,1.2060144269874697
spindle pole,cellcom,0.21,1.2016218208625127,1.1542670724455235
spindle pole,cellcom,0.22,1.1518614080353842,1.080853247230126
spindle pole,cellcom,0.23,1.1186877994839681,1.0266870705464937
spindle pole,cellcom,0.24,0.9454478437154433,0.9903790062706669
spindle pole,cellcom,0.25,1.004423147806855,0.9528100666231099
spindle pole,cellcom,0.26,0.9638776262440095,0.9106865363470477
spindle pole,cellcom,0.27,0.9380759307040168,0.8798851522661396
spindle pole,cellcom,0.28,0.834869148544051,0.8376844255387516
spindle pole,cellcom,0.29,0.7629929966826384,0.8000640215903028
spindle pole,cellcom,0.3,0.7408772576483591,0.7746663891025365
spindle pole,cellcom,0.31,0.7040176925912267,0.7376635567647373
spindle pole,cellcom,0.32,0.7113896056026532,0.7145046213655583
spindle pole,cellcom,0.33,0.7040176925912267,0.6937645081080713
spindle pole,cellcom,0.34,0.6302985624769623,0.6610846770447855
spindle pole,cellcom,0.35000000000000003,0.5713232583855538,0.6236186659990061
spindle pole,cellcom,0.36,0.5750092148912638,0.6041908924141358
spindle pole,cellcom,0.37,0.530777736822705,0.5668535421205706
spindle pole,cellcom,0.38,0.5105049760412822,0.5579244859166649
spindle pole,cellcom,0.39,0.4847032805012897,0.5347912826679294
spindle pole,cellcom,0.4,0.4662734979727235,0.5130733476935883
spindle pole,cellcom,0.41000000000000003,0.43494286767416346,0.49681062861327874
spindle pole,cellcom,0.42,0.44600073719130073,0.47200483558571094
spindle pole,cellcom,0.43,0.4128271286398817,0.45031263276181327
spindle pole,cellcom,0.44,0.39439734611131555,0.434049913681501
spindle pole,cellcom,0.45,0.4201990416513081,0.42398864285807986
spindle pole,cellcom,0.46,0.3741245853298928,0.41338699687534464
spindle pole,cellcom,0.47000000000000003,0.35016586804275873,0.3866512925645168
spindle pole,cellcom,0.48,0.31883523774419437,0.380141058502301
spindle pole,cellcom,0.49,0.35385182454847,0.3664515544663419
spindle pole,cellcom,0.5,0.3133063029856245,0.34751269173990224
spindle pole,cellcom,0.51,0.3372650202727605,0.33492967017301495
spindle pole,cellcom,0.52,0.27091780316992237,0.32170334484503943
spindle pole,cellcom,0.53,0.25248802064135617,0.3057494115700494
spindle pole,cellcom,0.54,0.2819756726870621,0.29118501441901024
spindle pole,cellcom,0.55,0.25985993365278265,0.28374842294082947
spindle pole,cellcom,0.56,0.23958717287135992,0.27592584920599567
spindle pole,cellcom,0.5700000000000001,0.24327312937707582,0.2607696125947581
spindle pole,cellcom,0.58,0.20272760781422763,0.2510685918775436
spindle pole,cellcom,0.59,0.23590121636564668,0.24543325093041002
spindle pole,cellcom,0.6,0.19351271654994454,0.2331075508679581
spindle pole,cellcom,0.61,0.22300036859565037,0.2270347633632845
spindle pole,cellcom,0.62,0.19719867305565777,0.21427161674329254
spindle pole,cellcom,0.63,0.21194249907851068,0.20413314946854086
spindle pole,cellcom,0.64,0.16771102100995194,0.20042771980467222
spindle pole,cellcom,0.65,0.17323995576852178,0.18807628759177675
spindle pole,cellcom,0.66,0.16586804275709532,0.18532294749431882
spindle pole,cellcom,0.67,0.19166973829708792,0.1744382478567047
spindle pole,cellcom,0.68,0.1787688905270916,0.16234413714824458
spindle pole,cellcom,0.6900000000000001,0.14743826022852916,0.1562970817940145
spindle pole,cellcom,0.7000000000000001,0.12900847769996446,0.1507132051477697
spindle pole,cellcom,0.71,0.13269443420567625,0.13900507669596088
spindle pole,cellcom,0.72,0.11795060818282334,0.13990570196148452
spindle pole,cellcom,0.73,0.11610762992996673,0.13082225285491764
spindle pole,cellcom,0.74,0.08109104312569106,0.12194466095189904
spindle pole,cellcom,0.75,0.06450423884998151,0.11728714172161972
spindle pole,cellcom,0.76,0.08109104312569106,0.1121664437833568
spindle pole,cellcom,0.77,0.0995208256542572,0.10977335379210831
spindle pole,cellcom,0.78,0.07371913011426458,0.10295433392457229
spindle pole,cellcom,0.79,0.0755621083671212,0.09966061866780017
spindle pole,cellcom,0.8,0.07003317360855137,0.09219829503917584
spindle pole,cellcom,0.81,0.04238849981570214,0.09261000944627236
spindle pole,cellcom,0.8200000000000001,0.0497604128271286,0.08766943656111417
spindle pole,cellcom,0.8300000000000001,0.07740508661997868,0.08460731065833478
spindle pole,cellcom,0.84,0.05528934758569844,0.0777882907907978
spindle pole,cellcom,0.85,0.04054552156284553,0.07578118305620231
spindle pole,cellcom,0.86,0.020272760781422764,0.07282198575519609
spindle pole,cellcom,0.87,0.03501658680427568,0.06672346610007897
spindle pole,cellcom,0.88,0.02395871728713599,0.06556551933012002
spindle pole,cellcom,0.89,0.029487652045705835,0.06106239300250189
spindle pole,cellcom,0.9,0.01658680427570953,0.05625048086956136
spindle pole,cellcom,0.91,0.01658680427570953,0.05565864140936012
spindle pole,cellcom,0.92,0.011057869517139687,0.05406324808186113
spindle pole,cellcom,0.93,0.01658680427570953,0.05748562409085091
spindle pole,cellcom,0.9400000000000001,0.009214891264283072,0.0553241234535942
spindle pole,cellcom,0.9500000000000001,0.01474382602285308,0.047810335524083335
spindle pole,cellcom,0.96,0.020272760781422764,0.04786179982496987
spindle pole,cellcom,0.97,0.02395871728713599,0.049482925302912394
spindle pole,cellcom,0.98,0.007371913011426459,0.06389292955129042
spindle pole,cellcom,0.99,0.03501658680427568,0.16273011940489757
synapse,cellcom,0.0,21.47166491484153,20.64146500535063
synapse,cellcom,0.01,7.936591618258082,7.527283805468089
synapse,cellcom,0.02,5.482498772624081,5.251534525025875
synapse,cellcom,0.03,4.269620716128543,4.230185902716446
synapse,cellcom,0.04,3.75824154099106,3.6407919149970467
synapse,cellcom,0.05,3.4432425130068913,3.2819753662128455
synapse,cellcom,0.06,3.132526944608275,3.1051516707928255
synapse,cellcom,0.07,2.8066545192146126,2.8005562893804616
synapse,cellcom,0.08,2.5503059378634774,2.5030822479018178
synapse,cellcom,0.09,2.331849498999975,2.280890942865405
synapse,cellcom,0.1,2.154250674644886,2.138051711376218
synapse,cellcom,0.11,1.9750043658338094,1.9659572455646985
synapse,cellcom,0.12,1.833650199510366,1.8716751041255364
synapse,cellcom,0.13,1.7605018896646696,1.7753307986129043
synapse,cellcom,0.14,1.6685722570207582,1.6599046015404122
synapse,cellcom,0.15,1.5077777741166998,1.5698842658530912
synapse,cellcom,0.16,1.402009272042517,1.4835208344560658
synapse,cellcom,0.17,1.3657646140108692,1.3998244685940686
synapse,cellcom,0.18,1.3041486953570582,1.3443934982991257
synapse,cellcom,0.19,1.2135370502779295,1.2664986873638273
synapse,cellcom,0.2,1.18783629276458,1.2088405798695416
synapse,cellcom,0.21,1.0949181694470702,1.1599260480467721
synapse,cellcom,0.22,1.02111086581898,1.0868979443248685
synapse,cellcom,0.23,0.966084884989112,1.0331167052887105
synapse,cellcom,0.24,0.9845367108961317,0.9901961970395013
synapse,cellcom,0.25,0.898208525402562,0.9581364195772499
synapse,cellcom,0.26,0.8645998425004853,0.9153258934119625
synapse,cellcom,0.27,0.8448300290286753,0.8836785487644055
synapse,cellcom,0.28,0.8029839238466823,0.840538076347367
synapse,cellcom,0.29,0.7357665580425242,0.804876385636779
synapse,cellcom,0.3,0.7268701419802097,0.7781507392445765
synapse,cellcom,0.31,0.7123722787675492,0.7392720725793762
synapse,cellcom,0.32,0.6731621487151263,0.7179080527782018
synapse,cellcom,0.33,0.6570168010464815,0.6969839613127016
synapse,cellcom,0.34,0.6240671119267984,0.6637143809273462
synapse,cellcom,0.35000000000000003,0.610228242496535,0.6239558575908014
synapse,cellcom,0.36,0.5548727647754639,0.6078709778177129
synapse,cellcom,0.37,0.5176396160702219,0.5704220782434536
synapse,cellcom,0.38,0.5321374792828825,0.5593688788096414
synapse,cellcom,0.39,0.47842948601779905,0.5387472380749172
synapse,cellcom,0.4,0.46195464145795745,0.5166408392072926
synapse,cellcom,0.41000000000000003,0.45865967254599166,0.49907120130131033
synapse,cellcom,0.42,0.4247214927527155,0.47556253086372186
synapse,cellcom,0.43,0.40626966684569293,0.45342863647511783
synapse,cellcom,0.44,0.3848523689178989,0.4375637208698699
synapse,cellcom,0.45,0.3561861393837746,0.4295900197857765
synapse,cellcom,0.46,0.35915161140454605,0.41732701742886047
synapse,cellcom,0.47000000000000003,0.3459717357566748,0.3895015501974746
synapse,cellcom,0.48,0.38155740000593064,0.37910824326717146
synapse,cellcom,0.49,0.3331213569999964,0.369044882588626
synapse,cellcom,0.5,0.3117040590722024,0.34999048654974074
synapse,cellcom,0.51,0.3070911025954467,0.33728755585715053
synapse,cellcom,0.52,0.28699179223244004,0.32384224609811035
synapse,cellcom,0.53,0.2642565067398587,0.3084172588285366
synapse,cellcom,0.54,0.2566780782423315,0.2939271192722703
synapse,cellcom,0.55,0.2527241155479696,0.2859809137091565
synapse,cellcom,0.56,0.23954423990009635,0.2784196454397576
synapse,cellcom,0.5700000000000001,0.2369082647705243,0.2624997387925534
synapse,cellcom,0.58,0.24053273057368685,0.2512265751909012
synapse,cellcom,0.59,0.22175140777546745,0.2472672201698341
synapse,cellcom,0.6,0.2085715321275942,0.23456428947724392
synapse,cellcom,0.61,0.2009931036300671,0.22914767184425638
synapse,cellcom,0.62,0.2000046129564766,0.21520744270758274
synapse,cellcom,0.63,0.19670964404450828,0.20486912681924097
synapse,cellcom,0.64,0.19209668756775264,0.20063481658837756
synapse,cellcom,0.65,0.18484775596142233,0.18812435454264484
synapse,cellcom,0.66,0.16474844559841564,0.18674957849366322
synapse,cellcom,0.67,0.16705492383679346,0.17531144176613614
synapse,cellcom,0.68,0.1499210854945582,0.16362584534979235
synapse,cellcom,0.6900000000000001,0.14761460725618042,0.15688944270978245
synapse,cellcom,0.7000000000000001,0.14464913523541054,0.15089541913622426
synapse,cellcom,0.71,0.12949227824035467,0.13970474209751219
synapse,cellcom,0.72,0.13048076891394517,0.14036463460102336
synapse,cellcom,0.73,0.12092535906923708,0.13142859028264284
synapse,cellcom,0.74,0.11005196165974164,0.12232757283838451
synapse,cellcom,0.75,0.11071095544213531,0.1170484328102951
synapse,cellcom,0.76,0.11532391191889095,0.1114393465304501
synapse,cellcom,0.77,0.10873397409495432,0.10970712870873325
synapse,cellcom,0.78,0.1011555455974272,0.10266827533794735
synapse,cellcom,0.79,0.10181453937982085,0.09912135313157477
synapse,cellcom,0.8,0.09819007357665573,0.09136761621531844
synapse,cellcom,0.81,0.10016705492383671,0.09123013861042029
synapse,cellcom,0.8200000000000001,0.09456560777349057,0.08652840452290314
synapse,cellcom,0.8300000000000001,0.09094114197032643,0.08397132107179826
synapse,cellcom,0.84,0.07710227254005851,0.07750987364158372
synapse,cellcom,0.85,0.07347780673689337,0.0754477095681113
synapse,cellcom,0.86,0.08303321658160148,0.07118590381626827
synapse,cellcom,0.87,0.07611378186646801,0.06546683545250473
synapse,cellcom,0.88,0.07084183160731873,0.0645044922182176
synapse,cellcom,0.89,0.06787635958654724,0.060022722298537515
synapse,cellcom,0.9,0.0695238440425314,0.05455111362359067
synapse,cellcom,0.91,0.07281881295449971,0.0536437614312628
synapse,cellcom,0.92,0.057991452850642305,0.05309385101167015
synapse,cellcom,0.93,0.07380730362809021,0.055513456857877806
synapse,cellcom,0.9400000000000001,0.06458139067457892,0.05386372559909986
synapse,cellcom,0.9500000000000001,0.038880633161226516,0.04806217067239796
synapse,cellcom,0.96,0.05865044663303597,0.04654991701851764
synapse,cellcom,0.97,0.048436043005934196,0.04918948703256235
synapse,cellcom,0.98,0.07611378186646801,0.062029895330050676
synapse,cellcom,0.99,0.23427228964094704,0.15485477415728965
trans-Golgi network,cellcom,0.0,15.918376077517058,20.762884024390182
trans-Golgi network,cellcom,0.01,6.545314538726444,7.570977512893912
trans-Golgi network,cellcom,0.02,4.934653804196702,5.273341692139453
trans-Golgi network,cellcom,0.03,4.158199824602682,4.234123961334443
trans-Golgi network,cellcom,0.04,3.5122243374473268,3.651490177204292
trans-Golgi network,cellcom,0.05,3.4159697118778225,3.2929364321526746
trans-Golgi network,cellcom,0.06,3.058758101430983,3.1078424674949083
trans-Golgi network,cellcom,0.07,2.7657162413638225,2.8014499326861007
trans-Golgi network,cellcom,0.08,2.793523133195013,2.503275806187333
trans-Golgi network,cellcom,0.09,2.299416055271543,2.284640462614202
trans-Golgi network,cellcom,0.1,2.3015550469508685,2.137351176182643
trans-Golgi network,cellcom,0.11,2.1047678124532103,1.964995744405448
trans-Golgi network,cellcom,0.12,1.9507604115419972,1.8677617010872425
trans-Golgi network,cellcom,0.13,1.912258561314195,1.7725308947946126
trans-Golgi network,cellcom,0.14,1.8224209107826606,1.6586288921226073
trans-Golgi network,cellcom,0.15,1.8160039357446884,1.56208827700556
trans-Golgi network,cellcom,0.16,1.7047763684199253,1.4745108634516584
trans-Golgi network,cellcom,0.17,1.670552501550772,1.3939190969612976
trans-Golgi network,cellcom,0.18,1.4074565249941164,1.3404994429460106
trans-Golgi network,cellcom,0.19,1.3539817330110573,1.2613202153839347
trans-Golgi network,cellcom,0.2,1.3325918162178374,1.2057175466612997
trans-Golgi network,cellcom,0.21,1.099441723171696,1.1555852559700306
trans-Golgi network,cellcom,0.22,1.2662830741588404,1.0796163441540654
trans-Golgi network,cellcom,0.23,1.20853029881714,1.025785769723283
trans-Golgi network,cellcom,0.24,1.1272486150028866,0.9881095041269242
trans-Golgi network,cellcom,0.25,1.129387606682209,0.9514091745173859
trans-Golgi network,cellcom,0.26,1.0438279395093144,0.9098291649737593
trans-Golgi network,cellcom,0.27,1.0588008812645708,0.8785478483436561
trans-Golgi network,cellcom,0.28,0.9176274304292998,0.8366853310143764
trans-Golgi network,cellcom,0.29,0.8834035635601369,0.7985467799505759
trans-Golgi network,cellcom,0.3,0.9090714637120054,0.7725817461960319
trans-Golgi network,cellcom,0.31,0.9261833971465844,0.734931163125645
trans-Golgi network,cellcom,0.32,0.8213728048597884,0.7131780636299985
trans-Golgi network,cellcom,0.33,0.7935659130285976,0.6927090904327962
trans-Golgi network,cellcom,0.34,0.7336741460075714,0.6597840921406841
trans-Golgi network,cellcom,0.35000000000000003,0.776453979594023,0.6210548429796073
trans-Golgi network,cellcom,0.36,0.6930333041004464,0.6027175194378193
trans-Golgi network,cellcom,0.37,0.6609484289106109,0.5652210315232455
trans-Golgi network,cellcom,0.38,0.6245855703621307,0.5564632901678553
trans-Golgi network,cellcom,0.39,0.6096126286068742,0.5331949216400446
trans-Golgi network,cellcom,0.4,0.5882227118136505,0.5115188697223046
trans-Golgi network,cellcom,0.41000000000000003,0.6096126286068776,0.4945940851088115
trans-Golgi network,cellcom,0.42,0.6074736369275519,0.4700159077565847
trans-Golgi network,cellcom,0.43,0.45560522769566386,0.4497267122411647
trans-Golgi network,cellcom,0.44,0.4834121195268546,0.4329046577315443
trans-Golgi network,cellcom,0.45,0.5005240529614335,0.42301688523352315
trans-Golgi network,cellcom,0.46,0.4812731278475323,0.41202476411883987
trans-Golgi network,cellcom,0.47000000000000003,0.4663001860922783,0.38518652448135604
trans-Golgi network,cellcom,0.48,0.4406322859404073,0.37856043278138124
trans-Golgi network,cellcom,0.49,0.4342153109024402,0.3654623445372494
trans-Golgi network,cellcom,0.5,0.46416119441295334,0.3456354344892693
trans-Golgi network,cellcom,0.51,0.3850185022780258,0.3343608055889283
trans-Golgi network,cellcom,0.52,0.357211610446835,0.3205692891436364
trans-Golgi network,cellcom,0.53,0.3614895938054798,0.3043379327313004
trans-Golgi network,cellcom,0.54,0.2973198434258088,0.29098301922747966
trans-Golgi network,cellcom,0.55,0.31229278518106535,0.2830728012290627
trans-Golgi network,cellcom,0.56,0.3614895938054798,0.2743921074515792
trans-Golgi network,cellcom,0.5700000000000001,0.318709760219036,0.25983011522722366
trans-Golgi network,cellcom,0.58,0.34009967701225613,0.24932596210594637
trans-Golgi network,cellcom,0.59,0.3015978267844535,0.24462605985364022
trans-Golgi network,cellcom,0.6,0.29945883510513116,0.23175911434322827
trans-Golgi network,cellcom,0.61,0.27592992663258514,0.22639146641573105
trans-Golgi network,cellcom,0.62,0.2481230348013944,0.2136272510091947
trans-Golgi network,cellcom,0.63,0.2737909349532628,0.203405605673578
trans-Golgi network,cellcom,0.64,0.2524010181600391,0.199347766570494
trans-Golgi network,cellcom,0.65,0.19037025945969055,0.187841994936433
trans-Golgi network,cellcom,0.66,0.22031614297020366,0.18463167919032225
trans-Golgi network,cellcom,0.67,0.2245941263288484,0.17407616101711007
trans-Golgi network,cellcom,0.68,0.1860922761010458,0.16228788159739133
trans-Golgi network,cellcom,0.6900000000000001,0.17539731770443398,0.15594429768307647
trans-Golgi network,cellcom,0.7000000000000001,0.16684135098714636,0.15021709439201653
trans-Golgi network,cellcom,0.71,0.1925092511390129,0.13827471981648282
trans-Golgi network,cellcom,0.72,0.1732583260251116,0.13919929075136273
trans-Golgi network,cellcom,0.73,0.1625633676284998,0.13023608918822147
trans-Golgi network,cellcom,0.74,0.14545143419392084,0.12109310994329801
trans-Golgi network,cellcom,0.75,0.10694958396611827,0.1166757154766496
trans-Golgi network,cellcom,0.76,0.14117345083527613,0.11138511512705905
trans-Golgi network,cellcom,0.77,0.14545143419392084,0.10920210041970375
trans-Golgi network,cellcom,0.78,0.11764454236273011,0.10237054851198003
trans-Golgi network,cellcom,0.79,0.14117345083527613,0.09882635992827375
trans-Golgi network,cellcom,0.8,0.11550555068340775,0.09160957013101677
trans-Golgi network,cellcom,0.81,0.10267160060747355,0.09178934781279896
trans-Golgi network,cellcom,0.8200000000000001,0.07914269213492753,0.08724354071630612
trans-Golgi network,cellcom,0.8300000000000001,0.0791426921349284,0.0845725580155429
trans-Golgi network,cellcom,0.84,0.09197664221086173,0.0773044031663472
trans-Golgi network,cellcom,0.85,0.09839361724882882,0.07501865835511634
trans-Golgi network,cellcom,0.86,0.0684477337383157,0.07214221544660109
trans-Golgi network,cellcom,0.87,0.04705781694509204,0.06651774225941502
trans-Golgi network,cellcom,0.88,0.04064084190712495,0.06528498101290849
trans-Golgi network,cellcom,0.89,0.07058672541763807,0.060508031182695675
trans-Golgi network,cellcom,0.9,0.0684477337383157,0.05555130367070065
trans-Golgi network,cellcom,0.91,0.06630874205899333,0.05498628809938516
trans-Golgi network,cellcom,0.92,0.05775277534170387,0.05341965401528311
trans-Golgi network,cellcom,0.93,0.0684477337383157,0.05678406491720719
trans-Golgi network,cellcom,0.9400000000000001,0.04919680862441441,0.054755145365665184
trans-Golgi network,cellcom,0.9500000000000001,0.04064084190712539,0.04743562546453317
trans-Golgi network,cellcom,0.96,0.03208487518983548,0.04766676819825262
trans-Golgi network,cellcom,0.97,0.053474791983059135,0.049079307126541356
trans-Golgi network,cellcom,0.98,0.09411563389018408,0.06274241094198878
trans-Golgi network,cellcom,0.99,0.20748219289426945,0.16041305720166263
transcription regulator complex,cellcom,0.0,21.85178846482971,20.66127377006062
transcription regulator complex,cellcom,0.01,7.882936847509841,7.546330435534293
transcription regulator complex,cellcom,0.02,5.40818072907753,5.263977667989503
transcription regulator complex,cellcom,0.03,4.32791374294027,4.22957779069749
transcription regulator complex,cellcom,0.04,3.9151120999486557,3.639625403294456
transcription regulator complex,cellcom,0.05,3.3078897826459026,3.293876671092519
transcription regulator complex,cellcom,0.06,3.2401163785726483,3.102145439537586
transcription regulator complex,cellcom,0.07,2.8745507444805765,2.798195433555049
transcription regulator complex,cellcom,0.08,2.472702378914942,2.5080289923976933
transcription regulator complex,cellcom,0.09,2.2207769981174033,2.287281116727026
transcription regulator complex,cellcom,0.1,2.268697586856068,2.134317808418465
transcription regulator complex,cellcom,0.11,2.0537395173712145,1.963301456314007
transcription regulator complex,cellcom,0.12,1.7826459010782116,1.8720611094214734
transcription regulator complex,cellcom,0.13,1.7484169091220247,1.7751808335182548
transcription regulator complex,cellcom,0.14,1.6053397227451682,1.6626985110060348
transcription regulator complex,cellcom,0.15,1.4786924525072722,1.568427361140466
transcription regulator complex,cellcom,0.16,1.4513092589423229,1.4782412065863817
transcription regulator complex,cellcom,0.17,1.2753722402875258,1.4018913264744093
transcription regulator complex,cellcom,0.18,1.2952250556221108,1.3430673939890996
transcription regulator complex,cellcom,0.19,1.1624165668321058,1.2662694821332834
transcription regulator complex,cellcom,0.2,1.133664213588912,1.2100546756856356
transcription regulator complex,cellcom,0.21,1.128187574875919,1.155948253914874
transcription regulator complex,cellcom,0.22,1.0782132466198862,1.081970306564402
transcription regulator complex,cellcom,0.23,1.1062810200239623,1.0249385010544578
transcription regulator complex,cellcom,0.24,1.0344001369159668,0.988041769208833
transcription regulator complex,cellcom,0.25,0.948143077186376,0.9537278085924046
transcription regulator complex,cellcom,0.26,0.9310285812082826,0.9106640515668716
transcription regulator complex,cellcom,0.27,0.8570939585829189,0.8815946978342138
transcription regulator complex,cellcom,0.28,0.8242341263049842,0.8381619734902291
transcription regulator complex,cellcom,0.29,0.757829881909977,0.8011598224107579
transcription regulator complex,cellcom,0.3,0.7612527811055957,0.7746995947157548
transcription regulator complex,cellcom,0.31,0.7283929488276564,0.7375393147855214
transcription regulator complex,cellcom,0.32,0.7188088310799241,0.7142943737227795
transcription regulator complex,cellcom,0.33,0.6969022762279645,0.6937903327399981
transcription regulator complex,cellcom,0.34,0.6811569399281185,0.6598716942504871
transcription regulator complex,cellcom,0.35000000000000003,0.6510354270066776,0.6218153508325777
transcription regulator complex,cellcom,0.36,0.6113297963374974,0.6034987589520691
transcription regulator complex,cellcom,0.37,0.5743624850248156,0.5660485761287628
transcription regulator complex,cellcom,0.38,0.5764162245421868,0.5565344902742846
transcription regulator complex,cellcom,0.39,0.5462947116207423,0.5336321617215377
transcription regulator complex,cellcom,0.4,0.4942666438473383,0.5131281207387565
transcription regulator complex,cellcom,0.41000000000000003,0.45935307205203024,0.4973679452789864
transcription regulator complex,cellcom,0.42,0.4326544583262019,0.47314787630317895
transcription regulator complex,cellcom,0.43,0.40869416395687114,0.451378804514262
transcription regulator complex,cellcom,0.44,0.4121170631524898,0.4343272434398925
transcription regulator complex,cellcom,0.45,0.4175937018654797,0.42418064218234647
transcription regulator complex,cellcom,0.46,0.40595584460037615,0.41311162262865986
transcription regulator complex,cellcom,0.47000000000000003,0.3751497518398101,0.38657233050827533
transcription regulator complex,cellcom,0.48,0.4066404244394999,0.37824421103454714
transcription regulator complex,cellcom,0.49,0.3443436590792398,0.36712248186393825
transcription regulator complex,cellcom,0.5,0.32038336470990897,0.34806795534652063
transcription regulator complex,cellcom,0.51,0.3149067259969191,0.3357339049866984
transcription regulator complex,cellcom,0.52,0.30737634776655803,0.32152866322613394
transcription regulator complex,cellcom,0.53,0.2628786582235151,0.30663819644557944
transcription regulator complex,cellcom,0.54,0.2628786582235151,0.2921430517919422
transcription regulator complex,cellcom,0.55,0.23481088481944187,0.285290801592041
transcription regulator complex,cellcom,0.56,0.2704090364538762,0.27561858688679586
transcription regulator complex,cellcom,0.5700000000000001,0.23138798562382573,0.2616505384023847
transcription regulator complex,cellcom,0.58,0.22591134691083328,0.25134580829406883
transcription regulator complex,cellcom,0.59,0.22317302755433832,0.24615391102722062
transcription regulator complex,cellcom,0.6,0.21632722916310096,0.2331873452643306
transcription regulator complex,cellcom,0.61,0.2156426493239772,0.2274156422113369
transcription regulator complex,cellcom,0.62,0.2040047920588737,0.21442272163998574
transcription regulator complex,cellcom,0.63,0.15813794283758328,0.20601553774087616
transcription regulator complex,cellcom,0.64,0.17935991785041916,0.20077093085710562
transcription regulator complex,cellcom,0.65,0.17046037994181057,0.1885422997311281
transcription regulator complex,cellcom,0.66,0.15676878315933582,0.18614401216116266
transcription regulator complex,cellcom,0.67,0.12664727023789138,0.1765245070728398
transcription regulator complex,cellcom,0.68,0.14581550573335603,0.16321532879995473
transcription regulator complex,cellcom,0.6900000000000001,0.14307718637686107,0.1566793363015874
transcription regulator complex,cellcom,0.7000000000000001,0.1376005476638727,0.15090763324859538
transcription regulator complex,cellcom,0.71,0.10884819442067421,0.14007580697105756
transcription regulator complex,cellcom,0.72,0.09652575731644694,0.1412617733518097
transcription regulator complex,cellcom,0.73,0.09241827828170451,0.13209030000732652
transcription regulator complex,cellcom,0.74,0.08488790005134342,0.12278705262053756
transcription regulator complex,cellcom,0.75,0.09857949683381816,0.11725254284369427
transcription regulator complex,cellcom,0.76,0.07872668149922978,0.11300941868144775
transcription regulator complex,cellcom,0.77,0.07461920246448736,0.11098009842993854
transcription regulator complex,cellcom,0.78,0.06708882423412624,0.10391700976234806
transcription regulator complex,cellcom,0.79,0.05682012664727019,0.1009652712146983
transcription regulator complex,cellcom,0.8,0.06298134519938382,0.09300611905942843
transcription regulator complex,cellcom,0.81,0.06777340407324998,0.09284799020866148
transcription regulator complex,cellcom,0.8200000000000001,0.055450966969022714,0.08836767277026453
transcription regulator complex,cellcom,0.8300000000000001,0.04175937018654843,0.08615386885952817
transcription regulator complex,cellcom,0.84,0.047236008899537864,0.07864274844809703
transcription regulator complex,cellcom,0.85,0.04244395002567171,0.07656071857966552
transcription regulator complex,cellcom,0.86,0.02669861372582575,0.07384617330816619
transcription regulator complex,cellcom,0.87,0.03559815163443433,0.06746830966056581
transcription regulator complex,cellcom,0.88,0.02669861372582575,0.0664668269390418
transcription regulator complex,cellcom,0.89,0.025329454047578276,0.06198650950064485
transcription regulator complex,cellcom,0.9,0.021221975012835854,0.05703180550994704
transcription regulator complex,cellcom,0.91,0.019168235495464644,0.05650470934072387
transcription regulator complex,cellcom,0.92,0.021221975012835854,0.054712582365365095
transcription regulator complex,cellcom,0.93,0.013007016943351008,0.05861309401761655
transcription regulator complex,cellcom,0.9400000000000001,0.016429916138969693,0.05616209683072881
transcription regulator complex,cellcom,0.9500000000000001,0.010953277425979917,0.04875639565314381
transcription regulator complex,cellcom,0.96,0.008899537908608583,0.04896723412083254
transcription regulator complex,cellcom,0.97,0.010268697586856057,0.05062758705388552
transcription regulator complex,cellcom,0.98,0.019852815334588377,0.06478011919752764
transcription regulator complex,cellcom,0.99,0.0349135717953106,0.16582445483760944
