GO_term,category,bin_edge,with_term_hist,without_term_hist
ALL_IDRs,cellcom,0.0,0.0,0.0
ALL_IDRs,cellcom,0.01,0.0,0.0
ALL_IDRs,cellcom,0.02,0.0,0.0
ALL_IDRs,cellcom,0.03,0.0008374680144318578,0.0
ALL_IDRs,cellcom,0.04,0.0019033363964360403,0.0
ALL_IDRs,cellcom,0.05,0.005075563723829444,0.0
ALL_IDRs,cellcom,0.06,0.012511264579239564,0.0
ALL_IDRs,cellcom,0.07,0.03184916236702976,0.0
ALL_IDRs,cellcom,0.08,0.0750168318381992,0.0
ALL_IDRs,cellcom,0.09,0.1487647727454408,0.0
ALL_IDRs,cellcom,0.1,0.2473829758994471,0.0
ALL_IDRs,cellcom,0.11,0.36285205061656695,0.0
ALL_IDRs,cellcom,0.12,0.5025061864777334,0.0
ALL_IDRs,cellcom,0.13,0.6314762607002394,0.0
ALL_IDRs,cellcom,0.14,0.7700137725421661,0.0
ALL_IDRs,cellcom,0.15,0.9133223142844881,0.0
ALL_IDRs,cellcom,0.16,1.0450078150992428,0.0
ALL_IDRs,cellcom,0.17,1.2143793765634345,0.0
ALL_IDRs,cellcom,0.18,1.4022513678009778,0.0
ALL_IDRs,cellcom,0.19,1.6403460620858168,0.0
ALL_IDRs,cellcom,0.2,1.9069654244985823,0.0
ALL_IDRs,cellcom,0.21,2.1960187785706635,0.0
ALL_IDRs,cellcom,0.22,2.561281721956049,0.0
ALL_IDRs,cellcom,0.23,2.9287779133799274,0.0
ALL_IDRs,cellcom,0.24,3.26889143851373,0.0
ALL_IDRs,cellcom,0.25,3.6217953842315906,0.0
ALL_IDRs,cellcom,0.26,3.8814358465240857,0.0
ALL_IDRs,cellcom,0.27,4.1214338772053605,0.0
ALL_IDRs,cellcom,0.28,4.327400253118383,0.0
ALL_IDRs,cellcom,0.29,4.4637806503776565,0.0
ALL_IDRs,cellcom,0.3,4.462790915451509,0.0
ALL_IDRs,cellcom,0.31,4.4289115275949476,0.0
ALL_IDRs,cellcom,0.32,4.298266517343579,0.0
ALL_IDRs,cellcom,0.33,4.138513149136046,0.0
ALL_IDRs,cellcom,0.34,3.891282440148315,0.0
ALL_IDRs,cellcom,0.35000000000000003,3.636489141212097,0.0
ALL_IDRs,cellcom,0.36,3.3644643034334383,0.0
ALL_IDRs,cellcom,0.37,3.069447161985852,0.0
ALL_IDRs,cellcom,0.38,2.7849110596279743,0.0
ALL_IDRs,cellcom,0.39,2.5099931505267525,0.0
ALL_IDRs,cellcom,0.4,2.2908556867504166,0.0
ALL_IDRs,cellcom,0.41000000000000003,2.0456298254336085,0.0
ALL_IDRs,cellcom,0.42,1.8084487326190477,0.0
ALL_IDRs,cellcom,0.43,1.6307786244663982,0.0
ALL_IDRs,cellcom,0.44,1.4492510878836384,0.0
ALL_IDRs,cellcom,0.45,1.2894469640388686,0.0
ALL_IDRs,cellcom,0.46,1.1432453509739617,0.0
ALL_IDRs,cellcom,0.47000000000000003,1.0141483876583655,0.0
ALL_IDRs,cellcom,0.48,0.8899239655176343,0.0
ALL_IDRs,cellcom,0.49,0.8051874291483019,0.0
ALL_IDRs,cellcom,0.5,0.7326576235347793,0.0
ALL_IDRs,cellcom,0.51,0.6440129030980981,0.0
ALL_IDRs,cellcom,0.52,0.572092165131435,0.0
ALL_IDRs,cellcom,0.53,0.5002983162578676,0.0
ALL_IDRs,cellcom,0.54,0.44175168870349507,0.0
ALL_IDRs,cellcom,0.55,0.406907943739406,0.0
ALL_IDRs,cellcom,0.56,0.3621922273324687,0.0
ALL_IDRs,cellcom,0.5700000000000001,0.32346567611965366,0.0
ALL_IDRs,cellcom,0.58,0.2767451120418001,0.0
ALL_IDRs,cellcom,0.59,0.2530422294515166,0.0
ALL_IDRs,cellcom,0.6,0.21880755213428701,0.0
ALL_IDRs,cellcom,0.61,0.20144912419879038,0.0
ALL_IDRs,cellcom,0.62,0.18665385594382755,0.0
ALL_IDRs,cellcom,0.63,0.16439750901483546,0.0
ALL_IDRs,cellcom,0.64,0.14561792323666656,0.0
ALL_IDRs,cellcom,0.65,0.1353145288772928,0.0
ALL_IDRs,cellcom,0.66,0.12254948611186177,0.0
ALL_IDRs,cellcom,0.67,0.1149868961633559,0.0
ALL_IDRs,cellcom,0.68,0.10247563158411634,0.0
ALL_IDRs,cellcom,0.6900000000000001,0.09196921467578939,0.0
ALL_IDRs,cellcom,0.7000000000000001,0.08029541811098259,0.0
ALL_IDRs,cellcom,0.71,0.07384945218171832,0.0
ALL_IDRs,cellcom,0.72,0.06874851063926973,0.0
ALL_IDRs,cellcom,0.73,0.05735387007927264,0.0
ALL_IDRs,cellcom,0.74,0.055958090055219546,0.0
ALL_IDRs,cellcom,0.75,0.04852238919980942,0.0
ALL_IDRs,cellcom,0.76,0.04481722768141393,0.0
ALL_IDRs,cellcom,0.77,0.03895495158039093,0.0
ALL_IDRs,cellcom,0.78,0.033067297660748785,0.0
ALL_IDRs,cellcom,0.79,0.03365098748898917,0.0
ALL_IDRs,cellcom,0.8,0.0302249819754043,0.0
ALL_IDRs,cellcom,0.81,0.025047906977098272,0.0
ALL_IDRs,cellcom,0.8200000000000001,0.021266612002845343,0.0
ALL_IDRs,cellcom,0.8300000000000001,0.020403766169794564,0.0
ALL_IDRs,cellcom,0.84,0.020073854527745422,0.0
ALL_IDRs,cellcom,0.85,0.01829740722440512,0.0
ALL_IDRs,cellcom,0.86,0.017104649749305204,0.0
ALL_IDRs,cellcom,0.87,0.016216426097635052,0.0
ALL_IDRs,cellcom,0.88,0.01235899766752468,0.0
ALL_IDRs,cellcom,0.89,0.01144539619723538,0.0
ALL_IDRs,cellcom,0.9,0.008856858698082368,0.0
ALL_IDRs,cellcom,0.91,0.009364415070465312,0.0
ALL_IDRs,cellcom,0.92,0.007638723404363303,0.0
ALL_IDRs,cellcom,0.93,0.004644140807303935,0.0
ALL_IDRs,cellcom,0.9400000000000001,0.0022078702198658055,0.0
ALL_IDRs,cellcom,0.9500000000000001,0.0027915600481062215,0.0
ALL_IDRs,cellcom,0.96,0.0022586258571040997,0.0
ALL_IDRs,cellcom,0.97,0.001903336396436039,0.0
ALL_IDRs,cellcom,0.98,2.537781861914719e-05,0.0
ALL_IDRs,cellcom,0.99,0.0,0.0
Golgi apparatus,cellcom,0.0,0.0,0.0
Golgi apparatus,cellcom,0.01,0.0,0.0
Golgi apparatus,cellcom,0.02,0.0,0.0
Golgi apparatus,cellcom,0.03,0.004786918309643406,0.0004962649172409324
Golgi apparatus,cellcom,0.04,0.0019147673238573623,0.0019023488494235743
Golgi apparatus,cellcom,0.05,0.008297325070048576,0.004797227533329016
Golgi apparatus,cellcom,0.06,0.011807731830453725,0.012572044570103611
Golgi apparatus,cellcom,0.07,0.04403964844871936,0.030795995142117883
Golgi apparatus,cellcom,0.08,0.09350447098170125,0.07341963747847799
Golgi apparatus,cellcom,0.09,0.18381766309030664,0.1457364640297537
Golgi apparatus,cellcom,0.1,0.31466009688722674,0.24157073360361403
Golgi apparatus,cellcom,0.11,0.4726284011054593,0.35336819134872416
Golgi apparatus,cellcom,0.12,0.6921883875744359,0.48611905671067296
Golgi apparatus,cellcom,0.13,0.8718573881297184,0.610709121211327
Golgi apparatus,cellcom,0.14,1.0971616765702707,0.7417506296361152
Golgi apparatus,cellcom,0.15,1.2851280021955986,0.881201071380815
Golgi apparatus,cellcom,0.16,1.2998078850118386,1.0229949863458212
Golgi apparatus,cellcom,0.17,1.373207299093041,1.2006578267180783
Golgi apparatus,cellcom,0.18,1.5413876957051755,1.390231025104111
Golgi apparatus,cellcom,0.19,1.7210566962604579,1.6333732642789875
Golgi apparatus,cellcom,0.2,1.8129655278056163,1.915086315632762
Golgi apparatus,cellcom,0.21,2.12571085736898,2.2020928594370957
Golgi apparatus,cellcom,0.22,2.4368605474958014,2.5720307849670307
Golgi apparatus,cellcom,0.23,2.750882388608416,2.944146762078198
Golgi apparatus,cellcom,0.24,3.150111375632668,3.2791531514889987
Golgi apparatus,cellcom,0.25,3.46796275139299,3.6350853782434673
Golgi apparatus,cellcom,0.26,3.7357110488457113,3.8940253839505132
Golgi apparatus,cellcom,0.27,4.016224461790815,4.130523187288998
Golgi apparatus,cellcom,0.28,4.110686316434467,4.346122723557026
Golgi apparatus,cellcom,0.29,4.271207643751153,4.480417524217034
Golgi apparatus,cellcom,0.3,4.209615961500408,4.484663346286762
Golgi apparatus,cellcom,0.31,4.24440090121715,4.444851871814768
Golgi apparatus,cellcom,0.32,4.132387012771495,4.31259727137006
Golgi apparatus,cellcom,0.33,4.278228457271964,4.12644278685835
Golgi apparatus,cellcom,0.34,3.9022958060213013,3.8903309673443864
Golgi apparatus,cellcom,0.35000000000000003,3.6738002387076767,3.633265740213604
Golgi apparatus,cellcom,0.36,3.4392412415351297,3.3580041327839467
Golgi apparatus,cellcom,0.37,3.1536217823930732,3.062175101561991
Golgi apparatus,cellcom,0.38,2.8858734849403525,2.776188657865314
Golgi apparatus,cellcom,0.39,2.664079603260208,2.4966812283659494
Golgi apparatus,cellcom,0.4,2.320697996515121,2.2882775333979377
Golgi apparatus,cellcom,0.41000000000000003,2.1139031255385383,2.039731520679782
Golgi apparatus,cellcom,0.42,1.816795062453326,1.8077276718696351
Golgi apparatus,cellcom,0.43,1.5988307154208963,1.6335386859180678
Golgi apparatus,cellcom,0.44,1.398099274303183,1.45367022369141
Golgi apparatus,cellcom,0.45,1.278426316562098,1.2903990659191436
Golgi apparatus,cellcom,0.46,1.170880218538776,1.1408579041905427
Golgi apparatus,cellcom,0.47000000000000003,1.0355699943195285,1.012297720351967
Golgi apparatus,cellcom,0.48,0.9398316281266548,0.8856123150896233
Golgi apparatus,cellcom,0.49,0.9123866298180325,0.7959262164349148
Golgi apparatus,cellcom,0.5,0.9095144788322465,0.7173785081449473
Golgi apparatus,cellcom,0.51,0.7116551887003191,0.6381691132986586
Golgi apparatus,cellcom,0.52,0.6021943233531399,0.5694915628071495
Golgi apparatus,cellcom,0.53,0.5051794456110337,0.49987662302751884
Golgi apparatus,cellcom,0.54,0.4541189836415041,0.44068324650994767
Golgi apparatus,cellcom,0.55,0.37944305801106704,0.40928070535786865
Golgi apparatus,cellcom,0.56,0.34146683942122935,0.3639827465230436
Golgi apparatus,cellcom,0.5700000000000001,0.2891298659024647,0.3264320344518167
Golgi apparatus,cellcom,0.58,0.24126068280602744,0.27981070250434553
Golgi apparatus,cellcom,0.59,0.18988109294918828,0.2584988813361655
Golgi apparatus,cellcom,0.6,0.1560535368943749,0.22422903177336112
Golgi apparatus,cellcom,0.61,0.13690586365580132,0.20702518130900882
Golgi apparatus,cellcom,0.62,0.12924679436037187,0.19161339860135987
Golgi apparatus,cellcom,0.63,0.1183964461918468,0.1683716583105762
Golgi apparatus,cellcom,0.64,0.09733400562941585,0.14978929418722134
Golgi apparatus,cellcom,0.65,0.09573836619286805,0.13873361464202055
Golgi apparatus,cellcom,0.66,0.07244203041927015,0.12687839717459828
Golgi apparatus,cellcom,0.67,0.059996042814197306,0.11973769642096488
Golgi apparatus,cellcom,0.68,0.05680476394110171,0.10642125447499987
Golgi apparatus,cellcom,0.6900000000000001,0.04595441577257666,0.0959445506665802
Golgi apparatus,cellcom,0.7000000000000001,0.041805753237552847,0.08362063855509798
Golgi apparatus,cellcom,0.71,0.03829534647714722,0.07692106217234447
Golgi apparatus,cellcom,0.72,0.037337962815218534,0.07146214808269422
Golgi apparatus,cellcom,0.73,0.03797621858983766,0.05902795487849086
Golgi apparatus,cellcom,0.74,0.027444998308622175,0.05842140886852973
Golgi apparatus,cellcom,0.75,0.021700696337050088,0.05083958374401548
Golgi apparatus,cellcom,0.76,0.015637266478168446,0.04733815905014891
Golgi apparatus,cellcom,0.77,0.020424184787811852,0.040555871847856174
Golgi apparatus,cellcom,0.78,0.008616452957358125,0.03517966857774607
Golgi apparatus,cellcom,0.79,0.012765115492382406,0.03545537130954659
Golgi apparatus,cellcom,0.8,0.010531220281215486,0.03192637634249996
Golgi apparatus,cellcom,0.81,0.006063429858881643,0.026688024438290124
Golgi apparatus,cellcom,0.8200000000000001,0.008616452957358125,0.022359491549021993
Golgi apparatus,cellcom,0.8300000000000001,0.005106046196953019,0.02172537526588104
Golgi apparatus,cellcom,0.84,0.0019147673238573608,0.021642664446340647
Golgi apparatus,cellcom,0.85,0.005744301971572083,0.019381902045576403
Golgi apparatus,cellcom,0.86,0.0012765115492382407,0.018472083030634693
Golgi apparatus,cellcom,0.87,0.006382557746191203,0.01706599909845205
Golgi apparatus,cellcom,0.88,0.007020813520810324,0.012820177028724077
Golgi apparatus,cellcom,0.89,0.010212092393905926,0.011551944462441696
Golgi apparatus,cellcom,0.9,0.0044677904223338425,0.009236041515317346
Golgi apparatus,cellcom,0.91,0.006701685633500763,0.00959445506665802
Golgi apparatus,cellcom,0.92,0.004786918309643402,0.007885098129494809
Golgi apparatus,cellcom,0.93,0.0019147673238573608,0.004879938352869166
Golgi apparatus,cellcom,0.9400000000000001,0.0,0.002398613766664505
Golgi apparatus,cellcom,0.9500000000000001,0.0,0.0030327300498057294
Golgi apparatus,cellcom,0.96,0.0,0.0024537543130246087
Golgi apparatus,cellcom,0.97,0.0,0.0020677704885038836
Golgi apparatus,cellcom,0.98,0.0,2.757027318005178e-05
Golgi apparatus,cellcom,0.99,0.0,0.0
Golgi lumen,cellcom,0.0,0.0,0.0
Golgi lumen,cellcom,0.01,0.0,0.0
Golgi lumen,cellcom,0.02,0.0,0.0
Golgi lumen,cellcom,0.03,0.0,0.0008432976618422373
Golgi lumen,cellcom,0.04,0.0,0.0019165855950959937
Golgi lumen,cellcom,0.05,0.0,0.005110894920255987
Golgi lumen,cellcom,0.06,0.011013215859030827,0.01252169255462715
Golgi lumen,cellcom,0.07,0.05506607929515421,0.03168754850558712
Golgi lumen,cellcom,0.08,0.16152716593245234,0.07441463003892716
Golgi lumen,cellcom,0.09,0.26431718061673987,0.14796040794141063
Golgi lumen,cellcom,0.1,0.3157121879588841,0.24690733359756672
Golgi lumen,cellcom,0.11,0.5543318649045524,0.36151915218430725
Golgi lumen,cellcom,0.12,0.7819383259911887,0.5005610484898707
Golgi lumen,cellcom,0.13,1.0499265785609389,0.6285634117676816
Golgi lumen,cellcom,0.14,1.244493392070487,0.7667109014622029
Golgi lumen,cellcom,0.15,1.4060205580029355,0.9098926226531721
Golgi lumen,cellcom,0.16,1.4427312775330383,1.0422392466132007
Golgi lumen,cellcom,0.17,1.6850220264317213,1.2111032147784617
Golgi lumen,cellcom,0.18,1.9383259911894257,1.398519731504245
Golgi lumen,cellcom,0.19,1.9456681350954463,1.6382207032642504
Golgi lumen,cellcom,0.2,2.2540381791483157,1.9045494375587948
Golgi lumen,cellcom,0.21,2.114537444933919,2.1965859733022164
Golgi lumen,cellcom,0.22,1.9750367107195281,2.565362596273286
Golgi lumen,cellcom,0.23,1.989720998531575,2.935314725076024
Golgi lumen,cellcom,0.24,2.5587371512481623,3.2738348501191705
Golgi lumen,cellcom,0.25,2.955212922173272,3.6264354906676304
Golgi lumen,cellcom,0.26,2.6798825256975016,3.889799905908421
Golgi lumen,cellcom,0.27,3.0506607929515392,4.128887570277995
Golgi lumen,cellcom,0.28,3.046989720998546,4.336313240616609
Golgi lumen,cellcom,0.29,3.4801762114537413,4.470627559120912
Golgi lumen,cellcom,0.3,2.92584434654919,4.473489660276256
Golgi lumen,cellcom,0.31,3.0433186490455184,4.438556693496306
Golgi lumen,cellcom,0.32,3.1350954478707758,4.306363396383885
Golgi lumen,cellcom,0.33,3.017621145374447,4.146315721956069
Golgi lumen,cellcom,0.34,3.06167400881057,3.8970573766951846
Golgi lumen,cellcom,0.35000000000000003,3.142437591776813,3.6399282532571267
Golgi lumen,cellcom,0.36,2.8157121879588813,3.368284188245501
Golgi lumen,cellcom,0.37,2.646842878120409,3.072388926837281
Golgi lumen,cellcom,0.38,2.727606461086635,2.7853099591665025
Golgi lumen,cellcom,0.39,2.782672540381789,2.5080950186918183
Golgi lumen,cellcom,0.4,2.6395007342143884,2.288428755019216
Golgi lumen,cellcom,0.41000000000000003,2.35682819383261,2.0434635614913583
Golgi lumen,cellcom,0.42,1.99706314243759,1.8071357803787105
Golgi lumen,cellcom,0.43,1.8649045521292202,1.6291488647807961
Golgi lumen,cellcom,0.44,1.7290748898678399,1.4473032235180885
Golgi lumen,cellcom,0.45,1.6042584434654905,1.2872555490902724
Golgi lumen,cellcom,0.46,1.8061674008810558,1.1386307248092284
Golgi lumen,cellcom,0.47000000000000003,1.7804698972099935,1.0088139938347322
Golgi lumen,cellcom,0.48,1.413362701908956,0.8862802881215894
Golgi lumen,cellcom,0.49,2.331130690161525,0.7945652787775959
Golgi lumen,cellcom,0.5,3.3076358296622588,0.7147331001231976
Golgi lumen,cellcom,0.51,1.6519823788546242,0.636996388386104
Golgi lumen,cellcom,0.52,1.3509544787077816,0.5666704742833818
Golgi lumen,cellcom,0.53,1.2041116005873704,0.4953990446204121
Golgi lumen,cellcom,0.54,0.9948604992657847,0.4379014767675323
Golgi lumen,cellcom,0.55,1.0462555066079287,0.4024574204955571
Golgi lumen,cellcom,0.56,0.9434654919236409,0.3581459615369378
Golgi lumen,cellcom,0.5700000000000001,0.6754772393538983,0.32101530994128163
Golgi lumen,cellcom,0.58,0.49192364170337693,0.2752472459303858
Golgi lumen,cellcom,0.59,0.3377386196769454,0.2524526545860441
Golgi lumen,cellcom,0.6,0.11747430249632883,0.21951293682499431
Golgi lumen,cellcom,0.61,0.029368575624082207,0.2026469835881496
Golgi lumen,cellcom,0.62,0.02569750367107193,0.1877742793702047
Golgi lumen,cellcom,0.63,0.018355359765051378,0.16541411409408477
Golgi lumen,cellcom,0.64,0.011013215859030827,0.14655491183834024
Golgi lumen,cellcom,0.65,0.007342143906020552,0.13620534962482186
Golgi lumen,cellcom,0.66,0.0,0.12340255784958064
Golgi lumen,cellcom,0.67,0.0,0.11578732441839922
Golgi lumen,cellcom,0.68,0.0,0.10318896843996823
Golgi lumen,cellcom,0.6900000000000001,0.0,0.09260941595503834
Golgi lumen,cellcom,0.7000000000000001,0.0,0.0808543576384505
Golgi lumen,cellcom,0.71,0.0,0.07436352108972451
Golgi lumen,cellcom,0.72,0.0,0.06922707169486725
Golgi lumen,cellcom,0.73,0.0,0.05775311259889257
Golgi lumen,cellcom,0.74,0.003671071953010276,0.05632206202122089
Golgi lumen,cellcom,0.75,0.0,0.048860155437647164
Golgi lumen,cellcom,0.76,0.0,0.0451292021458603
Golgi lumen,cellcom,0.77,0.0,0.03922611851296464
Golgi lumen,cellcom,0.78,0.0,0.033297480405467705
Golgi lumen,cellcom,0.79,0.0,0.03388523332129715
Golgi lumen,cellcom,0.8,0.0,0.03043537925012436
Golgi lumen,cellcom,0.81,0.0,0.02522226643146326
Golgi lumen,cellcom,0.8200000000000001,0.0,0.021414649715872557
Golgi lumen,cellcom,0.8300000000000001,0.0,0.020545797579429266
Golgi lumen,cellcom,0.84,0.0,0.0202135894096124
Golgi lumen,cellcom,0.85,0.0,0.01842477618752281
Golgi lumen,cellcom,0.86,0.0,0.017223715881262654
Golgi lumen,cellcom,0.87,0.0,0.016329309270217855
Golgi lumen,cellcom,0.88,0.0,0.01244502913082331
Golgi lumen,cellcom,0.89,0.0,0.011525068045177233
Golgi lumen,cellcom,0.9,0.0,0.008918511635846685
Golgi lumen,cellcom,0.91,0.0,0.009429601127872281
Golgi lumen,cellcom,0.92,0.0,0.007691896854985249
Golgi lumen,cellcom,0.93,0.0,0.004676468852034222
Golgi lumen,cellcom,0.9400000000000001,0.0,0.0022232392903113515
Golgi lumen,cellcom,0.9500000000000001,0.0,0.00281099220614082
Golgi lumen,cellcom,0.96,0.0,0.002274348239513911
Golgi lumen,cellcom,0.97,0.0,0.0019165855950959924
Golgi lumen,cellcom,0.98,0.0,2.55544746012799e-05
Golgi lumen,cellcom,0.99,0.0,0.0
Golgi membrane,cellcom,0.0,0.0,0.0
Golgi membrane,cellcom,0.01,0.0,0.0
Golgi membrane,cellcom,0.02,0.0,0.0
Golgi membrane,cellcom,0.03,0.009283518659872503,0.000624430369899542
Golgi membrane,cellcom,0.04,0.0,0.0019513449059360688
Golgi membrane,cellcom,0.05,0.015472531099787518,0.004813317434642307
Golgi membrane,cellcom,0.06,0.02063004146638333,0.012306481873436798
Golgi membrane,cellcom,0.07,0.07117364305902259,0.030857267445869058
Golgi membrane,cellcom,0.08,0.15678831514451352,0.07295428154992988
Golgi membrane,cellcom,0.09,0.2640645307697066,0.14585652723570128
Golgi membrane,cellcom,0.1,0.5002785055597964,0.24100410484914425
Golgi membrane,cellcom,0.11,0.7055474181503107,0.3542081273255155
Golgi membrane,cellcom,0.12,0.9623914344067822,0.4909063424693563
Golgi membrane,cellcom,0.13,1.2491490107895107,0.6158964881775811
Golgi membrane,cellcom,0.14,1.6308047779176067,0.7483017445283653
Golgi membrane,cellcom,0.15,1.927877375033522,0.887731842540515
Golgi membrane,cellcom,0.16,1.8763022713675637,1.0240397887031691
Golgi membrane,cellcom,0.17,1.7989396158686313,1.1996348123053393
Golgi membrane,cellcom,0.18,1.8587667361211382,1.3907365234266749
Golgi membrane,cellcom,0.19,1.9980195160192253,1.6313243413625524
Golgi membrane,cellcom,0.2,1.9732634662595707,1.9052931661559818
Golgi membrane,cellcom,0.21,2.144492810430547,2.1973184358123286
Golgi membrane,cellcom,0.22,2.447754419986382,2.5641452601962302
Golgi membrane,cellcom,0.23,2.8675757638272907,2.930321636278161
Golgi membrane,cellcom,0.24,3.1811523941163093,3.271104510650828
Golgi membrane,cellcom,0.25,3.5442411239246563,3.6237515620515937
Golgi membrane,cellcom,0.26,3.8320302023807034,3.8826820221032707
Golgi membrane,cellcom,0.27,3.989850019598536,4.124752862167659
Golgi membrane,cellcom,0.28,3.869164277020215,4.338958496975305
Golgi membrane,cellcom,0.29,3.955810451179003,4.4765933576739725
Golgi membrane,cellcom,0.3,4.1332288077899,4.471103574005272
Golgi membrane,cellcom,0.31,4.215748973655433,4.434288200113278
Golgi membrane,cellcom,0.32,4.178614899015943,4.301284531324676
Golgi membrane,cellcom,0.33,4.243599529635051,4.135862519165455
Golgi membrane,cellcom,0.34,3.899077837146449,3.8910858141648355
Golgi membrane,cellcom,0.35000000000000003,3.715470468095658,3.634496968000302
Golgi membrane,cellcom,0.36,3.4163348668330795,3.363155954346852
Golgi membrane,cellcom,0.37,3.099663730324095,3.0686849990750598
Golgi membrane,cellcom,0.38,2.842819714067623,2.783450409691365
Golgi membrane,cellcom,0.39,2.5230540713386813,2.509663710422495
Golgi membrane,cellcom,0.4,2.2961236152084643,2.2907228119764684
Golgi membrane,cellcom,0.41000000000000003,2.0815711839580895,2.044723264168139
Golgi membrane,cellcom,0.42,1.679285375363603,1.8117066644672823
Golgi membrane,cellcom,0.43,1.4894889938728766,1.6343424214837337
Golgi membrane,cellcom,0.44,1.3100076331153414,1.4527632735033629
Golgi membrane,cellcom,0.45,1.2728735584758513,1.2898650007558197
Golgi membrane,cellcom,0.46,1.0944236997916357,1.1444767962975433
Golgi membrane,cellcom,0.47000000000000003,0.8489262063416787,1.0183158436457622
Golgi membrane,cellcom,0.48,0.8025086130423115,0.8921288730618908
Golgi membrane,cellcom,0.49,0.6343737750912873,0.8094959207785183
Golgi membrane,cellcom,0.5,0.5312235677593707,0.7377384641042293
Golgi membrane,cellcom,0.51,0.49305799104656156,0.6478204908386952
Golgi membrane,cellcom,0.52,0.38784477956800656,0.5767395003984641
Golgi membrane,cellcom,0.53,0.2960410950426008,0.5054503665015998
Golgi membrane,cellcom,0.54,0.29397809089596244,0.4454790330591646
Golgi membrane,cellcom,0.55,0.2424029872300041,0.41105730891845244
Golgi membrane,cellcom,0.56,0.20114290429723744,0.3662544298781603
Golgi membrane,cellcom,0.5700000000000001,0.1444102902646849,0.3279820517897378
Golgi membrane,cellcom,0.58,0.11346522806510832,0.280863576794398
Golgi membrane,cellcom,0.59,0.07426814927897998,0.25755150965148177
Golgi membrane,cellcom,0.6,0.07014214098570332,0.22255739100502828
Golgi membrane,cellcom,0.61,0.07323664720566082,0.20468307166665392
Golgi membrane,cellcom,0.62,0.08767767623212915,0.1891503662154028
Golgi membrane,cellcom,0.63,0.07117364305902248,0.16674892669525676
Golgi membrane,cellcom,0.64,0.05879561817919248,0.14780787214163735
Golgi membrane,cellcom,0.65,0.04435458915272416,0.13760884276661148
Golgi membrane,cellcom,0.66,0.02372454768634083,0.1250421815723832
Golgi membrane,cellcom,0.67,0.02372454768634083,0.11728883781279723
Golgi membrane,cellcom,0.68,0.011346522806510832,0.10477421248272725
Golgi membrane,cellcom,0.6900000000000001,0.009283518659872498,0.09405482446611844
Golgi membrane,cellcom,0.7000000000000001,0.012378024879830135,0.08200852191347403
Golgi membrane,cellcom,0.71,0.01753553524642583,0.07526987750497392
Golgi membrane,cellcom,0.72,0.016504033173106662,0.0700662910891444
Golgi membrane,cellcom,0.73,0.024756049759659993,0.05817609612897396
Golgi membrane,cellcom,0.74,0.022693045613021663,0.056797145728779135
Golgi membrane,cellcom,0.75,0.016504033173106662,0.04932999922206378
Golgi membrane,cellcom,0.76,0.006189012439914998,0.04579156045929972
Golgi membrane,cellcom,0.77,0.003094506219957499,0.03985947194525407
Golgi membrane,cellcom,0.78,0.0,0.03390136549912928
Golgi membrane,cellcom,0.79,0.0,0.03449977793694967
Golgi membrane,cellcom,0.8,0.0,0.030987357106264754
Golgi membrane,cellcom,0.81,0.0,0.02567969896211865
Golgi membrane,cellcom,0.8200000000000001,0.0,0.021803027082325663
Golgi membrane,cellcom,0.8300000000000001,0.0,0.020918417391634875
Golgi membrane,cellcom,0.84,0.0010315020733191664,0.02055416634252658
Golgi membrane,cellcom,0.85,0.0,0.018758929029065396
Golgi membrane,cellcom,0.86,0.0,0.017536086221345462
Golgi membrane,cellcom,0.87,0.0,0.016625458598575296
Golgi membrane,cellcom,0.88,0.0,0.012670732922544866
Golgi membrane,cellcom,0.89,0.0,0.011734087367695552
Golgi membrane,cellcom,0.9,0.0,0.009080258295622501
Golgi membrane,cellcom,0.91,0.0,0.009600616937205451
Golgi membrane,cellcom,0.92,0.0,0.007831397555823417
Golgi membrane,cellcom,0.93,0.0,0.0047612815704840055
Golgi membrane,cellcom,0.9400000000000001,0.0,0.0022635600908858383
Golgi membrane,cellcom,0.9500000000000001,0.0,0.002861972528706264
Golgi membrane,cellcom,0.96,0.0,0.0023155959550441338
Golgi membrane,cellcom,0.97,0.0,0.0019513449059360675
Golgi membrane,cellcom,0.98,0.0,2.6017932079147566e-05
Golgi membrane,cellcom,0.99,0.0,0.0
PML body,cellcom,0.0,0.0,0.0
PML body,cellcom,0.01,0.0,0.0
PML body,cellcom,0.02,0.0,0.0
PML body,cellcom,0.03,0.0,0.0008458389338123343
PML body,cellcom,0.04,0.0,0.0019223612132098506
PML body,cellcom,0.05,0.0,0.0051262965685596055
PML body,cellcom,0.06,0.0,0.01263632104149941
PML body,cellcom,0.07,0.0,0.032167510967711525
PML body,cellcom,0.08,0.010257199271738857,0.07566413735193979
PML body,cellcom,0.09,0.010257199271738843,0.15014922649311066
PML body,cellcom,0.1,0.035900197451086,0.249496853991796
PML body,cellcom,0.11,0.10257199271738857,0.3654536823726143
PML body,cellcom,0.12,0.12821499089673552,0.5062474176281031
PML body,cellcom,0.13,0.18975818652716858,0.6358914578469753
PML body,cellcom,0.14,0.2872015796086884,0.7748397263377854
PML body,cellcom,0.15,0.3692591737825983,0.918760502500094
PML body,cellcom,0.16,0.39746647177988015,1.051480320660102
PML body,cellcom,0.17,0.5436315614021602,1.2210838426308999
PML body,cellcom,0.18,0.7718542451983479,1.408552508143121
PML body,cellcom,0.19,0.9103264353668223,1.6476429801007406
PML body,cellcom,0.2,1.0923917224401898,1.9151075035653429
PML body,cellcom,0.21,1.461650896222785,2.203359159615444
PML body,cellcom,0.22,1.8027027720081017,2.568864104953743
PML body,cellcom,0.23,2.3053055363233113,2.9350098373631206
PML body,cellcom,0.24,2.905351693720027,3.2725252034370764
PML body,cellcom,0.25,3.14639587660589,3.6265472444618023
PML body,cellcom,0.26,3.6438700412852243,3.883810437754966
PML body,cellcom,0.27,4.105444008513472,4.121593704087602
PML body,cellcom,0.28,4.395209887940118,4.326722461278539
PML body,cellcom,0.29,4.0798010103341245,4.467618722465375
PML body,cellcom,0.3,4.064415211426517,4.466772883531563
PML body,cellcom,0.31,4.33879529194553,4.429812285272249
PML body,cellcom,0.32,4.308023694130314,4.298168989391638
PML body,cellcom,0.33,4.29520219504064,4.1369469623104385
PML body,cellcom,0.34,4.013129215067822,3.8900645195686088
PML body,cellcom,0.35000000000000003,3.9849219170705625,3.6330063781382074
PML body,cellcom,0.36,4.082365310152059,3.3572885171982096
PML body,cellcom,0.37,3.5207836500243577,3.064935823893255
PML body,cellcom,0.38,3.492576352027076,2.7778375845710754
PML body,cellcom,0.39,3.4002615585814264,2.501094464317385
PML body,cellcom,0.4,3.120752878426543,2.28256044159969
PML body,cellcom,0.41000000000000003,2.9951021873477583,2.036139365549041
PML body,cellcom,0.42,2.5386568197553636,1.8011499308462575
PML body,cellcom,0.43,2.0565684539836377,1.626522638238275
PML body,cellcom,0.44,1.8616816678206,1.4451286341597938
PML body,cellcom,0.45,1.977075159627662,1.2825737699707687
PML body,cellcom,0.46,1.8309100700053835,1.136371791835449
PML body,cellcom,0.47000000000000003,1.5129368925814877,1.009162742486648
PML body,cellcom,0.48,1.1795779162499669,0.8870287267407101
PML body,cellcom,0.49,1.0308485268097536,0.8029318315334899
PML body,cellcom,0.5,1.0872631228043173,0.7291131609462317
PML body,cellcom,0.51,0.9769982306331247,0.6406845451385785
PML body,cellcom,0.52,0.6718465522988942,0.5710950692203821
PML body,cellcom,0.53,0.6923609508423718,0.49837855239536416
PML body,cellcom,0.54,0.584660358489114,0.4403232437564267
PML body,cellcom,0.55,0.46413826704618266,0.40633589750687654
PML body,cellcom,0.56,0.45900966741031324,0.36122448770355214
PML body,cellcom,0.5700000000000001,0.2923301792445603,0.3237768912702278
PML body,cellcom,0.58,0.274380080519014,0.2767687517365327
PML body,cellcom,0.59,0.18719388670923387,0.2537004171780145
PML body,cellcom,0.6,0.23078698361412397,0.21868781161475245
PML body,cellcom,0.61,0.20257968561684214,0.20143782366154941
PML body,cellcom,0.62,0.18206528707336445,0.18669972102694057
PML body,cellcom,0.63,0.19745108598097272,0.16406712167674994
PML body,cellcom,0.64,0.14872938944021322,0.1455868225470926
PML body,cellcom,0.65,0.07436469472010661,0.13592375351535776
PML body,cellcom,0.66,0.07692899453804132,0.12300548616258757
PML body,cellcom,0.67,0.04615739672282479,0.11567488206954733
PML body,cellcom,0.68,0.061543195630433055,0.10288477213099115
PML body,cellcom,0.6900000000000001,0.08205759417391074,0.0920682863713304
PML body,cellcom,0.7000000000000001,0.04872169654076004,0.08061101354060057
PML body,cellcom,0.71,0.04615739672282479,0.0741262483813718
PML body,cellcom,0.72,0.03846449726902066,0.0690512147784978
PML body,cellcom,0.73,0.012821499089673553,0.05779899381050947
PML body,cellcom,0.74,0.07949329435597603,0.05572284370024283
PML body,cellcom,0.75,0.03846449726902066,0.04862292295278779
PML body,cellcom,0.76,0.04359309690489008,0.04482946349205369
PML body,cellcom,0.77,0.035900197451085955,0.038985485403895744
PML body,cellcom,0.78,0.04102879708695537,0.03298771841868101
PML body,cellcom,0.79,0.015385798907608264,0.03383355735249335
PML body,cellcom,0.8,0.030771597815216527,0.03021951827165883
PML body,cellcom,0.81,0.010257199271738843,0.025195747634470425
PML body,cellcom,0.8200000000000001,0.023078698361412395,0.021248499276679534
PML body,cellcom,0.8300000000000001,0.058978895812499,0.020018188100225456
PML body,cellcom,0.84,0.05897889581249835,0.019684978823268858
PML body,cellcom,0.85,0.04102879708695537,0.018070195404172585
PML body,cellcom,0.86,0.06923609508423718,0.0165835693992903
PML body,cellcom,0.87,0.015385798907608264,0.016224728639491127
PML body,cellcom,0.88,0.0,0.012482532144442622
PML body,cellcom,0.89,0.0,0.011559798762101893
PML body,cellcom,0.9,0.0,0.008945387512136499
PML body,cellcom,0.91,0.0,0.009458017168992458
PML body,cellcom,0.92,0.0,0.007715076335682196
PML body,cellcom,0.93,0.0,0.004690561360232033
PML body,cellcom,0.9400000000000001,0.0,0.0022299390073234255
PML body,cellcom,0.9500000000000001,0.0,0.0028194631127078104
PML body,cellcom,0.96,0.0,0.0022812019730090215
PML body,cellcom,0.97,0.0,0.0019223612132098496
PML body,cellcom,0.98,0.0,2.5631482842797994e-05
PML body,cellcom,0.99,0.0,0.0
Z disc,cellcom,0.0,0.0,0.0
Z disc,cellcom,0.01,0.0,0.0
Z disc,cellcom,0.02,0.0,0.0
Z disc,cellcom,0.03,0.003805899143672692,0.000797345815824948
Z disc,cellcom,0.04,0.0,0.001929062457641003
Z disc,cellcom,0.05,0.0,0.005144166553709345
Z disc,cellcom,0.06,0.0,0.012680370554893518
Z disc,cellcom,0.07,0.0019029495718363475,0.032253924291757594
Z disc,cellcom,0.08,0.0,0.07603078166382413
Z disc,cellcom,0.09,0.005708848715509034,0.15069835919091507
Z disc,cellcom,0.1,0.04567078972407234,0.25010937784134835
Z disc,cellcom,0.11,0.1084681255946718,0.3662903794568739
Z disc,cellcom,0.12,0.13320647002854413,0.5074977513561947
Z disc,cellcom,0.13,0.12559467174119876,0.6383139068170232
Z disc,cellcom,0.14,0.19219790675547133,0.7778237037536226
Z disc,cellcom,0.15,0.20742150333016157,0.9228634797354552
Z disc,cellcom,0.16,0.30066603235014244,1.0550685601657852
Z disc,cellcom,0.17,0.6032350142721229,1.2226397856528703
Z disc,cellcom,0.18,0.7212178877259746,1.4114564190067682
Z disc,cellcom,0.19,1.0865842055185528,1.6478308721497124
Z disc,cellcom,0.2,1.2274024738344458,1.9161505995911967
Z disc,cellcom,0.21,1.7069457659372014,2.2026292349672643
Z disc,cellcom,0.22,2.015223596574689,2.5686624060964522
Z disc,cellcom,0.23,2.7021883920076166,2.93184056478834
Z disc,cellcom,0.24,3.179828734538532,3.270095236527489
Z disc,cellcom,0.25,3.6974310180780177,3.6207730704938546
Z disc,cellcom,0.26,3.94100856327307,3.880630643954482
Z disc,cellcom,0.27,4.489058039961937,4.116464959609287
Z disc,cellcom,0.28,4.744053282588034,4.32176864676785
Z disc,cellcom,0.29,4.959086584205514,4.457085947963151
Z disc,cellcom,0.3,5.067554709800186,4.45461674801737
Z disc,cellcom,0.31,5.451950523311128,4.415083828052114
Z disc,cellcom,0.32,5.196955280685057,4.2861195725506205
Z disc,cellcom,0.33,4.94576593720266,4.127602080198067
Z disc,cellcom,0.34,4.27402473834443,3.8861091813341826
Z disc,cellcom,0.35000000000000003,3.9391056137012552,3.632398886905258
Z disc,cellcom,0.36,3.516650808753565,3.3624073053338033
Z disc,cellcom,0.37,3.516650808753565,3.0634026243994477
Z disc,cellcom,0.38,3.2921027592768763,2.778055705665191
Z disc,cellcom,0.39,2.797335870599427,2.506109340803347
Z disc,cellcom,0.4,2.662226450999046,2.285836128973513
Z disc,cellcom,0.41000000000000003,2.3767840152236075,2.0411538468463397
Z disc,cellcom,0.42,2.060894386298761,1.8050366020310695
Z disc,cellcom,0.43,1.7811607992388185,1.6287460142354506
Z disc,cellcom,0.44,1.600380589914366,1.4472083765550483
Z disc,cellcom,0.45,1.4614652711703127,1.2871219134036134
Z disc,cellcom,0.46,1.5109419600380576,1.138275454172034
Z disc,cellcom,0.47000000000000003,1.2483349191246491,1.0109830528005017
Z disc,cellcom,0.48,0.9819219790675539,0.8886804929860567
Z disc,cellcom,0.49,0.8601332064700277,0.8044447656690663
Z disc,cellcom,0.5,0.734538534728829,0.732632200579284
Z disc,cellcom,0.51,0.5499524262607036,0.6452842524972994
Z disc,cellcom,0.52,0.6489058039961936,0.5710539291272737
Z disc,cellcom,0.53,0.4433872502378683,0.5010675431640581
Z disc,cellcom,0.54,0.4624167459562317,0.4414723736393354
Z disc,cellcom,0.55,0.392007611798287,0.407109341060557
Z disc,cellcom,0.56,0.3634633682207418,0.362175046213906
Z disc,cellcom,0.5700000000000001,0.24167459562321844,0.32457118870629426
Z disc,cellcom,0.58,0.22454804947668866,0.2774506230743132
Z disc,cellcom,0.59,0.1579448144624166,0.25432759441538966
Z disc,cellcom,0.6,0.18268315889628908,0.21929582018462906
Z disc,cellcom,0.61,0.1408182683158895,0.20226862889185118
Z disc,cellcom,0.62,0.11227402473834433,0.18765919587931665
Z disc,cellcom,0.63,0.11988582302568972,0.16499914221022702
Z disc,cellcom,0.64,0.10085632730732627,0.14622293428918795
Z disc,cellcom,0.65,0.07802093244529013,0.13608892617838053
Z disc,cellcom,0.66,0.05328258801141766,0.12348571812179267
Z disc,cellcom,0.67,0.06089438629876303,0.11571802662569156
Z disc,cellcom,0.68,0.020932445290199792,0.10357779355893752
Z disc,cellcom,0.6900000000000001,0.019029495718363446,0.09295508962552773
Z disc,cellcom,0.7000000000000001,0.011417697431018194,0.08122638988307135
Z disc,cellcom,0.71,0.017126546146527102,0.07461613586155395
Z disc,cellcom,0.72,0.013320647002854414,0.06949769014061316
Z disc,cellcom,0.73,0.022835394862036135,0.05782043206369296
Z disc,cellcom,0.74,0.022835394862036135,0.05640578626142289
Z disc,cellcom,0.75,0.013320647002854414,0.04899818642408144
Z disc,cellcom,0.76,0.0,0.04542299066925346
Z disc,cellcom,0.77,0.005708848715509034,0.03940431580141353
Z disc,cellcom,0.78,0.0,0.03351424509741634
Z disc,cellcom,0.79,0.0,0.03410582425109291
Z disc,cellcom,0.8,0.005708848715509034,0.03055634932903347
Z disc,cellcom,0.81,0.0,0.025386461942555585
Z disc,cellcom,0.8200000000000001,0.005708848715509034,0.021476895361736487
Z disc,cellcom,0.8300000000000001,0.0,0.02067954954591177
Z disc,cellcom,0.84,0.005708848715509034,0.020268016221614792
Z disc,cellcom,0.85,0.005708848715509034,0.018467557927816524
Z disc,cellcom,0.86,0.011417697431018068,0.01718151628938919
Z disc,cellcom,0.87,0.011417697431018068,0.016281287142490056
Z disc,cellcom,0.88,0.0,0.012526045558282238
Z disc,cellcom,0.89,0.0,0.011600095578614557
Z disc,cellcom,0.9,0.0,0.008976570636222796
Z disc,cellcom,0.91,0.0,0.009490987291593728
Z disc,cellcom,0.92,0.0,0.007741970663332555
Z disc,cellcom,0.93,0.0,0.004706912396644045
Z disc,cellcom,0.9400000000000001,0.0,0.0022377124508635624
Z disc,cellcom,0.9500000000000001,0.0,0.0028292916045401673
Z disc,cellcom,0.96,0.0,0.0022891541164006554
Z disc,cellcom,0.97,0.0,0.001929062457641002
Z disc,cellcom,0.98,0.0,2.5720832768546692e-05
Z disc,cellcom,0.99,0.0,0.0
actin cytoskeleton,cellcom,0.0,0.0,0.0
actin cytoskeleton,cellcom,0.01,0.0,0.0
actin cytoskeleton,cellcom,0.02,0.0,0.0
actin cytoskeleton,cellcom,0.03,0.0,0.0008706182180819487
actin cytoskeleton,cellcom,0.04,0.0,0.0019786777683680652
actin cytoskeleton,cellcom,0.05,0.0,0.005276474048981511
actin cytoskeleton,cellcom,0.06,0.0033324668919414257,0.01287459667951487
actin cytoskeleton,cellcom,0.07,0.0006664933783882861,0.033083492287114075
actin cytoskeleton,cellcom,0.08,0.028659215270696297,0.07685184452341572
actin cytoskeleton,cellcom,0.09,0.03732362918974397,0.15317604164193308
actin cytoskeleton,cellcom,0.1,0.05531895040622774,0.25498560841703155
actin cytoskeleton,cellcom,0.11,0.13796412932637522,0.3717539791209924
actin cytoskeleton,cellcom,0.12,0.17662074527289556,0.5154059851045133
actin cytoskeleton,cellcom,0.13,0.2432700831117241,0.6468429536646425
actin cytoskeleton,cellcom,0.14,0.36390538460000466,0.7860891038172666
actin cytoskeleton,cellcom,0.15,0.5032025006831552,0.9295564332090716
actin cytoskeleton,cellcom,0.16,0.5291957424402983,1.0654256399703452
actin cytoskeleton,cellcom,0.17,0.631835722712096,1.2374386939671458
actin cytoskeleton,cellcom,0.18,0.696485580415758,1.4301882909764367
actin cytoskeleton,cellcom,0.19,0.9637494251494604,1.667128358145951
actin cytoskeleton,cellcom,0.2,1.1083784882597212,1.93857656559581
actin cytoskeleton,cellcom,0.21,1.4189644025886592,2.2267775781511743
actin cytoskeleton,cellcom,0.22,1.7175534361066107,2.5946797312164094
actin cytoskeleton,cellcom,0.23,2.1974286685461824,2.9577275281565902
actin cytoskeleton,cellcom,0.24,2.5933257353088175,3.2956329262533575
actin cytoskeleton,cellcom,0.25,2.9958877358553417,3.646571215251117
actin cytoskeleton,cellcom,0.26,3.413112590726408,3.899973881453454
actin cytoskeleton,cellcom,0.27,3.946973786815424,4.128339678293374
actin cytoskeleton,cellcom,0.28,4.35086877411875,4.326471278832653
actin cytoskeleton,cellcom,0.29,4.550150294256823,4.460361807825535
actin cytoskeleton,cellcom,0.3,4.871400102639976,4.4466165929279375
actin cytoskeleton,cellcom,0.31,5.010030725344739,4.405908595640046
actin cytoskeleton,cellcom,0.32,5.160658228860491,4.264129737943913
actin cytoskeleton,cellcom,0.33,4.97070761601983,4.105571692772019
actin cytoskeleton,cellcom,0.34,4.804084271422759,3.8551502344073563
actin cytoskeleton,cellcom,0.35000000000000003,4.495497837229008,3.6024862745718966
actin cytoskeleton,cellcom,0.36,4.1029332373582825,3.3352328639909636
actin cytoskeleton,cellcom,0.37,3.886989382760479,3.037085697853264
actin cytoskeleton,cellcom,0.38,3.6077286572157874,2.752340775799977
actin cytoskeleton,cellcom,0.39,3.2811469018055273,2.479467920356899
actin cytoskeleton,cellcom,0.4,2.7899412819333618,2.271099960162619
actin cytoskeleton,cellcom,0.41000000000000003,2.4400322582795253,2.0300178608646653
actin cytoskeleton,cellcom,0.42,2.2140910030058834,1.792391852068772
actin cytoskeleton,cellcom,0.43,1.9428281980018514,1.6184265026738518
actin cytoskeleton,cellcom,0.44,1.7115549957011162,1.4388680907870113
actin cytoskeleton,cellcom,0.45,1.4442911509674137,1.2833176358230365
actin cytoskeleton,cellcom,0.46,1.3609794786688783,1.1346265971227376
actin cytoskeleton,cellcom,0.47000000000000003,1.190357173801484,1.007173366469595
actin cytoskeleton,cellcom,0.48,1.0577249915022084,0.8832817557995039
actin cytoskeleton,cellcom,0.49,0.8777717793373715,0.8023142615178825
actin cytoskeleton,cellcom,0.5,0.7658008917681396,0.7313456855590814
actin cytoskeleton,cellcom,0.51,0.69182012676704,0.6421205093908041
actin cytoskeleton,cellcom,0.52,0.5831817060897495,0.5716531984666562
actin cytoskeleton,cellcom,0.53,0.4945380867641075,0.5005263282863854
actin cytoskeleton,cellcom,0.54,0.46587887149341134,0.4407966420519149
actin cytoskeleton,cellcom,0.55,0.40456148068168907,0.4070008257681883
actin cytoskeleton,cellcom,0.56,0.3665713581135568,0.362018884500621
actin cytoskeleton,cellcom,0.5700000000000001,0.277927738787918,0.3252682427494684
actin cytoskeleton,cellcom,0.58,0.21994281486813408,0.278993565339897
actin cytoskeleton,cellcom,0.59,0.16329087770512984,0.25659493300197056
actin cytoskeleton,cellcom,0.6,0.16262438432674156,0.2210314979118352
actin cytoskeleton,cellcom,0.61,0.1699558114890127,0.20269575059162448
actin cytoskeleton,cellcom,0.62,0.16195789094835328,0.18763141718178228
actin cytoskeleton,cellcom,0.63,0.1392971160831516,0.16539107906532524
actin cytoskeleton,cellcom,0.64,0.12929971540732732,0.1462638606377673
actin cytoskeleton,cellcom,0.65,0.12196828824505619,0.13584282439102882
actin cytoskeleton,cellcom,0.66,0.10397296702857248,0.12328481615445284
actin cytoskeleton,cellcom,0.67,0.10530595378534904,0.11537010508098058
actin cytoskeleton,cellcom,0.68,0.061983884190110514,0.10407845061616017
actin cytoskeleton,cellcom,0.6900000000000001,0.07731323189304107,0.09254935481913558
actin cytoskeleton,cellcom,0.7000000000000001,0.05598544378461657,0.08125770035431606
actin cytoskeleton,cellcom,0.71,0.04398856297362682,0.07503146097651699
actin cytoskeleton,cellcom,0.72,0.029992202027472832,0.07028263433243363
actin cytoskeleton,cellcom,0.73,0.03532414905457911,0.058225891130510896
actin cytoskeleton,cellcom,0.74,0.03799012256813225,0.05666933128606135
actin cytoskeleton,cellcom,0.75,0.03265817554102597,0.049150355766262706
actin cytoskeleton,cellcom,0.76,0.019994801351648554,0.04579979474515945
actin cytoskeleton,cellcom,0.77,0.033324668919414255,0.03917781981368766
actin cytoskeleton,cellcom,0.78,0.019994801351648554,0.03358475732176727
actin cytoskeleton,cellcom,0.79,0.01599584108131884,0.03434984605886959
actin cytoskeleton,cellcom,0.8,0.0066649337838828515,0.03115757925923578
actin cytoskeleton,cellcom,0.81,0.012663374189377418,0.025538134397070478
actin cytoskeleton,cellcom,0.8200000000000001,0.019328307973260267,0.021343337528130182
actin cytoskeleton,cellcom,0.8300000000000001,0.011330387432600971,0.020762925382742447
actin cytoskeleton,cellcom,0.84,0.005998440405494566,0.02063101353151768
actin cytoskeleton,cellcom,0.85,0.010663894054212562,0.018599571022659803
actin cytoskeleton,cellcom,0.86,0.0066649337838828515,0.017517893842618593
actin cytoskeleton,cellcom,0.87,0.01532934770293056,0.016251540070863033
actin cytoskeleton,cellcom,0.88,0.009330907297435992,0.012478861125841257
actin cytoskeleton,cellcom,0.89,0.009330907297435992,0.011529095797024587
actin cytoskeleton,cellcom,0.9,0.0006664933783882851,0.009181064845227817
actin cytoskeleton,cellcom,0.91,0.005998440405494566,0.009497653288166708
actin cytoskeleton,cellcom,0.92,0.001999480135164855,0.007861946332982442
actin cytoskeleton,cellcom,0.93,0.004665453648717996,0.0046432971631037235
actin cytoskeleton,cellcom,0.9400000000000001,0.001999480135164855,0.002216119100572232
actin cytoskeleton,cellcom,0.9500000000000001,0.0,0.0029020607269398596
actin cytoskeleton,cellcom,0.96,0.0,0.0023480309517967695
actin cytoskeleton,cellcom,0.97,0.0,0.001978677768368064
actin cytoskeleton,cellcom,0.98,0.0,2.638237024490752e-05
actin cytoskeleton,cellcom,0.99,0.0,0.0
adherens junction,cellcom,0.0,0.0,0.0
adherens junction,cellcom,0.01,0.0,0.0
adherens junction,cellcom,0.02,0.0,0.0
adherens junction,cellcom,0.03,0.0,0.0008498946903215536
adherens junction,cellcom,0.04,0.0,0.0019315788416398945
adherens junction,cellcom,0.05,0.005206977349648532,0.005073613757374127
adherens junction,cellcom,0.06,0.005206977349648524,0.012619648432047303
adherens junction,cellcom,0.07,0.0017356591165495106,0.032295998232219056
adherens junction,cellcom,0.08,0.0,0.0761299607451671
adherens junction,cellcom,0.09,0.050334114379935735,0.15022532511047332
adherens junction,cellcom,0.1,0.08851861494402503,0.24974026703176094
adherens junction,cellcom,0.11,0.15620932048945593,0.36591829576026186
adherens junction,cellcom,0.12,0.2967977089299659,0.5055585688185481
adherens junction,cellcom,0.13,0.5380543261303475,0.6328624916748946
adherens junction,cellcom,0.14,0.7393907836500925,0.7704681683533228
adherens junction,cellcom,0.15,0.9459342185194819,0.9128384061744583
adherens junction,cellcom,0.16,1.0205675605311109,1.0453704690955101
adherens junction,cellcom,0.17,1.0518094246290048,1.2167916526949154
adherens junction,cellcom,0.18,1.2791807688969876,1.404077537180316
adherens junction,cellcom,0.19,1.256617200381844,1.6460399800764067
adherens junction,cellcom,0.2,1.1229714484075348,1.9185986318240784
adherens junction,cellcom,0.21,1.3850559750065075,2.20805215983995
adherens junction,cellcom,0.22,1.5551505684283593,2.5762110870565134
adherens junction,cellcom,0.23,1.7096242298012703,2.94686818957494
adherens junction,cellcom,0.24,2.2875987156122517,3.2834522413268217
adherens junction,cellcom,0.25,2.7596979953137177,3.634587520352399
adherens junction,cellcom,0.26,3.1831988197517975,3.8917965589051673
adherens junction,cellcom,0.27,3.841013624924061,4.12559486189726
adherens junction,cellcom,0.28,4.266250108478714,4.328307622731252
adherens junction,cellcom,0.29,4.545691226243162,4.4625652294174785
adherens junction,cellcom,0.3,4.264514449362141,4.465733018717768
adherens junction,cellcom,0.31,4.292284995226933,4.430938845183695
adherens junction,cellcom,0.32,4.556105180942459,4.294440607041142
adherens junction,cellcom,0.33,4.349561746073067,4.135381528028235
adherens junction,cellcom,0.34,4.254100494662845,3.885898804842027
adherens junction,cellcom,0.35000000000000003,4.1395469929706,3.6290245732884965
adherens junction,cellcom,0.36,4.170788857068469,3.3524997463193094
adherens junction,cellcom,0.37,3.674390349735309,3.0604707798479125
adherens junction,cellcom,0.38,3.273453093812372,2.777661883047277
adherens junction,cellcom,0.39,2.99921895339755,2.502733827920532
adherens junction,cellcom,0.4,2.652087130087648,2.285495594197432
adherens junction,cellcom,0.41000000000000003,2.6555584483207624,2.0365794674714492
adherens junction,cellcom,0.42,2.133125054239345,1.8036310591696667
adherens junction,cellcom,0.43,1.9925366657988353,1.6254107180476927
adherens junction,cellcom,0.44,1.9231103011368549,1.442219780706565
adherens junction,cellcom,0.45,1.8866614596893152,1.2805852632381387
adherens junction,cellcom,0.46,1.5759784778269532,1.1368242886510205
adherens junction,cellcom,0.47000000000000003,1.3815846567734162,1.0086962254889131
adherens junction,cellcom,0.48,1.2340536318667004,0.8848176357784022
adherens junction,cellcom,0.49,1.154213312505423,0.8000084474381334
adherens junction,cellcom,0.5,0.9060140588388433,0.7300852933707693
adherens junction,cellcom,0.51,0.7029419422025508,0.6431384911124188
adherens junction,cellcom,0.52,0.6855853510370556,0.5704081091285381
adherens junction,cellcom,0.53,0.638722554890219,0.4982443236048717
adherens junction,cellcom,0.54,0.6647574416384616,0.4384426426677006
adherens junction,cellcom,0.55,0.5866527813937338,0.40424081997839684
adherens junction,cellcom,0.56,0.5102837802655554,0.35999478731256573
adherens junction,cellcom,0.5700000000000001,0.4512713703028771,0.321569245556213
adherens junction,cellcom,0.58,0.30547600451271345,0.2763187918927255
adherens junction,cellcom,0.59,0.2950620498134164,0.2524187230255013
adherens junction,cellcom,0.6,0.24125661720038163,0.21847444418174955
adherens junction,cellcom,0.61,0.20480777575284195,0.20139928722165287
adherens junction,cellcom,0.62,0.20654343486939147,0.1863587266414169
adherens junction,cellcom,0.63,0.14058838844051016,0.1647507979996053
adherens junction,cellcom,0.64,0.12323179727501507,0.14595009727431035
adherens junction,cellcom,0.65,0.10761086522606951,0.1357256066058965
adherens junction,cellcom,0.66,0.11802481992536655,0.12261662486730043
adherens junction,cellcom,0.67,0.1284387746246636,0.11478729196252005
adherens junction,cellcom,0.68,0.11802481992536655,0.10224490668413835
adherens junction,cellcom,0.6900000000000001,0.06942636466198032,0.09230371424583171
adherens junction,cellcom,0.7000000000000001,0.06248372819578299,0.08055971488866205
adherens junction,cellcom,0.71,0.01735659116549508,0.07468771521007588
adherens junction,cellcom,0.72,0.020827909398594097,0.06945957514537056
adherens junction,cellcom,0.73,0.020827909398594097,0.0578958564800864
adherens junction,cellcom,0.74,0.005206977349648524,0.056711154790547266
adherens junction,cellcom,0.75,0.0034713182330990164,0.049190874500429284
adherens junction,cellcom,0.76,0.0017356591165495082,0.04545648873992549
adherens junction,cellcom,0.77,0.005206977349648524,0.03945571713856422
adherens junction,cellcom,0.78,0.0,0.03355796307542375
adherens junction,cellcom,0.79,0.0,0.03415031392019331
adherens junction,cellcom,0.8,0.0,0.030673472005241505
adherens junction,cellcom,0.81,0.0,0.025419577555980996
adherens junction,cellcom,0.8200000000000001,0.0034713182330990164,0.02153066548814601
adherens junction,cellcom,0.8300000000000001,0.0,0.020706525182379885
adherens junction,cellcom,0.84,0.0,0.020371718183162073
adherens junction,cellcom,0.85,0.0,0.018568911264298174
adherens junction,cellcom,0.86,0.0,0.01735845519020384
adherens junction,cellcom,0.87,0.0,0.01645705173077189
adherens junction,cellcom,0.88,0.0,0.012542385278381706
adherens junction,cellcom,0.89,0.0,0.011615227434394557
adherens junction,cellcom,0.9,0.0,0.008988280209764304
adherens junction,cellcom,0.91,0.0,0.009503367900868274
adherens junction,cellcom,0.92,0.0,0.007752069751114772
adherens junction,cellcom,0.93,0.0,0.00471305237360134
adherens junction,cellcom,0.9400000000000001,0.0,0.0022406314563022762
adherens junction,cellcom,0.9500000000000001,0.0,0.002832982301071875
adherens junction,cellcom,0.96,0.0,0.0022921402254126736
adherens junction,cellcom,0.97,0.0,0.0019315788416398934
adherens junction,cellcom,0.98,0.0,2.575438455519858e-05
adherens junction,cellcom,0.99,0.0,0.0
anchoring junction,cellcom,0.0,0.0,0.0
anchoring junction,cellcom,0.01,0.0,0.0
anchoring junction,cellcom,0.02,0.0,0.0
anchoring junction,cellcom,0.03,0.0011481979033906283,0.0008073323595234733
anchoring junction,cellcom,0.04,0.0,0.0020879285160089827
anchoring junction,cellcom,0.05,0.0057409895169531445,0.005011028438421561
anchoring junction,cellcom,0.06,0.011481979033906273,0.012611088236694245
anchoring junction,cellcom,0.07,0.024399205447050865,0.03257168484974015
anchoring junction,cellcom,0.08,0.06228973625894162,0.0762511494046481
anchoring junction,cellcom,0.09,0.08668894170599237,0.15478510065346582
anchoring junction,cellcom,0.1,0.15012687586832474,0.2568152074691051
anchoring junction,cellcom,0.11,0.24714959870483288,0.3740732729281696
anchoring junction,cellcom,0.12,0.34245002468625463,0.5180289843452683
anchoring junction,cellcom,0.13,0.4650201508732041,0.6476197475722258
anchoring junction,cellcom,0.14,0.5950535634321943,0.7869820162541074
anchoring junction,cellcom,0.15,0.7388653508318687,0.9302417514992015
anchoring junction,cellcom,0.16,0.7730242384577399,1.0713857191814087
anchoring junction,cellcom,0.17,0.8769361487145941,1.2471057830887278
anchoring junction,cellcom,0.18,1.0101271055079044,1.4402809293898753
anchoring junction,cellcom,0.19,1.2021632048499868,1.6828425448563586
anchoring junction,cellcom,0.2,1.2879909981284399,1.9669956963617465
anchoring junction,cellcom,0.21,1.5862354035341517,2.2551576706178604
anchoring junction,cellcom,0.22,1.9619831674187347,2.619403759997348
anchoring junction,cellcom,0.23,2.2432916537494445,2.9952587319258526
anchoring junction,cellcom,0.24,2.659513393728541,3.327991020237035
anchoring junction,cellcom,0.25,3.1081717244784284,3.6716083758783538
anchoring junction,cellcom,0.26,3.3932118539951515,3.9287854909568996
anchoring junction,cellcom,0.27,3.7370971260606445,4.158708179139809
anchoring junction,cellcom,0.28,4.178579219914364,4.34183342951726
anchoring junction,cellcom,0.29,4.409654047971705,4.469030034712503
anchoring junction,cellcom,0.3,4.60255129574133,4.449236472380738
anchoring junction,cellcom,0.31,4.68091580264774,4.404471284997506
anchoring junction,cellcom,0.32,4.600254899934549,4.2689786438319635
anchoring junction,cellcom,0.33,4.624080006429904,4.091421202830559
anchoring junction,cellcom,0.34,4.390421733089911,3.84287419228485
anchoring junction,cellcom,0.35000000000000003,4.22307188867075,3.5796003259395777
anchoring junction,cellcom,0.36,3.9512360350429967,3.3075571598270272
anchoring junction,cellcom,0.37,3.7589128862250663,3.0025804012553157
anchoring junction,cellcom,0.38,3.3007819227722064,2.734880126456084
anchoring junction,cellcom,0.39,2.917857921991432,2.470437020141827
anchoring junction,cellcom,0.4,2.642577474653529,2.256744496290027
anchoring junction,cellcom,0.41000000000000003,2.4057616570792257,2.01070299996354
anchoring junction,cellcom,0.42,2.103498559011629,1.779833784186696
anchoring junction,cellcom,0.43,1.9413156051577034,1.6006616784662453
anchoring junction,cellcom,0.44,1.7492795058156207,1.4201532984955487
anchoring junction,cellcom,0.45,1.628718725959605,1.256543219981085
anchoring junction,cellcom,0.46,1.4912220270285772,1.1094973743602925
anchoring junction,cellcom,0.47000000000000003,1.2684716337708026,0.9894832432601018
anchoring junction,cellcom,0.48,1.1146131147164515,0.8681328379096542
anchoring junction,cellcom,0.49,0.9765423168337286,0.7885688419262721
anchoring junction,cellcom,0.5,0.8597131801637322,0.7203353380230986
anchoring junction,cellcom,0.51,0.731115014983982,0.6355654402731339
anchoring junction,cellcom,0.52,0.6510282112224858,0.5644366754944279
anchoring junction,cellcom,0.53,0.5531443399584347,0.49517312685668996
anchoring junction,cellcom,0.54,0.5184113533808682,0.4343169703767482
anchoring junction,cellcom,0.55,0.4495194791774306,0.40277533026157253
anchoring junction,cellcom,0.56,0.37431251650534453,0.36101675994139293
anchoring junction,cellcom,0.5700000000000001,0.33211624355574265,0.32262671429371137
anchoring junction,cellcom,0.58,0.2752804473379029,0.27688716026967103
anchoring junction,cellcom,0.59,0.23337122386414502,0.25494999132813667
anchoring junction,cellcom,0.6,0.21327776055480901,0.21934385036846352
anchoring junction,cellcom,0.61,0.19060085196284415,0.20250122700599105
anchoring junction,cellcom,0.62,0.16103475595053549,0.1891384845035336
anchoring junction,cellcom,0.63,0.12687586832466433,0.1680364869684028
anchoring junction,cellcom,0.64,0.10620830606363302,0.14944000365248283
anchoring junction,cellcom,0.65,0.10362486078100414,0.13838790204107526
anchoring junction,cellcom,0.66,0.09300403017464082,0.12541490619493947
anchoring junction,cellcom,0.67,0.08209615009242986,0.11817675400610834
anchoring junction,cellcom,0.68,0.06228973625894154,0.10637299812893757
anchoring junction,cellcom,0.6900000000000001,0.05023365827333995,0.09601687268953302
anchoring junction,cellcom,0.7000000000000001,0.031288392867394946,0.08504828821876678
anchoring junction,cellcom,0.71,0.03731643186019539,0.07739255032673291
anchoring junction,cellcom,0.72,0.03875167923943367,0.07165770666942824
anchoring junction,cellcom,0.73,0.031575442343242256,0.05985395079225746
anchoring junction,cellcom,0.74,0.020667562261031294,0.059380686995295424
anchoring junction,cellcom,0.75,0.021241661212726606,0.0511681681656601
anchoring junction,cellcom,0.76,0.014065424316535185,0.047799643493165615
anchoring junction,cellcom,0.77,0.020380512785183637,0.040756364632495316
anchoring junction,cellcom,0.78,0.010620830606363303,0.0352442333502316
anchoring junction,cellcom,0.79,0.008611484275429706,0.036079404756635194
anchoring junction,cellcom,0.8,0.004305742137714853,0.032738719131020826
anchoring junction,cellcom,0.81,0.005740989516953137,0.026920358333075798
anchoring junction,cellcom,0.8200000000000001,0.007750335847886735,0.022577467019777118
anchoring junction,cellcom,0.8300000000000001,0.007750335847886821,0.02163093942585329
anchoring junction,cellcom,0.84,0.0028704947584765684,0.021742295613373524
anchoring junction,cellcom,0.85,0.006889187420343764,0.019403815675443466
anchoring junction,cellcom,0.86,0.0045927916135625095,0.018318092847118796
anchoring junction,cellcom,0.87,0.006602137944496108,0.017148852878153764
anchoring junction,cellcom,0.88,0.006028038992800794,0.012972995846135803
anchoring junction,cellcom,0.89,0.003444593710171882,0.012221341580372571
anchoring junction,cellcom,0.9,0.003731643186019539,0.009353919751720237
anchoring junction,cellcom,0.91,0.006315088468648451,0.009660149267401554
anchoring junction,cellcom,0.92,0.0014352473792382842,0.008240357876515446
anchoring junction,cellcom,0.93,0.00028704947584765685,0.005066706532181795
anchoring junction,cellcom,0.9400000000000001,0.0,0.0024219970785704184
anchoring junction,cellcom,0.9500000000000001,0.0,0.0030622951568132066
anchoring junction,cellcom,0.96,0.0,0.002477675172330658
anchoring junction,cellcom,0.97,0.0,0.0020879285160089814
anchoring junction,cellcom,0.98,0.0,2.783904688011975e-05
anchoring junction,cellcom,0.99,0.0,0.0
apical plasma membrane,cellcom,0.0,0.0,0.0
apical plasma membrane,cellcom,0.01,0.0,0.0
apical plasma membrane,cellcom,0.02,0.0,0.0
apical plasma membrane,cellcom,0.03,0.0,0.0008538655658528292
apical plasma membrane,cellcom,0.04,0.022465376889734642,0.001500733418771639
apical plasma membrane,cellcom,0.05,0.017179405856855914,0.004838571539832702
apical plasma membrane,cellcom,0.06,0.002642985516439368,0.012704484631325418
apical plasma membrane,cellcom,0.07,0.02907284068083308,0.031903522505955725
apical plasma membrane,cellcom,0.08,0.048895232054128365,0.07552829050680031
apical plasma membrane,cellcom,0.09,0.07003911618564325,0.1503062143042146
apical plasma membrane,cellcom,0.1,0.14404271064594573,0.24940636937137653
apical plasma membrane,cellcom,0.11,0.3171582619727245,0.36374673105330546
apical plasma membrane,cellcom,0.12,0.5418120308700703,0.5017365814379454
apical plasma membrane,cellcom,0.13,0.9025795538640441,0.6261680816254075
apical plasma membrane,cellcom,0.14,1.070409134157947,0.7641320572959334
apical plasma membrane,cellcom,0.15,1.2435246854847224,0.9068569803639374
apical plasma membrane,cellcom,0.16,1.6716883391478998,1.0327374645419376
apical plasma membrane,cellcom,0.17,1.764192832223283,1.2036140765689736
apical plasma membrane,cellcom,0.18,1.9095570356274432,1.3923183666224457
apical plasma membrane,cellcom,0.19,2.0205624273178966,1.6329014584800092
apical plasma membrane,cellcom,0.2,2.008668992493925,1.9049740774176658
apical plasma membrane,cellcom,0.21,2.0311343693836537,2.199247201067485
apical plasma membrane,cellcom,0.22,2.050956760756949,2.571273840638151
apical plasma membrane,cellcom,0.23,2.5029072840680877,2.9371164235349214
apical plasma membrane,cellcom,0.24,2.8147795750079263,3.2777829095960747
apical plasma membrane,cellcom,0.25,3.21915635902315,3.629679021583907
apical plasma membrane,cellcom,0.26,3.2971244317581108,3.8928766135795123
apical plasma membrane,cellcom,0.27,3.9102970715720438,4.125567917631466
apical plasma membrane,cellcom,0.28,4.112485463579679,4.331608266143189
apical plasma membrane,cellcom,0.29,4.627867639285333,4.460567841301059
apical plasma membrane,cellcom,0.3,4.269743101807798,4.466570774976146
apical plasma membrane,cellcom,0.31,4.3437466962681,4.4305790476397435
apical plasma membrane,cellcom,0.32,4.321281319378366,4.297815889506687
apical plasma membrane,cellcom,0.33,4.1666666666666625,4.13796190569339
apical plasma membrane,cellcom,0.34,4.076805159107725,3.8876499213279283
apical plasma membrane,cellcom,0.35000000000000003,3.973728723966611,3.629886019296861
apical plasma membrane,cellcom,0.36,3.8429009409028407,3.3550965553769307
apical plasma membrane,cellcom,0.37,3.272016069351937,3.065480880268121
apical plasma membrane,cellcom,0.38,3.1544032138703852,2.7776764351474847
apical plasma membrane,cellcom,0.39,2.783063748810654,2.5046464517875133
apical plasma membrane,cellcom,0.4,2.4117242837509227,2.2884890900561645
apical plasma membrane,cellcom,0.41000000000000003,1.9994185431863927,2.0465346383504244
apical plasma membrane,cellcom,0.42,1.8196955280685045,1.8082285213351232
apical plasma membrane,cellcom,0.43,1.4430700919758945,1.6344539413270143
apical plasma membrane,cellcom,0.44,1.2673115551326768,1.4528134482274127
apical plasma membrane,cellcom,0.45,1.1919864679141547,1.2913552321388777
apical plasma membrane,cellcom,0.46,1.0690876413997241,1.1446973525251254
apical plasma membrane,cellcom,0.47000000000000003,0.9461888148852988,1.0154790302260694
apical plasma membrane,cellcom,0.48,0.9633682207421496,0.8884859333410432
apical plasma membrane,cellcom,0.49,1.0981604820805573,0.7994510420652983
apical plasma membrane,cellcom,0.5,1.4840363674807049,0.7179456925975283
apical plasma membrane,cellcom,0.51,0.589385770165979,0.6450824976447536
apical plasma membrane,cellcom,0.52,0.5616344222433656,0.5722969268343292
apical plasma membrane,cellcom,0.53,0.484987842266624,0.5005980940168083
apical plasma membrane,cellcom,0.54,0.3990908129823445,0.4425869849670494
apical plasma membrane,cellcom,0.55,0.2960143778412092,0.4090792301858551
apical plasma membrane,cellcom,0.56,0.22333227613912657,0.36491109318855885
apical plasma membrane,cellcom,0.5700000000000001,0.1876519716671972,0.3261248967275506
apical plasma membrane,cellcom,0.58,0.15857913098636206,0.2790587917491744
apical plasma membrane,cellcom,0.59,0.1784015223596573,0.2545036880523764
apical plasma membrane,cellcom,0.6,0.10307643514113533,0.22107355741353232
apical plasma membrane,cellcom,0.61,0.10439792789935501,0.20334937824355695
apical plasma membrane,cellcom,0.62,0.04360926102124957,0.1894546567628609
apical plasma membrane,cellcom,0.63,0.03171582619727241,0.16699540490951986
apical plasma membrane,cellcom,0.64,0.03700179723015115,0.1477446176066561
apical plasma membrane,cellcom,0.65,0.015857913098636205,0.13765347910112266
apical plasma membrane,cellcom,0.66,0.03435881171371178,0.12427625190276169
apical plasma membrane,cellcom,0.67,0.026429855164393674,0.11672083538066998
apical plasma membrane,cellcom,0.68,0.03700179723015115,0.10375760360817704
apical plasma membrane,cellcom,0.6900000000000001,0.050216724812347985,0.09278672482267404
apical plasma membrane,cellcom,0.7000000000000001,0.03700179723015156,0.08114310347013637
apical plasma membrane,cellcom,0.71,0.039644782746590515,0.07451917665624685
apical plasma membrane,cellcom,0.72,0.03303731895549209,0.06944773268936338
apical plasma membrane,cellcom,0.73,0.023786869647954307,0.058011109049758834
apical plasma membrane,cellcom,0.74,0.011893434823977153,0.05682087220038822
apical plasma membrane,cellcom,0.75,0.014536420340416523,0.049187831535946275
apical plasma membrane,cellcom,0.76,0.013214927582196837,0.04543599798901718
apical plasma membrane,cellcom,0.77,0.010571942065757471,0.03951068845628088
apical plasma membrane,cellcom,0.78,0.003964478274659051,0.033637128351778095
apical plasma membrane,cellcom,0.79,0.0,0.034309870918813656
apical plasma membrane,cellcom,0.8,0.0,0.030816784513052087
apical plasma membrane,cellcom,0.81,0.0,0.025538342833234598
apical plasma membrane,cellcom,0.8200000000000001,0.0,0.021683010429838494
apical plasma membrane,cellcom,0.8300000000000001,0.0,0.020803270149869144
apical plasma membrane,cellcom,0.84,0.0,0.02046689886635113
apical plasma membrane,cellcom,0.85,0.0,0.018655668878178468
apical plasma membrane,cellcom,0.86,0.0,0.017439557314691104
apical plasma membrane,cellcom,0.87,0.0,0.01653394232060477
apical plasma membrane,cellcom,0.88,0.0,0.012600985774858409
apical plasma membrane,cellcom,0.89,0.0,0.011669496066655322
apical plasma membrane,cellcom,0.9,0.0,0.00903027522674658
apical plasma membrane,cellcom,0.91,0.0,0.009547769509081627
apical plasma membrane,cellcom,0.92,0.0,0.007788288949142467
apical plasma membrane,cellcom,0.93,0.0,0.004735072683365686
apical plasma membrane,cellcom,0.9400000000000001,0.0,0.002251100128157457
apical plasma membrane,cellcom,0.9500000000000001,0.0,0.0028462185528427934
apical plasma membrane,cellcom,0.96,0.0,0.002302849556390962
apical plasma membrane,cellcom,0.97,0.0,0.0019406035587564284
apical plasma membrane,cellcom,0.98,0.0,2.5874714116752382e-05
apical plasma membrane,cellcom,0.99,0.0,0.0
axon,cellcom,0.0,0.0,0.0
axon,cellcom,0.01,0.0,0.0
axon,cellcom,0.02,0.0,0.0
axon,cellcom,0.03,0.0021792427131571775,0.0007719132188541666
axon,cellcom,0.04,0.0,0.001996327290140086
axon,cellcom,0.05,0.0032688640697357686,0.00516383325716236
axon,cellcom,0.06,0.009806592209207292,0.012643406170887201
axon,cellcom,0.07,0.0207028057749932,0.03239373749467315
axon,cellcom,0.08,0.044129664941432875,0.07652587945537001
axon,cellcom,0.09,0.11168618904930527,0.1505763130709661
axon,cellcom,0.1,0.1558158539907383,0.2518566509240734
axon,cellcom,0.11,0.23045491691637168,0.3693205486759161
axon,cellcom,0.12,0.3290656496867336,0.510979933184256
axon,cellcom,0.13,0.4478343775537997,0.640448412374141
axon,cellcom,0.14,0.5153909016616736,0.7824538269461079
axon,cellcom,0.15,0.7295014982293646,0.922303208044719
axon,cellcom,0.16,0.8112230999727587,1.0564297842449308
axon,cellcom,0.17,0.8956687551076018,1.2299505523039103
axon,cellcom,0.18,1.0177063470444012,1.421039000516116
axon,cellcom,0.19,1.2002179242713147,1.6618493071014138
axon,cellcom,0.2,1.332606919095617,1.9350267334841884
axon,cellcom,0.21,1.6387905202941961,2.2232431587860075
axon,cellcom,0.22,2.092617815309178,2.5841791328433343
axon,cellcom,0.23,2.4456551348406474,2.95238173823678
axon,cellcom,0.24,2.733859983655677,3.295031354316416
axon,cellcom,0.25,3.164805230182509,3.644122453118912
axon,cellcom,0.26,3.4481067828929417,3.9026069106462504
axon,cellcom,0.27,3.761917733587575,4.138998679496038
axon,cellcom,0.28,4.259874693544013,4.330699334743914
axon,cellcom,0.29,4.557886134568234,4.459182959137306
axon,cellcom,0.3,4.631980386815578,4.454524862126979
axon,cellcom,0.31,4.816671206755648,4.409966837011052
axon,cellcom,0.32,4.623263415962949,4.282388214322499
axon,cellcom,0.33,4.672841187687275,4.112407599991372
axon,cellcom,0.34,4.2462544265867574,3.8739396507598385
axon,cellcom,0.35000000000000003,4.126396077363135,3.612553864237517
axon,cellcom,0.36,3.8365567965132086,3.3413993828420696
axon,cellcom,0.37,3.5570689185508004,3.045623531534915
axon,cellcom,0.38,3.1969490602015775,2.7647802083580078
axon,cellcom,0.39,3.0078997548351922,2.485667035499222
axon,cellcom,0.4,2.6722963770089874,2.2722197216374442
axon,cellcom,0.41000000000000003,2.463633887224201,2.0252074916041223
axon,cellcom,0.42,2.0855352764914175,1.794911175413551
axon,cellcom,0.43,1.8997548351947682,1.6176373120491114
axon,cellcom,0.44,1.6627621901389251,1.4388196222469636
axon,cellcom,0.45,1.606101879596839,1.2739762234757963
axon,cellcom,0.46,1.3985290111686177,1.1307730125297477
axon,cellcom,0.47000000000000003,1.1844184146009318,1.0058295418641858
axon,cellcom,0.48,1.0787251430128022,0.8806997473181997
axon,cellcom,0.49,0.909833832743121,0.8000747424937421
axon,cellcom,0.5,0.8417324979569591,0.7273285760410375
axon,cellcom,0.51,0.7251430128030503,0.6400491469161129
axon,cellcom,0.52,0.6712067556524102,0.5672497450690046
axon,cellcom,0.53,0.5883955325524375,0.49599416965960447
axon,cellcom,0.54,0.5431762462544261,0.4367964110826505
axon,cellcom,0.55,0.4739852901116858,0.4036307603691232
axon,cellcom,0.56,0.3862707709071095,0.3610158271489329
axon,cellcom,0.5700000000000001,0.288749659493329,0.3251617890180206
axon,cellcom,0.58,0.263143557613729,0.27740964023786613
axon,cellcom,0.59,0.2070280577499317,0.255290333863114
axon,cellcom,0.6,0.18087714519204562,0.220660709803484
axon,cellcom,0.61,0.16180877145192032,0.2033858243194718
axon,cellcom,0.62,0.14600926178153079,0.18863962006963705
axon,cellcom,0.63,0.1176791065104875,0.1666800198780961
axon,cellcom,0.64,0.11059656769272667,0.14732895401233825
axon,cellcom,0.65,0.10678289294470161,0.136708492828793
axon,cellcom,0.66,0.08063198038681552,0.12459744060194314
axon,cellcom,0.67,0.08390084445655127,0.11650566065257532
axon,cellcom,0.68,0.05774993189866517,0.10466078539774416
axon,cellcom,0.6900000000000001,0.0457640969763007,0.094226648094612
axon,cellcom,0.7000000000000001,0.0354126940888045,0.0824882436285892
axon,cellcom,0.71,0.041950422228275636,0.07540793617289146
axon,cellcom,0.72,0.03159901934077905,0.07056351528215152
axon,cellcom,0.73,0.028874965949332584,0.058745257724522215
axon,cellcom,0.74,0.01362026695723235,0.05802657990007179
axon,cellcom,0.75,0.00817216017433941,0.0504937715919432
axon,cellcom,0.76,0.007082538817760822,0.046660823194874246
axon,cellcom,0.77,0.013075456278943055,0.04021934047202223
axon,cellcom,0.78,0.011441024244075174,0.03412388781279451
axon,cellcom,0.79,0.009261781530917997,0.03484256563724494
axon,cellcom,0.8,0.007627349496050116,0.03132902960659839
axon,cellcom,0.81,0.009261781530917997,0.02581916628581176
axon,cellcom,0.8200000000000001,0.00817216017433941,0.021906364797137194
axon,cellcom,0.8300000000000001,0.0016344320348679001,0.021320775458696338
axon,cellcom,0.84,0.00272405339144647,0.020921510000668084
axon,cellcom,0.85,0.007082538817760822,0.0188453296189224
axon,cellcom,0.86,0.00272405339144647,0.017807239428049553
axon,cellcom,0.87,0.00544810678289294,0.01674253153997484
axon,cellcom,0.88,0.007627349496050116,0.012590170776483466
axon,cellcom,0.89,0.009806592209207292,0.011525462888408755
axon,cellcom,0.9,0.007627349496050116,0.008916928562625711
axon,cellcom,0.91,0.00817216017433941,0.0094226648094612
axon,cellcom,0.92,0.00272405339144647,0.007878838371752867
axon,cellcom,0.93,0.0,0.004871038587941807
axon,cellcom,0.9400000000000001,0.0,0.002315739656562498
axon,cellcom,0.9500000000000001,0.0,0.00292794669220549
axon,cellcom,0.96,0.0,0.0023689750509662336
axon,cellcom,0.97,0.0,0.0019963272901400847
axon,cellcom,0.98,0.0,2.6617697201867795e-05
axon,cellcom,0.99,0.0,0.0
axoneme,cellcom,0.0,0.0,0.0
axoneme,cellcom,0.01,0.0,0.0
axoneme,cellcom,0.02,0.0,0.0
axoneme,cellcom,0.03,0.0,0.0008462393380254311
axoneme,cellcom,0.04,0.0,0.0019232712227850706
axoneme,cellcom,0.05,0.0024483999706192017,0.005103079644456392
axoneme,cellcom,0.06,0.0,0.012642302837773857
axoneme,cellcom,0.07,0.0024483999706192017,0.032157094844966407
axoneme,cellcom,0.08,0.01713879979433441,0.07562302447990904
axoneme,cellcom,0.09,0.03917439952990717,0.14991258091202023
axoneme,cellcom,0.1,0.07590039908919524,0.24917901962403394
axoneme,cellcom,0.11,0.08324559900105286,0.3657805429574169
axoneme,cellcom,0.12,0.1518007981783903,0.5061793422207265
axoneme,cellcom,0.13,0.21056239747325106,0.6358847534853516
axoneme,cellcom,0.14,0.2374947971500629,0.7755911751084611
axoneme,cellcom,0.15,0.29870479641554215,0.9197595859684278
axoneme,cellcom,0.16,0.5704771931542731,1.0499778695591289
axoneme,cellcom,0.17,0.6537227921553277,1.2202514818163706
axoneme,cellcom,0.18,1.0405699875131593,1.4060394819374047
axoneme,cellcom,0.19,1.4225203829297541,1.6426274859562722
axoneme,cellcom,0.2,1.9685135763778407,1.9063207924082624
axoneme,cellcom,0.21,2.4067771711186716,2.1938113747901693
axoneme,cellcom,0.22,2.8719731655363194,2.558027657153054
axoneme,cellcom,0.23,3.6236319565164234,2.921500274643136
axoneme,cellcom,0.24,3.8023651543716146,3.2633040363564905
axoneme,cellcom,0.25,3.9884435521386736,3.617955249838057
axoneme,cellcom,0.26,4.147589550228922,3.8786482531824977
axoneme,cellcom,0.27,4.453639546556321,4.117954480529567
axoneme,cellcom,0.28,4.862522341649755,4.321795586528506
axoneme,cellcom,0.29,4.828244742061059,4.4599633911733605
axoneme,cellcom,0.3,5.369341135567901,4.453296050934372
axoneme,cellcom,0.31,5.004529539945641,4.422882721998064
axoneme,cellcom,0.32,4.82334794211982,4.292767012872579
axoneme,cellcom,0.33,4.776828342678056,4.131827676949924
axoneme,cellcom,0.34,4.514849545821801,3.884751433862802
axoneme,cellcom,0.35000000000000003,4.159831550082041,3.631007850536712
axoneme,cellcom,0.36,3.9468207526381476,3.3583649219946805
axoneme,cellcom,0.37,3.2759591606884872,3.067284233330236
axoneme,cellcom,0.38,3.016428763802852,2.7824862306602234
axoneme,cellcom,0.39,2.6540655681512106,2.50848419045411
axoneme,cellcom,0.4,2.4655387704135325,2.2890261221261823
axoneme,cellcom,0.41000000000000003,2.191317973704195,2.0441039428085905
axoneme,cellcom,0.42,1.8558871777293522,1.8079518802668766
axoneme,cellcom,0.43,1.4372107827534693,1.6328059809119164
axoneme,cellcom,0.44,1.087089586954924,1.453044230622272
axoneme,cellcom,0.45,1.1262639864848312,1.2911560808963765
axoneme,cellcom,0.46,1.0748475871018282,1.1439617233125594
axoneme,cellcom,0.47000000000000003,0.8544915897461048,1.0158205726424718
axoneme,cellcom,0.48,0.543544793477462,0.8935518101059432
axoneme,cellcom,0.49,0.5851675929779884,0.8074918337903874
axoneme,cellcom,0.5,0.543544793477462,0.7346383198712889
axoneme,cellcom,0.51,0.5606835932717964,0.6448856628079856
axoneme,cellcom,0.52,0.45540239453517084,0.5733143297040774
axoneme,cellcom,0.53,0.36481159562226056,0.5017173529838651
axoneme,cellcom,0.54,0.35012119579854534,0.44271139186881914
axoneme,cellcom,0.55,0.28646279656244616,0.4081694407075993
axoneme,cellcom,0.56,0.18118159782582066,0.3640880642813656
axoneme,cellcom,0.5700000000000001,0.14200719829591507,0.32536620366262975
axoneme,cellcom,0.58,0.10038439879538713,0.27859224752449324
axoneme,cellcom,0.59,0.08569399897167193,0.254794971594566
axoneme,cellcom,0.6,0.041622799500526365,0.22066331829420696
axoneme,cellcom,0.61,0.07100359914795674,0.2028153613467615
axoneme,cellcom,0.62,0.08569399897167193,0.18771127134382276
axoneme,cellcom,0.63,0.03917439952990717,0.16570904855516158
axoneme,cellcom,0.64,0.051416399383003165,0.1466045544088299
axoneme,cellcom,0.65,0.03917439952990717,0.13632146427100572
axoneme,cellcom,0.66,0.01713879979433439,0.12365351781692807
axoneme,cellcom,0.67,0.024483999706191983,0.11593478930948398
axoneme,cellcom,0.68,0.009793599882476793,0.10344634816953294
axoneme,cellcom,0.6900000000000001,0.009793599882476793,0.09282989101975934
axoneme,cellcom,0.7000000000000001,0.017138799794334577,0.08095689667110041
axoneme,cellcom,0.71,0.0,0.0746229234440607
axoneme,cellcom,0.72,0.0,0.06946855656699671
axoneme,cellcom,0.73,0.0,0.05795457284659009
axoneme,cellcom,0.74,0.0,0.05654417394988104
axoneme,cellcom,0.75,0.0,0.049030594372867366
axoneme,cellcom,0.76,0.0,0.045286626392512436
axoneme,cellcom,0.77,0.0,0.03936295102633442
axoneme,cellcom,0.78,0.0,0.03341363204385261
axoneme,cellcom,0.79,0.0,0.03400343521884003
axoneme,cellcom,0.8,0.0,0.030541547017826902
axoneme,cellcom,0.81,0.0,0.02531024929185151
axoneme,cellcom,0.8200000000000001,0.0,0.021489350462585176
axoneme,cellcom,0.8300000000000001,0.0,0.02061746750825617
axoneme,cellcom,0.84,0.0,0.02028410049630653
axoneme,cellcom,0.85,0.0,0.018489047355040467
axoneme,cellcom,0.86,0.0,0.017283797388761825
axoneme,cellcom,0.87,0.0,0.016386270818128792
axoneme,cellcom,0.88,0.0,0.01248844113995105
axoneme,cellcom,0.89,0.0,0.011565270953014217
axoneme,cellcom,0.9,0.0,0.008949622090026524
axoneme,cellcom,0.91,0.0,0.00946249441610254
axoneme,cellcom,0.92,0.0,0.007718728507444079
axoneme,cellcom,0.93,0.0,0.0046927817835955695
axoneme,cellcom,0.9400000000000001,0.0,0.002230994618430681
axoneme,cellcom,0.9500000000000001,0.0,0.002820797793418133
axoneme,cellcom,0.96,0.0,0.0022822818510382825
axoneme,cellcom,0.97,0.0,0.0019232712227850695
axoneme,cellcom,0.98,0.0,2.5643616303800926e-05
axoneme,cellcom,0.99,0.0,0.0
basement membrane,cellcom,0.0,0.0,0.0
basement membrane,cellcom,0.01,0.0,0.0
basement membrane,cellcom,0.02,0.0,0.0
basement membrane,cellcom,0.03,0.0,0.0008478118618128323
basement membrane,cellcom,0.04,0.0,0.0019268451404837097
basement membrane,cellcom,0.05,0.02080039936766787,0.004881341022558735
basement membrane,cellcom,0.06,0.02912055911473498,0.01230611763055595
basement membrane,cellcom,0.07,0.054081038355936466,0.031574569035393074
basement membrane,cellcom,0.08,0.08944171728097183,0.07483866525638734
basement membrane,cellcom,0.09,0.16016307513104236,0.14862398850264338
basement membrane,cellcom,0.1,0.24544471253848085,0.2474069160381085
basement membrane,cellcom,0.11,0.3161660703885516,0.36342868476376766
basement membrane,cellcom,0.12,0.520009984191696,0.5022899912212931
basement membrane,cellcom,0.13,0.8008153756552118,0.6293846966875984
basement membrane,cellcom,0.14,0.9755387303436244,0.767475265088933
basement membrane,cellcom,0.15,1.3041850403527735,0.9084946381037986
basement membrane,cellcom,0.16,1.4705882352941164,1.0397513290735487
basement membrane,cellcom,0.17,1.6889924286546334,1.2085172721113853
basement membrane,cellcom,0.18,1.9281970213828088,1.3957552372293187
basement membrane,cellcom,0.19,2.0966802562609184,1.6347097259178385
basement membrane,cellcom,0.2,2.2838838505699353,1.9023099790282212
basement membrane,cellcom,0.21,2.0446792578417488,2.197888023578417
basement membrane,cellcom,0.22,2.3254846493052646,2.5641941304186395
basement membrane,cellcom,0.23,2.4190864464597768,2.935073283058952
basement membrane,cellcom,0.24,2.912055911473498,3.273298833385184
basement membrane,cellcom,0.25,3.190781263000247,3.6271189837150724
basement membrane,cellcom,0.26,3.3759048173724904,3.8876798292455494
basement membrane,cellcom,0.27,3.721191446875777,4.126377405248671
basement membrane,cellcom,0.28,3.8272734836509037,4.333577486022043
basement membrane,cellcom,0.29,4.399284466261749,4.464577264306372
basement membrane,cellcom,0.3,4.305682669107243,4.464731411917611
basement membrane,cellcom,0.31,4.309842748980777,4.430382185879921
basement membrane,cellcom,0.32,4.1559197936600345,4.300024689309063
basement membrane,cellcom,0.33,4.157999833596802,4.138272462582591
basement membrane,cellcom,0.34,4.026957317580494,3.8896066743860334
basement membrane,cellcom,0.35000000000000003,3.6275896497212914,3.636599061806272
basement membrane,cellcom,0.36,3.6775106082036744,3.360597763883366
basement membrane,cellcom,0.37,3.4258257758548933,3.0650454106017047
basement membrane,cellcom,0.38,3.090939346035441,2.7811312019685652
basement membrane,cellcom,0.39,2.835094433813127,2.5059777159074916
basement membrane,cellcom,0.4,2.506448123803975,2.2881928324957532
basement membrane,cellcom,0.41000000000000003,2.125800815375665,2.044639606738624
basement membrane,cellcom,0.42,1.9302770613195754,1.806943990208542
basement membrane,cellcom,0.43,1.840835344038604,1.6281841437087337
basement membrane,cellcom,0.44,1.541309593144187,1.4481140425133963
basement membrane,cellcom,0.45,1.2792245611115722,1.2895732243543965
basement membrane,cellcom,0.46,1.1814626840835334,1.1427733159180777
basement membrane,cellcom,0.47000000000000003,1.1232215658540696,1.0128011883753223
basement membrane,cellcom,0.48,0.9401780514185863,0.8893032605045809
basement membrane,cellcom,0.49,0.856976453947915,0.8045477655918375
basement membrane,cellcom,0.5,0.7862550960978443,0.7319956232354909
basement membrane,cellcom,0.51,0.6572926200183038,0.6438488808754962
basement membrane,cellcom,0.52,0.5449704634328975,0.5724271543349001
basement membrane,cellcom,0.53,0.4700890257092932,0.5006714413032868
basement membrane,cellcom,0.54,0.3161660703885512,0.4433028386539518
basement membrane,cellcom,0.55,0.33072634994591865,0.4078488880690516
basement membrane,cellcom,0.56,0.23088443298111305,0.36381405379186393
basement membrane,cellcom,0.5700000000000001,0.20592395373991393,0.32491747322263637
basement membrane,cellcom,0.58,0.1310425160163074,0.27854473350832487
basement membrane,cellcom,0.59,0.1414427157001413,0.2544206323494688
basement membrane,cellcom,0.6,0.1684832348781095,0.2194291245982847
basement membrane,cellcom,0.61,0.16224311506780914,0.20193337072269263
basement membrane,cellcom,0.62,0.12688243614277384,0.18739211272917558
basement membrane,cellcom,0.63,0.11024211664863956,0.16506640036810435
basement membrane,cellcom,0.64,0.07488143772360423,0.1464916132138414
basement membrane,cellcom,0.65,0.08736167734420493,0.1359068105754509
basement membrane,cellcom,0.66,0.07072135785007065,0.12318963264825843
basement membrane,cellcom,0.67,0.05616107829270317,0.11571347350318163
basement membrane,cellcom,0.68,0.04784091854563604,0.10315044318722785
basement membrane,cellcom,0.6900000000000001,0.03120059905150176,0.09271978816007603
basement membrane,cellcom,0.7000000000000001,0.029120559114735302,0.08092749590031664
basement membrane,cellcom,0.71,0.033280638988268545,0.07435053115413137
basement membrane,cellcom,0.72,0.018720359430901057,0.0693664250574135
basement membrane,cellcom,0.73,0.016640319494134272,0.057856736751590816
basement membrane,cellcom,0.74,0.006240119810300352,0.056572173324601675
basement membrane,cellcom,0.75,0.0,0.04912170544806467
basement membrane,cellcom,0.76,0.0,0.04537078024125639
basement membrane,cellcom,0.77,0.0,0.03943609720856656
basement membrane,cellcom,0.78,0.0,0.03347572290733696
basement membrane,cellcom,0.79,0.0,0.03406662208375196
basement membrane,cellcom,0.8,0.0,0.03059830083088129
basement membrane,cellcom,0.81,0.006240119810300352,0.025280208243146255
basement membrane,cellcom,0.8200000000000001,0.0,0.021529283036337967
basement membrane,cellcom,0.8300000000000001,0.0,0.02065577990598558
basement membrane,cellcom,0.84,0.0,0.020321793414968176
basement membrane,cellcom,0.85,0.0,0.018523404617183385
basement membrane,cellcom,0.86,0.0,0.017315914995813593
basement membrane,cellcom,0.87,0.0,0.016416720596921196
basement membrane,cellcom,0.88,0.0,0.012511647778874212
basement membrane,cellcom,0.89,0.0,0.011586762111442031
basement membrane,cellcom,0.9,0.0,0.00896625272038419
basement membrane,cellcom,0.91,0.0,0.009480078091179844
basement membrane,cellcom,0.92,0.0,0.007733071830474616
basement membrane,cellcom,0.93,0.0,0.004701502142780249
basement membrane,cellcom,0.9400000000000001,0.0,0.0022351403629611018
basement membrane,cellcom,0.9500000000000001,0.0,0.002826039539376137
basement membrane,cellcom,0.96,0.0,0.0022865229000406675
basement membrane,cellcom,0.97,0.0,0.0019268451404837084
basement membrane,cellcom,0.98,0.0,2.569126853978278e-05
basement membrane,cellcom,0.99,0.0,0.0
basolateral plasma membrane,cellcom,0.0,0.0,0.0
basolateral plasma membrane,cellcom,0.01,0.0,0.0
basolateral plasma membrane,cellcom,0.02,0.0,0.0
basolateral plasma membrane,cellcom,0.03,0.0,0.0008470804218152471
basolateral plasma membrane,cellcom,0.04,0.0022363860002236383,0.0018995136731614628
basolateral plasma membrane,cellcom,0.05,0.0,0.005133820738274228
basolateral plasma membrane,cellcom,0.06,0.0,0.012654868119845954
basolateral plasma membrane,cellcom,0.07,0.00447277200044728,0.032163386925288036
basolateral plasma membrane,cellcom,0.08,0.00223638600022364,0.07585220140800172
basolateral plasma membrane,cellcom,0.09,0.07603712400760364,0.1495995363133108
basolateral plasma membrane,cellcom,0.1,0.27507547802750765,0.2470651230294472
basolateral plasma membrane,cellcom,0.11,0.4562227440456225,0.3617803474261848
basolateral plasma membrane,cellcom,0.12,0.5904059040590401,0.5014972788183173
basolateral plasma membrane,cellcom,0.13,0.7782623280778256,0.62979145906779
basolateral plasma membrane,cellcom,0.14,1.0443922621044412,0.7668644727797138
basolateral plasma membrane,cellcom,0.15,1.2411942301241183,0.9095590202000436
basolateral plasma membrane,cellcom,0.16,1.3865593201386546,1.041087507514629
basolateral plasma membrane,cellcom,0.17,1.408923180140895,1.2121464145139296
basolateral plasma membrane,cellcom,0.18,1.4312870401431275,1.4019180981042327
basolateral plasma membrane,cellcom,0.19,1.67281672816728,1.6399733657380084
basolateral plasma membrane,cellcom,0.2,1.7600357821760069,1.908651874075595
basolateral plasma membrane,cellcom,0.21,2.0910209102091,2.1972239377739835
basolateral plasma membrane,cellcom,0.22,2.2207312982220713,2.5651905391897882
basolateral plasma membrane,cellcom,0.23,2.4264788102426524,2.9345432722049356
basolateral plasma membrane,cellcom,0.24,3.1130493123113023,3.2706801850434317
basolateral plasma membrane,cellcom,0.25,3.5715084423571475,3.622372574718907
basolateral plasma membrane,cellcom,0.26,3.853293078385326,3.881758867520212
basolateral plasma membrane,cellcom,0.27,3.7705467963770514,4.125461337966089
basolateral plasma membrane,cellcom,0.28,4.2290059264229205,4.328529617268551
basolateral plasma membrane,cellcom,0.29,4.897685340489764,4.4588003185022345
basolateral plasma membrane,cellcom,0.3,4.698646986469861,4.4600837736868035
basolateral plasma membrane,cellcom,0.31,4.7970479704797,4.424686079696403
basolateral plasma membrane,cellcom,0.32,4.510790562451075,4.29582717916572
basolateral plasma membrane,cellcom,0.33,4.298333892429829,4.136678736279219
basolateral plasma membrane,cellcom,0.34,3.951694062395166,3.890589039190044
basolateral plasma membrane,cellcom,0.35000000000000003,3.9047299563904914,3.633410289306217
basolateral plasma membrane,cellcom,0.36,3.600581460360055,3.361754164940417
basolateral plasma membrane,cellcom,0.37,3.3165604383316527,3.0666108106970316
basolateral plasma membrane,cellcom,0.38,3.083976294308395,2.781478406893281
basolateral plasma membrane,cellcom,0.39,2.6009169182600895,2.508949533001994
basolateral plasma membrane,cellcom,0.4,2.4130604942413036,2.28945302733708
basolateral plasma membrane,cellcom,0.41000000000000003,2.039584032203968,2.0456992186838314
basolateral plasma membrane,cellcom,0.42,1.9970926981997077,1.8062834885544017
basolateral plasma membrane,cellcom,0.43,1.8427820641842765,1.6283452617658172
basolateral plasma membrane,cellcom,0.44,1.5073241641507311,1.4485845286151455
basolateral plasma membrane,cellcom,0.45,1.3239405121323928,1.289051049173274
basolateral plasma membrane,cellcom,0.46,0.9951917700995183,1.1449447010499167
basolateral plasma membrane,cellcom,0.47000000000000003,0.9549368220954981,1.0148280144383621
basolateral plasma membrane,cellcom,0.48,0.8833724700883364,0.8899991631872188
basolateral plasma membrane,cellcom,0.49,0.5993514480599346,0.8075500021305348
basolateral plasma membrane,cellcom,0.5,0.6619702560661964,0.7334689688772379
basolateral plasma membrane,cellcom,0.51,0.4629319020462928,0.6460913399118107
basolateral plasma membrane,cellcom,0.52,0.41373141004137276,0.5739098203316751
basolateral plasma membrane,cellcom,0.53,0.4450408140445037,0.500932558537107
basolateral plasma membrane,cellcom,0.54,0.3488762160348873,0.44281770777984286
basolateral plasma membrane,cellcom,0.55,0.31980319803198004,0.4079077267595782
basolateral plasma membrane,cellcom,0.56,0.2817846360281782,0.3631151408181356
basolateral plasma membrane,cellcom,0.5700000000000001,0.2146930560214715,0.32471416169584805
basolateral plasma membrane,cellcom,0.58,0.14983786201498364,0.27820174580708
basolateral plasma membrane,cellcom,0.59,0.16325617801632547,0.25407278833719116
basolateral plasma membrane,cellcom,0.6,0.15207424801520728,0.2195735129759884
basolateral plasma membrane,cellcom,0.61,0.12523761601252367,0.20232387529538703
basolateral plasma membrane,cellcom,0.62,0.08274628200827455,0.18784650081345372
basolateral plasma membrane,cellcom,0.63,0.1095829140109582,0.1650266676318248
basolateral plasma membrane,cellcom,0.64,0.09392821200939273,0.1462112146260498
basolateral plasma membrane,cellcom,0.65,0.07603712400760364,0.1359949113568841
basolateral plasma membrane,cellcom,0.66,0.07603712400760364,0.12308335220012444
basolateral plasma membrane,cellcom,0.67,0.05143687800514365,0.11571631944070093
basolateral plasma membrane,cellcom,0.68,0.04025494800402546,0.10318979683931183
basolateral plasma membrane,cellcom,0.6900000000000001,0.04472772000447273,0.09251144970370147
basolateral plasma membrane,cellcom,0.7000000000000001,0.01341831600134197,0.08106302945735083
basolateral plasma membrane,cellcom,0.71,0.013418316001341819,0.07454307711974169
basolateral plasma membrane,cellcom,0.72,0.004472772000447273,0.06948626369254157
basolateral plasma membrane,cellcom,0.73,0.011181930001118183,0.05788382882404183
basolateral plasma membrane,cellcom,0.74,0.0,0.05660037363947328
basolateral plasma membrane,cellcom,0.75,0.013418316001341819,0.04892531163575332
basolateral plasma membrane,cellcom,0.76,0.0,0.04533163711896137
basolateral plasma membrane,cellcom,0.77,0.006709158000670909,0.03932506685518053
basolateral plasma membrane,cellcom,0.78,0.0,0.033446842109856545
basolateral plasma membrane,cellcom,0.79,0.0,0.03403723149475808
basolateral plasma membrane,cellcom,0.8,0.0,0.030571902496422984
basolateral plasma membrane,cellcom,0.81,0.0,0.02533540534338328
basolateral plasma membrane,cellcom,0.8200000000000001,0.0,0.021510708893368983
basolateral plasma membrane,cellcom,0.8300000000000001,0.0,0.020637959367862595
basolateral plasma membrane,cellcom,0.84,0.0,0.02030426101987454
basolateral plasma membrane,cellcom,0.85,0.0,0.018507423761478566
basolateral plasma membrane,cellcom,0.86,0.0,0.017300975887984123
basolateral plasma membrane,cellcom,0.87,0.0,0.016402557258786133
basolateral plasma membrane,cellcom,0.88,0.0,0.012500853497697726
basolateral plasma membrane,cellcom,0.89,0.0,0.011576765764808367
basolateral plasma membrane,cellcom,0.9,0.0,0.008958517188288516
basolateral plasma membrane,cellcom,0.91,0.0,0.009471899262115935
basolateral plasma membrane,cellcom,0.92,0.0,0.007726400211102703
basolateral plasma membrane,cellcom,0.93,0.0,0.004697445975520912
basolateral plasma membrane,cellcom,0.9400000000000001,0.0,0.002233212021149286
basolateral plasma membrane,cellcom,0.9500000000000001,0.0,0.002823601406050853
basolateral plasma membrane,cellcom,0.96,0.0,0.002284550228532028
basolateral plasma membrane,cellcom,0.97,0.0,0.0019251827768528328
basolateral plasma membrane,cellcom,0.98,0.0,2.5669103691371103e-05
basolateral plasma membrane,cellcom,0.99,0.0,0.0
bicellular tight junction,cellcom,0.0,0.0,0.0
bicellular tight junction,cellcom,0.01,0.0,0.0
bicellular tight junction,cellcom,0.02,0.0,0.0
bicellular tight junction,cellcom,0.03,0.0,0.0008454906779528569
bicellular tight junction,cellcom,0.04,0.0,0.001921569722620129
bicellular tight junction,cellcom,0.05,0.0,0.005124185926987015
bicellular tight junction,cellcom,0.06,0.0,0.012631118310022973
bicellular tight junction,cellcom,0.07,0.016047071409467782,0.03200054111403391
bicellular tight junction,cellcom,0.08,0.06686279753944908,0.0750949447599947
bicellular tight junction,cellcom,0.09,0.04279219042524736,0.14977995464583024
bicellular tight junction,cellcom,0.1,0.04011767852366945,0.24936850813682307
bicellular tight junction,cellcom,0.11,0.07221182134260501,0.3656362868201584
bicellular tight junction,cellcom,0.12,0.12837657127574206,0.5060902230788717
bicellular tight junction,cellcom,0.13,0.12837657127574206,0.6362957874836116
bicellular tight junction,cellcom,0.14,0.20593741642150346,0.775417435401311
bicellular tight junction,cellcom,0.15,0.2995453329767315,0.9192020925125644
bicellular tight junction,cellcom,0.16,0.3851297138272262,1.0513292266399243
bicellular tight junction,cellcom,0.17,0.5402514041187493,1.220837297104658
bicellular tight junction,cellcom,0.18,0.4921101898903446,1.4109702159255075
bicellular tight junction,cellcom,0.19,0.657929927788178,1.649757280123102
bicellular tight junction,cellcom,0.2,0.732816261032363,1.9182133808379567
bicellular tight junction,cellcom,0.21,1.2891147365605766,2.204706616015795
bicellular tight junction,cellcom,0.22,1.594009093340464,2.570547870273032
bicellular tight junction,cellcom,0.23,1.9176250334314022,2.9384644198307077
bicellular tight junction,cellcom,0.24,2.586253008825887,3.275430886389365
bicellular tight junction,cellcom,0.25,2.6905589729874273,3.630716317637009
bicellular tight junction,cellcom,0.26,3.129178924846213,3.8886422162719003
bicellular tight junction,cellcom,0.27,3.5036105910671274,4.12735241768059
bicellular tight junction,cellcom,0.28,4.279219042524759,4.327861813003615
bicellular tight junction,cellcom,0.29,4.733886065792989,4.461193130823793
bicellular tight junction,cellcom,0.3,4.48248194704466,4.462602281953715
bicellular tight junction,cellcom,0.31,5.004011767852362,4.423402259612264
bicellular tight junction,cellcom,0.32,4.803423375234016,4.293427283574239
bicellular tight junction,cellcom,0.33,4.645627173040916,4.133655166370784
bicellular tight junction,cellcom,0.34,4.4798074351430826,3.8856445675046127
bicellular tight junction,cellcom,0.35000000000000003,4.3755014709815665,3.6294096502256474
bicellular tight junction,cellcom,0.36,4.009093340465361,3.358288972828745
bicellular tight junction,cellcom,0.37,3.805830435945437,3.06239285647488
bicellular tight junction,cellcom,0.38,3.428724257822944,2.7787435444865145
bicellular tight junction,cellcom,0.39,2.9366140679325996,2.505906264804091
bicellular tight junction,cellcom,0.4,2.7761433538379223,2.2862067931845234
bicellular tight junction,cellcom,0.41000000000000003,2.583578496924323,2.0404764570558727
bicellular tight junction,cellcom,0.42,2.0887937951323865,1.8057631206702214
bicellular tight junction,cellcom,0.43,2.048676116608717,1.6267753062405652
bicellular tight junction,cellcom,0.44,1.9978603904787358,1.4439955942249387
bicellular tight junction,cellcom,0.45,1.7732013907461872,1.2848127584030873
bicellular tight junction,cellcom,0.46,1.5084247124899692,1.1397470548100852
bicellular tight junction,cellcom,0.47000000000000003,1.2222519390211344,1.0121548252281143
bicellular tight junction,cellcom,0.48,1.1580636533832567,0.88735527697634
bicellular tight junction,cellcom,0.49,1.3479539983952917,0.7999879069212116
bicellular tight junction,cellcom,0.5,1.3185343674779342,0.7270451202505516
bicellular tight junction,cellcom,0.51,1.0858518320406516,0.6397802339139628
bicellular tight junction,cellcom,0.52,0.93073014174913,0.5686565332473832
bicellular tight junction,cellcom,0.53,0.8077025942765439,0.49735348607335894
bicellular tight junction,cellcom,0.54,0.7702594276544524,0.43860469442045286
bicellular tight junction,cellcom,0.55,0.7247927253276271,0.403862713835481
bicellular tight junction,cellcom,0.56,0.6392083444771324,0.3595385055670434
bicellular tight junction,cellcom,0.5700000000000001,0.42257288044932234,0.3225162622445658
bicellular tight junction,cellcom,0.58,0.4359454399572074,0.2752200261384722
bicellular tight junction,cellcom,0.59,0.41989836854773965,0.2514438034372525
bicellular tight junction,cellcom,0.6,0.32629045199251105,0.21777790189694782
bicellular tight junction,cellcom,0.61,0.401176785236694,0.19953579999687407
bicellular tight junction,cellcom,0.62,0.3396630115004009,0.18518807940131043
bicellular tight junction,cellcom,0.63,0.21663546402781472,0.16389708687467944
bicellular tight junction,cellcom,0.64,0.1470981545867878,0.14560374311533583
bicellular tight junction,cellcom,0.65,0.16047071409467759,0.13507354103537753
bicellular tight junction,cellcom,0.66,0.14977266648836576,0.12228869714754494
bicellular tight junction,cellcom,0.67,0.07221182134260491,0.1153966670757474
bicellular tight junction,cellcom,0.68,0.08290986894891675,0.1026630650471847
bicellular tight junction,cellcom,0.6900000000000001,0.08825889275207267,0.09200475831905172
bicellular tight junction,cellcom,0.7000000000000001,0.061513773736293756,0.08047533998333184
bicellular tight junction,cellcom,0.71,0.04814121422840328,0.07409572850423213
bicellular tight junction,cellcom,0.72,0.06418828563787103,0.06879219606980058
bicellular tight junction,cellcom,0.73,0.029419630917357557,0.057621470748968895
bicellular tight junction,cellcom,0.74,0.01069804760631184,0.05639166612649201
bicellular tight junction,cellcom,0.75,0.016047071409467758,0.04883349188418618
bicellular tight junction,cellcom,0.76,0.013372559507889799,0.0451184570871206
bicellular tight junction,cellcom,0.77,0.016047071409467758,0.03917440141181567
bicellular tight junction,cellcom,0.78,0.008023535704733879,0.03330720852541555
bicellular tight junction,cellcom,0.79,0.016047071409467758,0.03381962711811425
bicellular tight junction,cellcom,0.8,0.00267451190157796,0.030488906265572695
bicellular tight junction,cellcom,0.81,0.00534902380315592,0.02523661569041101
bicellular tight junction,cellcom,0.8200000000000001,0.029419630917357557,0.021188508808091276
bicellular tight junction,cellcom,0.8300000000000001,0.016047071409467935,0.020445501848678386
bicellular tight junction,cellcom,0.84,0.00534902380315592,0.020214913481963744
bicellular tight junction,cellcom,0.85,0.01872158331104572,0.01829334375934362
bicellular tight junction,cellcom,0.86,0.01872158331104572,0.01708916006650167
bicellular tight junction,cellcom,0.87,0.040117678523669396,0.015987460092199462
bicellular tight junction,cellcom,0.88,0.01069804760631184,0.012374909013673623
bicellular tight junction,cellcom,0.89,0.00267451190157796,0.011529418335720769
bicellular tight junction,cellcom,0.9,0.0,0.008941704442592329
bicellular tight junction,cellcom,0.91,0.016047071409467758,0.00930039745748142
bicellular tight junction,cellcom,0.92,0.0,0.007711899820115446
bicellular tight junction,cellcom,0.93,0.00267451190157796,0.004663009193558177
bicellular tight junction,cellcom,0.9400000000000001,0.0,0.0022290208782393484
bicellular tight junction,cellcom,0.9500000000000001,0.0,0.0028183022598428854
bicellular tight junction,cellcom,0.96,0.0,0.0022802627375092185
bicellular tight junction,cellcom,0.97,0.0,0.001921569722620128
bicellular tight junction,cellcom,0.98,0.0,2.5620929634935037e-05
bicellular tight junction,cellcom,0.99,0.0,0.0
cell cortex,cellcom,0.0,0.0,0.0
cell cortex,cellcom,0.01,0.0,0.0
cell cortex,cellcom,0.02,0.0,0.0
cell cortex,cellcom,0.03,0.0,0.000856745638710364
cell cortex,cellcom,0.04,0.0011278534692772714,0.0019211871898353616
cell cortex,cellcom,0.05,0.011278534692772721,0.004932777919847554
cell cortex,cellcom,0.06,0.012406388162049977,0.012513678722981671
cell cortex,cellcom,0.07,0.01691780203915908,0.032192866424268246
cell cortex,cellcom,0.08,0.030452043670486345,0.07604266593280783
cell cortex,cellcom,0.09,0.06090408734097261,0.15078723241302397
cell cortex,cellcom,0.1,0.05864838040241815,0.2517274458465362
cell cortex,cellcom,0.11,0.1048903726427863,0.3687900544812342
cell cortex,cellcom,0.12,0.15902733916809514,0.5104127047589619
cell cortex,cellcom,0.13,0.2413606424253359,0.6404563079195743
cell cortex,cellcom,0.14,0.21993142650906836,0.7826760839454968
cell cortex,cellcom,0.15,0.2560227375259404,0.9284526524715156
cell cortex,cellcom,0.16,0.39700442118559925,1.0599241650299787
cell cortex,cellcom,0.17,0.5503924930073095,1.2296636494508415
cell cortex,cellcom,0.18,0.8097987909410803,1.415888996919609
cell cortex,cellcom,0.19,1.0240909501037616,1.6545316002840227
cell cortex,cellcom,0.2,1.2677072994676557,1.9216804676273505
cell cortex,cellcom,0.21,1.5485428133176924,2.2109229876537744
cell cortex,cellcom,0.22,1.7571957051339873,2.579790928102163
cell cortex,cellcom,0.23,2.203825678967793,2.9454655438971855
cell cortex,cellcom,0.24,2.794820896869076,3.279804038906634
cell cortex,cellcom,0.25,3.160245420914912,3.6324197742085778
cell cortex,cellcom,0.26,3.5967247135252154,3.8879895944347846
cell cortex,cellcom,0.27,3.930569340431288,4.1258273761385915
cell cortex,cellcom,0.28,4.191103491834361,4.330537659812289
cell cortex,cellcom,0.29,4.593747180366323,4.460788958885292
cell cortex,cellcom,0.3,4.623071370567532,4.459101429596923
cell cortex,cellcom,0.31,4.726833889741041,4.422053671219963
cell cortex,cellcom,0.32,4.6196878101597,4.29086774054107
cell cortex,cellcom,0.33,4.4956239285392,4.130292838255507
cell cortex,cellcom,0.34,4.3805828746729185,3.880019263795873
cell cortex,cellcom,0.35000000000000003,4.402012090589211,3.618867615923543
cell cortex,cellcom,0.36,4.333213028963273,3.342164736609128
cell cortex,cellcom,0.37,3.897861589822247,3.050377941655619
cell cortex,cellcom,0.38,3.58657403230172,2.7664576293848153
cell cortex,cellcom,0.39,3.2910764233510754,2.4920134431179286
cell cortex,cellcom,0.4,2.877154200126317,2.277359717637405
cell cortex,cellcom,0.41000000000000003,2.4587205630244635,2.0361209153678193
cell cortex,cellcom,0.42,2.0414147793918596,1.8030861016385893
cell cortex,cellcom,0.43,1.9365244067490734,1.6237406812685533
cell cortex,cellcom,0.44,1.7989262834972464,1.4412019362451423
cell cortex,cellcom,0.45,1.6669674275918056,1.2807568439048378
cell cortex,cellcom,0.46,1.4120725435351427,1.1370572345029633
cell cortex,cellcom,0.47000000000000003,1.28800866191465,1.007844414992015
cell cortex,cellcom,0.48,1.1989082378417386,0.8828114757184
cell cortex,cellcom,0.49,1.0849950374447341,0.798746555168577
cell cortex,cellcom,0.5,0.9699539835784526,0.7271953133417357
cell cortex,cellcom,0.51,0.7658125056392667,0.6412092056020774
cell cortex,cellcom,0.52,0.6394929170802124,0.5705406714029984
cell cortex,cellcom,0.53,0.6485157448344305,0.49688650846295895
cell cortex,cellcom,0.54,0.5515203464765853,0.43922493077884633
cell cortex,cellcom,0.55,0.3902373003699356,0.4072916842450964
cell cortex,cellcom,0.56,0.3992601281241538,0.3613389636233587
cell cortex,cellcom,0.5700000000000001,0.2673012722187161,0.324758521049335
cell cortex,cellcom,0.58,0.2864747811964267,0.27652114539103273
cell cortex,cellcom,0.59,0.19624650365424506,0.2543496067407706
cell cortex,cellcom,0.6,0.17030587386086785,0.21992400925804512
cell cortex,cellcom,0.61,0.1996300640620769,0.20149099703124637
cell cortex,cellcom,0.62,0.14436524406749063,0.18762729487756957
cell cortex,cellcom,0.63,0.14774880447532243,0.1647807445119599
cell cortex,cellcom,0.64,0.16128304610664967,0.14525732874498434
cell cortex,cellcom,0.65,0.12180817468194521,0.1356254308067557
cell cortex,cellcom,0.66,0.10940178651989524,0.12285213219325575
cell cortex,cellcom,0.67,0.14323739059821336,0.11433659978425577
cell cortex,cellcom,0.68,0.10601822611206342,0.10239408482041434
cell cortex,cellcom,0.6900000000000001,0.10714607958134069,0.09161985936390524
cell cortex,cellcom,0.7000000000000001,0.06992691509519156,0.08053409003877504
cell cortex,cellcom,0.71,0.057520526933140796,0.07422532669917967
cell cortex,cellcom,0.72,0.02819633673193176,0.06968197861510955
cell cortex,cellcom,0.73,0.025940629793377225,0.05807696950894191
cell cortex,cellcom,0.74,0.03834701795542719,0.05636347823152118
cell cortex,cellcom,0.75,0.02255706938554541,0.04912008328606083
cell cortex,cellcom,0.76,0.006767120815663622,0.045693100731219384
cell cortex,cellcom,0.77,0.0011278534692772705,0.039825691205505984
cell cortex,cellcom,0.78,0.010150681223495434,0.03359481383306698
cell cortex,cellcom,0.79,0.011278534692772705,0.03416597759220722
cell cortex,cellcom,0.8,0.009022827754218164,0.030713033048313937
cell cortex,cellcom,0.81,0.012406388162049977,0.025338901314585292
cell cortex,cellcom,0.8200000000000001,0.006767120815663622,0.02160037489112189
cell cortex,cellcom,0.8300000000000001,0.007894974284940981,0.0206917052743081
cell cortex,cellcom,0.84,0.006767120815663622,0.020380161405685916
cell cortex,cellcom,0.85,0.0011278534692772705,0.01869263211731702
cell cortex,cellcom,0.86,0.002255706938554541,0.01744645664282922
cell cortex,cellcom,0.87,0.003383560407831811,0.016511825036963367
cell cortex,cellcom,0.88,0.003383560407831811,0.012565602701085329
cell cortex,cellcom,0.89,0.0,0.011708857062374966
cell cortex,cellcom,0.9,0.0011278534692772705,0.00903477219003656
cell cortex,cellcom,0.91,0.019173508977713596,0.009138620146243876
cell cortex,cellcom,0.92,0.010150681223495434,0.007580900803134125
cell cortex,cellcom,0.93,0.0,0.004751043996484743
cell cortex,cellcom,0.9400000000000001,0.0,0.00225869304750914
cell cortex,cellcom,0.9500000000000001,0.0,0.002855818795701243
cell cortex,cellcom,0.96,0.0,0.0023106170256127984
cell cortex,cellcom,0.97,0.0,0.0019471491788871896
cell cortex,cellcom,0.98,0.0,2.5961989051829194e-05
cell cortex,cellcom,0.99,0.0,0.0
cell junction,cellcom,0.0,0.0,0.0
cell junction,cellcom,0.01,0.0,0.0
cell junction,cellcom,0.02,0.0,0.0
cell junction,cellcom,0.03,0.001376581593924162,0.0007575883398995844
cell junction,cellcom,0.04,0.0,0.0021853509804795703
cell junction,cellcom,0.05,0.004523053808607964,0.00515742831393179
cell junction,cellcom,0.06,0.009636071157469126,0.012937277804439049
cell junction,cellcom,0.07,0.018878833288102807,0.033770957151677654
cell junction,cellcom,0.08,0.05840639048506805,0.0774779767612691
cell junction,cellcom,0.09,0.09990049281621054,0.15600492199316818
cell junction,cellcom,0.1,0.1722693537539381,0.25851245198419687
cell junction,cellcom,0.11,0.24955457752710894,0.37963917232891126
cell junction,cellcom,0.12,0.3708904123058525,0.5220075042038863
cell junction,cellcom,0.13,0.48318013946738053,0.6534490811764642
cell junction,cellcom,0.14,0.6003862294643536,0.7951472387507617
cell junction,cellcom,0.15,0.728998281239552,0.9406333380245526
cell junction,cellcom,0.16,0.7911411074795571,1.0826228757295784
cell junction,cellcom,0.17,0.912870251285139,1.259053544886966
cell junction,cellcom,0.18,1.0581979367008443,1.4532292640058402
cell junction,cellcom,0.19,1.2479695421489607,1.698483920041794
cell junction,cellcom,0.2,1.3811046477327726,1.9848814505369154
cell junction,cellcom,0.21,1.696145178227984,2.27008432249603
cell junction,cellcom,0.22,2.0737218439900396,2.6335227595563193
cell junction,cellcom,0.23,2.3657537964153863,3.012200377453827
cell junction,cellcom,0.24,2.7622092954655377,3.3439657943036907
cell junction,cellcom,0.25,3.1899328621491163,3.685783825663768
cell junction,cellcom,0.26,3.45207332853496,3.9450538659878642
cell junction,cellcom,0.27,3.8095912339284066,4.167639147852976
cell junction,cellcom,0.28,4.197787243415043,4.34660482414774
cell junction,cellcom,0.29,4.439082331378584,4.4674401643617
cell junction,cellcom,0.3,4.554715185268213,4.4491706301648914
cell junction,cellcom,0.31,4.623740919477839,4.400043940123711
cell junction,cellcom,0.32,4.570447546341632,4.2579378503663925
cell junction,cellcom,0.33,4.540752714815554,4.0789138980455055
cell junction,cellcom,0.34,4.291984755342116,3.8319109612251685
cell junction,cellcom,0.35000000000000003,4.119322092561365,3.564948485449804
cell junction,cellcom,0.36,3.8843199490271463,3.287438048941952
cell junction,cellcom,0.37,3.65718398602966,2.9823630520670044
cell junction,cellcom,0.38,3.2052719141957,2.7226268035337395
cell junction,cellcom,0.39,2.8880681840528895,2.4539743230001174
cell junction,cellcom,0.4,2.6276976082878054,2.240946309422969
cell junction,cellcom,0.41000000000000003,2.346481654100454,2.0010530477924697
cell junction,cellcom,0.42,2.041863812816366,1.7738639598618027
cell junction,cellcom,0.43,1.8747074764112894,1.594636041449405
cell junction,cellcom,0.44,1.6701867824568428,1.4165153675337834
cell junction,cellcom,0.45,1.5398048400608828,1.2523518018801583
cell junction,cellcom,0.46,1.4023433351818846,1.104855179704324
cell junction,cellcom,0.47000000000000003,1.2131616932740281,0.9846608757779531
cell junction,cellcom,0.48,1.089072695307429,0.8604163880344159
cell junction,cellcom,0.49,0.9718666053104575,0.7804908181750098
cell junction,cellcom,0.5,0.8391248087534849,0.7168825356365177
cell junction,cellcom,0.51,0.7407975520446163,0.6296724625088465
cell junction,cellcom,0.52,0.6739350174825857,0.5570022579046325
cell junction,cellcom,0.53,0.5622352538613109,0.49112121034644185
cell junction,cellcom,0.54,0.5272307504729536,0.4290863805138951
cell junction,cellcom,0.55,0.4587949798035811,0.39921991711400767
cell junction,cellcom,0.56,0.3878027004597779,0.35839756079864926
cell junction,cellcom,0.5700000000000001,0.33234612767597965,0.32214987253576516
cell junction,cellcom,0.58,0.2902620618045802,0.27474232526589143
cell junction,cellcom,0.59,0.254470940362552,0.2528305394349496
cell junction,cellcom,0.6,0.2273326175109043,0.21754440560347282
cell junction,cellcom,0.61,0.1925247686359648,0.20277143297543096
cell junction,cellcom,0.62,0.1555537201134302,0.19126191781157187
cell junction,cellcom,0.63,0.1286120517752002,0.1696997881375068
cell junction,cellcom,0.64,0.11307634521519894,0.15043956149621351
cell junction,cellcom,0.65,0.11071649105418609,0.13895918434542753
cell junction,cellcom,0.66,0.09793394768203316,0.12619673461942685
cell junction,cellcom,0.67,0.0902644216587414,0.11864998923350407
cell junction,cellcom,0.68,0.06784580712911936,0.10760668227881397
cell junction,cellcom,0.6900000000000001,0.05860304499848571,0.09691303148100062
cell junction,cellcom,0.7000000000000001,0.03756101206278824,0.08662731286621107
cell junction,cellcom,0.71,0.04936028286785206,0.07747797676126898
cell junction,cellcom,0.72,0.045820501626332784,0.07214572036889884
cell junction,cellcom,0.73,0.03657773949569913,0.06043223911352835
cell junction,cellcom,0.74,0.027728286391900954,0.06014085898279774
cell junction,cellcom,0.75,0.027138322851647745,0.05169083519161007
cell junction,cellcom,0.76,0.018288869747849566,0.04874789587123092
cell junction,cellcom,0.77,0.024975123204052634,0.04102632240686978
cell junction,cellcom,0.78,0.01809221523443183,0.035286133831476774
cell junction,cellcom,0.79,0.015535706560001245,0.036335102302106966
cell junction,cellcom,0.8,0.012585888858735185,0.03283854073333965
cell junction,cellcom,0.81,0.008062835050127228,0.027564560367115628
cell junction,cellcom,0.8200000000000001,0.011602616291646498,0.022698512183914454
cell junction,cellcom,0.8300000000000001,0.011799270805064366,0.021678681726357563
cell junction,cellcom,0.84,0.005702980889114381,0.02220316596167242
cell junction,cellcom,0.85,0.006096289915949855,0.020105229020412035
cell junction,cellcom,0.86,0.007669526023291753,0.018502638301393683
cell junction,cellcom,0.87,0.009046107617215915,0.017278841752325125
cell junction,cellcom,0.88,0.00727621699645628,0.013112105882877414
cell junction,cellcom,0.89,0.0055063263756966446,0.012325379529904769
cell junction,cellcom,0.9,0.0055063263756966446,0.009353302196452555
cell junction,cellcom,0.91,0.005113017348861169,0.009994338484059897
cell junction,cellcom,0.92,0.0017698906207596354,0.008508299817333788
cell junction,cellcom,0.93,0.0023598541610128474,0.0049826002354934175
cell junction,cellcom,0.9400000000000001,0.0007866180536709491,0.0024184550850640564
cell junction,cellcom,0.9500000000000001,0.0,0.0032051814380367367
cell junction,cellcom,0.96,0.0,0.002593283163502422
cell junction,cellcom,0.97,0.0,0.002185350980479569
cell junction,cellcom,0.98,0.0,2.9138013073060922e-05
cell junction,cellcom,0.99,0.0,0.0
cell projection,cellcom,0.0,0.0,0.0
cell projection,cellcom,0.01,0.0,0.0
cell projection,cellcom,0.02,0.0,0.0
cell projection,cellcom,0.03,0.000681044654395377,0.0008648671862232024
cell projection,cellcom,0.04,0.002894439781180352,0.0017297343724464048
cell projection,cellcom,0.05,0.0037457455991745754,0.005308495143025177
cell projection,cellcom,0.06,0.0054483572351630115,0.013748405960306758
cell projection,cellcom,0.07,0.017707161014279812,0.03432628039113471
cell projection,cellcom,0.08,0.04409764137210069,0.08043264831875788
cell projection,cellcom,0.09,0.07832013525546828,0.16110388068888745
cell projection,cellcom,0.1,0.1440409444046223,0.2654844031641018
cell projection,cellcom,0.11,0.2528378279442839,0.3821221812785483
cell projection,cellcom,0.12,0.339671021379694,0.5310284523410459
cell projection,cellcom,0.13,0.41390488870879005,0.6695861401752872
cell projection,cellcom,0.14,0.4930763297822539,0.818522234244209
cell projection,cellcom,0.15,0.6333715285877001,0.9623585942150517
cell projection,cellcom,0.16,0.7600458343052401,1.0949218577585735
cell projection,cellcom,0.17,0.8977871156567077,1.2698337904206143
cell projection,cellcom,0.18,1.1179348001900105,1.4520523596559127
cell projection,cellcom,0.19,1.3733265455882766,1.6871172962700949
cell projection,cellcom,0.2,1.6181620988434189,1.9575523185001689
cell projection,cellcom,0.21,1.9098194720882347,2.2461495516409196
cell projection,cellcom,0.22,2.3630546895883575,2.5960032399714152
cell projection,cellcom,0.23,2.7742353996795734,2.9558476354531185
cell projection,cellcom,0.24,3.196993868895496,3.2814850425693565
cell projection,cellcom,0.25,3.569525294849767,3.6309510318163727
cell projection,cellcom,0.26,3.854712743877831,3.886116674758639
cell projection,cellcom,0.27,4.167993284899704,4.1132785146711255
cell projection,cellcom,0.28,4.509707440242609,4.295467260900031
cell projection,cellcom,0.29,4.700229682309691,4.4223641532234454
cell projection,cellcom,0.3,4.728833557794297,4.4161907908941975
cell projection,cellcom,0.31,4.793022016471061,4.365133803900607
cell projection,cellcom,0.32,4.7341116538658605,4.221923727064613
cell projection,cellcom,0.33,4.577471383354924,4.061625067549106
cell projection,cellcom,0.34,4.173101119807669,3.841918979241991
cell projection,cellcom,0.35000000000000003,4.050513082016524,3.563968559393727
cell projection,cellcom,0.36,3.7915458521826597,3.2896565463288447
cell projection,cellcom,0.37,3.4631120676004894,3.0004926760660804
cell projection,cellcom,0.38,3.107436496842504,2.7284173884828298
cell projection,cellcom,0.39,2.795177522802224,2.460040153695844
cell projection,cellcom,0.4,2.5465962239479114,2.2460600826216552
cell projection,cellcom,0.41000000000000003,2.236210122707231,2.012247712277187
cell projection,cellcom,0.42,1.909308688597438,1.7907820665911929
cell projection,cellcom,0.43,1.6494901529456019,1.627501106433537
cell projection,cellcom,0.44,1.434109780993064,1.4519032446238052
cell projection,cellcom,0.45,1.3486386768664442,1.2790789224112724
cell projection,cellcom,0.46,1.1625432250529077,1.1398651284357584
cell projection,cellcom,0.47000000000000003,1.0355283970081757,1.010403457560077
cell projection,cellcom,0.48,0.8979573768203039,0.888516830315443
cell projection,cellcom,0.49,0.7782637788103165,0.8099033853883962
cell projection,cellcom,0.5,0.7142455812971511,0.7358826834502588
cell projection,cellcom,0.51,0.6146428005918272,0.6491573807765667
cell projection,cellcom,0.52,0.5542000875142375,0.5752261478576937
cell projection,cellcom,0.53,0.4748583852771763,0.5047543836837135
cell projection,cellcom,0.54,0.43297413903186055,0.44328916744902314
cell projection,cellcom,0.55,0.3859820578785796,0.41057332940464897
cell projection,cellcom,0.56,0.318899159420635,0.36977545662005096
cell projection,cellcom,0.5700000000000001,0.2479002541999198,0.33670174249862267
cell projection,cellcom,0.58,0.22065846802410197,0.2865692687040947
cell projection,cellcom,0.59,0.1849036236683447,0.26497741205493613
cell projection,cellcom,0.6,0.16038601611011116,0.22904068931704102
cell projection,cellcom,0.61,0.15885366563772155,0.20891015998253548
cell projection,cellcom,0.62,0.1362089308790753,0.1954898070928651
cell projection,cellcom,0.63,0.11799098637399898,0.17252609214831802
cell projection,cellcom,0.64,0.10164591466850995,0.15332007601287861
cell projection,cellcom,0.65,0.09858121372373074,0.14174874952134062
cell projection,cellcom,0.66,0.08632240994461397,0.12889503375367856
cell projection,cellcom,0.67,0.08359823132703247,0.12048494594281846
cell projection,cellcom,0.68,0.07014759940272378,0.1081382212843217
cell projection,cellcom,0.6900000000000001,0.05618618398761856,0.09823698315238713
cell projection,cellcom,0.7000000000000001,0.0425652908997115,0.086904240712222
cell projection,cellcom,0.71,0.035754844355757265,0.08052211733802224
cell projection,cellcom,0.72,0.027922830830210434,0.07589955134269133
cell projection,cellcom,0.73,0.025879696867024307,0.06286689753650032
cell projection,cellcom,0.74,0.019239511486669383,0.06238972943375649
cell projection,cellcom,0.75,0.01821794450507632,0.053830526590788935
cell projection,cellcom,0.76,0.013961415415105217,0.05022194281378868
cell projection,cellcom,0.77,0.020090817304663604,0.04225920009925093
cell projection,cellcom,0.78,0.01702611635988441,0.03587707672505213
cell projection,cellcom,0.79,0.014131676578704061,0.03706999698191171
cell projection,cellcom,0.8,0.012599326106314465,0.03331229817280401
cell projection,cellcom,0.81,0.013110109597110996,0.02713893584355564
cell projection,cellcom,0.8200000000000001,0.007321230034750297,0.023709290105084324
cell projection,cellcom,0.8300000000000001,0.007491491198349224,0.022665484880332435
cell projection,cellcom,0.84,0.007150968871151453,0.022337431809695794
cell projection,cellcom,0.85,0.004426790253569947,0.020726989462935354
cell projection,cellcom,0.86,0.006299663053157233,0.018997255090488947
cell projection,cellcom,0.87,0.0054483572351630115,0.01810256489784426
cell projection,cellcom,0.88,0.004256529089971103,0.013778228966728248
cell projection,cellcom,0.89,0.005278096071564167,0.012525662697025682
cell projection,cellcom,0.9,0.005278096071564167,0.00948371604203373
cell projection,cellcom,0.91,0.006299663053157233,0.009901238131934586
cell projection,cellcom,0.92,0.0032349621083780384,0.0084100878108601
cell projection,cellcom,0.93,0.001532350472389597,0.005189203117339211
cell projection,cellcom,0.9400000000000001,0.0,0.0025946015586696056
cell projection,cellcom,0.9500000000000001,0.0,0.003280530706363905
cell projection,cellcom,0.96,0.0,0.002654247571512585
cell projection,cellcom,0.97,0.0,0.002236725481611729
cell projection,cellcom,0.98,0.0,2.982300642148972e-05
cell projection,cellcom,0.99,0.0,0.0
cell surface,cellcom,0.0,0.0,0.0
cell surface,cellcom,0.01,0.0,0.0
cell surface,cellcom,0.02,0.0,0.0
cell surface,cellcom,0.03,0.004185267857142856,0.0007110710336260223
cell surface,cellcom,0.04,0.004882812499999999,0.0017908455661692416
cell surface,cellcom,0.05,0.009068080357142861,0.004924825306965417
cell surface,cellcom,0.06,0.017438616071428555,0.012325231249517711
cell surface,cellcom,0.07,0.02859933035714287,0.03197186054896266
cell surface,cellcom,0.08,0.17020089285714293,0.07142313493310273
cell surface,cellcom,0.09,0.2476283482142855,0.1450321548955001
cell surface,cellcom,0.1,0.5266462053571431,0.23683932612588235
cell surface,cellcom,0.11,0.9667968750000004,0.3400499698584891
cell surface,cellcom,0.12,1.4090401785714273,0.46827977958904793
cell surface,cellcom,0.13,1.7529296874999984,0.5891355193412633
cell surface,cellcom,0.14,2.1498325892857184,0.7179183843202003
cell surface,cellcom,0.15,2.4393136160714266,0.8557081490583963
cell surface,cellcom,0.16,2.6604352678571406,0.9840169666815808
cell surface,cellcom,0.17,2.6653180803571477,1.1595988400587947
cell surface,cellcom,0.18,2.7204241071428545,1.352483441920902
cell surface,cellcom,0.19,2.8215680803571406,1.5957487433136264
cell surface,cellcom,0.2,2.7120535714285765,1.8765691296674933
cell surface,cellcom,0.21,2.653459821428569,2.1787479829943392
cell surface,cellcom,0.22,2.7992466517857117,2.552297299325876
cell surface,cellcom,0.23,2.99944196428572,2.9261099752995046
cell surface,cellcom,0.24,3.138253348214283,3.2738237107426214
cell surface,cellcom,0.25,3.491210937499997,3.6267256311347946
cell surface,cellcom,0.26,3.5491071428571397,3.8939829959213457
cell surface,cellcom,0.27,3.6509486607142825,4.13919715866549
cell surface,cellcom,0.28,3.7576729910714466,4.348910441656773
cell surface,cellcom,0.29,3.965541294642854,4.482591795978442
cell surface,cellcom,0.3,3.7967354910714253,4.487937996712741
cell surface,cellcom,0.31,3.847656249999997,4.450856959107354
cell surface,cellcom,0.32,3.608398437499997,4.324312651086131
cell surface,cellcom,0.33,3.6502511160714253,4.156947598541932
cell surface,cellcom,0.34,3.294503348214283,3.9138139769702494
cell surface,cellcom,0.35000000000000003,3.101283482142872,3.656695958403942
cell surface,cellcom,0.36,2.800641741071426,3.3857515586281988
cell surface,cellcom,0.37,2.589983258928569,3.0875494358968116
cell surface,cellcom,0.38,2.300502232142855,2.8032000303390285
cell surface,cellcom,0.39,2.0424107142857126,2.5276468368268405
cell surface,cellcom,0.4,1.9001116071428554,2.3056083225860635
cell surface,cellcom,0.41000000000000003,1.7717633928571512,2.055969717854924
cell surface,cellcom,0.42,1.411132812499999,1.8234494898592035
cell surface,cellcom,0.43,1.2325613839285705,1.6458134112737401
cell surface,cellcom,0.44,1.0658482142857133,1.463726554737062
cell surface,cellcom,0.45,1.0023716517857135,1.3002855608599102
cell surface,cellcom,0.46,0.9549386160714277,1.1503549166216531
cell surface,cellcom,0.47000000000000003,0.8579799107142897,1.020044565718638
cell surface,cellcom,0.48,0.7212611607142851,0.8962918699034964
cell surface,cellcom,0.49,0.6584821428571422,0.8107263221904983
cell surface,cellcom,0.5,0.6110491071428567,0.7372489820491428
cell surface,cellcom,0.51,0.47014508928571386,0.6505773238393932
cell surface,cellcom,0.52,0.44084821428571386,0.5770473117696209
cell surface,cellcom,0.53,0.3473772321428568,0.5060718882280606
cell surface,cellcom,0.54,0.2978515624999997,0.4471846722581426
cell surface,cellcom,0.55,0.24204799107142838,0.4131322705367187
cell surface,cellcom,0.56,0.21763392857142838,0.36765006034886166
cell surface,cellcom,0.5700000000000001,0.14718191964285865,0.3301213113519364
cell surface,cellcom,0.58,0.1485770089285713,0.28158412931590465
cell surface,cellcom,0.59,0.11090959821428562,0.25840848081253803
cell surface,cellcom,0.6,0.08579799107142849,0.22382935980694665
cell surface,cellcom,0.61,0.08719308035714278,0.20576288836000403
cell surface,cellcom,0.62,0.0795200892857142,0.1906987168328157
cell surface,cellcom,0.63,0.0711495535714285,0.16791810779257463
cell surface,cellcom,0.64,0.059291294642857095,0.1488772056699223
cell surface,cellcom,0.65,0.05092075892857138,0.13850083577182404
cell surface,cellcom,0.66,0.0446428571428571,0.12549086945288868
cell surface,cellcom,0.67,0.034179687499999965,0.11803779158191963
cell surface,cellcom,0.68,0.027204241071428548,0.10531752086927634
cell surface,cellcom,0.6900000000000001,0.03069196428571426,0.09428275186596882
cell surface,cellcom,0.7000000000000001,0.02441406250000025,0.08240523200799434
cell surface,cellcom,0.71,0.034179687499999965,0.07534719360014995
cell surface,cellcom,0.72,0.0362723214285714,0.06997465690164223
cell surface,cellcom,0.73,0.03487723214285711,0.0582024809005003
cell surface,cellcom,0.74,0.0362723214285714,0.05670133094062314
cell surface,cellcom,0.75,0.02511160714285712,0.04940626885490433
cell surface,cellcom,0.76,0.029994419642857116,0.045376866331023544
cell surface,cellcom,0.77,0.023716517857142835,0.03953028227676514
cell surface,cellcom,0.78,0.020926339285714267,0.03352568243725651
cell surface,cellcom,0.79,0.02162388392857141,0.034105073649840674
cell surface,cellcom,0.8,0.013253348214285704,0.03086575005221102
cell surface,cellcom,0.81,0.017438616071428555,0.025335197568453073
cell surface,cellcom,0.8200000000000001,0.016043526785714274,0.02146381082982251
cell surface,cellcom,0.8300000000000001,0.01604352678571445,0.02056838804673812
cell surface,cellcom,0.84,0.01534598214285713,0.020252356476237434
cell surface,cellcom,0.85,0.00906808035714285,0.018645862659526797
cell surface,cellcom,0.86,0.00906808035714285,0.01740807234173335
cell surface,cellcom,0.87,0.010463169642857133,0.016433641666023614
cell surface,cellcom,0.88,0.00906808035714285,0.012483247034767938
cell surface,cellcom,0.89,0.023716517857142835,0.010982097074890783
cell surface,cellcom,0.9,0.013950892857142844,0.008664532224554117
cell surface,cellcom,0.91,0.026506696428571407,0.008717204152970861
cell surface,cellcom,0.92,0.004882812499999996,0.007742773477261127
cell surface,cellcom,0.93,0.003487723214285711,0.00468780162909007
cell surface,cellcom,0.9400000000000001,0.0,0.002291228886128293
cell surface,cellcom,0.9500000000000001,0.0,0.002896956062920862
cell surface,cellcom,0.96,0.0,0.002343900814545035
cell surface,cellcom,0.97,0.0,0.0019751973156278387
cell surface,cellcom,0.98,0.0,2.633596420837118e-05
cell surface,cellcom,0.99,0.0,0.0
cell-cell junction,cellcom,0.0,0.0,0.0
cell-cell junction,cellcom,0.01,0.0,0.0
cell-cell junction,cellcom,0.02,0.0,0.0
cell-cell junction,cellcom,0.03,0.0027615536500835364,0.0007640419717235969
cell-cell junction,cellcom,0.04,0.0,0.0019759706165265434
cell-cell junction,cellcom,0.05,0.005523107300167077,0.005058484778307956
cell-cell junction,cellcom,0.06,0.002071165237562651,0.012909674694640076
cell-cell junction,cellcom,0.07,0.013807768250417692,0.032537649485470437
cell-cell junction,cellcom,0.08,0.035900197451086,0.07650958227190781
cell-cell junction,cellcom,0.09,0.06006379188931688,0.15214973747254376
cell-cell junction,cellcom,0.1,0.1201275837786339,0.25223923576833523
cell-cell junction,cellcom,0.11,0.20780691216878627,0.36876880959362734
cell-cell junction,cellcom,0.12,0.31067478563439765,0.5098267653387349
cell-cell junction,cellcom,0.13,0.4556563522637832,0.6381858165882991
cell-cell junction,cellcom,0.14,0.5716416055672933,0.7775839570155271
cell-cell junction,cellcom,0.15,0.7124808417215519,0.9209867312255778
cell-cell junction,cellcom,0.16,0.7608080305980137,1.055853312372236
cell-cell junction,cellcom,0.17,0.874722118663962,1.2273412156118562
cell-cell junction,cellcom,0.18,1.0514615522693056,1.415638042229389
cell-cell junction,cellcom,0.19,1.2157739944492763,1.656548379796305
cell-cell junction,cellcom,0.2,1.2164643828618003,1.9333159974844614
cell-cell junction,cellcom,0.21,1.5292103337337573,2.2214652059238
cell-cell junction,cellcom,0.22,1.868881432694032,2.5877047731282725
cell-cell junction,cellcom,0.23,2.1263963105643273,2.9593980192343667
cell-cell junction,cellcom,0.24,2.6207144139292744,3.293626862451102
cell-cell junction,cellcom,0.25,2.972122115902404,3.646587907112516
cell-cell junction,cellcom,0.26,3.370476229926954,3.900934844871813
cell-cell junction,cellcom,0.27,3.7474283031633564,4.135706500390053
cell-cell junction,cellcom,0.28,4.307333305717817,4.328166038439762
cell-cell junction,cellcom,0.29,4.574513621363375,4.45955491130131
cell-cell junction,cellcom,0.3,4.626983140714962,4.456525089689302
cell-cell junction,cellcom,0.31,4.689808486254362,4.418955301700411
cell-cell junction,cellcom,0.32,4.684285378954196,4.283535448781125
cell-cell junction,cellcom,0.33,4.576584786600938,4.121795667249707
cell-cell junction,cellcom,0.34,4.495809342335995,3.868212771462133
cell-cell junction,cellcom,0.35000000000000003,4.207917374314809,3.614682568224354
cell-cell junction,cellcom,0.36,3.9428082239067668,3.3423938172669767
cell-cell junction,cellcom,0.37,3.702553056349499,3.045286875366046
cell-cell junction,cellcom,0.38,3.346312635488723,2.763487119174474
cell-cell junction,cellcom,0.39,2.9576239592394655,2.4929108760847725
cell-cell junction,cellcom,0.4,2.735318890407741,2.2738942929489707
cell-cell junction,cellcom,0.41000000000000003,2.553746737914763,2.0262393090109887
cell-cell junction,cellcom,0.42,2.0849730058130684,1.7978961445651702
cell-cell junction,cellcom,0.43,2.020076495036106,1.6159224239205192
cell-cell junction,cellcom,0.44,1.8074368639796734,1.4355821723188635
cell-cell junction,cellcom,0.45,1.7018074368639782,1.273710659413009
cell-cell junction,cellcom,0.46,1.383538378691851,1.1340754025118003
cell-cell junction,cellcom,0.47000000000000003,1.191610400011052,1.0073761665801237
cell-cell junction,cellcom,0.48,1.0569846595694727,0.8835486746111216
cell-cell junction,cellcom,0.49,0.9651630007041954,0.7990825173233337
cell-cell junction,cellcom,0.5,0.8339892023252274,0.7287906559247629
cell-cell junction,cellcom,0.51,0.7407867666349081,0.6403198648541477
cell-cell junction,cellcom,0.52,0.6572497687198812,0.568842421085661
cell-cell junction,cellcom,0.53,0.5709512171547708,0.4976020937911574
cell-cell junction,cellcom,0.54,0.5205528630407462,0.43874451569355344
cell-cell junction,cellcom,0.55,0.4818911119395768,0.40404647166734736
cell-cell junction,cellcom,0.56,0.38661751101169484,0.36126012125082596
cell-cell junction,cellcom,0.5700000000000001,0.35900197451086346,0.322109556768717
cell-cell junction,cellcom,0.58,0.28858235643372937,0.27629338474018467
cell-cell junction,cellcom,0.59,0.2533725473951643,0.2530296240149455
cell-cell junction,cellcom,0.6,0.22092429200668276,0.21872677411204472
cell-cell junction,cellcom,0.61,0.22230506883172452,0.20065322953954862
cell-cell junction,cellcom,0.62,0.18088176408047152,0.18687412777363688
cell-cell junction,cellcom,0.63,0.13186418679148876,0.16563903021469828
cell-cell junction,cellcom,0.64,0.10908136917829961,0.14701221386957475
cell-cell junction,cellcom,0.65,0.09389282410284017,0.13689524431295885
cell-cell junction,cellcom,0.66,0.09803515457796548,0.12348499039546539
cell-cell junction,cellcom,0.67,0.07525233696477632,0.11650322755040493
cell-cell junction,cellcom,0.68,0.06834845283956748,0.103777976779974
cell-cell junction,cellcom,0.6900000000000001,0.0462560236388992,0.09371369977313215
cell-cell junction,cellcom,0.7000000000000001,0.03797136268864902,0.08191056862374785
cell-cell junction,cellcom,0.71,0.024163594438230927,0.07574554030018413
cell-cell junction,cellcom,0.72,0.022092429200668277,0.07052897787255405
cell-cell junction,cellcom,0.73,0.01864048713806386,0.05883123182271691
cell-cell junction,cellcom,0.74,0.008284660950250603,0.057777380827236095
cell-cell junction,cellcom,0.75,0.01173660301285502,0.049926190910903966
cell-cell junction,cellcom,0.76,0.006903884125208836,0.04626405870160811
cell-cell junction,cellcom,0.77,0.010355826187813255,0.04004633782827125
cell-cell junction,cellcom,0.78,0.006213495712687952,0.03409207970380461
cell-cell junction,cellcom,0.79,0.004142330475125302,0.03477708285086714
cell-cell junction,cellcom,0.8,0.0006903884125208837,0.03135206711555447
cell-cell junction,cellcom,0.81,0.0013807768250417673,0.025951080763715256
cell-cell junction,cellcom,0.8200000000000001,0.00759427253772972,0.021788369331566006
cell-cell junction,cellcom,0.8300000000000001,0.0041423304751253475,0.021024327359842644
cell-cell junction,cellcom,0.84,0.0013807768250417673,0.020787210885859223
cell-cell junction,cellcom,0.85,0.0048327188876461855,0.018811240269332685
cell-cell junction,cellcom,0.86,0.0048327188876461855,0.017572965349642717
cell-cell junction,cellcom,0.87,0.010355826187813255,0.01644007552950083
cell-cell junction,cellcom,0.88,0.0027615536500835347,0.012725250770430931
cell-cell junction,cellcom,0.89,0.0006903884125208837,0.011855823699159255
cell-cell junction,cellcom,0.9,0.0,0.009194849935570177
cell-cell junction,cellcom,0.91,0.004142330475125302,0.009563697783988466
cell-cell junction,cellcom,0.92,0.0,0.00793022874099319
cell-cell junction,cellcom,0.93,0.0006903884125208837,0.0047950220294377425
cell-cell junction,cellcom,0.9400000000000001,0.0,0.0022921259151707893
cell-cell junction,cellcom,0.9500000000000001,0.0,0.002898090237572294
cell-cell junction,cellcom,0.96,0.0,0.0023448184649448303
cell-cell junction,cellcom,0.97,0.0,0.001975970616526542
cell-cell junction,cellcom,0.98,0.0,2.6346274887020564e-05
cell-cell junction,cellcom,0.99,0.0,0.0
centriolar satellite,cellcom,0.0,0.0,0.0
centriolar satellite,cellcom,0.01,0.0,0.0
centriolar satellite,cellcom,0.02,0.0,0.0
centriolar satellite,cellcom,0.03,0.0,0.0008455862193020171
centriolar satellite,cellcom,0.04,0.0,0.0019217868620500388
centriolar satellite,cellcom,0.05,0.0,0.005124764965466774
centriolar satellite,cellcom,0.06,0.0,0.01263254563987558
centriolar satellite,cellcom,0.07,0.005286669662446145,0.03210665250864934
centriolar satellite,cellcom,0.08,0.0,0.07574402618959893
centriolar satellite,cellcom,0.09,0.010573339324892276,0.1501043658385216
centriolar satellite,cellcom,0.1,0.023790013481007653,0.24955042999340454
centriolar satellite,cellcom,0.11,0.08987338426158446,0.3654982373370903
centriolar satellite,cellcom,0.12,0.18239010335439174,0.5056093114929512
centriolar satellite,cellcom,0.13,0.1348100763923765,0.6362908181123538
centriolar satellite,cellcom,0.14,0.2986968359282076,0.7745826007054766
centriolar satellite,cellcom,0.15,0.3991435595146834,0.9183066341619899
centriolar satellite,cellcom,0.16,0.36742354154000656,1.051576147088953
centriolar satellite,cellcom,0.17,0.5048769527636076,1.2212571150955613
centriolar satellite,cellcom,0.18,0.8352938066664897,1.4077473121888935
centriolar satellite,cellcom,0.19,0.9145938516031819,1.6473813219741196
centriolar satellite,cellcom,0.2,1.2661573841558533,1.9131772569080587
centriolar satellite,cellcom,0.21,1.6705876133329793,2.2011121764928037
centriolar satellite,cellcom,0.22,2.3578546694509774,2.5632536927775127
centriolar satellite,cellcom,0.23,2.883878300864376,2.929213158961503
centriolar satellite,cellcom,0.24,3.4971319817081197,3.266678931937481
centriolar satellite,cellcom,0.25,4.128889006370433,3.6168797458526525
centriolar satellite,cellcom,0.26,4.46194919510454,3.875808495732861
centriolar satellite,cellcom,0.27,5.117496233247861,4.111778298567778
centriolar satellite,cellcom,0.28,5.4505564219819975,4.3165126589381995
centriolar satellite,cellcom,0.29,5.5932965028680135,4.452831407019592
centriolar satellite,cellcom,0.3,5.503423118606429,4.452703287895455
centriolar satellite,cellcom,0.31,5.664666543311036,4.416932428436497
centriolar satellite,cellcom,0.32,5.99508339721392,4.281818000121966
centriolar satellite,cellcom,0.33,5.548359810737222,4.124846449229718
centriolar satellite,cellcom,0.34,4.6231926198091475,3.8841874864513994
centriolar satellite,cellcom,0.35000000000000003,4.160609024345133,3.6314084545297707
centriolar satellite,cellcom,0.36,4.234622399619356,3.3560292091103943
centriolar satellite,cellcom,0.37,3.2090084851048055,3.068094289525644
centriolar satellite,cellcom,0.38,3.0292617165816367,2.782542385649836
centriolar satellite,cellcom,0.39,2.5005947503370227,2.510084256260795
centriolar satellite,cellcom,0.4,2.1331712087970165,2.292384240527767
centriolar satellite,cellcom,0.41000000000000003,1.8503343818561582,2.047522970477776
centriolar satellite,cellcom,0.42,1.6520842695144178,1.8099644905035526
centriolar satellite,cellcom,0.43,1.4591208268351339,1.6324426320997838
centriolar satellite,cellcom,0.44,1.1683539954005964,1.4519740338408718
centriolar satellite,cellcom,0.45,0.7877137797044745,1.2943106396782866
centriolar satellite,cellcom,0.46,0.8908038381221741,1.1456924556797505
centriolar satellite,cellcom,0.47000000000000003,0.7295604134175709,1.0169071120975761
centriolar satellite,cellcom,0.48,0.7189870740926746,0.8915809848670807
centriolar satellite,cellcom,0.49,0.6687637122994364,0.8065098864403324
centriolar satellite,cellcom,0.5,0.5128069572572753,0.7347888007486251
centriolar satellite,cellcom,0.51,0.44672358647669863,0.6459253762474313
centriolar satellite,cellcom,0.52,0.40707356400835254,0.5736918140591772
centriolar satellite,cellcom,0.53,0.3119135100843221,0.5021244713164338
centriolar satellite,cellcom,0.54,0.19032010784806094,0.444189003381832
centriolar satellite,cellcom,0.55,0.17181676402949947,0.409186858667694
centriolar satellite,cellcom,0.56,0.14009674605482264,0.3643451652198598
centriolar satellite,cellcom,0.5700000000000001,0.09516005392403153,0.32567881355541667
centriolar satellite,cellcom,0.58,0.08987338426158432,0.2785565996979461
centriolar satellite,cellcom,0.59,0.12423673706748421,0.2542908375864609
centriolar satellite,cellcom,0.6,0.13216674156115343,0.21964742641990562
centriolar satellite,cellcom,0.61,0.12423673706748421,0.2021976017124913
centriolar satellite,cellcom,0.62,0.09780338875525355,0.187515150086429
centriolar satellite,cellcom,0.63,0.10044672358647662,0.1650174318880299
centriolar satellite,cellcom,0.64,0.10044672358647662,0.14605580151580286
centriolar satellite,cellcom,0.65,0.0422933572995691,0.13621625278210667
centriolar satellite,cellcom,0.66,0.047580026962015236,0.12327622124430308
centriolar satellite,cellcom,0.67,0.02907668314345376,0.11581968821954892
centriolar satellite,cellcom,0.68,0.010573339324892276,0.10336650935346468
centriolar satellite,cellcom,0.6900000000000001,0.005286669662446138,0.09280949352460313
centriolar satellite,cellcom,0.7000000000000001,0.039650022468346466,0.08068942438127513
centriolar satellite,cellcom,0.71,0.013216674156115342,0.07443721112340479
centriolar satellite,cellcom,0.72,0.005286669662446138,0.06936369380759269
centriolar satellite,cellcom,0.73,0.007930004493669205,0.05783297263529246
centriolar satellite,cellcom,0.74,0.005286669662446138,0.056449286094616434
centriolar satellite,cellcom,0.75,0.007930004493669205,0.04891588159538029
centriolar satellite,cellcom,0.76,0.01850334381856148,0.045072307871280214
centriolar satellite,cellcom,0.77,0.0,0.039332571109957436
centriolar satellite,cellcom,0.78,0.0,0.03338784375001599
centriolar satellite,cellcom,0.79,0.0,0.033977191721044665
centriolar satellite,cellcom,0.8,0.0,0.030517975369354598
centriolar satellite,cellcom,0.81,0.0,0.025290715104578494
centriolar satellite,cellcom,0.8200000000000001,0.0,0.021472765205305753
centriolar satellite,cellcom,0.8300000000000001,0.0,0.020601555161176628
centriolar satellite,cellcom,0.84,0.0,0.020268445438421063
centriolar satellite,cellcom,0.85,0.0,0.018474777700507695
centriolar satellite,cellcom,0.86,0.0,0.017270457933623005
centriolar satellite,cellcom,0.87,0.0,0.01637362406466632
centriolar satellite,cellcom,0.88,0.0,0.012478802690911577
centriolar satellite,cellcom,0.89,0.0,0.011556344997127557
centriolar satellite,cellcom,0.9,0.0,0.008942714864739508
centriolar satellite,cellcom,0.91,0.0,0.009455191361286183
centriolar satellite,cellcom,0.92,0.0,0.0077127712730274845
centriolar satellite,cellcom,0.93,0.0,0.004689159943402092
centriolar satellite,cellcom,0.9400000000000001,0.0,0.0022292727599780436
centriolar satellite,cellcom,0.9500000000000001,0.0,0.002818620731006753
centriolar satellite,cellcom,0.96,0.0,0.0022805204096327113
centriolar satellite,cellcom,0.97,0.0,0.0019217868620500377
centriolar satellite,cellcom,0.98,0.0,2.5623824827333833e-05
centriolar satellite,cellcom,0.99,0.0,0.0
centriole,cellcom,0.0,0.0,0.0
centriole,cellcom,0.01,0.0,0.0
centriole,cellcom,0.02,0.0,0.0
centriole,cellcom,0.03,0.0,0.0008508046936574571
centriole,cellcom,0.04,0.0,0.001933647031039675
centriole,cellcom,0.05,0.0,0.005156392082772471
centriole,cellcom,0.06,0.001618961274446314,0.012684724523620261
centriole,cellcom,0.07,0.006475845097785264,0.032253232477741804
centriole,cellcom,0.08,0.006475845097785264,0.07610834714172168
centriole,cellcom,0.09,0.0048568838233389415,0.15105650606481935
centriole,cellcom,0.1,0.006475845097785264,0.2512194222726748
centriole,cellcom,0.11,0.027522341665587372,0.3681921766703683
centriole,cellcom,0.12,0.0469498769589431,0.5097609213028857
centriole,cellcom,0.13,0.10037559901567146,0.6399340394324766
centriole,cellcom,0.14,0.1408496308768297,0.7800332123214065
centriole,cellcom,0.15,0.2234166558735913,0.924309062797378
centriole,cellcom,0.16,0.2800803004792123,1.0571892867704245
centriole,cellcom,0.17,0.467879808314986,1.226267383164537
centriole,cellcom,0.18,0.6281569744851697,1.4145788220273838
centriole,cellcom,0.19,0.8078616759487106,1.6536033770243015
centriole,cellcom,0.2,1.165652117601349,1.9187708398808807
centriole,cellcom,0.21,1.6804818028752737,2.204228705583159
centriole,cellcom,0.22,2.486724517549538,2.5624690455337755
centriole,cellcom,0.23,2.95946120968787,2.9282892818460766
centriole,cellcom,0.24,3.5568579199585515,3.264305571919936
centriole,cellcom,0.25,3.898458748866724,3.61738951978778
centriole,cellcom,0.26,4.380909208651725,3.873481732578675
centriole,cellcom,0.27,4.754889263048824,4.111346099356968
centriole,cellcom,0.28,5.216293226266052,4.313244631357948
centriole,cellcom,0.29,5.646936925268743,4.444938885151933
centriole,cellcom,0.3,5.980442947804683,4.438622304850536
centriole,cellcom,0.31,5.7327418728143975,4.408148027641351
centriole,cellcom,0.32,6.199002719854936,4.2679972908315955
centriole,cellcom,0.33,5.834736433104515,4.111500791119451
centriole,cellcom,0.34,5.031731640979143,3.8731207851328806
centriole,cellcom,0.35000000000000003,4.628610283642037,3.620689610720775
centriole,cellcom,0.36,4.222251003755987,3.350804049108444
centriole,cellcom,0.37,3.8709364072011363,3.0566834447071023
centriole,cellcom,0.38,3.322108535163836,2.7763561891271777
centriole,cellcom,0.39,2.7975650822432305,2.5054135671378983
centriole,cellcom,0.4,2.326447351379353,2.2902888894446316
centriole,cellcom,0.41000000000000003,2.0544618572723836,2.04548917531502
centriole,cellcom,0.42,1.5752493200362634,1.8121624335695545
centriole,cellcom,0.43,1.2935500582826047,1.6361489898241166
centriole,cellcom,0.44,1.094417821525708,1.4549018081146645
centriole,cellcom,0.45,0.995661183784483,1.294125502973819
centriole,cellcom,0.46,0.830527133790959,1.1482253889917722
centriole,cellcom,0.47000000000000003,0.6912964641885798,1.0192898049620525
centriole,cellcom,0.48,0.5148296852739278,0.8958973424213017
centriole,cellcom,0.49,0.4581660406683068,0.8107137452139006
centriole,cellcom,0.5,0.3513145965548501,0.7387305117383971
centriole,cellcom,0.51,0.3658852480248669,0.6484420863690511
centriole,cellcom,0.52,0.2460821137158397,0.5772838756267912
centriole,cellcom,0.53,0.1748478176402019,0.5054811158741846
centriole,cellcom,0.54,0.11170832793679565,0.44700762965554486
centriole,cellcom,0.55,0.13761170832793668,0.41119648664069014
centriole,cellcom,0.56,0.08418598627120832,0.3666194770851222
centriole,cellcom,0.5700000000000001,0.06961533480119227,0.3275082431372967
centriole,cellcom,0.58,0.08256702499676201,0.2798373983320616
centriole,cellcom,0.59,0.08256702499676201,0.2557570473055142
centriole,cellcom,0.6,0.030760264214479964,0.2218022054404575
centriole,cellcom,0.61,0.051806760782282045,0.2038321790319955
centriole,cellcom,0.62,0.05504468333117467,0.18874973218988603
centriole,cellcom,0.63,0.04047403186115785,0.16637099055065355
centriole,cellcom,0.64,0.022665457842248396,0.14757594140894792
centriole,cellcom,0.65,0.03237922548892627,0.13695377371843664
centriole,cellcom,0.66,0.02104649656780208,0.12416592135316093
centriole,cellcom,0.67,0.006475845097785256,0.11671493479355471
centriole,cellcom,0.68,0.008094806372231568,0.10397864634910674
centriole,cellcom,0.6900000000000001,0.014570651470016825,0.09320178689611228
centriole,cellcom,0.7000000000000001,0.016189612744463316,0.08131630314532265
centriole,cellcom,0.71,0.017808574018909454,0.07474190323978687
centriole,cellcom,0.72,0.016189612744463136,0.0695855111570144
centriole,cellcom,0.73,0.0048568838233389415,0.058189884654087254
centriole,cellcom,0.74,0.001618961274446314,0.056823440752152544
centriole,cellcom,0.75,0.0,0.04929510831130475
centriole,cellcom,0.76,0.0,0.045530942090880856
centriole,cellcom,0.77,0.0,0.039575309235278654
centriole,cellcom,0.78,0.0,0.0335938944192626
centriole,cellcom,0.79,0.0,0.03418687950878144
centriole,cellcom,0.8,0.003237922548892628,0.030654750932082298
centriole,cellcom,0.81,0.0,0.02544679492848211
centriole,cellcom,0.8200000000000001,0.0,0.021605282826816622
centriole,cellcom,0.8300000000000001,0.0,0.02072869617274553
centriole,cellcom,0.84,0.0,0.020393530687365092
centriole,cellcom,0.85,0.0,0.018588793458394735
centriole,cellcom,0.86,0.0,0.017377041318943205
centriole,cellcom,0.87,0.0,0.016474672704458022
centriole,cellcom,0.88,0.0,0.01255581472155095
centriole,cellcom,0.89,0.0,0.011627664146651905
centriole,cellcom,0.9,0.0,0.00899790418443795
centriole,cellcom,0.91,0.0,0.009513543392715195
centriole,cellcom,0.92,0.0,0.007760370084572558
centriole,cellcom,0.93,0.0,0.004718098755736804
centriole,cellcom,0.9400000000000001,0.0,0.0022430305560060216
centriole,cellcom,0.9500000000000001,0.0,0.0028360156455248865
centriole,cellcom,0.96,0.0,0.0022945944768337466
centriole,cellcom,0.97,0.0,0.001933647031039674
centriole,cellcom,0.98,0.0,2.578196041386232e-05
centriole,cellcom,0.99,0.0,0.0
centrosome,cellcom,0.0,0.0,0.0
centrosome,cellcom,0.01,0.0,0.0
centrosome,cellcom,0.02,0.0,0.0
centrosome,cellcom,0.03,0.0,0.0008767567016094063
centrosome,cellcom,0.04,0.002265300690350385,0.001886355327705086
centrosome,cellcom,0.05,0.0005663251725875967,0.005287108594553697
centrosome,cellcom,0.06,0.0005663251725875959,0.013071645369449322
centrosome,cellcom,0.07,0.00679590207105116,0.03302450242728766
centrosome,cellcom,0.08,0.005663251725875966,0.07827046190731252
centrosome,cellcom,0.09,0.007928552416226342,0.15537191487914562
centrosome,cellcom,0.1,0.02718360828420464,0.2577133335033711
centrosome,cellcom,0.11,0.07079064657344958,0.37655371914879165
centrosome,cellcom,0.12,0.1347853910758478,0.5197573137449941
centrosome,cellcom,0.13,0.16819857625851597,0.6532103110839045
centrosome,cellcom,0.14,0.3284686001008065,0.7907282713120971
centrosome,cellcom,0.15,0.4270091801310472,0.93613704185477
centrosome,cellcom,0.16,0.5431058405115045,1.0685538721826875
centrosome,cellcom,0.17,0.6931820112472192,1.2388306509891964
centrosome,cellcom,0.18,0.945763038221285,1.4236669047193942
centrosome,cellcom,0.19,1.1790890093273747,1.661985317247769
centrosome,cellcom,0.2,1.4090170293979423,1.930326004710047
centrosome,cellcom,0.21,1.8139395277980694,2.2139435134882355
centrosome,cellcom,0.22,2.37686674935014,2.5699333027265516
centrosome,cellcom,0.23,2.924503191242353,2.92897845622806
centrosome,cellcom,0.24,3.41324181518544,3.262119434454729
centrosome,cellcom,0.25,3.836853044280962,3.6117062429328066
centrosome,cellcom,0.26,4.227617413366403,3.865195203237514
centrosome,cellcom,0.27,4.460377059299905,4.10553281301808
centrosome,cellcom,0.28,4.870396484253351,4.301926314178611
centrosome,cellcom,0.29,5.07880414776556,4.434927648974244
centrosome,cellcom,0.3,5.11165100777564,4.43235051563921
centrosome,cellcom,0.31,5.212456888496233,4.392152549289664
centrosome,cellcom,0.32,5.3681963109578215,4.248072197991851
centrosome,cellcom,0.33,5.038028735339252,4.096313583458732
centrosome,cellcom,0.34,4.540795233807343,3.8608114197294667
centrosome,cellcom,0.35000000000000003,4.22931638888419,3.6086774470545393
centrosome,cellcom,0.36,4.074709616767753,3.3311440984177967
centrosome,cellcom,0.37,3.5502925069516382,3.0468889484020685
centrosome,cellcom,0.38,3.3299920148150637,2.7593393186590807
centrosome,cellcom,0.39,2.871268625019111,2.4930443968338967
centrosome,cellcom,0.4,2.517881717324451,2.280205065421989
centrosome,cellcom,0.41000000000000003,2.221127326888563,2.037396595845989
centrosome,cellcom,0.42,1.8309292829756973,1.8073940877904442
centrosome,cellcom,0.43,1.5704197035854033,1.633610282177501
centrosome,cellcom,0.44,1.3540834876569416,1.4537157480381893
centrosome,cellcom,0.45,1.1524717262157576,1.2958729733635987
centrosome,cellcom,0.46,1.0114567582414462,1.149428035809931
centrosome,cellcom,0.47000000000000003,0.9117835278660344,1.0189506975795186
centrosome,cellcom,0.48,0.7764318116175939,0.895248297497895
centrosome,cellcom,0.49,0.5867128788007493,0.8154368692665418
centrosome,cellcom,0.5,0.5011977777400224,0.7435162513496734
centrosome,cellcom,0.51,0.45022851220713866,0.6531040375443155
centrosome,cellcom,0.52,0.39812659632907993,0.5802535261560431
centrosome,cellcom,0.53,0.3103461945780025,0.5092096649407839
centrosome,cellcom,0.54,0.24012187317714065,0.4512108807100769
centrosome,cellcom,0.55,0.24408614938525383,0.4145465095518654
centrosome,cellcom,0.56,0.2072750131670601,0.36945996038122414
centrosome,cellcom,0.5700000000000001,0.17216285246663104,0.3305638448916469
centrosome,cellcom,0.58,0.14554556935501214,0.28290016238596827
centrosome,cellcom,0.59,0.12685683865962147,0.25896204759354174
centrosome,cellcom,0.6,0.10590280727388042,0.22410432660834356
centrosome,cellcom,0.61,0.10420383175611765,0.2060112564933131
centrosome,cellcom,0.62,0.09344365347695331,0.19102668741126144
centrosome,cellcom,0.63,0.07985184933485101,0.16836385509390314
centrosome,cellcom,0.64,0.06965799622827429,0.14918148119808525
centrosome,cellcom,0.65,0.05719884243134718,0.13897922139753943
centrosome,cellcom,0.66,0.053234566223234005,0.1258013024885011
centrosome,cellcom,0.67,0.03284686001008056,0.11884038564542035
centrosome,cellcom,0.68,0.04247438794406969,0.10529050934782044
centrosome,cellcom,0.6900000000000001,0.03624481104560614,0.0945834502342268
centrosome,cellcom,0.7000000000000001,0.0266172831116173,0.08281365572474388
centrosome,cellcom,0.71,0.03454583552784335,0.0756933285722787
centrosome,cellcom,0.72,0.024351982421266623,0.07083131413608108
centrosome,cellcom,0.73,0.027749933456792195,0.05874269900783018
centrosome,cellcom,0.74,0.026050957939029413,0.05736114299317294
centrosome,cellcom,0.75,0.011326503451751917,0.05026738422560593
centrosome,cellcom,0.76,0.015290779659865089,0.04620242133632596
centrosome,cellcom,0.77,0.01812240552280307,0.03993228250057384
centrosome,cellcom,0.78,0.01642343000504028,0.03384812235910251
centrosome,cellcom,0.79,0.011326503451751917,0.034698310675814664
centrosome,cellcom,0.8,0.015857104832452684,0.030899031635507238
centrosome,cellcom,0.81,0.009061202761401535,0.02579790173523433
centrosome,cellcom,0.8200000000000001,0.00962752793398913,0.021812644000646125
centrosome,cellcom,0.8300000000000001,0.004530601380700817,0.02114843437821499
centrosome,cellcom,0.84,0.003397951035525575,0.020856182144344954
centrosome,cellcom,0.85,0.004530601380700767,0.018943258431742615
centrosome,cellcom,0.86,0.004530601380700767,0.017694544341571642
centrosome,cellcom,0.87,0.005096926553288363,0.01673808248527047
centrosome,cellcom,0.88,0.007928552416226342,0.012566846056401482
centrosome,cellcom,0.89,0.009061202761401535,0.011557247430305803
centrosome,cellcom,0.9,0.007362227243638746,0.008926977325477585
centrosome,cellcom,0.91,0.010193853106576726,0.009325503098936407
centrosome,cellcom,0.92,0.005096926553288363,0.007757968389998378
centrosome,cellcom,0.93,0.006229576898463555,0.004569762202327811
centrosome,cellcom,0.9400000000000001,0.0016989755177627874,0.0022317443313693962
centrosome,cellcom,0.9500000000000001,0.0,0.0029225223386980517
centrosome,cellcom,0.96,0.0,0.00236458625585567
centrosome,cellcom,0.97,0.0,0.001992628867294104
centrosome,cellcom,0.98,0.0,2.656838489725472e-05
centrosome,cellcom,0.99,0.0,0.0
chromatin,cellcom,0.0,0.0,0.0
chromatin,cellcom,0.01,0.0,0.0
chromatin,cellcom,0.02,0.0,0.0
chromatin,cellcom,0.03,0.0,0.000936201552278913
chromatin,cellcom,0.04,0.0016844455887979554,0.00192914259257473
chromatin,cellcom,0.05,0.0024063508411399375,0.005390251361605867
chromatin,cellcom,0.06,0.0036095262617099016,0.013560737636040002
chromatin,cellcom,0.07,0.0019250806729119504,0.035377070778539556
chromatin,cellcom,0.08,0.014678740130953619,0.08213040890446832
chromatin,cellcom,0.09,0.029598115346021192,0.1628139608645054
chromatin,cellcom,0.1,0.04933019224336872,0.27073246707265675
chromatin,cellcom,0.11,0.07916894267350395,0.396296954054065
chromatin,cellcom,0.12,0.13379310676738035,0.5459757234426567
chromatin,cellcom,0.13,0.16988836938447938,0.6858953008923413
chromatin,cellcom,0.14,0.22667824923538243,0.8340704738484879
chromatin,cellcom,0.15,0.2904465465255901,0.9867564361019735
chromatin,cellcom,0.16,0.3821285135730216,1.1231581652946103
chromatin,cellcom,0.17,0.5423914795929428,1.2936035872973928
chromatin,cellcom,0.18,0.660783940977026,1.4896668881398003
chromatin,cellcom,0.19,0.8273034191839095,1.736199963573247
chromatin,cellcom,0.2,1.0344902266060607,2.009826144534771
chromatin,cellcom,0.21,1.320605341617596,2.299225903164983
chromatin,cellcom,0.22,1.7378665774712605,2.658358492567976
chromatin,cellcom,0.23,2.095931582632889,3.0269665764697997
chromatin,cellcom,0.24,2.447980710691655,3.365672950186698
chromatin,cellcom,0.25,2.847675585404998,3.7130604655701918
chromatin,cellcom,0.26,3.1265716478931167,3.970430783214867
chromatin,cellcom,0.27,3.5327636698775375,4.19083532441653
chromatin,cellcom,0.28,3.8393327670387865,4.384941112922382
chromatin,cellcom,0.29,4.028953213320593,4.515044758945118
chromatin,cellcom,0.3,4.176943790050698,4.496490946363591
chromatin,cellcom,0.31,4.221220645527673,4.453397305214753
chromatin,cellcom,0.32,4.259481623901798,4.3028390737618984
chromatin,cellcom,0.33,4.147345674704677,4.137471835936632
chromatin,cellcom,0.34,4.041706872778634,3.8735481074260036
chromatin,cellcom,0.35000000000000003,3.87205913847829,3.6087165471071256
chromatin,cellcom,0.36,3.7885587642907126,3.3144655622514425
chromatin,cellcom,0.37,3.5363731961392473,3.014398779874047
chromatin,cellcom,0.38,3.304882245221586,2.7236089037874147
chromatin,cellcom,0.39,3.0960109922106396,2.440904404743192
chromatin,cellcom,0.4,2.9415232682094556,2.2141450408836363
chromatin,cellcom,0.41000000000000003,2.723026611833965,1.9657679320896508
chromatin,cellcom,0.42,2.4056289358875924,1.7380439969337964
chromatin,cellcom,0.43,2.1832821181662623,1.5656410625944344
chromatin,cellcom,0.44,2.028313123996851,1.3809823988434209
chromatin,cellcom,0.45,1.8252171130046402,1.226282184765333
chromatin,cellcom,0.46,1.615383319657238,1.0875825063080116
chromatin,cellcom,0.47000000000000003,1.5080600721424051,0.9559185243647917
chromatin,cellcom,0.48,1.3723418847021047,0.8330491630641812
chromatin,cellcom,0.49,1.281141187822901,0.7490747207991637
chromatin,cellcom,0.5,1.2873977000098649,0.6672563790787885
chromatin,cellcom,0.51,1.0020044902506686,0.6018073796512899
chromatin,cellcom,0.52,0.8838526639506978,0.5353370694394871
chromatin,cellcom,0.53,0.842463429483091,0.4599586596090305
chromatin,cellcom,0.54,0.7252741435195762,0.4083257255136481
chromatin,cellcom,0.55,0.7074671472951408,0.37147342804666905
chromatin,cellcom,0.56,0.6326296361356888,0.33030892949040536
chromatin,cellcom,0.5700000000000001,0.5888340508269485,0.29217999354304924
chromatin,cellcom,0.58,0.5161622554245159,0.24851895751403855
chromatin,cellcom,0.59,0.4971520837795105,0.2242628263868122
chromatin,cellcom,0.6,0.4146142499284107,0.1957228639143096
chromatin,cellcom,0.61,0.4110047236667008,0.17674350517265525
chromatin,cellcom,0.62,0.39728852387220315,0.1618210198242096
chromatin,cellcom,0.63,0.3270230793109171,0.14522471957926522
chromatin,cellcom,0.64,0.2899652763573621,0.1286000495903124
chromatin,cellcom,0.65,0.25122302781500916,0.1216494623082417
chromatin,cellcom,0.66,0.23341603159057364,0.10947884212861583
chromatin,cellcom,0.67,0.21368395469322618,0.10335097742279023
chromatin,cellcom,0.68,0.2095931582632883,0.08984697927476713
chromatin,cellcom,0.6900000000000001,0.19635822863701866,0.07966224117573291
chromatin,cellcom,0.7000000000000001,0.18167948850606705,0.06834271331636137
chromatin,cellcom,0.71,0.15930042568346367,0.06377518453099984
chromatin,cellcom,0.72,0.1573753450105517,0.058299823937368635
chromatin,cellcom,0.73,0.13114612084212643,0.04865411097449499
chromatin,cellcom,0.74,0.13066485067389844,0.04715051454204704
chromatin,cellcom,0.75,0.10178864058021923,0.04224254882858486
chromatin,cellcom,0.76,0.10684197734661309,0.037504801579173394
chromatin,cellcom,0.77,0.09408831788857143,0.03245498714566896
chromatin,cellcom,0.78,0.07628132166413591,0.02797256759233356
chromatin,cellcom,0.79,0.06473083762666423,0.02998681941693365
chromatin,cellcom,0.8,0.06497147271077823,0.026128534231784187
chromatin,cellcom,0.81,0.04884892207514067,0.02224187930262628
chromatin,cellcom,0.8200000000000001,0.04066732921526489,0.018979358741654313
chromatin,cellcom,0.8300000000000001,0.03777970820589739,0.018355224373468575
chromatin,cellcom,0.84,0.03898288362646694,0.017844568981316238
chromatin,cellcom,0.85,0.02863557500956522,0.017078585893088038
chromatin,cellcom,0.86,0.03489208719652905,0.01500759458047105
chromatin,cellcom,0.87,0.024785413663741325,0.015206182788530212
chromatin,cellcom,0.88,0.02093525231791743,0.011347897603380756
chromatin,cellcom,0.89,0.014919375215067593,0.011035830419287785
chromatin,cellcom,0.9,0.018288266392663503,0.007744940114307365
chromatin,cellcom,0.91,0.015160010299181587,0.008681141666586279
chromatin,cellcom,0.92,0.01130984895335769,0.00720591497814678
chromatin,cellcom,0.93,0.008422227943989771,0.004198722113250879
chromatin,cellcom,0.9400000000000001,0.002887621009367921,0.0021277308006338916
chromatin,cellcom,0.9500000000000001,0.00024063508411399613,0.0030923020969212903
chromatin,cellcom,0.96,0.0,0.0025249072167522185
chromatin,cellcom,0.97,0.0004812701682279869,0.0020709913126169877
chromatin,cellcom,0.98,0.0,2.836974400845189e-05
chromatin,cellcom,0.99,0.0,0.0
chromosome,cellcom,0.0,0.0,0.0
chromosome,cellcom,0.01,0.0,0.0
chromosome,cellcom,0.02,0.0,0.0
chromosome,cellcom,0.03,0.0,0.0009757562998374921
chromosome,cellcom,0.04,0.0012534537126403643,0.002010649345119681
chromosome,cellcom,0.05,0.0019697129770062877,0.005588422444523822
chromosome,cellcom,0.06,0.003939425954012571,0.013926703552226012
chromosome,cellcom,0.07,0.0019697129770062877,0.03678305566660124
chromosome,cellcom,0.08,0.011281083413763285,0.08554130228575352
chromosome,cellcom,0.09,0.023636555724075425,0.16942677569905534
chromosome,cellcom,0.1,0.04440807439068722,0.2808995408623085
chromosome,cellcom,0.11,0.07413283386187303,0.4105272868770833
chromosome,cellcom,0.12,0.1257035008962193,0.5647263506241287
chromosome,cellcom,0.13,0.1588304918731432,0.7095226718454679
chromosome,cellcom,0.14,0.23385864981547416,0.8585472703661055
chromosome,cellcom,0.15,0.30512644661988275,1.0137516587857087
chromosome,cellcom,0.16,0.40970029921730733,1.1499140151721226
chromosome,cellcom,0.17,0.5810653282168557,1.318956402025791
chromosome,cellcom,0.18,0.7352401348716189,1.5123926963753893
chromosome,cellcom,0.19,0.8962194045378598,1.7632212021790692
chromosome,cellcom,0.2,1.1490589248590333,2.0321159837161096
chromosome,cellcom,0.21,1.4565132140881023,2.3181308530593783
chromosome,cellcom,0.22,1.8678250966502328,2.6757898895089025
chromosome,cellcom,0.23,2.2843298588790226,3.035193459949053
chromosome,cellcom,0.24,2.649443018889545,3.371178879193088
chromosome,cellcom,0.25,3.0161677622448972,3.721800642934693
chromosome,cellcom,0.26,3.3255917644509756,3.9732205161928205
chromosome,cellcom,0.27,3.7370827118291974,4.184900496512111
chromosome,cellcom,0.28,4.035941889885901,4.375527795453114
chromosome,cellcom,0.29,4.196025835471662,4.50799410524921
chromosome,cellcom,0.3,4.309731993689752,4.488065022034347
chromosome,cellcom,0.31,4.406426994379151,4.432624323179945
chromosome,cellcom,0.32,4.350021577310335,4.289720377812835
chromosome,cellcom,0.33,4.226824983839396,4.123930511958629
chromosome,cellcom,0.34,4.123683649770705,3.8529068075855855
chromosome,cellcom,0.35000000000000003,3.894301620357539,3.593917430910557
chromosome,cellcom,0.36,3.777193230633689,3.2963117594601026
chromosome,cellcom,0.37,3.5295465899791716,2.9934724860378115
chromosome,cellcom,0.38,3.3019552087268997,2.6995332928049485
chromosome,cellcom,0.39,3.007393586256415,2.4278590842320127
chromosome,cellcom,0.4,2.8306566127741233,2.201720169651493
chromosome,cellcom,0.41000000000000003,2.597156092590847,1.9545581420653955
chromosome,cellcom,0.42,2.274481293993985,1.7314943382479895
chromosome,cellcom,0.43,2.1102788576380975,1.551600358605223
chromosome,cellcom,0.44,1.9195748285006706,1.371588105471567
chromosome,cellcom,0.45,1.7428378550183796,1.214580046315898
chromosome,cellcom,0.46,1.5494478536395804,1.076170493602586
chromosome,cellcom,0.47000000000000003,1.4072703896629528,0.9492334695055502
chromosome,cellcom,0.48,1.2609744349162055,0.828653645543809
chromosome,cellcom,0.49,1.1714420268704653,0.7447090353850623
chromosome,cellcom,0.5,1.1458357581693834,0.664430903443887
chromosome,cellcom,0.51,0.9005169601240552,0.6016572481543416
chromosome,cellcom,0.52,0.7943315241818074,0.5353945248835593
chromosome,cellcom,0.53,0.7422236626991866,0.4603499949142395
chromosome,cellcom,0.54,0.6483936990672508,0.4076295863502926
chromosome,cellcom,0.55,0.6267268563201817,0.3706099837019126
chromosome,cellcom,0.56,0.5622635225272486,0.3291551251451804
chromosome,cellcom,0.5700000000000001,0.5187507722170247,0.2912189029424109
chromosome,cellcom,0.58,0.4447970031712375,0.2489952666948944
chromosome,cellcom,0.59,0.4351275031022976,0.22297509869922794
chromosome,cellcom,0.6,0.3717385582059135,0.19355456784049146
chromosome,cellcom,0.61,0.3568761784703206,0.17578397583436017
chromosome,cellcom,0.62,0.3475648080335636,0.1600831699187933
chromosome,cellcom,0.63,0.2861455761141858,0.14429365888505932
chromosome,cellcom,0.64,0.24728851102233454,0.1288293999512712
chromosome,cellcom,0.65,0.21254993670058733,0.1225609049341334
chromosome,cellcom,0.66,0.1935690661948904,0.11082226096336113
chromosome,cellcom,0.67,0.1824670475972186,0.10384412500088697
chromosome,cellcom,0.68,0.18103452906848677,0.08950346423054806
chromosome,cellcom,0.6900000000000001,0.16724653822944274,0.07953892262311672
chromosome,cellcom,0.7000000000000001,0.15668171408004714,0.06768200516145582
chromosome,cellcom,0.71,0.1382380380226229,0.0632171808803805
chromosome,cellcom,0.72,0.1394914917352633,0.05706695935413207
chromosome,cellcom,0.73,0.12051062122956636,0.04692500751036663
chromosome,cellcom,0.74,0.12462911199967042,0.04461867443802346
chromosome,cellcom,0.75,0.09705313032158241,0.04050867062961707
chromosome,cellcom,0.76,0.09311370436756986,0.036842192412045886
chromosome,cellcom,0.77,0.08219075058598953,0.031815569049246685
chromosome,cellcom,0.78,0.07126779680440923,0.02675937731372514
chromosome,cellcom,0.79,0.05801700041363967,0.02962750946779292
chromosome,cellcom,0.8,0.06320988008029262,0.02477829634132781
chromosome,cellcom,0.81,0.04655685218378493,0.02149620696914716
chromosome,cellcom,0.8200000000000001,0.038857065091851266,0.018361959460578246
chromosome,cellcom,0.8300000000000001,0.03545483358611353,0.017918433869743223
chromosome,cellcom,0.84,0.04190116696540643,0.01646958360634796
chromosome,cellcom,0.85,0.029008500206819835,0.016528720351792658
chromosome,cellcom,0.86,0.03276886134474093,0.014518071006672977
chromosome,cellcom,0.87,0.02668065759763059,0.014488502633950628
chromosome,cellcom,0.88,0.023815620540166903,0.010467203943711272
chromosome,cellcom,0.89,0.015757703816050284,0.010733319298212406
chromosome,cellcom,0.9,0.020413389034428773,0.006948567589751832
chromosome,cellcom,0.91,0.020771518666611734,0.007480798298754101
chromosome,cellcom,0.92,0.018622740873513968,0.0058249694263026
chromosome,cellcom,0.93,0.009848564885031427,0.0037847517084605726
chromosome,cellcom,0.9400000000000001,0.004297555586195531,0.001862807481507938
chromosome,cellcom,0.9500000000000001,0.001969712977006307,0.002927268899512507
chromosome,cellcom,0.96,0.004834750034469973,0.0018332391087855899
chromosome,cellcom,0.97,0.0008953240804574023,0.0020697860905643756
chromosome,cellcom,0.98,0.0001790648160914805,0.0
chromosome,cellcom,0.99,0.0,0.0
"chromosome, telomeric region",cellcom,0.0,0.0,0.0
"chromosome, telomeric region",cellcom,0.01,0.0,0.0
"chromosome, telomeric region",cellcom,0.02,0.0,0.0
"chromosome, telomeric region",cellcom,0.03,0.0,0.0008439388313135062
"chromosome, telomeric region",cellcom,0.04,0.0,0.0019180427984397867
"chromosome, telomeric region",cellcom,0.05,0.0,0.005114780795839435
"chromosome, telomeric region",cellcom,0.06,0.0,0.01260793466174419
"chromosome, telomeric region",cellcom,0.07,0.0,0.032095249493892454
"chromosome, telomeric region",cellcom,0.08,0.0033098335153741785,0.07557088625852766
"chromosome, telomeric region",cellcom,0.09,0.15887200873796034,0.1486866777350522
"chromosome, telomeric region",cellcom,0.1,0.08605567139972864,0.24862949448575494
"chromosome, telomeric region",cellcom,0.11,0.06619667030748357,0.3651442010149773
"chromosome, telomeric region",cellcom,0.12,0.13570317413034114,0.5053403426289355
"chromosome, telomeric region",cellcom,0.13,0.2151391784993213,0.6346931489557146
"chromosome, telomeric region",cellcom,0.14,0.1555621752225866,0.7747614210497795
"chromosome, telomeric region",cellcom,0.15,0.20851951146857295,0.9187680743566364
"chromosome, telomeric region",cellcom,0.16,0.34422268559891406,1.0504225320415432
"chromosome, telomeric region",cellcom,0.17,0.8009797107205523,1.2175735684495794
"chromosome, telomeric region",cellcom,0.18,1.1121040611657225,1.4044932326335278
"chromosome, telomeric region",cellcom,0.19,1.1021745606195998,1.644504321478293
"chromosome, telomeric region",cellcom,0.2,1.5456922516797433,1.909756853550531
"chromosome, telomeric region",cellcom,0.21,1.923013272432395,2.1981281948199527
"chromosome, telomeric region",cellcom,0.22,2.191109787177703,2.564141908570222
"chromosome, telomeric region",cellcom,0.23,2.9556813292291455,2.9285700402737898
"chromosome, telomeric region",cellcom,0.24,3.2535663456128128,3.2690098500448537
"chromosome, telomeric region",cellcom,0.25,3.716943037765197,3.6210602122224813
"chromosome, telomeric region",cellcom,0.26,3.832787210803293,3.8818117371943757
"chromosome, telomeric region",cellcom,0.27,4.239896733194317,4.120518556936202
"chromosome, telomeric region",cellcom,0.28,4.349121239201688,4.327232422800076
"chromosome, telomeric region",cellcom,0.29,4.140601727733091,4.466277738734947
"chromosome, telomeric region",cellcom,0.3,4.4053884089630255,4.463234444161423
"chromosome, telomeric region",cellcom,0.31,4.786019263231055,4.426152283391587
"chromosome, telomeric region",cellcom,0.32,4.557640750670237,4.2962624250812445
"chromosome, telomeric region",cellcom,0.33,4.2432065667096905,4.137704220410222
"chromosome, telomeric region",cellcom,0.34,3.96518055141826,3.8907114557791362
"chromosome, telomeric region",cellcom,0.35000000000000003,3.7831397080727016,3.6353560245468732
"chromosome, telomeric region",cellcom,0.36,3.9718002184490087,3.3597716352670246
"chromosome, telomeric region",cellcom,0.37,3.7301823718266935,3.064341896499339
"chromosome, telomeric region",cellcom,0.38,3.4554661900506374,2.779729919114854
"chromosome, telomeric region",cellcom,0.39,2.9854698308675043,2.5063193116732574
"chromosome, telomeric region",cellcom,0.4,2.6743454804223323,2.287892597786935
"chromosome, telomeric region",cellcom,0.41000000000000003,2.62138814417636,2.041181146099631
"chromosome, telomeric region",cellcom,0.42,1.906464104855524,1.8076914027695499
"chromosome, telomeric region",cellcom,0.43,2.0090689438321236,1.6278557099878357
"chromosome, telomeric region",cellcom,0.44,1.6350577565948419,1.447815425974288
"chromosome, telomeric region",cellcom,0.45,1.5854102538642292,1.2871601611769712
"chromosome, telomeric region",cellcom,0.46,1.3802005759110305,1.141414482399527
"chromosome, telomeric region",cellcom,0.47000000000000003,1.376890742395664,1.0113456067613358
"chromosome, telomeric region",cellcom,0.48,0.9797107205507555,0.8892302152606637
"chromosome, telomeric region",cellcom,0.49,0.6884453711978281,0.8060894534242938
"chromosome, telomeric region",cellcom,0.5,0.7645715420514341,0.732411036060227
"chromosome, telomeric region",cellcom,0.51,0.6354880349518414,0.64407877171608
"chromosome, telomeric region",cellcom,0.52,0.5692913646443579,0.5721138059186193
"chromosome, telomeric region",cellcom,0.53,0.4799258597292552,0.5004557269689088
"chromosome, telomeric region",cellcom,0.54,0.26809651474530805,0.4430934603435696
"chromosome, telomeric region",cellcom,0.55,0.2383080131069405,0.40821065531594475
"chromosome, telomeric region",cellcom,0.56,0.2813358488068048,0.36281697575286986
"chromosome, telomeric region",cellcom,0.5700000000000001,0.26809651474531104,0.32389349389653543
"chromosome, telomeric region",cellcom,0.58,0.20520967795319878,0.2772978408464346
"chromosome, telomeric region",cellcom,0.59,0.17211134279945703,0.2536675535696564
"chromosome, telomeric region",cellcom,0.6,0.2018998444378246,0.21893819196590672
"chromosome, telomeric region",cellcom,0.61,0.1621818422533345,0.20175252849188624
"chromosome, telomeric region",cellcom,0.62,0.20520967795319878,0.18651048172028473
"chromosome, telomeric region",cellcom,0.63,0.1754211763148312,0.16431233306634163
"chromosome, telomeric region",cellcom,0.64,0.07943600436898017,0.14612928733713249
"chromosome, telomeric region",cellcom,0.65,0.059577003276735124,0.13589972574545361
"chromosome, telomeric region",cellcom,0.66,0.10591467249197356,0.12267801738820869
"chromosome, telomeric region",cellcom,0.67,0.07281633733823183,0.11531273304219991
"chromosome, telomeric region",cellcom,0.68,0.10922450600734775,0.10242348543668454
"chromosome, telomeric region",cellcom,0.6900000000000001,0.10591467249197356,0.09186146309327614
"chromosome, telomeric region",cellcom,0.7000000000000001,0.07943600436898106,0.08030205849467992
"chromosome, telomeric region",cellcom,0.71,0.06950650382285765,0.07388300859590055
"chromosome, telomeric region",cellcom,0.72,0.04964750273061261,0.0688960973199571
"chromosome, telomeric region",cellcom,0.73,0.07943600436898017,0.057183249297484806
"chromosome, telomeric region",cellcom,0.74,0.06288683679210931,0.05590455409852495
"chromosome, telomeric region",cellcom,0.75,0.07943600436898017,0.0482835307127242
"chromosome, telomeric region",cellcom,0.76,0.04302783569986426,0.04483105367553259
"chromosome, telomeric region",cellcom,0.77,0.05626716976136095,0.03882118624042126
"chromosome, telomeric region",cellcom,0.78,0.076126170853606,0.03273459709337234
"chromosome, telomeric region",cellcom,0.79,0.029788501638367562,0.03368083154060263
"chromosome, telomeric region",cellcom,0.8,0.07943600436898017,0.029844745943723064
"chromosome, telomeric region",cellcom,0.81,0.06288683679210931,0.024755539051862833
"chromosome, telomeric region",cellcom,0.8200000000000001,0.04964750273061261,0.021047322974879247
"chromosome, telomeric region",cellcom,0.8300000000000001,0.043027835699864736,0.020228958047545164
"chromosome, telomeric region",cellcom,0.84,0.06950650382285765,0.019691906063981798
"chromosome, telomeric region",cellcom,0.85,0.05626716976136095,0.018004028401354788
"chromosome, telomeric region",cellcom,0.86,0.02647866812299339,0.017032220050145295
"chromosome, telomeric region",cellcom,0.87,0.076126170853606,0.01575352485118544
"chromosome, telomeric region",cellcom,0.88,0.06950650382285765,0.011917439254305866
"chromosome, telomeric region",cellcom,0.89,0.05295733624598678,0.011124648230950758
"chromosome, telomeric region",cellcom,0.9,0.03640816866911591,0.008643979544968634
"chromosome, telomeric region",cellcom,0.91,0.046337669215238436,0.009078735912614986
"chromosome, telomeric region",cellcom,0.92,0.07281633733823183,0.007135119210196002
"chromosome, telomeric region",cellcom,0.93,0.019859001092245043,0.004526581004317894
"chromosome, telomeric region",cellcom,0.9400000000000001,0.039718002184490085,0.0019180427984397857
"chromosome, telomeric region",cellcom,0.9500000000000001,0.03309833515374211,0.0025573903979197424
"chromosome, telomeric region",cellcom,0.96,0.0893655049151027,0.0015855820467102228
"chromosome, telomeric region",cellcom,0.97,0.009929500546122521,0.0018413210865021942
"chromosome, telomeric region",cellcom,0.98,0.0033098335153741738,0.0
"chromosome, telomeric region",cellcom,0.99,0.0,0.0
ciliary basal body,cellcom,0.0,0.0,0.0
ciliary basal body,cellcom,0.01,0.0,0.0
ciliary basal body,cellcom,0.02,0.0,0.0
ciliary basal body,cellcom,0.03,0.0,0.0008477317139773747
ciliary basal body,cellcom,0.04,0.0,0.001926662986312215
ciliary basal body,cellcom,0.05,0.0,0.0051377679634992445
ciliary basal body,cellcom,0.06,0.0,0.012664598030025618
ciliary basal body,cellcom,0.07,0.004192169028255222,0.03218811629132276
ciliary basal body,cellcom,0.08,0.0,0.07593621050051882
ciliary basal body,cellcom,0.09,0.002096084514127608,0.15056229017034514
ciliary basal body,cellcom,0.1,0.006288253542382833,0.25033774402150066
ciliary basal body,cellcom,0.11,0.037729521254296995,0.366836632593846
ciliary basal body,cellcom,0.12,0.06078645090970062,0.5079197408715345
ciliary basal body,cellcom,0.13,0.11947681730527364,0.6377511373091602
ciliary basal body,cellcom,0.14,0.14462983147480532,0.7776782477950641
ciliary basal body,cellcom,0.15,0.23685755009641965,0.9216128172924931
ciliary basal body,cellcom,0.16,0.43808166345267,1.0524460784830012
ciliary basal body,cellcom,0.17,0.4527542550515645,1.2237135735462517
ciliary basal body,cellcom,0.18,0.8468181437075535,1.4090585528294832
ciliary basal body,cellcom,0.19,1.0564265951203142,1.6475023640154827
ciliary basal body,cellcom,0.2,1.0543305106061895,1.9174150039779205
ciliary basal body,cellcom,0.21,1.448394399262177,2.2051813876135076
ciliary basal body,cellcom,0.22,2.083508007042842,2.5671371406420285
ciliary basal body,cellcom,0.23,2.6431625723149206,2.932278309807928
ciliary basal body,cellcom,0.24,3.2824683491238336,3.268725044897667
ciliary basal body,cellcom,0.25,3.9825605768424546,3.617373978900725
ciliary basal body,cellcom,0.26,4.173304267628067,3.8778588146501365
ciliary basal body,cellcom,0.27,4.802129621866349,4.113091520858949
ciliary basal body,cellcom,0.28,5.342919426511302,4.314954424144858
ciliary basal body,cellcom,0.29,5.518990525697991,4.450848386779389
ciliary basal body,cellcom,0.3,5.189905256979957,4.453879669877853
ciliary basal body,cellcom,0.31,5.2087700176071055,4.419353869163139
ciliary basal body,cellcom,0.32,5.711830300997732,4.280942400226469
ciliary basal body,cellcom,0.33,5.171040496352808,4.1258588742482445
ciliary basal body,cellcom,0.34,4.665884128448055,3.8817892071422135
ciliary basal body,cellcom,0.35000000000000003,4.215225957910643,3.6293963559353335
ciliary basal body,cellcom,0.36,4.148151253458535,3.3548597248057317
ciliary basal body,cellcom,0.37,3.7939129705709695,3.060568375856495
ciliary basal body,cellcom,0.38,3.6010731952712303,2.774908477085938
ciliary basal body,cellcom,0.39,3.1629915318185597,2.501990242864858
ciliary basal body,cellcom,0.4,2.7123333612811242,2.2856902116015405
ciliary basal body,cellcom,0.41000000000000003,2.3161733881110194,2.042314143170593
ciliary basal body,cellcom,0.42,1.9116290768843782,1.807184192321039
ciliary basal body,cellcom,0.43,1.6265615829630236,1.6308303069739278
ciliary basal body,cellcom,0.44,1.513373019200133,1.4484652331095225
ciliary basal body,cellcom,0.45,1.2262094407646507,1.2902219798337458
ciliary basal body,cellcom,0.46,1.0920600318604836,1.14387265939347
ciliary basal body,cellcom,0.47000000000000003,0.9348536933009183,1.015120194228185
ciliary basal body,cellcom,0.48,0.7084765657751314,0.8921477180218249
ciliary basal body,cellcom,0.49,0.6099605936111339,0.8075800573426275
ciliary basal body,cellcom,0.5,0.42131298733964917,0.7364733487277981
ciliary basal body,cellcom,0.51,0.4129286492831387,0.6468449866045539
ciliary basal body,cellcom,0.52,0.3290852687180344,0.5750703681544695
ciliary basal body,cellcom,0.53,0.22847321203990925,0.5036297046220127
ciliary basal body,cellcom,0.54,0.22847321203990925,0.44436555116304893
ciliary basal body,cellcom,0.55,0.165590676616081,0.4098654392881516
ciliary basal body,cellcom,0.56,0.12366898633352885,0.36511548032607327
ciliary basal body,cellcom,0.5700000000000001,0.10270814119225392,0.32617119916275267
ciliary basal body,cellcom,0.58,0.11109247924876321,0.2787752896994686
ciliary basal body,cellcom,0.59,0.07126687348033867,0.25527000126645955
ciliary basal body,cellcom,0.6,0.07755512702272149,0.2205386898332047
ciliary basal body,cellcom,0.61,0.14462983147480493,0.20214548052387746
ciliary basal body,cellcom,0.62,0.08593946507923192,0.1878881744251671
ciliary basal body,cellcom,0.63,0.09013163410748713,0.16530768422558795
ciliary basal body,cellcom,0.64,0.044017774796679766,0.1468630972366257
ciliary basal body,cellcom,0.65,0.04611385931080737,0.13640773943090473
ciliary basal body,cellcom,0.66,0.023056929655403686,0.12376883024069661
ciliary basal body,cellcom,0.67,0.016768676113020863,0.11619062249453524
ciliary basal body,cellcom,0.68,0.01886476062714847,0.10350033562469213
ciliary basal body,cellcom,0.6900000000000001,0.0,0.09309635549860616
ciliary basal body,cellcom,0.7000000000000001,0.0,0.08127948918255884
ciliary basal body,cellcom,0.71,0.0,0.0747545238689139
ciliary basal body,cellcom,0.72,0.0,0.06959106706559716
ciliary basal body,cellcom,0.73,0.0,0.05805677798754137
ciliary basal body,cellcom,0.74,0.0,0.05664389179757908
ciliary basal body,cellcom,0.75,0.0,0.0491170617310527
ciliary basal body,cellcom,0.76,0.0,0.04536649111769826
ciliary basal body,cellcom,0.77,0.0,0.03943236911985664
ciliary basal body,cellcom,0.78,0.0,0.03347255828219753
ciliary basal body,cellcom,0.79,0.0,0.03406340159799994
ciliary basal body,cellcom,0.8,0.0,0.030595408222637954
ciliary basal body,cellcom,0.81,0.0,0.025354884899868733
ciliary basal body,cellcom,0.8200000000000001,0.0,0.021527247767061802
ciliary basal body,cellcom,0.8300000000000001,0.0,0.02065382721326716
ciliary basal body,cellcom,0.84,0.0,0.02031987229563948
ciliary basal body,cellcom,0.85,0.0,0.01852165350841475
ciliary basal body,cellcom,0.86,0.0,0.01731427803699243
ciliary basal body,cellcom,0.87,0.0,0.016415168643380062
ciliary basal body,cellcom,0.88,0.0,0.012510464991120641
ciliary basal body,cellcom,0.89,0.0,0.011585666757690778
ciliary basal body,cellcom,0.9,0.0,0.008965405096306169
ciliary basal body,cellcom,0.91,0.0,0.009479181892656091
ciliary basal body,cellcom,0.92,0.0,0.007732340785066351
ciliary basal body,cellcom,0.93,0.0,0.004701057686601802
ciliary basal body,cellcom,0.9400000000000001,0.0,0.002234929064122168
ciliary basal body,cellcom,0.9500000000000001,0.0,0.0028257723799246116
ciliary basal body,cellcom,0.96,0.0,0.0022863067437571606
ciliary basal body,cellcom,0.97,0.0,0.0019266629863122138
ciliary basal body,cellcom,0.98,0.0,2.5688839817496184e-05
ciliary basal body,cellcom,0.99,0.0,0.0
cilium,cellcom,0.0,0.0,0.0
cilium,cellcom,0.01,0.0,0.0
cilium,cellcom,0.02,0.0,0.0
cilium,cellcom,0.03,0.0,0.0008760363443587373
cilium,cellcom,0.04,0.0,0.0019909916917244027
cilium,cellcom,0.05,0.0017292860354388361,0.005229671510262769
cilium,cellcom,0.06,0.0005764286784796112,0.013060905497712074
cilium,cellcom,0.07,0.005187858106316508,0.03307700863851477
cilium,cellcom,0.08,0.015563574318949525,0.0777548622008104
cilium,cellcom,0.09,0.03746786410117473,0.15389038449235143
cilium,cellcom,0.1,0.09453430327065636,0.2544221916464892
cilium,cellcom,0.11,0.20117360878938456,0.3702979081048495
cilium,cellcom,0.12,0.3441279210523279,0.5098000593050054
cilium,cellcom,0.13,0.40350007493572787,0.641975361079616
cilium,cellcom,0.14,0.48189437520895634,0.7832826780802714
cilium,cellcom,0.15,0.551642245304988,0.9299789459265231
cilium,cellcom,0.16,0.8144937226916907,1.0556237949522775
cilium,cellcom,0.17,0.9747408953090253,1.225415566422538
cilium,cellcom,0.18,1.2981173839360844,1.4070471018195794
cilium,cellcom,0.19,1.6624203087351987,1.639329465854093
cilium,cellcom,0.2,2.047474665959585,1.9004944826965604
cilium,cellcom,0.21,2.393331873047346,2.186931820745972
cilium,cellcom,0.22,2.853898387152555,2.547805701509992
cilium,cellcom,0.23,3.361155624214622,2.9088654081652483
cilium,cellcom,0.24,3.749668553509871,3.246749971528816
cilium,cellcom,0.25,4.020590032395289,3.60342949646227
cilium,cellcom,0.26,4.267301506784562,3.863665383848594
cilium,cellcom,0.27,4.558974418095245,4.1012836056169295
cilium,cellcom,0.28,4.969968065851235,4.297807758868096
cilium,cellcom,0.29,5.052397366873792,4.436672792726877
cilium,cellcom,0.3,4.985531640170157,4.43871687753038
cilium,cellcom,0.31,4.917513056109563,4.406409719012666
cilium,cellcom,0.32,5.149237384858367,4.25907633382506
cilium,cellcom,0.33,4.812603036626275,4.10746895313922
cilium,cellcom,0.34,4.327826518024921,3.8711780591653677
cilium,cellcom,0.35000000000000003,4.025201461823148,3.6185875798752853
cilium,cellcom,0.36,3.66205139438097,3.350759377504499
cilium,cellcom,0.37,3.2032141663111995,3.0632867237753847
cilium,cellcom,0.38,2.988782697916784,2.7755220579314845
cilium,cellcom,0.39,2.582976908267138,2.5066319933251315
cilium,cellcom,0.4,2.255565418890719,2.2924809269632553
cilium,cellcom,0.41000000000000003,1.9563989347598112,2.0497392199082274
cilium,cellcom,0.42,1.611694585028993,1.8175099489854818
cilium,cellcom,0.43,1.3073402427917582,1.6456740927117213
cilium,cellcom,0.44,1.1689973599566517,1.4621577518465108
cilium,cellcom,0.45,1.012785188088677,1.3021882060554275
cilium,cellcom,0.46,0.896923023714275,1.1545893553089253
cilium,cellcom,0.47000000000000003,0.8000830057297048,1.0240068468877
cilium,cellcom,0.48,0.5844986799783258,0.9039898677105473
cilium,cellcom,0.49,0.5257029547734053,0.8180586662957221
cilium,cellcom,0.5,0.47901223181655694,0.74433888059014
cilium,cellcom,0.51,0.4478850831786579,0.6530452748856036
cilium,cellcom,0.52,0.38332507118894144,0.5807855497539528
cilium,cellcom,0.53,0.30435434223723473,0.5093222212989915
cilium,cellcom,0.54,0.24901718910319207,0.4506277862269562
cilium,cellcom,0.55,0.21385503971593572,0.415798704899724
cilium,cellcom,0.56,0.15217717111861737,0.3718641549023389
cilium,cellcom,0.5700000000000001,0.11816787908832162,0.33292035741221326
cilium,cellcom,0.58,0.11932073644527952,0.2839950549075686
cilium,cellcom,0.59,0.07781787159474751,0.2611119237306828
cilium,cellcom,0.6,0.06571286934667567,0.22585809750921612
cilium,cellcom,0.61,0.09338144591369701,0.20642601859798593
cilium,cellcom,0.62,0.08415858705802323,0.19137412140854945
cilium,cellcom,0.63,0.053031438420124234,0.16952630591136036
cilium,cellcom,0.64,0.0409264361720524,0.15043933222669578
cilium,cellcom,0.65,0.035738578065735896,0.13990034953850128
cilium,cellcom,0.66,0.03170357731637862,0.12673325781723058
cilium,cellcom,0.67,0.02305714713918445,0.11922058250045715
cilium,cellcom,0.68,0.025362861853102894,0.1060269442232968
cilium,cellcom,0.6900000000000001,0.010952144891112613,0.09570033398221955
cilium,cellcom,0.7000000000000001,0.018445717711347762,0.08314381304641193
cilium,cellcom,0.71,0.018445717711347558,0.07640098785043771
cilium,cellcom,0.72,0.008070001498714558,0.07154296812263015
cilium,cellcom,0.73,0.002882143392398056,0.05986248353118034
cilium,cellcom,0.74,0.0005764286784796112,0.05850860918080774
cilium,cellcom,0.75,0.0017292860354388335,0.05067737519335843
cilium,cellcom,0.76,0.0,0.04688121770113724
cilium,cellcom,0.77,0.0023057147139184447,0.04064277706706745
cilium,cellcom,0.78,0.0,0.034590162324225265
cilium,cellcom,0.79,0.0,0.03520073310968742
cilium,cellcom,0.8,0.0,0.0316169480645835
cilium,cellcom,0.81,0.0017292860354388335,0.026121810995424148
cilium,cellcom,0.8200000000000001,0.0,0.02224601383553398
cilium,cellcom,0.8300000000000001,0.0,0.021343430935285818
cilium,cellcom,0.84,0.0,0.02099832570872002
cilium,cellcom,0.85,0.0,0.019140066796443915
cilium,cellcom,0.86,0.0,0.017892378669629956
cilium,cellcom,0.87,0.0,0.0169632492134919
cilium,cellcom,0.88,0.0,0.01292817271826378
cilium,cellcom,0.89,0.0,0.011972496706236067
cilium,cellcom,0.9,0.0,0.009264748005490882
cilium,cellcom,0.91,0.0,0.009795679123284055
cilium,cellcom,0.92,0.0,0.007990513322787265
cilium,cellcom,0.93,0.0,0.00485801972780754
cilium,cellcom,0.9400000000000001,0.0,0.002309550362400306
cilium,cellcom,0.9500000000000001,0.0,0.002920121147862488
cilium,cellcom,0.96,0.0,0.0023626434741796233
cilium,cellcom,0.97,0.0,0.0019909916917244014
cilium,cellcom,0.98,0.0,2.6546555889658685e-05
cilium,cellcom,0.99,0.0,0.0
collagen-containing extracellular matrix,cellcom,0.0,0.0,0.0
collagen-containing extracellular matrix,cellcom,0.01,0.0,0.0
collagen-containing extracellular matrix,cellcom,0.02,0.0,0.0
collagen-containing extracellular matrix,cellcom,0.03,0.0,0.0008634634092989251
collagen-containing extracellular matrix,cellcom,0.04,0.0,0.0019624168393157387
collagen-containing extracellular matrix,cellcom,0.05,0.010115399853326709,0.004919124877218122
collagen-containing extracellular matrix,cellcom,0.06,0.016016049767767264,0.01240247442447546
collagen-containing extracellular matrix,cellcom,0.07,0.02866029958442567,0.031948146144060253
collagen-containing extracellular matrix,cellcom,0.08,0.09019564869216314,0.07454567433614058
collagen-containing extracellular matrix,cellcom,0.09,0.22928239667540504,0.1462654684236663
collagen-containing extracellular matrix,cellcom,0.1,0.4568788933752563,0.24088012563654274
collagen-containing extracellular matrix,cellcom,0.11,0.7181933895861963,0.3518220909525259
collagen-containing extracellular matrix,cellcom,0.12,0.9921521356137932,0.48730734953888394
collagen-containing extracellular matrix,cellcom,0.13,1.292242331262485,0.610965775973633
collagen-containing extracellular matrix,cellcom,0.14,1.416155979465741,0.7499572193129044
collagen-containing extracellular matrix,cellcom,0.15,1.6167780765567163,0.8914867217643533
collagen-containing extracellular matrix,cellcom,0.16,1.6732557257377905,1.0255067091106893
collagen-containing extracellular matrix,cellcom,0.17,1.8148713236843692,1.1957398285318683
collagen-containing extracellular matrix,cellcom,0.18,1.93457022194873,1.3857279441354862
collagen-containing extracellular matrix,cellcom,0.19,1.93457022194873,1.6312132079549562
collagen-containing extracellular matrix,cellcom,0.2,2.0879871197241906,1.901346427276237
collagen-containing extracellular matrix,cellcom,0.21,2.045839620335324,2.2006804091665257
collagen-containing extracellular matrix,cellcom,0.22,2.245618767438526,2.5710800461979066
collagen-containing extracellular matrix,cellcom,0.23,2.516205713515022,2.941584345460726
collagen-containing extracellular matrix,cellcom,0.24,2.8483280086992413,3.2819459220716394
collagen-containing extracellular matrix,cellcom,0.25,2.9798282067924884,3.6417223426128578
collagen-containing extracellular matrix,cellcom,0.26,3.184665053822354,3.903063934493999
collagen-containing extracellular matrix,cellcom,0.27,3.317008201903378,4.14640362256915
collagen-containing extracellular matrix,cellcom,0.28,3.561463698358793,4.351175278362308
collagen-containing extracellular matrix,cellcom,0.29,3.9298328430174205,4.480354637504974
collagen-containing extracellular matrix,cellcom,0.3,3.8000185448997277,4.483363676658591
collagen-containing extracellular matrix,cellcom,0.31,3.816034594667495,4.4479355113194785
collagen-containing extracellular matrix,cellcom,0.32,3.7907460950341783,4.314020186204572
collagen-containing extracellular matrix,cellcom,0.33,3.69296389645202,4.152343204202813
collagen-containing extracellular matrix,cellcom,0.34,3.478011649568828,3.904110556808301
collagen-containing extracellular matrix,cellcom,0.35000000000000003,3.290876752282302,3.647217109762962
collagen-containing extracellular matrix,cellcom,0.36,3.1433605044212696,3.371327467713007
collagen-containing extracellular matrix,cellcom,0.37,3.021132756193573,3.070946863508411
collagen-containing extracellular matrix,cellcom,0.38,2.7404304102637567,2.786291759576199
collagen-containing extracellular matrix,cellcom,0.39,2.626632161913831,2.5063726216162023
collagen-containing extracellular matrix,cellcom,0.4,2.3518304658984563,2.2889630013778763
collagen-containing extracellular matrix,cellcom,0.41000000000000003,2.1545801687585975,2.042247956339113
collagen-containing extracellular matrix,cellcom,0.42,1.8477463732076758,1.8072289156626489
collagen-containing extracellular matrix,cellcom,0.43,1.829201473476577,1.6246194873748552
collagen-containing extracellular matrix,cellcom,0.44,1.6285793763855976,1.4436846547899442
collagen-containing extracellular matrix,cellcom,0.45,1.4701047786834796,1.2838392618382128
collagen-containing extracellular matrix,cellcom,0.46,1.2711685815680542,1.1392745546752872
collagen-containing extracellular matrix,cellcom,0.47000000000000003,1.1868735827903387,1.0087869176397248
collagen-containing extracellular matrix,cellcom,0.48,1.1143798838414907,0.8829567499027943
collagen-containing extracellular matrix,cellcom,0.49,0.9862514856993526,0.7995671170108041
collagen-containing extracellular matrix,cellcom,0.5,1.0090111353693376,0.7240794825917921
collagen-containing extracellular matrix,cellcom,0.51,0.905328286872739,0.6359015526118715
collagen-containing extracellular matrix,cellcom,0.52,0.7620267889506108,0.5661965064793766
collagen-containing extracellular matrix,cellcom,0.53,0.6819465401117746,0.49465987129685357
collagen-containing extracellular matrix,cellcom,0.54,0.5664623917862949,0.43788061074598494
collagen-containing extracellular matrix,cellcom,0.55,0.4762667430941318,0.40475501449833523
collagen-containing extracellular matrix,cellcom,0.56,0.3936576442919638,0.36121552622338343
collagen-containing extracellular matrix,cellcom,0.5700000000000001,0.3397088450742252,0.3229614806356589
collagen-containing extracellular matrix,cellcom,0.58,0.28828889581981076,0.27638678764922847
collagen-containing extracellular matrix,cellcom,0.59,0.2587856462476079,0.2528639511352972
collagen-containing extracellular matrix,cellcom,0.6,0.2511990963576129,0.21780210360618935
collagen-containing extracellular matrix,cellcom,0.61,0.20905159696875167,0.20121313992450696
collagen-containing extracellular matrix,cellcom,0.62,0.1905066972376527,0.18653426196642525
collagen-containing extracellular matrix,cellcom,0.63,0.16268934764100432,0.1644505311346588
collagen-containing extracellular matrix,cellcom,0.64,0.17786244742099436,0.14461703827864109
collagen-containing extracellular matrix,cellcom,0.65,0.13402904805657867,0.1353544307970708
collagen-containing extracellular matrix,cellcom,0.66,0.11632709831325697,0.122742631909735
collagen-containing extracellular matrix,cellcom,0.67,0.0893526987043858,0.11578259351962851
collagen-containing extracellular matrix,cellcom,0.68,0.0969392485943808,0.10264748347514184
collagen-containing extracellular matrix,cellcom,0.6900000000000001,0.06743599902217795,0.09273073704713299
collagen-containing extracellular matrix,cellcom,0.7000000000000001,0.05394879921774296,0.0811132293583847
collagen-containing extracellular matrix,cellcom,0.71,0.04551929933997012,0.0747288332411433
collagen-containing extracellular matrix,cellcom,0.72,0.038775699437752324,0.06967888057463746
collagen-containing extracellular matrix,cellcom,0.73,0.04046159941330677,0.05787821398088548
collagen-containing extracellular matrix,cellcom,0.74,0.03287504952331175,0.056674598319438496
collagen-containing extracellular matrix,cellcom,0.75,0.016016049767767264,0.049531401024329215
collagen-containing extracellular matrix,cellcom,0.76,0.00927244986554947,0.04592055403998826
collagen-containing extracellular matrix,cellcom,0.77,0.038775699437752324,0.038960515649881775
collagen-containing extracellular matrix,cellcom,0.78,0.020230799706653386,0.03346574849979771
collagen-containing extracellular matrix,cellcom,0.79,0.03961864942552955,0.03346574849979771
collagen-containing extracellular matrix,cellcom,0.8,0.03287504952331175,0.03014272265188973
collagen-containing extracellular matrix,cellcom,0.81,0.03287504952331175,0.02480494884895092
collagen-containing extracellular matrix,cellcom,0.8200000000000001,0.0345609494988662,0.020853949612461904
collagen-containing extracellular matrix,cellcom,0.8300000000000001,0.03203209953553488,0.02004281731887829
collagen-containing extracellular matrix,cellcom,0.84,0.03540389948664343,0.01959800283529983
collagen-containing extracellular matrix,cellcom,0.85,0.013487199804435591,0.018446718289567933
collagen-containing extracellular matrix,cellcom,0.86,0.021916699682207837,0.01695528149168797
collagen-containing extracellular matrix,cellcom,0.87,0.011801299828881144,0.016353473660964478
collagen-containing extracellular matrix,cellcom,0.88,0.012644249816658366,0.012350143308760374
collagen-containing extracellular matrix,cellcom,0.89,0.02275964966998506,0.011094196531598302
collagen-containing extracellular matrix,cellcom,0.9,0.011801299828881144,0.00876546188227696
collagen-containing extracellular matrix,cellcom,0.91,0.03287504952331175,0.008634634092989245
collagen-containing extracellular matrix,cellcom,0.92,0.008429499877772244,0.0076141773365450615
collagen-containing extracellular matrix,cellcom,0.93,0.0025288499633316732,0.00470980041435777
collagen-containing extracellular matrix,cellcom,0.9400000000000001,0.0,0.0022764035336062557
collagen-containing extracellular matrix,cellcom,0.9500000000000001,0.0,0.0028782113643297806
collagen-containing extracellular matrix,cellcom,0.96,0.0,0.002328734649321342
collagen-containing extracellular matrix,cellcom,0.97,0.0,0.0019624168393157374
collagen-containing extracellular matrix,cellcom,0.98,0.0,2.6165557857543167e-05
collagen-containing extracellular matrix,cellcom,0.99,0.0,0.0
cytoplasm,cellcom,0.0,0.0,0.0
cytoplasm,cellcom,0.01,0.0,0.0
cytoplasm,cellcom,0.02,0.0,0.0
cytoplasm,cellcom,0.03,0.0009656530382297646,0.0006617743493855725
cytoplasm,cellcom,0.04,0.0011412263179079037,0.0029479039199902775
cytoplasm,cellcom,0.05,0.0032481056740455744,0.007580324365689289
cytoplasm,cellcom,0.06,0.008076370865194391,0.01858984308728561
cytoplasm,cellcom,0.07,0.02374628607646832,0.04295517140557264
cytoplasm,cellcom,0.08,0.05578840961772871,0.10137179806497186
cytoplasm,cellcom,0.09,0.10578290100607869,0.20767682309809044
cytoplasm,cellcom,0.1,0.17860191875258705,0.34165604819642437
cytoplasm,cellcom,0.11,0.2654229055534269,0.4963909233436693
cytoplasm,cellcom,0.12,0.3789310308653433,0.6718814485398245
cytoplasm,cellcom,0.13,0.47242380229395226,0.8494776193931162
cytoplasm,cellcom,0.14,0.6063423213684543,0.9943460406040694
cytoplasm,cellcom,0.15,0.7231424456743346,1.1739876958100048
cytoplasm,cellcom,0.16,0.8226924952518394,1.349718866224119
cytoplasm,cellcom,0.17,0.9818935665999946,1.5330303610039264
cytoplasm,cellcom,0.18,1.1722150017710944,1.7175450818735178
cytoplasm,cellcom,0.19,1.413584368008616,1.9511514272066248
cytoplasm,cellcom,0.2,1.6731255686928292,2.227472298727352
cytoplasm,cellcom,0.21,1.9389874074454467,2.548312535570369
cytoplasm,cellcom,0.22,2.3096664941659175,2.9061519746744944
cytoplasm,cellcom,0.23,2.6934696835423364,3.251297378531324
cytoplasm,cellcom,0.24,3.0696354352527413,3.54199680182505
cytoplasm,cellcom,0.25,3.439524442214661,3.871620589123555
cytoplasm,cellcom,0.26,3.7493673875266564,4.062452246964558
cytoplasm,cellcom,0.27,4.033488847365805,4.241973579561517
cytoplasm,cellcom,0.28,4.249268408090261,4.434489753928253
cytoplasm,cellcom,0.29,4.419355022778435,4.5246715493581355
cytoplasm,cellcom,0.3,4.427475286963548,4.511195417152465
cytoplasm,cellcom,0.31,4.4320840855551,4.424563138687445
cytoplasm,cellcom,0.32,4.381387301048036,4.184339049860482
cytoplasm,cellcom,0.33,4.259934484830684,3.9720899676211827
cytoplasm,cellcom,0.34,4.01132272080644,3.726752167912604
cytoplasm,cellcom,0.35000000000000003,3.824732217828519,3.378478376222343
cytoplasm,cellcom,0.36,3.580334212516528,3.0685874967964075
cytoplasm,cellcom,0.37,3.312058241168332,2.7369182251452573
cytoplasm,cellcom,0.38,3.0135836657154957,2.471486549737153
cytoplasm,cellcom,0.39,2.732885884830071,2.2044906804123197
cytoplasm,cellcom,0.4,2.488926812717297,2.019374346497828
cytoplasm,cellcom,0.41000000000000003,2.2395249689345134,1.7798721933247508
cytoplasm,cellcom,0.42,1.9720829706647758,1.5841674698200803
cytoplasm,cellcom,0.43,1.7749141775862256,1.4332227568556801
cytoplasm,cellcom,0.44,1.5909572738034556,1.2550249729574925
cytoplasm,cellcom,0.45,1.4177542334009716,1.113585746102449
cytoplasm,cellcom,0.46,1.2570607891755552,0.9872470066742943
cytoplasm,cellcom,0.47000000000000003,1.1216498972237967,0.866804075086125
cytoplasm,cellcom,0.48,0.9965100421331969,0.7438343687093829
cytoplasm,cellcom,0.49,0.8941508200808419,0.6832519350883584
cytoplasm,cellcom,0.5,0.8230875351311152,0.6087120788257471
cytoplasm,cellcom,0.51,0.7158561545676919,0.5455427091116697
cytoplasm,cellcom,0.52,0.6348729793161503,0.4860431789714579
cytoplasm,cellcom,0.53,0.556786763179298,0.42287380925738055
cytoplasm,cellcom,0.54,0.4932731292557313,0.37113508739632667
cytoplasm,cellcom,0.55,0.4527157016500812,0.3441226616804975
cytoplasm,cellcom,0.56,0.4002631843462372,0.3100112020348957
cytoplasm,cellcom,0.5700000000000001,0.3537362652315343,0.2819760341427464
cytoplasm,cellcom,0.58,0.30264444084519193,0.2412468310032858
cytoplasm,cellcom,0.59,0.2690221577868283,0.23113973184903341
cytoplasm,cellcom,0.6,0.2343464350503959,0.19750956263934843
cytoplasm,cellcom,0.61,0.2176669734809727,0.1792205260745108
cytoplasm,cellcom,0.62,0.19624703336023977,0.17350520214799908
cytoplasm,cellcom,0.63,0.17447594668015054,0.15058374513746242
cytoplasm,cellcom,0.64,0.15424112619724503,0.13379874118486473
cytoplasm,cellcom,0.65,0.14576971545277484,0.12098438332858048
cytoplasm,cellcom,0.66,0.13229446623747765,0.10919276764861938
cytoplasm,cellcom,0.67,0.12816849416504142,0.0969198615327415
cytoplasm,cellcom,0.68,0.11096231275658379,0.09084356977929216
cytoplasm,cellcom,0.6900000000000001,0.10134967569420568,0.07911211540382065
cytoplasm,cellcom,0.7000000000000001,0.08958626595577138,0.0675611449418187
cytoplasm,cellcom,0.71,0.08668930684108109,0.05625081969777362
cytoplasm,cellcom,0.72,0.07966637565395553,0.05378420621370013
cytoplasm,cellcom,0.73,0.06864915235415231,0.04187226792475983
cytoplasm,cellcom,0.74,0.06346974060364723,0.045662430107604464
cytoplasm,cellcom,0.75,0.05736856913483189,0.036397589216206463
cytoplasm,cellcom,0.76,0.052715877223361206,0.033991137036622564
cytoplasm,cellcom,0.77,0.04542958611671844,0.03008065224479873
cytoplasm,cellcom,0.78,0.0386700148491101,0.025388070494610126
cytoplasm,cellcom,0.79,0.040557427605650086,0.024184844404818176
cytoplasm,cellcom,0.8,0.03643145553321382,0.021718230920744683
cytoplasm,cellcom,0.81,0.026116525352123162,0.023583231359922203
cytoplasm,cellcom,0.8200000000000001,0.025194765633812934,0.01588258438525373
cytoplasm,cellcom,0.8300000000000001,0.02321956623743413,0.016544358734639483
cytoplasm,cellcom,0.84,0.023000099637836197,0.01606306829872252
cytoplasm,cellcom,0.85,0.02146383344065248,0.013957422641586609
cytoplasm,cellcom,0.86,0.017118394768618542,0.017085810475045676
cytoplasm,cellcom,0.87,0.015450448611676226,0.01726629438851447
cytoplasm,cellcom,0.88,0.014353115613687855,0.009625808718335592
cytoplasm,cellcom,0.89,0.014265328973848785,0.0075803243656892795
cytoplasm,cellcom,0.9,0.009524850422539036,0.007941292192626865
cytoplasm,cellcom,0.91,0.009788210342056245,0.008783550455481228
cytoplasm,cellcom,0.92,0.007988584225355321,0.007159195234262097
cytoplasm,cellcom,0.93,0.004477118631792542,0.004873065663657394
cytoplasm,cellcom,0.9400000000000001,0.00241413259557441,0.0019251617436671187
cytoplasm,cellcom,0.9500000000000001,0.003423678953723747,0.00192516174366714
cytoplasm,cellcom,0.96,0.002721385835011153,0.0016243552212191314
cytoplasm,cellcom,0.97,0.003204212354126035,0.00012032260897919492
cytoplasm,cellcom,0.98,4.3893319919534726e-05,0.0
cytoplasm,cellcom,0.99,0.0,0.0
cytoplasmic vesicle,cellcom,0.0,0.0,0.0
cytoplasmic vesicle,cellcom,0.01,0.0,0.0
cytoplasmic vesicle,cellcom,0.02,0.0,0.0
cytoplasmic vesicle,cellcom,0.03,0.003915302224625782,0.0004813415044357035
cytoplasmic vesicle,cellcom,0.04,0.004160008613664894,0.0016422239563100472
cytoplasmic vesicle,cellcom,0.05,0.0017129447232737808,0.005464641785652402
cytoplasmic vesicle,cellcom,0.06,0.012724732230033783,0.012486564909185005
cytoplasmic vesicle,cellcom,0.07,0.02863064751757605,0.03222156659104888
cytoplasmic vesicle,cellcom,0.08,0.06753896337479479,0.07588207246398153
cytoplasmic vesicle,cellcom,0.09,0.12602379035514227,0.15139606024810026
cytoplasmic vesicle,cellcom,0.1,0.23026871208580396,0.24936321350383783
cytoplasmic vesicle,cellcom,0.11,0.3986267077447127,0.3587126776291724
cytoplasmic vesicle,cellcom,0.12,0.5872953336938669,0.492695501099157
cytoplasmic vesicle,cellcom,0.13,0.7079355834901487,0.6226293930906537
cytoplasmic vesicle,cellcom,0.14,0.8513335274670703,0.7606045196268428
cytoplasmic vesicle,cellcom,0.15,1.0182232847917418,0.9011845531282093
cytoplasmic vesicle,cellcom,0.16,1.1254046831908724,1.0357053465149166
cytoplasmic vesicle,cellcom,0.17,1.31431801552907,1.202815791172539
cytoplasmic vesicle,cellcom,0.18,1.4599183170073373,1.395578906595963
cytoplasmic vesicle,cellcom,0.19,1.700709403821823,1.6333616097872001
cytoplasmic vesicle,cellcom,0.2,1.8732274080944014,1.9108691441974601
cytoplasmic vesicle,cellcom,0.21,2.125764401582759,2.2041476914295144
cytoplasmic vesicle,cellcom,0.22,2.515336972933024,2.566597844269599
cytoplasmic vesicle,cellcom,0.23,2.740711557238053,2.9505384795724385
cytoplasmic vesicle,cellcom,0.24,3.226209033091642,3.2738300853163627
cytoplasmic vesicle,cellcom,0.25,3.5639038499656155,3.6284938314670465
cytoplasmic vesicle,cellcom,0.26,3.746944228966871,3.896997448323739
cytoplasmic vesicle,cellcom,0.27,3.9135892799025056,4.145482921437135
cytoplasmic vesicle,cellcom,0.28,4.042060134148061,4.360416060270772
cytoplasmic vesicle,cellcom,0.29,4.422823275492896,4.468519699325778
cytoplasmic vesicle,cellcom,0.3,4.417439734934035,4.468038357821342
cytoplasmic vesicle,cellcom,0.31,4.361401971844079,4.436722845826878
cytoplasmic vesicle,cellcom,0.32,4.1768933545085885,4.312310224033321
cytoplasmic vesicle,cellcom,0.33,4.137250919484253,4.138659197756605
cytoplasmic vesicle,cellcom,0.34,3.817909081788213,3.8997722405257798
cytoplasmic vesicle,cellcom,0.35000000000000003,3.6691275972524537,3.6327126481824146
cytoplasmic vesicle,cellcom,0.36,3.4268682721037136,3.357243736614456
cytoplasmic vesicle,cellcom,0.37,3.195620734461753,3.0548480150042616
cytoplasmic vesicle,cellcom,0.38,2.823177610344226,2.7804833574759105
cytoplasmic vesicle,cellcom,0.39,2.5889935960337964,2.5008522576049104
cytoplasmic vesicle,cellcom,0.4,2.3924943656353905,2.2790953950907675
cytoplasmic vesicle,cellcom,0.41000000000000003,2.1316373549197096,2.0356781648770297
cytoplasmic vesicle,cellcom,0.42,1.8411708711302726,1.804662556954024
cytoplasmic vesicle,cellcom,0.43,1.6830905438110069,1.624725776913501
cytoplasmic vesicle,cellcom,0.44,1.4973583945303213,1.4436847428333899
cytoplasmic vesicle,cellcom,0.45,1.3498004419397374,1.282463653053573
cytoplasmic vesicle,cellcom,0.46,1.2218190004722822,1.1341538412750896
cytoplasmic vesicle,cellcom,0.47000000000000003,1.0470986386983627,1.0103358178105464
cytoplasmic vesicle,cellcom,0.48,0.9262136825130359,0.8857249965739803
cytoplasmic vesicle,cellcom,0.49,0.8427688038506991,0.8008390065564369
cytoplasmic vesicle,cellcom,0.5,0.7209050221092217,0.7340174800583039
cytoplasmic vesicle,cellcom,0.51,0.6496954628988403,0.6433553919875321
cytoplasmic vesicle,cellcom,0.52,0.5848482698034758,0.5706161964054544
cytoplasmic vesicle,cellcom,0.53,0.47913510973857976,0.5027470442800203
cytoplasmic vesicle,cellcom,0.54,0.4502597558319646,0.4407672470323877
cytoplasmic vesicle,cellcom,0.55,0.37268783050656634,0.4108674453450875
cytoplasmic vesicle,cellcom,0.56,0.3264383229781744,0.36632919908171335
cytoplasmic vesicle,cellcom,0.5700000000000001,0.2946264924030932,0.3268025673057028
cytoplasmic vesicle,cellcom,0.58,0.2571864148801059,0.27900818733584815
cytoplasmic vesicle,cellcom,0.59,0.21827809902288722,0.2570646775748087
cytoplasmic vesicle,cellcom,0.6,0.21729927346673075,0.21898207031210162
cytoplasmic vesicle,cellcom,0.61,0.1835297917793334,0.20352251375787261
cytoplasmic vesicle,cellcom,0.62,0.1835297917793334,0.1870153315763423
cytoplasmic vesicle,cellcom,0.63,0.17080505954929964,0.16365611150813908
cytoplasmic vesicle,cellcom,0.64,0.14486618231115383,0.14570490481330164
cytoplasmic vesicle,cellcom,0.65,0.14731324620154496,0.13392619505769857
cytoplasmic vesicle,cellcom,0.66,0.13483322036055026,0.12112817388093751
cytoplasmic vesicle,cellcom,0.67,0.1375249906399805,0.11237908418266504
cytoplasmic vesicle,cellcom,0.68,0.11868259868396894,0.10060037442706196
cytoplasmic vesicle,cellcom,0.6900000000000001,0.10620257284297427,0.09032231759705252
cytoplasmic vesicle,cellcom,0.7000000000000001,0.08907312561023746,0.0792797772011755
cytoplasmic vesicle,cellcom,0.71,0.09347784061294047,0.07157831313020338
cytoplasmic vesicle,cellcom,0.72,0.0827107594952196,0.06713298276570895
cytoplasmic vesicle,cellcom,0.73,0.05872953336938669,0.05719469640941884
cytoplasmic vesicle,cellcom,0.74,0.04624950752839201,0.05708143958484573
cytoplasmic vesicle,cellcom,0.75,0.046494213917431124,0.0487570629787224
cytoplasmic vesicle,cellcom,0.76,0.028385941128536898,0.046718440136406476
cytoplasmic vesicle,cellcom,0.77,0.04013184780241424,0.03881877662243229
cytoplasmic vesicle,cellcom,0.78,0.025694170849106676,0.03392041895964543
cytoplasmic vesicle,cellcom,0.79,0.027162409183341344,0.03440176046408114
cytoplasmic vesicle,cellcom,0.8,0.03181183057508446,0.030041372718016532
cytoplasmic vesicle,cellcom,0.81,0.01786356639985512,0.025879184414954858
cytoplasmic vesicle,cellcom,0.8200000000000001,0.01859768556697245,0.021575425081176807
cytoplasmic vesicle,cellcom,0.8300000000000001,0.01810827278889443,0.020669370484592185
cytoplasmic vesicle,cellcom,0.84,0.019821217512168008,0.020103086361726426
cytoplasmic vesicle,cellcom,0.85,0.01859768556697245,0.01826266296241344
cytoplasmic vesicle,cellcom,0.86,0.014682383342346672,0.017384922571971866
cytoplasmic vesicle,cellcom,0.87,0.014192970564268449,0.016450553769243734
cytoplasmic vesicle,cellcom,0.88,0.013703557786190229,0.012203422847752238
cytoplasmic vesicle,cellcom,0.89,0.014682383342346672,0.01107085460202117
cytoplasmic vesicle,cellcom,0.9,0.0070964852821342244,0.00906054596584853
cytoplasmic vesicle,cellcom,0.91,0.01223531945195556,0.009032231759705252
cytoplasmic vesicle,cellcom,0.92,0.0034258894465475573,0.0081261771631204
cytoplasmic vesicle,cellcom,0.93,0.000978825556156445,0.005068242899646521
cytoplasmic vesicle,cellcom,0.9400000000000001,0.0,0.002463335934465069
cytoplasmic vesicle,cellcom,0.9500000000000001,0.0,0.0031145626757604667
cytoplasmic vesicle,cellcom,0.96,0.0,0.002519964346751622
cytoplasmic vesicle,cellcom,0.97,0.0,0.0021235654607457493
cytoplasmic vesicle,cellcom,0.98,0.0,2.8314206143276654e-05
cytoplasmic vesicle,cellcom,0.99,0.0,0.0
cytoplasmic vesicle membrane,cellcom,0.0,0.0,0.0
cytoplasmic vesicle membrane,cellcom,0.01,0.0,0.0
cytoplasmic vesicle membrane,cellcom,0.02,0.0,0.0
cytoplasmic vesicle membrane,cellcom,0.03,0.004529372983799941,0.0006414117901108198
cytoplasmic vesicle membrane,cellcom,0.04,0.0005032636648666602,0.0019776863528416944
cytoplasmic vesicle membrane,cellcom,0.05,0.003522845654066624,0.00515801981214118
cytoplasmic vesicle membrane,cellcom,0.06,0.019124019264933075,0.012160098520850949
cytoplasmic vesicle membrane,cellcom,0.07,0.03975782952446618,0.03142917771543019
cytoplasmic vesicle membrane,cellcom,0.08,0.07498628606513243,0.07501845395171135
cytoplasmic vesicle membrane,cellcom,0.09,0.1555084724437979,0.14840665293689084
cytoplasmic vesicle membrane,cellcom,0.1,0.2793113340009966,0.24568744110369878
cytoplasmic vesicle membrane,cellcom,0.11,0.48011353628279413,0.3566249553016161
cytoplasmic vesicle membrane,cellcom,0.12,0.6919875391916573,0.4924439018575816
cytoplasmic vesicle membrane,cellcom,0.13,0.8369274746732553,0.6205659069322178
cytoplasmic vesicle membrane,cellcom,0.14,0.9788478281656562,0.7589237751573745
cytoplasmic vesicle membrane,cellcom,0.15,1.1519705288797844,0.9006490552806089
cytoplasmic vesicle membrane,cellcom,0.16,1.2053164773556504,1.0364947273278295
cytoplasmic vesicle membrane,cellcom,0.17,1.4519156731403176,1.2017651652463872
cytoplasmic vesicle membrane,cellcom,0.18,1.511804049259446,1.3964336435450175
cytoplasmic vesicle membrane,cellcom,0.19,1.803696974882109,1.6316714175681606
cytoplasmic vesicle membrane,cellcom,0.2,1.865598405660713,1.909162193264859
cytoplasmic vesicle membrane,cellcom,0.21,2.1549750129590373,2.1981983811835417
cytoplasmic vesicle membrane,cellcom,0.22,2.423214546332967,2.5686136899725396
cytoplasmic vesicle membrane,cellcom,0.23,2.5963372470471056,2.9464319598390754
cytoplasmic vesicle membrane,cellcom,0.24,3.074437728670425,3.279217776941564
cytoplasmic vesicle membrane,cellcom,0.25,3.2792660402711555,3.6399851833876453
cytoplasmic vesicle membrane,cellcom,0.26,3.4458463133420203,3.9045675468083583
cytoplasmic vesicle membrane,cellcom,0.27,3.505231425796286,4.154156909635231
cytoplasmic vesicle membrane,cellcom,0.28,3.76239915854317,4.3574042706266205
cytoplasmic vesicle membrane,cellcom,0.29,4.131291424890411,4.481437275539276
cytoplasmic vesicle membrane,cellcom,0.3,4.139846907193144,4.479940648029018
cytoplasmic vesicle membrane,cellcom,0.31,4.15695787179861,4.443353450501446
cytoplasmic vesicle membrane,cellcom,0.32,4.026612582598146,4.3126925237576215
cytoplasmic vesicle membrane,cellcom,0.33,4.100592341333544,4.140526909095376
cytoplasmic vesicle membrane,cellcom,0.34,3.7513273579160824,3.898714664223597
cytoplasmic vesicle membrane,cellcom,0.35000000000000003,3.70502710074837,3.6328494772226825
cytoplasmic vesicle membrane,cellcom,0.36,3.5208325994071523,3.3561604662636078
cytoplasmic vesicle membrane,cellcom,0.37,3.3270760884334885,3.0557659445617076
cytoplasmic vesicle membrane,cellcom,0.38,2.8801779540318946,2.7798519728490363
cytoplasmic vesicle membrane,cellcom,0.39,2.6139514753174313,2.5044725109614583
cytoplasmic vesicle membrane,cellcom,0.4,2.5022269417170326,2.2796309530363614
cytoplasmic vesicle membrane,cellcom,0.41000000000000003,2.2606603825810487,2.03421076684522
cytoplasmic vesicle membrane,cellcom,0.42,2.0044991771639062,1.7980376006281544
cytoplasmic vesicle membrane,cellcom,0.43,1.8681147239850413,1.6181750444845786
cytoplasmic vesicle membrane,cellcom,0.44,1.6250383738544447,1.4399160178162802
cytoplasmic vesicle membrane,cellcom,0.45,1.4901637116701796,1.2787880310421913
cytoplasmic vesicle membrane,cellcom,0.46,1.2727538084477827,1.136367888146335
cytoplasmic vesicle membrane,cellcom,0.47000000000000003,1.0991278440687913,1.0096356086169445
cytoplasmic vesicle membrane,cellcom,0.48,0.9521748539277204,0.8866181723719347
cytoplasmic vesicle membrane,cellcom,0.49,0.8786983588571882,0.8012836787959411
cytoplasmic vesicle membrane,cellcom,0.5,0.6970201758403239,0.7345501271331613
cytoplasmic vesicle membrane,cellcom,0.51,0.6602819283050577,0.6431489470423695
cytoplasmic vesicle membrane,cellcom,0.52,0.593347860877792,0.5709633951636477
cytoplasmic vesicle membrane,cellcom,0.53,0.4987342918828599,0.500381372760203
cytoplasmic vesicle membrane,cellcom,0.54,0.46400909900706033,0.44056972333236905
cytoplasmic vesicle membrane,cellcom,0.55,0.37744774864999486,0.40847240833557347
cytoplasmic vesicle membrane,cellcom,0.56,0.36285310236886176,0.3621571319913214
cytoplasmic vesicle membrane,cellcom,0.5700000000000001,0.32863117315793255,0.3231913657420927
cytoplasmic vesicle membrane,cellcom,0.58,0.2536448870927966,0.2779718345392763
cytoplasmic vesicle membrane,cellcom,0.59,0.2159001122277971,0.25501463755155995
cytoplasmic vesicle membrane,cellcom,0.6,0.2002989386169306,0.2197904400779741
cytoplasmic vesicle membrane,cellcom,0.61,0.1615476364221978,0.2035680668864213
cytoplasmic vesicle membrane,cellcom,0.62,0.17714881003306426,0.18715861525608618
cytoplasmic vesicle membrane,cellcom,0.63,0.1942597746385307,0.16281169272312965
cytoplasmic vesicle membrane,cellcom,0.64,0.15349541778433126,0.14519959398633672
cytoplasmic vesicle membrane,cellcom,0.65,0.14091382616266476,0.13501718181832748
cytoplasmic vesicle membrane,cellcom,0.66,0.1293387618707316,0.12218894601611109
cytoplasmic vesicle membrane,cellcom,0.67,0.14695299014106467,0.11328935742832348
cytoplasmic vesicle membrane,cellcom,0.68,0.11625390658419842,0.10174394520632872
cytoplasmic vesicle membrane,cellcom,0.6900000000000001,0.11323432459499848,0.09083994477444479
cytoplasmic vesicle membrane,cellcom,0.7000000000000001,0.08505155936246644,0.08004284630758023
cytoplasmic vesicle membrane,cellcom,0.71,0.1092082152760652,0.07197174794868486
cytoplasmic vesicle membrane,cellcom,0.72,0.1092082152760652,0.06659992420650673
cytoplasmic vesicle membrane,cellcom,0.73,0.06844385842186573,0.056764943424807514
cytoplasmic vesicle membrane,cellcom,0.74,0.05837858512453254,0.055829551230895905
cytoplasmic vesicle membrane,cellcom,0.75,0.0689471220867324,0.04743774697694602
cytoplasmic vesicle membrane,cellcom,0.76,0.03371866554606621,0.04540660964159509
cytoplasmic vesicle membrane,cellcom,0.77,0.04781004816233268,0.038484707406649166
cytoplasmic vesicle membrane,cellcom,0.78,0.03522845654066619,0.032952530716943346
cytoplasmic vesicle membrane,cellcom,0.79,0.03220887455146623,0.03372756996332725
cytoplasmic vesicle membrane,cellcom,0.8,0.04076435685419945,0.029665295292625394
cytoplasmic vesicle membrane,cellcom,0.81,0.022646864918999695,0.025175412761849657
cytoplasmic vesicle membrane,cellcom,0.8200000000000001,0.018117491935199754,0.021433843986203214
cytoplasmic vesicle membrane,cellcom,0.8300000000000001,0.022143601254133276,0.020311373353509504
cytoplasmic vesicle membrane,cellcom,0.84,0.023150128583866354,0.019910490984690016
cytoplasmic vesicle membrane,cellcom,0.85,0.027679501567666295,0.017799177175575238
cytoplasmic vesicle membrane,cellcom,0.86,0.018117491935199754,0.01705086342044595
cytoplasmic vesicle membrane,cellcom,0.87,0.015601173610866456,0.016249098682807425
cytoplasmic vesicle membrane,cellcom,0.88,0.021640337589266374,0.01186611811705016
cytoplasmic vesicle membrane,cellcom,0.89,0.022143601254133033,0.010877274940629312
cytoplasmic vesicle membrane,cellcom,0.9,0.009058745967599877,0.008846137605278383
cytoplasmic vesicle membrane,cellcom,0.91,0.017614228270333095,0.008926314079042236
cytoplasmic vesicle membrane,cellcom,0.92,0.003522845654066619,0.007857294428857537
cytoplasmic vesicle membrane,cellcom,0.93,0.0,0.004890764899594998
cytoplasmic vesicle membrane,cellcom,0.9400000000000001,0.0,0.00232511773915172
cytoplasmic vesicle membrane,cellcom,0.9500000000000001,0.0,0.0029398040380079547
cytoplasmic vesicle membrane,cellcom,0.96,0.0,0.002378568721660955
cytoplasmic vesicle membrane,cellcom,0.97,0.0,0.0020044118440963104
cytoplasmic vesicle membrane,cellcom,0.98,0.0,2.6725491254617473e-05
cytoplasmic vesicle membrane,cellcom,0.99,0.0,0.0
cytoskeleton,cellcom,0.0,0.0,0.0
cytoskeleton,cellcom,0.01,0.0,0.0
cytoskeleton,cellcom,0.02,0.0,0.0
cytoskeleton,cellcom,0.03,0.00030040990932126885,0.0009466539143223239
cytoskeleton,cellcom,0.04,0.0009012297279638065,0.002107068389943237
cytoskeleton,cellcom,0.05,0.002102869365248883,0.0056799234859339475
cytoskeleton,cellcom,0.06,0.006008198186425372,0.01383336203832298
cytoskeleton,cellcom,0.07,0.017123364831312334,0.03484297149167007
cytoskeleton,cellcom,0.08,0.056627267907059214,0.07875549822700886
cytoskeleton,cellcom,0.09,0.10379162367049831,0.15790798035357204
cytoskeleton,cellcom,0.1,0.18024594559276141,0.2610321825686203
cytoskeleton,cellcom,0.11,0.27938121566878016,0.37982198020455077
cytoskeleton,cellcom,0.12,0.3849752987952057,0.526400650809297
cytoskeleton,cellcom,0.13,0.42132489782307925,0.6742008103357501
cytoskeleton,cellcom,0.14,0.5288716453600948,0.8190388592270678
cytoskeleton,cellcom,0.15,0.609531706012854,0.9750840689750355
cytoskeleton,cellcom,0.16,0.6394224919903203,1.127464811957887
cytoskeleton,cellcom,0.17,0.7316483341519517,1.3125203835963835
cytoskeleton,cellcom,0.18,0.9037832121930365,1.5035917881742757
cytoskeleton,cellcom,0.19,1.1712982364436262,1.7357052205215011
cytoskeleton,cellcom,0.2,1.3988587427544912,2.010265392898023
cytoskeleton,cellcom,0.21,1.7558959199828152,2.2854973841814723
cytoskeleton,cellcom,0.22,2.122245804400102,2.650539348433377
cytoskeleton,cellcom,0.23,2.640302693024637,2.987425993039962
cytoskeleton,cellcom,0.24,3.042251151696487,3.3149682473954774
cytoskeleton,cellcom,0.25,3.4201668176226434,3.6627872178513243
cytoskeleton,cellcom,0.26,3.8320288033021024,3.8914804812177723
cytoskeleton,cellcom,0.27,4.133940762169978,4.118891181216428
cytoskeleton,cellcom,0.28,4.400103941828646,4.312619324199059
cytoskeleton,cellcom,0.29,4.6048332950310655,4.435104125823127
cytoskeleton,cellcom,0.3,4.740167959180297,4.406399136163031
cytoskeleton,cellcom,0.31,4.8451612224880805,4.344286424494269
cytoskeleton,cellcom,0.32,4.917109395770525,4.172453470433246
cytoskeleton,cellcom,0.33,4.702766925469799,4.023798268661599
cytoskeleton,cellcom,0.34,4.4253383742116075,3.782706892739833
cytoskeleton,cellcom,0.35000000000000003,4.114414118064118,3.5393252250898875
cytoskeleton,cellcom,0.36,3.8948144743502473,3.256642151384005
cytoskeleton,cellcom,0.37,3.590949851071784,2.963423735728426
cytoskeleton,cellcom,0.38,3.249233579218841,2.690512573396213
cytoskeleton,cellcom,0.39,2.9177312442828214,2.427098487430266
cytoskeleton,cellcom,0.4,2.601399609767525,2.2277209581847677
cytoskeleton,cellcom,0.41000000000000003,2.3041440044941432,1.9930729363250135
cytoskeleton,cellcom,0.42,1.985108680794943,1.7725331115109435
cytoskeleton,cellcom,0.43,1.7335153817383806,1.60989186158576
cytoskeleton,cellcom,0.44,1.492586634462723,1.440440810922064
cytoskeleton,cellcom,0.45,1.3327685627038082,1.2806395227398473
cytoskeleton,cellcom,0.46,1.2035923016956627,1.1309765926077924
cytoskeleton,cellcom,0.47000000000000003,1.0593955452214596,1.0049494731107582
cytoskeleton,cellcom,0.48,0.9111432549714076,0.8856100054600546
cytoskeleton,cellcom,0.49,0.780765354325977,0.8101525273216528
cytoskeleton,cellcom,0.5,0.6925950459401847,0.7408024937917819
cytoskeleton,cellcom,0.51,0.6000687938692341,0.6529469030980618
cytoskeleton,cellcom,0.52,0.5302234899520392,0.5806042217100107
cytoskeleton,cellcom,0.53,0.4542197828937581,0.5096662525819218
cytoskeleton,cellcom,0.54,0.41937223341249097,0.4463015147684114
cytoskeleton,cellcom,0.55,0.3894814474350247,0.4104508149163338
cytoskeleton,cellcom,0.56,0.32399208720298817,0.3699584571617724
cytoskeleton,cellcom,0.5700000000000001,0.2597043666082396,0.3364285862609403
cytoskeleton,cellcom,0.58,0.21178898607149438,0.2899509327900148
cytoskeleton,cellcom,0.59,0.1939145964668789,0.26506309601025047
cytoskeleton,cellcom,0.6,0.16958139381185613,0.22881541225861832
cytoskeleton,cellcom,0.61,0.16267196589746694,0.20933266395740405
cytoskeleton,cellcom,0.62,0.14434696142886957,0.1952550041347398
cytoskeleton,cellcom,0.63,0.133081589829322,0.17076415125453007
cytoskeleton,cellcom,0.64,0.11986355381918617,0.1508538818307186
cytoskeleton,cellcom,0.65,0.10844797726497797,0.14077659822664226
cytoskeleton,cellcom,0.66,0.09643158089212722,0.12785935287959896
cytoskeleton,cellcom,0.67,0.09357768675357517,0.11933946765069804
cytoskeleton,cellcom,0.68,0.0784069863328511,0.10736887621797706
cytoskeleton,cellcom,0.6900000000000001,0.06729181968796417,0.09698622038347414
cytoskeleton,cellcom,0.7000000000000001,0.05167050440325877,0.08611496898028971
cytoskeleton,cellcom,0.71,0.04941743008334869,0.07881657267309407
cytoskeleton,cellcom,0.72,0.03665000893719477,0.07527425480014602
cytoskeleton,cellcom,0.73,0.03830226343846175,0.061227132200524455
cytoskeleton,cellcom,0.74,0.03980431298506809,0.05924221270275184
cytoskeleton,cellcom,0.75,0.03800185352914048,0.05066125302776562
cytoskeleton,cellcom,0.76,0.029289966158823687,0.04797397740001193
cytoskeleton,cellcom,0.77,0.03184345038805447,0.04040074608543334
cytoskeleton,cellcom,0.78,0.028839351294841786,0.03392685480039036
cytoskeleton,cellcom,0.79,0.02613566211095037,0.03517888094513924
cytoskeleton,cellcom,0.8,0.02313156301773768,0.03166710029523385
cytoskeleton,cellcom,0.81,0.020127463924524996,0.026048251255385218
cytoskeleton,cellcom,0.8200000000000001,0.0205780787885069,0.021406593352901567
cytoskeleton,cellcom,0.8300000000000001,0.018174799513936954,0.020856923338134
cytoskeleton,cellcom,0.84,0.01817479951393675,0.020459939438579246
cytoskeleton,cellcom,0.85,0.015621315284705967,0.018841466617318496
cytoskeleton,cellcom,0.86,0.0105143468262444,0.018444482717763975
cytoskeleton,cellcom,0.87,0.01186619141819011,0.01710084490388713
cytoskeleton,cellcom,0.88,0.008261272506334887,0.013192080354427215
cytoskeleton,cellcom,0.89,0.009162502234298693,0.011909516986635678
cytoskeleton,cellcom,0.9,0.007510247733031715,0.00913062968975402
cytoskeleton,cellcom,0.91,0.01186619141819011,0.00885579468237012
cytoskeleton,cellcom,0.92,0.008111067551674253,0.00754269409153593
cytoskeleton,cellcom,0.93,0.005857993231764737,0.004397360118142405
cytoskeleton,cellcom,0.9400000000000001,0.0018024594559276116,0.0022902917281991692
cytoskeleton,cellcom,0.9500000000000001,0.00015020495466063597,0.003328557311649496
cytoskeleton,cellcom,0.96,0.0,0.0027178128507963474
cytoskeleton,cellcom,0.97,0.0,0.0022902917281991692
cytoskeleton,cellcom,0.98,0.0,3.053722304265559e-05
cytoskeleton,cellcom,0.99,0.0,0.0
cytosol,cellcom,0.0,0.0,0.0
cytosol,cellcom,0.01,0.0,0.0
cytosol,cellcom,0.02,0.0,0.0
cytosol,cellcom,0.03,0.0010032633420343625,0.0007735510246562355
cytosol,cellcom,0.04,0.0002736172751002807,0.0025316215352385887
cytosol,cellcom,0.05,0.0014592921338681647,0.0064696994789430655
cytosol,cellcom,0.06,0.00510752246853857,0.01536553626248976
cytosol,cellcom,0.07,0.01267760041297968,0.03924013379619816
cytosol,cellcom,0.08,0.03785038972220552,0.08934514334779527
cytosol,cellcom,0.09,0.07788971764521319,0.1760883423399284
cytosol,cellcom,0.1,0.13607899148320637,0.2902926027073584
cytosol,cellcom,0.11,0.19198812136203042,0.42872307471061305
cytosol,cellcom,0.12,0.26659443170603997,0.5934542815521788
cytosol,cellcom,0.13,0.3256045573693338,0.7493951358408335
cytosol,cellcom,0.14,0.42520124550583704,0.9029450142350985
cytosol,cellcom,0.15,0.5324592173451459,1.06015167929137
cytosol,cellcom,0.16,0.5822575614133969,1.2234061069040472
cytosol,cellcom,0.17,0.7014634875987543,1.4121173955099608
cytosol,cellcom,0.18,0.8797707452057686,1.6036767583430103
cytosol,cellcom,0.19,1.119094655160147,1.8412975685533208
cytosol,cellcom,0.2,1.3702753137022083,2.1138688205140146
cytosol,cellcom,0.21,1.69414696166257,2.38949911516311
cytosol,cellcom,0.22,2.0853284592976045,2.744770003941592
cytosol,cellcom,0.23,2.476692368449379,3.1030647739982835
cytosol,cellcom,0.24,2.9005255275797066,3.4109029204012447
cytosol,cellcom,0.25,3.3005539837763167,3.745639545616125
cytosol,cellcom,0.26,3.6588102026409506,3.967261914180136
cytosol,cellcom,0.27,4.0007405907579345,4.1679632436682175
cytosol,cellcom,0.28,4.27627318678394,4.3471106286965835
cytosol,cellcom,0.29,4.47774670701609,4.458396492016422
cytosol,cellcom,0.3,4.496170270206176,4.449922592155415
cytosol,cellcom,0.31,4.5326525735528795,4.388917545438208
cytosol,cellcom,0.32,4.531922927485946,4.208187896950341
cytosol,cellcom,0.33,4.377876401604487,4.046234441515495
cytosol,cellcom,0.34,4.1607154909332325,3.7874113009475616
cytosol,cellcom,0.35000000000000003,3.9574178555337456,3.5127655257844057
cytosol,cellcom,0.36,3.718367562854445,3.228028425890469
cytosol,cellcom,0.37,3.505949351618261,2.9011679565629978
cytosol,cellcom,0.38,3.1754196832971218,2.63436317587702
cytosol,cellcom,0.39,2.8852941659324576,2.365308064937497
cytosol,cellcom,0.4,2.611768096590544,2.167138356984654
cytosol,cellcom,0.41000000000000003,2.368157515992941,1.9212897767848285
cytosol,cellcom,0.42,2.0522207690104706,1.7144703619199098
cytosol,cellcom,0.43,1.8748255689871218,1.5366942718898224
cytosol,cellcom,0.44,1.666420411119075,1.3655285269795248
cytosol,cellcom,0.45,1.4803606640508842,1.215846403708543
cytosol,cellcom,0.46,1.3161902989907157,1.0765720578602092
cytosol,cellcom,0.47000000000000003,1.1676161186112701,0.954983901348339
cytosol,cellcom,0.48,1.0715764550510654,0.8198937633151858
cytosol,cellcom,0.49,0.9411522205865981,0.7527706312211516
cytosol,cellcom,0.5,0.8673667620678892,0.6807249016974868
cytosol,cellcom,0.51,0.7687733372734215,0.5959155802669942
cytosol,cellcom,0.52,0.6969944054387811,0.5239401735637526
cytosol,cellcom,0.53,0.6043293549381529,0.4601925368500365
cytosol,cellcom,0.54,0.5553518626952026,0.39795684077542126
cytosol,cellcom,0.55,0.5012668479837139,0.37053094081033655
cytosol,cellcom,0.56,0.46040666823540527,0.32432884779223237
cytosol,cellcom,0.5700000000000001,0.4116115875091932,0.2894838902724933
cytosol,cellcom,0.58,0.3532399021544621,0.24725503660830203
cytosol,cellcom,0.59,0.3215002982428296,0.22665045022427685
cytosol,cellcom,0.6,0.28784537340549504,0.19219226821686275
cytosol,cellcom,0.61,0.2686009583901087,0.17556092118675368
cytosol,cellcom,0.62,0.24297214028904907,0.16494217530283628
cytosol,cellcom,0.63,0.21068530182721598,0.14655275776214488
cytosol,cellcom,0.64,0.18368839735065498,0.13094109162817358
cytosol,cellcom,0.65,0.17839846336538287,0.11870492087452043
cytosol,cellcom,0.66,0.1632583074765007,0.10685552563319536
cytosol,cellcom,0.67,0.16380554202670128,0.09616645692885467
cytosol,cellcom,0.68,0.13972722181787656,0.0881144939903875
cytosol,cellcom,0.6900000000000001,0.12832650202203155,0.0779528464392215
cytosol,cellcom,0.7000000000000001,0.11282152309968357,0.06775603747784462
cytosol,cellcom,0.71,0.11227428854948175,0.05903600774535539
cytosol,cellcom,0.72,0.09996151116996914,0.056715354671386685
cytosol,cellcom,0.73,0.08509497255618723,0.04665919135085563
cytosol,cellcom,0.74,0.08226759404681766,0.0458153175057761
cytosol,cellcom,0.75,0.07524475065257713,0.038220452900060334
cytosol,cellcom,0.76,0.07250857790157433,0.03414172931550928
cytosol,cellcom,0.77,0.05590912987882398,0.032418820215138575
cytosol,cellcom,0.78,0.05536189532862342,0.024472341507306344
cytosol,cellcom,0.79,0.049524726793150765,0.027531384195719634
cytosol,cellcom,0.8,0.045146850391546284,0.024472341507306344
cytosol,cellcom,0.81,0.02955066571083029,0.023312014970321992
cytosol,cellcom,0.8200000000000001,0.031009957844698455,0.01751038228540023
cytosol,cellcom,0.8300000000000001,0.02626725840962722,0.018143287669210077
cytosol,cellcom,0.84,0.024260731725558204,0.0184597403611147
cytosol,cellcom,0.85,0.020886118665988076,0.017299413824130347
cytosol,cellcom,0.86,0.01796753439825175,0.01677199267095564
cytosol,cellcom,0.87,0.01614341923091655,0.016244571517780935
cytosol,cellcom,0.88,0.01140071979584502,0.012728430496616231
cytosol,cellcom,0.89,0.012951217688079943,0.010864875755398936
cytosol,cellcom,0.9,0.009120575836676015,0.008755191142700115
cytosol,cellcom,0.91,0.007114049152607292,0.01023197037158929
cytosol,cellcom,0.92,0.004560287918338008,0.00882551396312341
cytosol,cellcom,0.93,0.0037394360930371666,0.00499292025005388
cytosol,cellcom,0.9400000000000001,0.0007296460669340814,0.0027777514067201165
cytosol,cellcom,0.9500000000000001,0.0,0.003867755123281218
cytosol,cellcom,0.96,9.120575836676017e-05,0.0030942040986249404
cytosol,cellcom,0.97,0.0,0.0026371057658735285
cytosol,cellcom,0.98,0.0,3.5161410211647044e-05
cytosol,cellcom,0.99,0.0,0.0
dendrite,cellcom,0.0,0.0,0.0
dendrite,cellcom,0.01,0.0,0.0
dendrite,cellcom,0.02,0.0,0.0
dendrite,cellcom,0.03,0.0,0.0008737597245485705
dendrite,cellcom,0.04,0.0,0.0019858175557922056
dendrite,cellcom,0.05,0.0030549835947380976,0.005163125645059739
dendrite,cellcom,0.06,0.002443986875790475,0.012947530463765173
dendrite,cellcom,0.07,0.011608937660004771,0.03272627331945557
dendrite,cellcom,0.08,0.04032578345054289,0.07652016981652637
dendrite,cellcom,0.09,0.11181239956741423,0.15036610532458572
dendrite,cellcom,0.1,0.19551895006323824,0.24963050554678573
dendrite,cellcom,0.11,0.3427691593296146,0.36372234351890065
dendrite,cellcom,0.12,0.39959185419174265,0.5069659832100445
dendrite,cellcom,0.13,0.4301416901391236,0.6402011024199961
dendrite,cellcom,0.14,0.5187362143865297,0.7809028956397286
dendrite,cellcom,0.15,0.7209761283581901,0.9216576439942779
dendrite,cellcom,0.16,0.7496929741487282,1.0578052956193913
dendrite,cellcom,0.17,0.8773912884087829,1.2289827689286827
dendrite,cellcom,0.18,0.9861487043814566,1.420283193469995
dendrite,cellcom,0.19,1.1431748611509946,1.66189099609138
dendrite,cellcom,0.2,1.3368608210573933,1.931670930437609
dendrite,cellcom,0.21,1.6399151936554086,2.220117549808274
dendrite,cellcom,0.22,2.0804438280166417,2.5821188514454874
dendrite,cellcom,0.23,2.4085490660915196,2.951322051418382
dendrite,cellcom,0.24,2.8276928152895793,3.2880107986110896
dendrite,cellcom,0.25,3.19184685978236,3.6404272208456794
dendrite,cellcom,0.26,3.526062065046708,3.896835983649569
dendrite,cellcom,0.27,3.8755521882847455,4.132089170092419
dendrite,cellcom,0.28,4.030134358178515,4.340282282641698
dendrite,cellcom,0.29,4.338076704528093,4.469228035931114
dendrite,cellcom,0.3,4.401620363298646,4.465441743791404
dendrite,cellcom,0.31,4.720560650589302,4.416272901109989
dendrite,cellcom,0.32,4.707729719491402,4.280522412996033
dendrite,cellcom,0.33,4.495713858016578,4.123033842038007
dendrite,cellcom,0.34,4.121783866020636,3.881293651579569
dendrite,cellcom,0.35000000000000003,4.046631269590102,3.6187156155690383
dendrite,cellcom,0.36,3.8834951456310645,3.3419720809938167
dendrite,cellcom,0.37,3.5792187795951507,3.0473561884164853
dendrite,cellcom,0.38,3.14052313539076,2.76950059601004
dendrite,cellcom,0.39,2.9926619294054366,2.4890766795647705
dendrite,cellcom,0.4,2.709159451813741,2.272728476253062
dendrite,cellcom,0.41000000000000003,2.473314718299974,2.027096083385283
dendrite,cellcom,0.42,2.141543499911404,1.7940140574700882
dendrite,cellcom,0.43,1.9588554809460654,1.6165614006844966
dendrite,cellcom,0.44,1.613642334740661,1.4421271865837095
dendrite,cellcom,0.45,1.5403227284669467,1.2785752526886633
dendrite,cellcom,0.46,1.464559135317442,1.1293212051953214
dendrite,cellcom,0.47000000000000003,1.23849034930683,1.0044265197197026
dendrite,cellcom,0.48,1.0771872155046518,0.8818089050413811
dendrite,cellcom,0.49,0.9226050456109042,0.8000991320123844
dendrite,cellcom,0.5,0.8755582982519377,0.7264650170436096
dendrite,cellcom,0.51,0.7026462267897615,0.641472025655703
dendrite,cellcom,0.52,0.6592654597444806,0.5683145069003184
dendrite,cellcom,0.53,0.5376771126739045,0.49867850461053836
dendrite,cellcom,0.54,0.5022393029749426,0.43913045550418284
dendrite,cellcom,0.55,0.4460276048317617,0.40521269165125195
dendrite,cellcom,0.56,0.37515198543383793,0.3616306156934657
dendrite,cellcom,0.5700000000000001,0.296944405408546,0.3246149764535026
dendrite,cellcom,0.58,0.28655746118643316,0.2763198934966326
dendrite,cellcom,0.59,0.254785631801157,0.2529666790405163
dendrite,cellcom,0.6,0.23034576304325224,0.21830754330008967
dendrite,cellcom,0.61,0.2059058942853475,0.20125598988768728
dendrite,cellcom,0.62,0.18085502880849513,0.1869051483511623
dendrite,cellcom,0.63,0.1668021042726999,0.1642933057825417
dendrite,cellcom,0.64,0.13503027488742375,0.14607673940407456
dendrite,cellcom,0.65,0.14480622239058563,0.1349032059568171
dendrite,cellcom,0.66,0.10264744878319995,0.12341194170063287
dendrite,cellcom,0.67,0.09653748159372376,0.1157864022863908
dendrite,cellcom,0.68,0.0916495078421428,0.10294478209226787
dendrite,cellcom,0.6900000000000001,0.07026462267897615,0.09290978404366461
dendrite,cellcom,0.7000000000000001,0.046435750640019535,0.0817627281638186
dendrite,cellcom,0.71,0.053156714548442834,0.07474617280001858
dendrite,cellcom,0.72,0.040325783450542836,0.06998021066611729
dendrite,cellcom,0.73,0.03849279329369998,0.058171215601006306
dendrite,cellcom,0.74,0.030549835947380935,0.05705915776976267
dendrite,cellcom,0.75,0.031160832666328554,0.04927475295105723
dendrite,cellcom,0.76,0.025661862195799988,0.04564732621581014
dendrite,cellcom,0.77,0.03971478673159522,0.03892202409352721
dendrite,cellcom,0.78,0.04765774407791426,0.03243502007793934
dendrite,cellcom,0.79,0.03543780969896188,0.03357355547659353
dendrite,cellcom,0.8,0.031771829385276174,0.030157949280630945
dendrite,cellcom,0.81,0.028716845790538077,0.02488891336592896
dendrite,cellcom,0.8200000000000001,0.020773888444219034,0.02128796419809243
dendrite,cellcom,0.8300000000000001,0.02016289172527164,0.020414204473544088
dendrite,cellcom,0.84,0.016496911411585706,0.02022886150166992
dendrite,cellcom,0.85,0.014052924535795232,0.018481342052572784
dendrite,cellcom,0.86,0.020162891725271418,0.016972120710170707
dendrite,cellcom,0.87,0.013441927816847613,0.016336659092317202
dendrite,cellcom,0.88,0.0097759475031619,0.012470934250375043
dendrite,cellcom,0.89,0.012830931097899994,0.011385353986541972
dendrite,cellcom,0.9,0.014663921254742848,0.008605209408432886
dendrite,cellcom,0.91,0.014663921254742848,0.00913476075664414
dendrite,cellcom,0.92,0.008553954065266663,0.007599061846831502
dendrite,cellcom,0.93,0.005498970470528568,0.004607096729437914
dendrite,cellcom,0.9400000000000001,0.0,0.002303548364718957
dendrite,cellcom,0.9500000000000001,0.0,0.0029125324151619324
dendrite,cellcom,0.96,0.0,0.0023565034995400827
dendrite,cellcom,0.97,0.0,0.0019858175557922043
dendrite,cellcom,0.98,0.0,2.6477567410562726e-05
dendrite,cellcom,0.99,0.0,0.0
dendritic spine,cellcom,0.0,0.0,0.0
dendritic spine,cellcom,0.01,0.0,0.0
dendritic spine,cellcom,0.02,0.0,0.0
dendritic spine,cellcom,0.03,0.0,0.0008477902988126825
dendritic spine,cellcom,0.04,0.0,0.0019267961336651871
dendritic spine,cellcom,0.05,0.0,0.0051381230231071695
dendritic spine,cellcom,0.06,0.0020843320757863125,0.01263978263684362
dendritic spine,cellcom,0.07,0.010421660378931576,0.03211326889441981
dendritic spine,cellcom,0.08,0.008337328303145262,0.07583869582106183
dendritic spine,cellcom,0.09,0.06252996227358937,0.14982766735380487
dendritic spine,cellcom,0.1,0.07712028680409366,0.2494815633869686
dendritic spine,cellcom,0.11,0.13965024907768314,0.3656031437091906
dendritic spine,cellcom,0.12,0.2021802113512723,0.5062078802365176
dendritic spine,cellcom,0.13,0.19384288304812705,0.6368703487141327
dendritic spine,cellcom,0.14,0.268878837776435,0.7761905544856856
dendritic spine,cellcom,0.15,0.5106613585676465,0.9182853466897121
dendritic spine,cellcom,0.16,0.5044083623402876,1.051671020369574
dendritic spine,cellcom,0.17,0.6398899472663997,1.2214602956681537
dendritic spine,cellcom,0.18,0.867082143527106,1.4088476423208685
dendritic spine,cellcom,0.19,0.9983950643016436,1.6482584845825465
dendritic spine,cellcom,0.2,1.1630572982887655,1.9161345283922437
dendritic spine,cellcom,0.21,1.5236467473997946,2.2043061581432037
dendritic spine,cellcom,0.22,1.688308981386913,2.5720416229069833
dendritic spine,cellcom,0.23,2.1760426871209164,2.9380558164580304
dendritic spine,cellcom,0.24,2.4845238343372844,3.2785592291993337
dendritic spine,cellcom,0.25,2.790920649477872,3.632036402573991
dendritic spine,cellcom,0.26,3.0160285136627945,3.89210249938856
dendritic spine,cellcom,0.27,4.0727848760864545,4.122033504672605
dendritic spine,cellcom,0.28,4.170748483648434,4.329331078039888
dendritic spine,cellcom,0.29,4.683494174291844,4.461072552352332
dendritic spine,cellcom,0.3,4.696000166746562,4.4599164746721325
dendritic spine,cellcom,0.31,4.873168393188399,4.423435801208072
dendritic spine,cellcom,0.32,5.08160160076703,4.28861145308174
dendritic spine,cellcom,0.33,4.610542551639323,4.132695109945552
dendritic spine,cellcom,0.34,4.406278008212265,3.8849348177713257
dendritic spine,cellcom,0.35000000000000003,4.416699668591221,3.6268725889357882
dendritic spine,cellcom,0.36,4.243700106300932,3.3536272065669293
dendritic spine,cellcom,0.37,3.8226650269920968,3.0601633101021637
dendritic spine,cellcom,0.38,3.355774642015963,2.777874831212656
dendritic spine,cellcom,0.39,3.047293494799589,2.5033706087031558
dendritic spine,cellcom,0.4,2.7200533589011378,2.2855655737536438
dendritic spine,cellcom,0.41000000000000003,2.6512704004002043,2.038164950191045
dendritic spine,cellcom,0.42,2.440752860745772,1.800655213447905
dendritic spine,cellcom,0.43,2.0447297663463724,1.6256764338959906
dendritic spine,cellcom,0.44,1.6403693436438278,1.446895443306977
dendritic spine,cellcom,0.45,1.6424536757196142,1.2850959493093324
dendritic spine,cellcom,0.46,1.5945140379765288,1.1376831997763879
dendritic spine,cellcom,0.47000000000000003,1.3694061737916148,1.0097696271161407
dendritic spine,cellcom,0.48,1.148466973758258,0.886737271327834
dendritic spine,cellcom,0.49,1.054672030347874,0.8021123851372591
dendritic spine,cellcom,0.5,0.8775038039060375,0.7308723094218783
dendritic spine,cellcom,0.51,0.8191425057840207,0.6418543280465467
dendritic spine,cellcom,0.52,0.7503595472830725,0.5698949151079309
dendritic spine,cellcom,0.53,0.6169622944327485,0.4988603643134744
dendritic spine,cellcom,0.54,0.5648539925380907,0.4402343806198216
dendritic spine,cellcom,0.55,0.4022760906267583,0.4069650340452028
dendritic spine,cellcom,0.56,0.44187840006669826,0.36121004852443356
dendritic spine,cellcom,0.5700000000000001,0.31264981136795034,0.3235989879952927
dendritic spine,cellcom,0.58,0.34391479250474155,0.27591720634085465
dendritic spine,cellcom,0.59,0.266794505700648,0.252872724582219
dendritic spine,cellcom,0.6,0.21885486795756282,0.21880696893901852
dendritic spine,cellcom,0.61,0.19801154719969966,0.20149149435114738
dendritic spine,cellcom,0.62,0.15215624153240082,0.18707905927133175
dendritic spine,cellcom,0.63,0.15632490568397345,0.1644970085847758
dendritic spine,cellcom,0.64,0.15632490568397345,0.1454859533992793
dendritic spine,cellcom,0.65,0.11463826416824718,0.13556937596468246
dendritic spine,cellcom,0.66,0.1188069283198198,0.1225956153313369
dendritic spine,cellcom,0.67,0.12922858869875137,0.11481135895132955
dendritic spine,cellcom,0.68,0.13756591700189663,0.10204312323890824
dendritic spine,cellcom,0.6900000000000001,0.045855305667298875,0.09253759564616
dendritic spine,cellcom,0.7000000000000001,0.035433645288367704,0.0808483657685921
dendritic spine,cellcom,0.71,0.010421660378931562,0.07463123691063153
dendritic spine,cellcom,0.72,0.00833732830314525,0.06949311388752437
dendritic spine,cellcom,0.73,0.006252996227358937,0.05798371831576433
dendritic spine,cellcom,0.74,0.0,0.05664780632975646
dendritic spine,cellcom,0.75,0.0,0.04912045610090447
dendritic spine,cellcom,0.76,0.0,0.04536962629403624
dendritic spine,cellcom,0.77,0.0,0.03943509420234747
dendritic spine,cellcom,0.78,0.0,0.033474871495543165
dendritic spine,cellcom,0.79,0.0,0.03406575564320049
dendritic spine,cellcom,0.8,0.0,0.030597522602603153
dendritic spine,cellcom,0.81,0.0,0.025356637119033847
dendritic spine,cellcom,0.8200000000000001,0.0,0.02152873546681901
dendritic spine,cellcom,0.8300000000000001,0.0,0.02065525455289102
dendritic spine,cellcom,0.84,0.0,0.020321276556388827
dendritic spine,cellcom,0.85,0.0,0.018522933498301322
dendritic spine,cellcom,0.86,0.0,0.017315474587871138
dendritic spine,cellcom,0.87,0.0,0.016416303058827384
dendritic spine,cellcom,0.88,0.0,0.01251132956126594
dendritic spine,cellcom,0.89,0.0,0.011586467417106651
dendritic spine,cellcom,0.9,0.0,0.008966024675322
dendritic spine,cellcom,0.91,0.0,0.009479836977632713
dendritic spine,cellcom,0.92,0.0,0.007732875149776279
dendritic spine,cellcom,0.93,0.0,0.004701382566143054
dendritic spine,cellcom,0.9400000000000001,0.0,0.0022350835150516156
dendritic spine,cellcom,0.9500000000000001,0.0,0.0028259676627089706
dendritic spine,cellcom,0.96,0.0,0.0022864647452826873
dendritic spine,cellcom,0.97,0.0,0.0019267961336651858
dendritic spine,cellcom,0.98,0.0,2.569061511553581e-05
dendritic spine,cellcom,0.99,0.0,0.0
early endosome,cellcom,0.0,0.0,0.0
early endosome,cellcom,0.01,0.0,0.0
early endosome,cellcom,0.02,0.0,0.0
early endosome,cellcom,0.03,0.0,0.000853899149335317
early endosome,cellcom,0.04,0.0,0.001940679884852993
early endosome,cellcom,0.05,0.0,0.005175146359607985
early endosome,cellcom,0.06,0.0013188436378982896,0.012730860044635627
early endosome,cellcom,0.07,0.021101498206372665,0.03206003169777147
early endosome,cellcom,0.08,0.04879721460223678,0.07553126111847855
early endosome,cellcom,0.09,0.10946402194555804,0.14953585406087253
early endosome,cellcom,0.1,0.3072905676303019,0.24620758805834989
early endosome,cellcom,0.11,0.389058873179996,0.36233787236795306
early endosome,cellcom,0.12,0.6844798480692124,0.4989358605298052
early endosome,cellcom,0.13,0.7451466554125337,0.629246045864734
early endosome,cellcom,0.14,0.9192340156151104,0.7670860691528947
early endosome,cellcom,0.15,1.0788140958008008,0.9100753630688609
early endosome,cellcom,0.16,1.0352922557501574,1.0451984345182253
early endosome,cellcom,0.17,1.2634522051065649,1.213416566937286
early endosome,cellcom,0.18,1.3504958852078486,1.4032668111395012
early endosome,cellcom,0.19,1.6722937328550311,1.6397192483099898
early endosome,cellcom,0.2,1.825279594851238,1.9085681016916296
early endosome,cellcom,0.21,1.95848280227896,2.2006792379596964
early endosome,cellcom,0.22,2.4767883519729876,2.5629394831322547
early endosome,cellcom,0.23,2.5480059084195026,2.9362486657825846
early endosome,cellcom,0.24,3.2878771892804357,3.2685189378012067
early endosome,cellcom,0.25,3.6228634733066016,3.621774428308047
early endosome,cellcom,0.26,3.6901244988394146,3.8851893780120936
early endosome,cellcom,0.27,3.6439649715129745,4.130801824239088
early endosome,cellcom,0.28,4.160951677569127,4.330665976647173
early endosome,cellcom,0.29,4.729373285503267,4.45856971892486
early endosome,cellcom,0.3,5.043258071323059,4.4514021412168026
early endosome,cellcom,0.31,4.8559822747415025,4.420532393181741
early endosome,cellcom,0.32,4.579025110782862,4.29275802956302
early endosome,cellcom,0.33,4.462966870647812,4.132147362292586
early endosome,cellcom,0.34,3.994777379193919,3.889251867904386
early endosome,cellcom,0.35000000000000003,3.9196032918337385,3.6309344373645738
early endosome,cellcom,0.36,3.4672399240346032,3.362447844228092
early endosome,cellcom,0.37,3.2390799746781993,3.0661189636769386
early endosome,cellcom,0.38,2.799905043258069,2.7846168774460627
early endosome,cellcom,0.39,2.431947668284446,2.5115244040495495
early endosome,cellcom,0.4,2.1932369698248557,2.2927709674289205
early endosome,cellcom,0.41000000000000003,2.0244249841738857,2.0460458647346216
early endosome,cellcom,0.42,1.9795843004853326,1.8050910502312627
early endosome,cellcom,0.43,1.748786663853132,1.6284633049778425
early endosome,cellcom,0.44,1.3452205106562554,1.4512921693566634
early endosome,cellcom,0.45,1.2726841105718494,1.2897758514732982
early endosome,cellcom,0.46,1.0854083139902924,1.1443801145001122
early endosome,cellcom,0.47000000000000003,0.9864950411479261,1.0146909467283418
early endosome,cellcom,0.48,0.8796687064781592,0.8901251738525722
early endosome,cellcom,0.49,0.7952627136526687,0.8053821522139916
early endosome,cellcom,0.5,0.6607406625870431,0.7340686353785937
early endosome,cellcom,0.51,0.5974361679679252,0.6449267393343462
early endosome,cellcom,0.52,0.5407258915382988,0.572707571886017
early endosome,cellcom,0.53,0.45236336779911335,0.5012388006598307
early endosome,cellcom,0.54,0.46950833509179113,0.44120710288837817
early endosome,cellcom,0.55,0.30992825490609804,0.40881068667723225
early endosome,cellcom,0.56,0.2967398185271152,0.36347640456706637
early endosome,cellcom,0.5700000000000001,0.23607301118379645,0.3251803215059709
early endosome,cellcom,0.58,0.19387001477104857,0.27837112268331315
early endosome,cellcom,0.59,0.1490293310825067,0.25508296406507724
early endosome,cellcom,0.6,0.13715973834142212,0.2204094834557038
early endosome,cellcom,0.61,0.11078286558345633,0.2032279975418053
early endosome,cellcom,0.62,0.13452205106562554,0.18767668273118332
early endosome,cellcom,0.63,0.12133361468664265,0.16524242326228272
early endosome,cellcom,0.64,0.10550749103186316,0.1464048905133097
early endosome,cellcom,0.65,0.10286980375606658,0.13595109486690157
early endosome,cellcom,0.66,0.13188436378982896,0.12236633567293065
early endosome,cellcom,0.67,0.10023211648027001,0.11527638516026771
early endosome,cellcom,0.68,0.07781177463599909,0.10295953682440072
early endosome,cellcom,0.6900000000000001,0.07253640008440593,0.09235048678720438
early endosome,cellcom,0.7000000000000001,0.04220299641274574,0.08104279199146183
early endosome,cellcom,0.71,0.056710276429626456,0.07418572306498038
early endosome,cellcom,0.72,0.0382464654990504,0.06934696121874691
early endosome,cellcom,0.73,0.021101498206372634,0.05806514215480151
early endosome,cellcom,0.74,0.015826123654779475,0.05674547983310148
early endosome,cellcom,0.75,0.017144967292677765,0.04913801468447775
early endosome,cellcom,0.76,0.0065942181894914475,0.04556716369634825
early endosome,cellcom,0.77,0.009231905465288027,0.03953811818740495
early endosome,cellcom,0.78,0.010550749103186317,0.033509072678461656
early endosome,cellcom,0.79,0.017144967292677765,0.033974835850826376
early endosome,cellcom,0.8,0.025058029120067504,0.030326357667302753
early endosome,cellcom,0.81,0.0013188436378982896,0.02551347155286733
early endosome,cellcom,0.8200000000000001,0.003956530913694869,0.02160623605136331
early endosome,cellcom,0.8300000000000001,0.014507280016881346,0.020519455315845862
early endosome,cellcom,0.84,0.009231905465288027,0.020286573729663273
early endosome,cellcom,0.85,0.003956530913694869,0.018578775430992643
early endosome,cellcom,0.86,0.009231905465288027,0.017259113109292606
early endosome,cellcom,0.87,0.0026376872757965793,0.01648284115535141
early endosome,cellcom,0.88,0.014507280016881187,0.012316848335866987
early endosome,cellcom,0.89,0.0052753745515931585,0.011566452113723832
early endosome,cellcom,0.9,0.0,0.009030630397515923
early endosome,cellcom,0.91,0.0,0.009548145033476719
early endosome,cellcom,0.92,0.0,0.007788595271210007
early endosome,cellcom,0.93,0.0,0.0047352589190413005
early endosome,cellcom,0.9400000000000001,0.0,0.0022511886664294705
early endosome,cellcom,0.9500000000000001,0.0,0.00284633049778442
early endosome,cellcom,0.96,0.0,0.0023029401300255505
early endosome,cellcom,0.97,0.0,0.001940679884852992
early endosome,cellcom,0.98,0.0,2.5875731798039893e-05
early endosome,cellcom,0.99,0.0,0.0
early endosome membrane,cellcom,0.0,0.0,0.0
early endosome membrane,cellcom,0.01,0.0,0.0
early endosome membrane,cellcom,0.02,0.0,0.0
early endosome membrane,cellcom,0.03,0.0,0.0008447057173266547
early endosome membrane,cellcom,0.04,0.0,0.0019197857211969425
early endosome membrane,cellcom,0.05,0.0,0.005119428589858517
early endosome membrane,cellcom,0.06,0.0,0.012619391474001226
early endosome membrane,cellcom,0.07,0.029618221129638966,0.03186844297186927
early endosome membrane,cellcom,0.08,0.08293101916298912,0.0749484345555287
early endosome membrane,cellcom,0.09,0.16290021621301412,0.14864260910654184
early endosome membrane,cellcom,0.1,0.287296744957498,0.24703802660362273
early endosome membrane,cellcom,0.11,0.27544945650564245,0.36360741559470117
early endosome membrane,cellcom,0.12,0.5212806918816452,0.5023439303798664
early endosome membrane,cellcom,0.13,0.5479370908983201,0.6321982365616273
early endosome membrane,cellcom,0.14,0.6634481533039138,0.7709347513467951
early endosome membrane,cellcom,0.15,0.7789592157095039,0.9144835290064256
early endosome membrane,cellcom,0.16,0.773035571483576,1.0473582980562033
early endosome membrane,cellcom,0.17,1.0366377395373654,1.2159154843772981
early endosome membrane,cellcom,0.18,1.128454225039243,1.4046176221994795
early endosome membrane,cellcom,0.19,1.3950182152059933,1.6424662744843057
early endosome membrane,cellcom,0.2,1.433521902674528,1.9110570954512376
early endosome membrane,cellcom,0.21,1.6704676717116356,2.2005607822077313
early endosome membrane,cellcom,0.22,2.3872286230488977,2.56278595208317
early endosome membrane,cellcom,0.23,2.484968752776713,2.9326134734145572
early endosome membrane,cellcom,0.24,3.2728134348251015,3.268857543196456
early endosome membrane,cellcom,0.25,3.4919882711844297,3.62291722447107
early endosome membrane,cellcom,0.26,3.5067973817492493,3.884673608270536
early endosome membrane,cellcom,0.27,3.453484583715899,4.127206537715082
early endosome membrane,cellcom,0.28,4.087314515890195,4.329475161300416
early endosome membrane,cellcom,0.29,4.866273731599676,4.460302158914227
early endosome membrane,cellcom,0.3,5.046944880490473,4.4577424446192975
early endosome membrane,cellcom,0.31,5.017326659360834,4.423826230211485
early endosome membrane,cellcom,0.32,4.593786097206998,4.295712529750276
early endosome membrane,cellcom,0.33,4.774457246097795,4.133017089164572
early endosome membrane,cellcom,0.34,4.392382193525452,3.886951753993023
early endosome membrane,cellcom,0.35000000000000003,4.119894559132797,3.632311375933481
early endosome membrane,cellcom,0.36,3.7733613719159993,3.360930466385061
early endosome membrane,cellcom,0.37,3.6430411989455878,3.064489953889304
early endosome membrane,cellcom,0.38,3.044753132126882,2.782665410017593
early endosome membrane,cellcom,0.39,2.567899771939695,2.5094927004627428
early endosome membrane,cellcom,0.4,2.280603026982197,2.290944293961683
early endosome membrane,cellcom,0.41000000000000003,2.0436572579450973,2.045646873078624
early endosome membrane,cellcom,0.42,2.0910464117525085,1.8060064207873356
early endosome membrane,cellcom,0.43,1.877795219619108,1.6286438172916877
early endosome membrane,cellcom,0.44,1.5549566093060438,1.4483375423568712
early endosome membrane,cellcom,0.45,1.3979800373189573,1.2885089817814883
early endosome membrane,cellcom,0.46,1.1699197346207375,1.1430148212577096
early endosome membrane,cellcom,0.47000000000000003,1.075141427005899,1.0136212636490414
early endosome membrane,cellcom,0.48,0.9122412107928789,0.8897310917744596
early endosome membrane,cellcom,0.49,0.9270503213576984,0.8041342457520254
early endosome membrane,cellcom,0.5,0.6130971773835258,0.7336909083555724
early endosome membrane,cellcom,0.51,0.47981518230015063,0.6454319594664116
early endosome membrane,cellcom,0.52,0.4827770044131145,0.5728640592051673
early endosome membrane,cellcom,0.53,0.44427331694458394,0.5007825046599594
early endosome membrane,cellcom,0.54,0.4324260284927284,0.44183228444773864
early endosome membrane,cellcom,0.55,0.3228386103130643,0.40763450146748387
early endosome membrane,cellcom,0.56,0.2843349228445337,0.3628650984491712
early endosome membrane,cellcom,0.5700000000000001,0.29618221129639255,0.3237014697367571
early endosome membrane,cellcom,0.58,0.18363297100376136,0.27754982099917913
early endosome membrane,cellcom,0.59,0.14216746142226686,0.25400044948582995
early endosome membrane,cellcom,0.6,0.14512928353523075,0.219444306504285
early endosome membrane,cellcom,0.61,0.10662559606670013,0.20226862358530973
early endosome membrane,cellcom,0.62,0.11254924029262793,0.18729429495997357
early endosome membrane,cellcom,0.63,0.16290021621301412,0.16441044916330605
early endosome membrane,cellcom,0.64,0.11847288451855571,0.14585252052506895
early endosome membrane,cellcom,0.65,0.10958741817966404,0.13553687191650404
early endosome membrane,cellcom,0.66,0.1243965287444835,0.12253352329826343
early endosome membrane,cellcom,0.67,0.13624381719633907,0.11480318612757708
early endosome membrane,cellcom,0.68,0.07404555282409732,0.102721334655511
early endosome membrane,cellcom,0.6900000000000001,0.06812190859816954,0.09217531176040247
early endosome membrane,cellcom,0.7000000000000001,0.04442733169445888,0.08060540314732313
early endosome membrane,cellcom,0.71,0.059236442259277856,0.07397574312345548
early endosome membrane,cellcom,0.72,0.038503687468530605,0.06900989739129271
early endosome membrane,cellcom,0.73,0.038503687468530605,0.05751678020706036
early endosome membrane,cellcom,0.74,0.023694576903711143,0.056236923059595725
early endosome membrane,cellcom,0.75,0.026656399016675034,0.04871136303250372
early endosome membrane,cellcom,0.76,0.008885466338891678,0.045127763019602765
early endosome membrane,cellcom,0.77,0.017770932677783357,0.0391380315694683
early endosome membrane,cellcom,0.78,0.023694576903711143,0.033148300119333854
early endosome membrane,cellcom,0.79,0.038503687468530605,0.033609048692421116
early endosome membrane,cellcom,0.8,0.056274620146313965,0.02999985153657087
early endosome membrane,cellcom,0.81,0.0,0.025264380090951746
early endosome membrane,cellcom,0.8200000000000001,0.008885466338891678,0.02137361436265928
early endosome membrane,cellcom,0.8300000000000001,0.03258004324260318,0.020298534358789217
early endosome membrane,cellcom,0.84,0.02073275479074725,0.020068160072245357
early endosome membrane,cellcom,0.85,0.008885466338891678,0.018378748637592052
early endosome membrane,cellcom,0.86,0.02073275479074725,0.01707329434717813
early endosome membrane,cellcom,0.87,0.005923644225927786,0.016305380058699352
early endosome membrane,cellcom,0.88,0.03258004324260282,0.012184240043863252
early endosome membrane,cellcom,0.89,0.011847288451855571,0.01144192289833377
early endosome membrane,cellcom,0.9,0.0,0.0089334028893031
early endosome membrane,cellcom,0.91,0.0,0.009445345748288949
early endosome membrane,cellcom,0.92,0.0,0.007704740027737057
early endosome membrane,cellcom,0.93,0.0,0.004684277159720537
early endosome membrane,cellcom,0.9400000000000001,0.0,0.002226951436588452
early endosome membrane,cellcom,0.9500000000000001,0.0,0.002815685724422212
early endosome membrane,cellcom,0.96,0.0,0.002278145722487037
early endosome membrane,cellcom,0.97,0.0,0.0019197857211969412
early endosome membrane,cellcom,0.98,0.0,2.559714294929255e-05
early endosome membrane,cellcom,0.99,0.0,0.0
endoplasmic reticulum,cellcom,0.0,0.0,0.0
endoplasmic reticulum,cellcom,0.01,0.0,0.0
endoplasmic reticulum,cellcom,0.02,0.0,0.0
endoplasmic reticulum,cellcom,0.03,0.0019035291430311795,0.0007447772495376173
endoplasmic reticulum,cellcom,0.04,0.0034898034288904957,0.001765397924829908
endoplasmic reticulum,cellcom,0.05,0.004441568000406088,0.005130687719036923
endoplasmic reticulum,cellcom,0.06,0.013007449144046383,0.012468122844111213
endoplasmic reticulum,cellcom,0.07,0.039022347432139205,0.031225475795429013
endoplasmic reticulum,cellcom,0.08,0.09105214400832481,0.0736226103339223
endoplasmic reticulum,cellcom,0.09,0.17607644573038397,0.1463901060480049
endoplasmic reticulum,cellcom,0.1,0.28775015545488014,0.24387317270970665
endoplasmic reticulum,cellcom,0.11,0.4666818948998112,0.35382436221551944
endoplasmic reticulum,cellcom,0.12,0.6903465692059739,0.48617403789261093
endoplasmic reticulum,cellcom,0.13,0.8765751703658575,0.6101656577693364
endoplasmic reticulum,cellcom,0.14,1.1630563063920532,0.7358399225431674
endoplasmic reticulum,cellcom,0.15,1.3061382469765601,0.8791681665652934
endoplasmic reticulum,cellcom,0.16,1.4527099909899608,1.0095593539195273
endoplasmic reticulum,cellcom,0.17,1.6030887932894282,1.1805822778874278
endoplasmic reticulum,cellcom,0.18,1.7899519041636514,1.3685419881966585
endoplasmic reticulum,cellcom,0.19,1.9108260047461307,1.6168286557184395
endoplasmic reticulum,cellcom,0.2,2.039314221900741,1.89545810007324
endoplasmic reticulum,cellcom,0.21,2.1906447887717144,2.196486030599309
endoplasmic reticulum,cellcom,0.22,2.4841055316556875,2.5679919564057028
endoplasmic reticulum,cellcom,0.23,2.8530729305465723,2.9353602308257845
endoplasmic reticulum,cellcom,0.24,3.1570030837172087,3.2786197898348908
endoplasmic reticulum,cellcom,0.25,3.4330148094567297,3.6382092796486827
endoplasmic reticulum,cellcom,0.26,3.731551630055453,3.8944678221747737
endoplasmic reticulum,cellcom,0.27,3.946333168360804,4.136658349987377
endoplasmic reticulum,cellcom,0.28,4.106229616375446,4.3466303656718575
endoplasmic reticulum,cellcom,0.29,4.168094313523937,4.489489675870178
endoplasmic reticulum,cellcom,0.3,4.171584116952827,4.488110458741405
endoplasmic reticulum,cellcom,0.31,4.078311188944299,4.459395158120343
endoplasmic reticulum,cellcom,0.32,4.000901003794365,4.324121542130253
endoplasmic reticulum,cellcom,0.33,3.9219045443585703,4.157346606918977
endoplasmic reticulum,cellcom,0.34,3.7594700574865763,3.902743124947414
endoplasmic reticulum,cellcom,0.35000000000000003,3.58117282775601,3.641298726017155
endoplasmic reticulum,cellcom,0.36,3.3083336505881875,3.369344692565603
endoplasmic reticulum,cellcom,0.37,3.0573850585652442,3.0704959251029904
endoplasmic reticulum,cellcom,0.38,2.6861968756741645,2.793493956960148
endoplasmic reticulum,cellcom,0.39,2.5561223842337,2.5059823542960524
endoplasmic reticulum,cellcom,0.4,2.272496541922055,2.29245195841936
endoplasmic reticulum,cellcom,0.41000000000000003,1.970787172751624,2.0521371659019003
endoplasmic reticulum,cellcom,0.42,1.762985241304043,1.8124016445785027
endoplasmic reticulum,cellcom,0.43,1.5710460527150656,1.635972189465814
endoplasmic reticulum,cellcom,0.44,1.3819621578406351,1.455101655198475
endoplasmic reticulum,cellcom,0.45,1.2255555132549067,1.295002130890463
endoplasmic reticulum,cellcom,0.46,1.1199096458166766,1.1452743193908264
endoplasmic reticulum,cellcom,0.47000000000000003,0.9815865280897497,1.0169795420723338
endoplasmic reticulum,cellcom,0.48,0.859443408078577,0.8925741570569705
endoplasmic reticulum,cellcom,0.49,0.8001167497874385,0.8056283092590976
endoplasmic reticulum,cellcom,0.5,0.7909163589294544,0.7275922041131007
endoplasmic reticulum,cellcom,0.51,0.7008159794926454,0.6390740487884262
endoplasmic reticulum,cellcom,0.52,0.61135010977018,0.5686788065358336
endoplasmic reticulum,cellcom,0.53,0.5386987474778234,0.49695951583961867
endoplasmic reticulum,cellcom,0.54,0.4701716983287009,0.43928065551431655
endoplasmic reticulum,cellcom,0.55,0.40418268803695345,0.4071448964138972
endoplasmic reticulum,cellcom,0.56,0.37436073146279836,0.36113421299801773
endoplasmic reticulum,cellcom,0.5700000000000001,0.29980584002741384,0.32552282673309313
endoplasmic reticulum,cellcom,0.58,0.2642732960241619,0.2778294984201065
endoplasmic reticulum,cellcom,0.59,0.24682427887970942,0.2535828612962708
endoplasmic reticulum,cellcom,0.6,0.2265199680207102,0.21813698108679533
endoplasmic reticulum,cellcom,0.61,0.2103399703049452,0.20067609223652452
endoplasmic reticulum,cellcom,0.62,0.18115252344513377,0.1871321800319701
endoplasmic reticulum,cellcom,0.63,0.17702821030189955,0.16329930804676634
endoplasmic reticulum,cellcom,0.64,0.15767566401441593,0.14456953943802406
endoplasmic reticulum,cellcom,0.65,0.1475235085849163,0.1342529953147993
endoplasmic reticulum,cellcom,0.66,0.11928782629662049,0.12283307748855583
endoplasmic reticulum,cellcom,0.67,0.13166076572632315,0.11353715404062337
endoplasmic reticulum,cellcom,0.68,0.09898351543762125,0.10277926043619111
endoplasmic reticulum,cellcom,0.6900000000000001,0.08819685029377791,0.09229721025751356
endoplasmic reticulum,cellcom,0.7000000000000001,0.0815344982931697,0.0801876838668843
endoplasmic reticulum,cellcom,0.71,0.07392038172104408,0.07384328507452594
endoplasmic reticulum,cellcom,0.72,0.07265136229235662,0.06840916958715887
endoplasmic reticulum,cellcom,0.73,0.057740384005279075,0.05732026387182103
endoplasmic reticulum,cellcom,0.74,0.03680156343193611,0.057623691640151166
endoplasmic reticulum,cellcom,0.75,0.04251215086102964,0.04904496109918084
endoplasmic reticulum,cellcom,0.76,0.043463915432545235,0.044934894055436214
endoplasmic reticulum,cellcom,0.77,0.042829405718201506,0.03861807960565421
endoplasmic reticulum,cellcom,0.78,0.023476859430717863,0.0339011570252493
endoplasmic reticulum,cellcom,0.79,0.028235682288295812,0.03412183176585303
endoplasmic reticulum,cellcom,0.8,0.02696666285960836,0.03050828288846682
endoplasmic reticulum,cellcom,0.81,0.021890585144858546,0.02532242648427897
endoplasmic reticulum,cellcom,0.8200000000000001,0.02284234971637414,0.021129606412807943
endoplasmic reticulum,cellcom,0.8300000000000001,0.01617999771576519,0.0207710099593271
endoplasmic reticulum,cellcom,0.84,0.014276468572733837,0.020577919561298594
endoplasmic reticulum,cellcom,0.85,0.01998705600182737,0.018150497414657477
endoplasmic reticulum,cellcom,0.86,0.012055684572530796,0.017543641877997194
endoplasmic reticulum,cellcom,0.87,0.01649725257293688,0.016192009091799298
endoplasmic reticulum,cellcom,0.88,0.009834900572327753,0.012578460214413082
endoplasmic reticulum,cellcom,0.89,0.016179997715765015,0.011033737030186916
endoplasmic reticulum,cellcom,0.9,0.006979606857780987,0.009020080022177803
endoplasmic reticulum,cellcom,0.91,0.012055684572530796,0.009130417392479672
endoplasmic reticulum,cellcom,0.92,0.00634509714343726,0.007751200263706308
endoplasmic reticulum,cellcom,0.93,0.002220784000203041,0.004854844293282243
endoplasmic reticulum,cellcom,0.9400000000000001,0.0,0.002399837804065654
endoplasmic reticulum,cellcom,0.9500000000000001,0.0,0.0030342776833014356
endoplasmic reticulum,cellcom,0.96,0.0,0.0024550064892165887
endoplasmic reticulum,cellcom,0.97,0.0,0.0020688256931600466
endoplasmic reticulum,cellcom,0.98,0.0,2.758434257546729e-05
endoplasmic reticulum,cellcom,0.99,0.0,0.0
endoplasmic reticulum lumen,cellcom,0.0,0.0,0.0
endoplasmic reticulum lumen,cellcom,0.01,0.0,0.0
endoplasmic reticulum lumen,cellcom,0.02,0.0,0.0
endoplasmic reticulum lumen,cellcom,0.03,0.0,0.0008556012193095193
endoplasmic reticulum lumen,cellcom,0.04,0.0,0.0019445482257034528
endoplasmic reticulum lumen,cellcom,0.05,0.00359229811284606,0.005107680006181074
endoplasmic reticulum lumen,cellcom,0.06,0.02155378867707633,0.01231547209612186
endoplasmic reticulum lumen,cellcom,0.07,0.01556662515566626,0.0322017186176492
endoplasmic reticulum lumen,cellcom,0.08,0.03113325031133252,0.07596701735081496
endoplasmic reticulum lumen,cellcom,0.09,0.1640482804866365,0.14843384789536349
endoplasmic reticulum lumen,cellcom,0.1,0.28019925280199265,0.24667242425790217
endoplasmic reticulum lumen,cellcom,0.11,0.3963502251173486,0.36212673424533526
endoplasmic reticulum lumen,cellcom,0.12,0.5963214867324451,0.5004748586767164
endoplasmic reticulum lumen,cellcom,0.13,0.7591723345147996,0.6287113323344399
endoplasmic reticulum lumen,cellcom,0.14,1.0118306351183082,0.7647778535143316
endoplasmic reticulum lumen,cellcom,0.15,1.2213813583676587,0.9066520920616533
endoplasmic reticulum lumen,cellcom,0.16,1.2824504262860414,1.0398666091771778
endoplasmic reticulum lumen,cellcom,0.17,1.4069834275313753,1.2102090337488034
endoplasmic reticulum lumen,cellcom,0.18,1.6165341507807247,1.3976116280872608
endoplasmic reticulum lumen,cellcom,0.19,1.6153367180764426,1.6408875747776006
endoplasmic reticulum lumen,cellcom,0.2,1.7805824312673662,1.909701921498851
endoplasmic reticulum lumen,cellcom,0.21,1.8524283935242822,2.203458340128447
endoplasmic reticulum lumen,cellcom,0.22,2.0344381645751493,2.5726891572250183
endoplasmic reticulum lumen,cellcom,0.23,2.09670466519782,2.946794308540695
endoplasmic reticulum lumen,cellcom,0.24,2.5086215154708285,3.2853531182904954
endoplasmic reticulum lumen,cellcom,0.25,2.6630903343232086,3.6425536636973814
endoplasmic reticulum lumen,cellcom,0.26,2.822348883992717,3.904367636806094
endoplasmic reticulum lumen,cellcom,0.27,3.1731966663473483,4.14196550267738
endoplasmic reticulum lumen,cellcom,0.28,3.5192547178848717,4.344898555511817
endoplasmic reticulum lumen,cellcom,0.29,3.871299932943765,4.476609288666106
endoplasmic reticulum lumen,cellcom,0.3,3.7850847782354595,4.4774648898854155
endoplasmic reticulum lumen,cellcom,0.31,3.6366031229044893,4.446066917867724
endoplasmic reticulum lumen,cellcom,0.32,3.7276080084299226,4.31062265212006
endoplasmic reticulum lumen,cellcom,0.33,3.7838873455311774,4.146191654154575
endoplasmic reticulum lumen,cellcom,0.34,3.806638566912536,3.8931151844066902
endoplasmic reticulum lumen,cellcom,0.35000000000000003,3.7120413832742774,3.634853252723616
endoplasmic reticulum lumen,cellcom,0.36,3.38753712041383,3.363964721228267
endoplasmic reticulum lumen,cellcom,0.37,3.428249832359419,3.0616782177152464
endoplasmic reticulum lumen,cellcom,0.38,3.2510297921256797,2.7748184634594733
endoplasmic reticulum lumen,cellcom,0.39,3.2402528977871414,2.494181263525951
endoplasmic reticulum lumen,cellcom,0.4,2.8391129418526653,2.278984593214769
endoplasmic reticulum lumen,cellcom,0.41000000000000003,2.542149631190739,2.0348789726148073
endoplasmic reticulum lumen,cellcom,0.42,2.348165533097038,1.796762560549989
endoplasmic reticulum lumen,cellcom,0.43,2.185314685314683,1.6187715796239333
endoplasmic reticulum lumen,cellcom,0.44,2.072756011112174,1.4357507006207244
endoplasmic reticulum lumen,cellcom,0.45,1.755436344477439,1.2793571686548149
endoplasmic reticulum lumen,cellcom,0.46,1.5782163042437,1.1338271794431685
endoplasmic reticulum lumen,cellcom,0.47000000000000003,1.4285372162084558,1.0051758688306338
endoplasmic reticulum lumen,cellcom,0.48,1.2956221860331436,0.8811396193404241
endoplasmic reticulum lumen,cellcom,0.49,1.1411533671807634,0.7979129552803162
endoplasmic reticulum lumen,cellcom,0.5,1.177076348309224,0.7230348849358954
endoplasmic reticulum lumen,cellcom,0.51,1.0238049621611256,0.6357894878760005
endoplasmic reticulum lumen,cellcom,0.52,0.8741258741258734,0.5655524059635919
endoplasmic reticulum lumen,cellcom,0.53,0.7998850464603883,0.4938115400899725
endoplasmic reticulum lumen,cellcom,0.54,0.7112750263435189,0.43591585758336177
endoplasmic reticulum lumen,cellcom,0.55,0.5819522942810609,0.4031178108431635
endoplasmic reticulum lumen,cellcom,0.56,0.4478398314014748,0.36033774987768763
endoplasmic reticulum lumen,cellcom,0.5700000000000001,0.36521697480601967,0.32256165967969214
endoplasmic reticulum lumen,cellcom,0.58,0.2837915509148383,0.27659253962405894
endoplasmic reticulum lumen,cellcom,0.59,0.27900182009771024,0.25248014162533616
endoplasmic reticulum lumen,cellcom,0.6,0.24068397356068566,0.21833387478198354
endoplasmic reticulum lumen,cellcom,0.61,0.20835329054507118,0.20129963232482131
endoplasmic reticulum lumen,cellcom,0.62,0.18081233834658478,0.18678033890623555
endoplasmic reticulum lumen,cellcom,0.63,0.16644314589520054,0.16435321603645572
endoplasmic reticulum lumen,cellcom,0.64,0.19757639620653303,0.14449289682460448
endoplasmic reticulum lumen,cellcom,0.65,0.16285084778235448,0.13471830107673513
endoplasmic reticulum lumen,cellcom,0.66,0.13411246287958606,0.12229911974190909
endoplasmic reticulum lumen,cellcom,0.67,0.10297921256825358,0.11524689151002455
endoplasmic reticulum lumen,cellcom,0.68,0.0922023182297154,0.10269807362681829
endoplasmic reticulum lumen,cellcom,0.6900000000000001,0.05148960628412679,0.0928456959499208
endoplasmic reticulum lumen,cellcom,0.7000000000000001,0.037120413832742984,0.08123026121505308
endoplasmic reticulum lumen,cellcom,0.71,0.02275122138135835,0.07495585227344906
endoplasmic reticulum lumen,cellcom,0.72,0.027540952198486422,0.06964075378985961
endoplasmic reticulum lumen,cellcom,0.73,0.025146086789922386,0.05805124636466704
endoplasmic reticulum lumen,cellcom,0.74,0.011974327042820183,0.05691044473892101
endoplasmic reticulum lumen,cellcom,0.75,0.013171759747102201,0.04928781569416348
endoplasmic reticulum lumen,cellcom,0.76,0.008382028929974129,0.04560613772016495
endoplasmic reticulum lumen,cellcom,0.77,0.013171759747102201,0.039513219946294136
endoplasmic reticulum lumen,cellcom,0.78,0.015566625155666237,0.03344622948209937
endoplasmic reticulum lumen,cellcom,0.79,0.010776894338538165,0.03414626684335261
endoplasmic reticulum lumen,cellcom,0.8,0.010776894338538165,0.0306460800370864
endoplasmic reticulum lumen,cellcom,0.81,0.011974327042820183,0.025330981553496962
endoplasmic reticulum lumen,cellcom,0.8200000000000001,0.011974327042820183,0.021467812411766107
endoplasmic reticulum lumen,cellcom,0.8300000000000001,0.004789730817128126,0.020741847740837045
endoplasmic reticulum lumen,cellcom,0.84,0.003592298112846055,0.020430720024724264
endoplasmic reticulum lumen,cellcom,0.85,0.0,0.01869359027642918
endoplasmic reticulum lumen,cellcom,0.86,0.0,0.017475006721655018
endoplasmic reticulum lumen,cellcom,0.87,0.0,0.016567550882993408
endoplasmic reticulum lumen,cellcom,0.88,0.0,0.012626599812234412
endoplasmic reticulum lumen,cellcom,0.89,0.0,0.011693216663896755
endoplasmic reticulum lumen,cellcom,0.9,0.0,0.009048631076940062
endoplasmic reticulum lumen,cellcom,0.91,0.0,0.009567177270460981
endoplasmic reticulum lumen,cellcom,0.92,0.0,0.007804120212489852
endoplasmic reticulum lumen,cellcom,0.93,0.0,0.0047446976707164225
endoplasmic reticulum lumen,cellcom,0.9400000000000001,0.0,0.002255675941816004
endoplasmic reticulum lumen,cellcom,0.9500000000000001,0.0,0.002852004064365094
endoplasmic reticulum lumen,cellcom,0.96,0.0,0.002307530561168096
endoplasmic reticulum lumen,cellcom,0.97,0.0,0.0019445482257034517
endoplasmic reticulum lumen,cellcom,0.98,0.0,2.592730967604602e-05
endoplasmic reticulum lumen,cellcom,0.99,0.0,0.0
endoplasmic reticulum membrane,cellcom,0.0,0.0,0.0
endoplasmic reticulum membrane,cellcom,0.01,0.0,0.0
endoplasmic reticulum membrane,cellcom,0.02,0.0,0.0
endoplasmic reticulum membrane,cellcom,0.03,0.0038589427783101682,0.0007133485479129798
endoplasmic reticulum membrane,cellcom,0.04,0.006431571297183613,0.0017173205783090255
endoplasmic reticulum membrane,cellcom,0.05,0.0051452570377468945,0.005072700785158971
endoplasmic reticulum membrane,cellcom,0.06,0.017365242502395746,0.012311867530646234
endoplasmic reticulum membrane,cellcom,0.07,0.04373468482084861,0.03136091579158176
endoplasmic reticulum membrane,cellcom,0.08,0.07589254130676669,0.07498085848063103
endoplasmic reticulum membrane,cellcom,0.09,0.1582166539107168,0.1483764979658997
endoplasmic reticulum membrane,cellcom,0.1,0.2874912369841077,0.24573536459772702
endoplasmic reticulum membrane,cellcom,0.11,0.4611436620080654,0.3588143196002291
endoplasmic reticulum membrane,cellcom,0.12,0.7750043413106249,0.4913122072959172
endoplasmic reticulum membrane,cellcom,0.13,0.9737398943935983,0.6174163783769783
endoplasmic reticulum membrane,cellcom,0.14,1.313970016014615,0.7476685391625725
endoplasmic reticulum membrane,cellcom,0.15,1.416875156769549,0.8926368162884415
endoplasmic reticulum membrane,cellcom,0.16,1.5821665391071678,1.0229418177072123
endoplasmic reticulum membrane,cellcom,0.17,1.6927895654187308,1.1947267161712967
endoplasmic reticulum membrane,cellcom,0.18,1.8735167188695856,1.3828922109207837
endoplasmic reticulum membrane,cellcom,0.19,2.128850099367775,1.6202787554762696
endoplasmic reticulum membrane,cellcom,0.2,2.2002405407665186,1.8949179464227721
endoplasmic reticulum membrane,cellcom,0.21,2.3404487950451154,2.190085723359204
endoplasmic reticulum membrane,cellcom,0.22,2.6761768167580997,2.5565619347703494
endoplasmic reticulum membrane,cellcom,0.23,3.0601416231999696,2.9233816102971653
endoplasmic reticulum membrane,cellcom,0.24,3.406803316118158,3.2632261425862183
endoplasmic reticulum membrane,cellcom,0.25,3.7116597956046613,3.618103835014631
endoplasmic reticulum membrane,cellcom,0.26,4.044815188798772,3.874724370047178
endoplasmic reticulum membrane,cellcom,0.27,4.1773055575207545,4.119138718815436
endoplasmic reticulum membrane,cellcom,0.28,4.278924384016279,4.329391598233664
endoplasmic reticulum membrane,cellcom,0.29,4.306580140594145,4.470238305971569
endoplasmic reticulum membrane,cellcom,0.3,4.285999112443157,4.470053363755444
endoplasmic reticulum membrane,cellcom,0.31,4.199172899931178,4.4383489838482
endoplasmic reticulum membrane,cellcom,0.32,3.899461677482422,4.314649061576771
endoplasmic reticulum membrane,cellcom,0.33,3.915540605725381,4.147672660731955
endoplasmic reticulum membrane,cellcom,0.34,3.775975508576497,3.89601914521821
endoplasmic reticulum membrane,cellcom,0.35000000000000003,3.482695857424944,3.642806831025712
endoplasmic reticulum membrane,cellcom,0.36,3.155972035527997,3.3730289783316385
endoplasmic reticulum membrane,cellcom,0.37,2.931510197256289,3.0751134884699067
endoplasmic reticulum membrane,cellcom,0.38,2.534039091090342,2.7952166545221253
endoplasmic reticulum membrane,cellcom,0.39,2.3192246097644094,2.5178297506503338
endoplasmic reticulum membrane,cellcom,0.4,2.0716091148228406,2.299862138788035
endoplasmic reticulum membrane,cellcom,0.41000000000000003,1.7352379359801475,2.058380445161208
endoplasmic reticulum membrane,cellcom,0.42,1.5873117961449146,1.817532839132503
endoplasmic reticulum membrane,cellcom,0.43,1.4490330132554672,1.638244570757041
endoplasmic reticulum membrane,cellcom,0.44,1.1982017326653063,1.4595639696631344
endoplasmic reticulum membrane,cellcom,0.45,1.1075165773750175,1.296920500738975
endoplasmic reticulum membrane,cellcom,0.46,0.9718104230044433,1.150287743667974
endoplasmic reticulum membrane,cellcom,0.47000000000000003,0.8489674112282412,1.020933873646426
endoplasmic reticulum membrane,cellcom,0.48,0.7274107137114662,0.896599863776847
endoplasmic reticulum membrane,cellcom,0.49,0.6656676292585035,0.8109187770775212
endoplasmic reticulum membrane,cellcom,0.5,0.6656676292585035,0.735409512265103
endoplasmic reticulum membrane,cellcom,0.51,0.5904182450814552,0.6462145234593911
endoplasmic reticulum membrane,cellcom,0.52,0.5196709608124356,0.5742455810699484
endoplasmic reticulum membrane,cellcom,0.53,0.46950470469440353,0.5015632901325926
endoplasmic reticulum membrane,cellcom,0.54,0.37624692088524114,0.4444425656663755
endoplasmic reticulum membrane,cellcom,0.55,0.3344417074535477,0.40988479156748003
endoplasmic reticulum membrane,cellcom,0.56,0.3395869644912946,0.36312083120429584
endoplasmic reticulum membrane,cellcom,0.5700000000000001,0.27655756577889823,0.32539261911467965
endoplasmic reticulum membrane,cellcom,0.58,0.23796813799579353,0.2783380352690088
endoplasmic reticulum membrane,cellcom,0.59,0.19809239595325515,0.2552995192030785
endoplasmic reticulum membrane,cellcom,0.6,0.20002186734241023,0.21957925117425078
endoplasmic reticulum membrane,cellcom,0.61,0.20966922428818566,0.20111144987828142
endoplasmic reticulum membrane,cellcom,0.62,0.17686821067254924,0.1870558414527368
endoplasmic reticulum membrane,cellcom,0.63,0.16722085372677384,0.1642815285527002
endoplasmic reticulum membrane,cellcom,0.64,0.16014612529987188,0.14502111775904977
endoplasmic reticulum membrane,cellcom,0.65,0.11769775473846006,0.1360382101186641
endoplasmic reticulum membrane,cellcom,0.66,0.10161882649550102,0.12340929878894542
endoplasmic reticulum membrane,cellcom,0.67,0.13827878288944762,0.1140300863997192
endoplasmic reticulum membrane,cellcom,0.68,0.10161882649550102,0.10251082836675406
endoplasmic reticulum membrane,cellcom,0.6900000000000001,0.09840304084690922,0.0917049188817019
endoplasmic reticulum membrane,cellcom,0.7000000000000001,0.08811252677141643,0.07997429831602268
endoplasmic reticulum membrane,cellcom,0.71,0.08168095547423183,0.07352774106821561
endoplasmic reticulum membrane,cellcom,0.72,0.06881781287986462,0.06874566376553971
endoplasmic reticulum membrane,cellcom,0.73,0.05981361306380756,0.05725282604916393
endoplasmic reticulum membrane,cellcom,0.74,0.04566415621000362,0.05638095560171473
endoplasmic reticulum membrane,cellcom,0.75,0.045020999080285264,0.04866622315761881
endoplasmic reticulum membrane,cellcom,0.76,0.03537364213450985,0.045205161684411396
endoplasmic reticulum membrane,cellcom,0.77,0.04695047046944035,0.038626502853658366
endoplasmic reticulum membrane,cellcom,0.78,0.02765575657788952,0.0332895989026057
endoplasmic reticulum membrane,cellcom,0.79,0.01800839963211411,0.03429357093300175
endoplasmic reticulum membrane,cellcom,0.8,0.025083128059016076,0.030436204710953783
endoplasmic reticulum membrane,cellcom,0.81,0.02186734241042427,0.02517856170966923
endoplasmic reticulum membrane,cellcom,0.8200000000000001,0.01800839963211411,0.02140045643738938
endoplasmic reticulum membrane,cellcom,0.8300000000000001,0.012219985464648992,0.020739948522655368
endoplasmic reticulum membrane,cellcom,0.84,0.010933671205212134,0.02044932504017207
endoplasmic reticulum membrane,cellcom,0.85,0.0025726285188734438,0.018943366994578006
endoplasmic reticulum membrane,cellcom,0.86,0.00771788555662033,0.01749024958216268
endoplasmic reticulum membrane,cellcom,0.87,0.006431571297183609,0.01661837913471348
endoplasmic reticulum membrane,cellcom,0.88,0.0019294713891550826,0.012787433229254888
endoplasmic reticulum membrane,cellcom,0.89,0.0032157856485918045,0.011783461198858845
endoplasmic reticulum membrane,cellcom,0.9,0.0025726285188734438,0.009115009223332514
endoplasmic reticulum membrane,cellcom,0.91,0.005788414167465249,0.009511313972173058
endoplasmic reticulum membrane,cellcom,0.92,0.0032157856485918045,0.007820413710453403
endoplasmic reticulum membrane,cellcom,0.93,0.0,0.004834917935854638
endoplasmic reticulum membrane,cellcom,0.9400000000000001,0.0,0.002298567543275156
endoplasmic reticulum membrane,cellcom,0.9500000000000001,0.0,0.0029062348248306887
endoplasmic reticulum membrane,cellcom,0.96,0.0,0.002351408176453895
endoplasmic reticulum membrane,cellcom,0.97,0.0,0.0019815237442027205
endoplasmic reticulum membrane,cellcom,0.98,0.0,2.6420316589369606e-05
endoplasmic reticulum membrane,cellcom,0.99,0.0,0.0
endosome,cellcom,0.0,0.0,0.0
endosome,cellcom,0.01,0.0,0.0
endosome,cellcom,0.02,0.0,0.0
endosome,cellcom,0.03,0.003563728372623438,0.0007157843166884317
endosome,cellcom,0.04,0.003563728372623438,0.0018292265870926588
endosome,cellcom,0.05,0.002969773643852867,0.005169553398305344
endosome,cellcom,0.06,0.026134008065905195,0.011903228081226134
endosome,cellcom,0.07,0.03979496682762842,0.031494509934291016
endosome,cellcom,0.08,0.0736503863675511,0.07507782166154221
endosome,cellcom,0.09,0.14670681800633142,0.14885662734094599
endosome,cellcom,0.1,0.2619340353878229,0.24673350501552735
endosome,cellcom,0.11,0.4062650344790722,0.36091435879245615
endosome,cellcom,0.12,0.5684146754334379,0.4995644319880295
endosome,cellcom,0.13,0.6503804280037769,0.6306324935327555
endosome,cellcom,0.14,0.8000570196539636,0.7686728245326341
endosome,cellcom,0.15,0.9663643437097216,0.9109548403721434
endosome,cellcom,0.16,1.0417965942635843,1.0451511444861004
endosome,cellcom,0.17,1.228892333826318,1.213731606331353
endosome,cellcom,0.18,1.3013548107363244,1.4067547770649969
endosome,cellcom,0.19,1.5840772616311172,1.642857559451188
endosome,cellcom,0.2,1.7616697255335232,1.9134505416896683
endosome,cellcom,0.21,2.0907206452724156,2.2007186474539533
endosome,cellcom,0.22,2.6021156667438783,2.5594591427660958
endosome,cellcom,0.23,2.853358517013839,2.932144176988547
endosome,cellcom,0.24,3.423555056633581,3.2619881943306672
endosome,cellcom,0.25,3.730629651407966,3.6169376838173855
endosome,cellcom,0.26,3.8036860830467467,3.8849061235613362
endosome,cellcom,0.27,3.8927792923623326,4.131639628576863
endosome,cellcom,0.28,4.091754126500497,4.337918064434394
endosome,cellcom,0.29,4.548505312925045,4.4599990562251195
endosome,cellcom,0.3,4.658980892476372,4.454034186919382
endosome,cellcom,0.31,4.506334527182334,4.4254558353123405
endosome,cellcom,0.32,4.19035061147639,4.303083227688866
endosome,cellcom,0.33,4.288947096452304,4.13179869175835
endosome,cellcom,0.34,3.959302221984637,3.888246450372549
endosome,cellcom,0.35000000000000003,3.7561697047451217,3.631147328030184
endosome,cellcom,0.36,3.4906719409846554,3.358831161325587
endosome,cellcom,0.37,3.2382411812571616,3.0619132225511265
endosome,cellcom,0.38,2.7482285300214393,2.7865483448680624
endosome,cellcom,0.39,2.5213378236310806,2.509486793249144
endosome,cellcom,0.4,2.33424208406835,2.2889191815881165
endosome,cellcom,0.41000000000000003,2.096066237831362,2.0433786504337483
endosome,cellcom,0.42,1.8858062638465678,1.8049959624462417
endosome,cellcom,0.43,1.737317581653925,1.6260233727438862
endosome,cellcom,0.44,1.4836989124688902,1.4477135462977238
endosome,cellcom,0.45,1.3720354234600227,1.285760717014404
endosome,cellcom,0.46,1.164745223119093,1.1422857273137452
endosome,cellcom,0.47000000000000003,1.0037834916222732,1.014611013640733
endosome,cellcom,0.48,0.8980595499011057,0.8895608424622337
endosome,cellcom,0.49,0.8279728919061782,0.8041704245343285
endosome,cellcom,0.5,0.6777023455272233,0.7351104932390189
endosome,cellcom,0.51,0.6693869793244352,0.642880358507202
endosome,cellcom,0.52,0.5791058605513083,0.571779116382818
endosome,cellcom,0.53,0.43596277091760033,0.5031698641017194
endosome,cellcom,0.54,0.4276474047148123,0.4423812182436982
endosome,cellcom,0.55,0.3427118785006204,0.409773266039003
endosome,cellcom,0.56,0.3147960062484035,0.3643077066641638
endosome,cellcom,0.5700000000000001,0.285098269809878,0.3251781640185331
endosome,cellcom,0.58,0.22807861584789985,0.2789172887362587
endosome,cellcom,0.59,0.20729020034092985,0.2550843220435587
endosome,cellcom,0.6,0.1799682828174835,0.22054110113077996
endosome,cellcom,0.61,0.14611286327756084,0.20391899866545973
endosome,cellcom,0.62,0.15739800312420174,0.1879596594563325
endosome,cellcom,0.63,0.16096173149682516,0.164550861247596
endosome,cellcom,0.64,0.10988162482255592,0.14721297446558734
endosome,cellcom,0.65,0.1146332626527205,0.1362376149430314
endosome,cellcom,0.66,0.11997885521165566,0.12266422345619893
endosome,cellcom,0.67,0.10334812280607963,0.1155063802893146
endosome,cellcom,0.68,0.09028111877312704,0.10301992054263864
endosome,cellcom,0.6900000000000001,0.073650386367551,0.09278685586701886
endosome,cellcom,0.7000000000000001,0.04989219721672865,0.0816524331629775
endosome,cellcom,0.71,0.0605833823345984,0.07444156893559685
endosome,cellcom,0.72,0.06177129179213955,0.06905993129530975
endosome,cellcom,0.73,0.032667510082381494,0.058455719196221875
endosome,cellcom,0.74,0.035637283726234356,0.056865087381358696
endosome,cellcom,0.75,0.035637283726234356,0.049097502018776835
endosome,cellcom,0.76,0.016630732405576033,0.0460753015705368
endosome,cellcom,0.77,0.02257027969328176,0.039686263780836346
endosome,cellcom,0.78,0.023758189150822902,0.03348279970286994
endosome,cellcom,0.79,0.02494609860836405,0.03403952083807206
endosome,cellcom,0.8,0.021976324964511185,0.030593151905868504
endosome,cellcom,0.81,0.0059395472877057254,0.02590078805202212
endosome,cellcom,0.8200000000000001,0.01603677767680546,0.021500040030900655
endosome,cellcom,0.8300000000000001,0.02019446077819969,0.020413108290744376
endosome,cellcom,0.84,0.010691185117870306,0.020492639881487307
endosome,cellcom,0.85,0.017818641863117178,0.018318776401174294
endosome,cellcom,0.86,0.012473049304182025,0.017311376251760945
endosome,cellcom,0.87,0.015442822948034887,0.01625095504185216
endosome,cellcom,0.88,0.015442822948034887,0.012221354444198768
endosome,cellcom,0.89,0.003563728372623435,0.011797185960235256
endosome,cellcom,0.9,0.0011879094575411452,0.009199153995958727
endosome,cellcom,0.91,0.003563728372623435,0.009623322479922243
endosome,cellcom,0.92,0.0,0.007979669604563621
endosome,cellcom,0.93,0.0005939547287705726,0.004824916505084981
endosome,cellcom,0.9400000000000001,0.0,0.0023064161315516116
endosome,cellcom,0.9500000000000001,0.0,0.0029161583272491963
endosome,cellcom,0.96,0.0,0.0023594371920470513
endosome,cellcom,0.97,0.0,0.0019882897685789755
endosome,cellcom,0.98,0.0,2.6510530247719673e-05
endosome,cellcom,0.99,0.0,0.0
endosome membrane,cellcom,0.0,0.0,0.0
endosome membrane,cellcom,0.01,0.0,0.0
endosome membrane,cellcom,0.02,0.0,0.0
endosome membrane,cellcom,0.03,0.0,0.0008541378449066853
endosome membrane,cellcom,0.04,0.0,0.001941222374787921
endosome membrane,cellcom,0.05,0.002600644959950069,0.005124827069440115
endosome membrane,cellcom,0.06,0.03900967439925098,0.011983812793690757
endosome membrane,cellcom,0.07,0.04811193175907628,0.03152545136655586
endosome membrane,cellcom,0.08,0.08582128367835228,0.07480176884182793
endosome membrane,cellcom,0.09,0.22365546655570562,0.1472740708339102
endosome membrane,cellcom,0.1,0.32378029751378357,0.24586228450813966
endosome membrane,cellcom,0.11,0.3926973889524604,0.3622579781004235
endosome membrane,cellcom,0.12,0.5786435035888896,0.5009906704852664
endosome membrane,cellcom,0.13,0.6332570477478409,0.6314408140710145
endosome membrane,cellcom,0.14,0.751586393425571,0.7703805701758374
endosome membrane,cellcom,0.15,0.9726412150213244,0.9121415694653476
endosome membrane,cellcom,0.16,0.950535732861749,1.0468882852406265
endosome membrane,cellcom,0.17,1.0506605638198292,1.2176382053269754
endosome membrane,cellcom,0.18,1.20409861645688,1.406195605331372
endosome membrane,cellcom,0.19,1.5382814938104636,1.6423776609305687
endosome membrane,cellcom,0.2,1.7021221262873225,1.9110428376012223
endosome membrane,cellcom,0.21,2.0805159679600522,2.1983178661048317
endosome membrane,cellcom,0.22,2.6487568917091417,2.559540525605368
endosome membrane,cellcom,0.23,2.8438052637054043,2.9304692969798514
endosome membrane,cellcom,0.24,3.422448767294286,3.265834874448205
endosome membrane,cellcom,0.25,3.5446790804119392,3.623330386989148
endosome membrane,cellcom,0.26,3.6383022989701415,3.886275428395421
endosome membrane,cellcom,0.27,3.58108810985124,4.1321894788335545
endosome membrane,cellcom,0.28,3.954280661604096,4.334827211796441
endosome membrane,cellcom,0.29,4.451003848954537,4.4640349730623
endosome membrane,cellcom,0.3,4.469208363674188,4.46266317591745
endosome membrane,cellcom,0.31,4.504317070633514,4.427410577591302
endosome membrane,cellcom,0.32,4.076510974721727,4.302680569269929
endosome membrane,cellcom,0.33,4.288463538957657,4.135528381318189
endosome membrane,cellcom,0.34,3.871060022885672,3.89168496807983
endosome membrane,cellcom,0.35000000000000003,3.8255487360865676,3.6327259032831414
endosome membrane,cellcom,0.36,3.799542286487046,3.3558040607783757
endosome membrane,cellcom,0.37,3.545979402891914,3.059961770860696
endosome membrane,cellcom,0.38,2.875013003224797,2.783117577250942
endosome membrane,cellcom,0.39,2.600644959950065,2.508188723050978
endosome membrane,cellcom,0.4,2.4172994902735856,2.288338818364997
endosome membrane,cellcom,0.41000000000000003,2.124726932279215,2.0440553947216964
endosome membrane,cellcom,0.42,2.0076979090814504,1.8044826707078585
endosome membrane,cellcom,0.43,1.8711640486840722,1.6259937440873586
endosome membrane,cellcom,0.44,1.5642879434099644,1.4469612752019183
endosome membrane,cellcom,0.45,1.4459585977322362,1.286331594429467
endosome membrane,cellcom,0.46,1.1702902319775295,1.1427070216601583
endosome membrane,cellcom,0.47000000000000003,1.0285550816602564,1.0138616219042402
endosome membrane,cellcom,0.48,0.8868199313429723,0.8899857514277683
endosome membrane,cellcom,0.49,0.9024238011026727,0.803251935722244
endosome membrane,cellcom,0.5,0.5500364090294388,0.7362927052745594
endosome membrane,cellcom,0.51,0.6501612399875163,0.6438905202346543
endosome membrane,cellcom,0.52,0.5435347966295636,0.5726606005624364
endosome membrane,cellcom,0.53,0.4863206075106622,0.5005765430453116
endosome membrane,cellcom,0.54,0.44340996567148616,0.4417186806417418
endosome membrane,cellcom,0.55,0.37189222927285936,0.4076049327754688
endosome membrane,cellcom,0.56,0.36929158431290926,0.3620509143804456
endosome membrane,cellcom,0.5700000000000001,0.3354831998335621,0.3232264668846908
endosome membrane,cellcom,0.58,0.23925933631540602,0.27749126773468386
endosome membrane,cellcom,0.59,0.20154998439613006,0.25406718441224296
endosome membrane,cellcom,0.6,0.18464579215645463,0.21948754317602082
endosome membrane,cellcom,0.61,0.11962966815770301,0.20307774336781356
endosome membrane,cellcom,0.62,0.12223031311765306,0.1879362088444678
endosome membrane,cellcom,0.63,0.1755435347966294,0.16417564697706366
endosome membrane,cellcom,0.64,0.10662644335795268,0.14639405002400632
endosome membrane,cellcom,0.65,0.11832934567772799,0.13565261955017982
endosome membrane,cellcom,0.66,0.11182773327785281,0.12276290298158805
endosome membrane,cellcom,0.67,0.13263289295745334,0.11463565197247595
endosome membrane,cellcom,0.68,0.0988245084781025,0.10254830731879651
endosome membrane,cellcom,0.6900000000000001,0.0715177363986268,0.09237630207490781
endosome membrane,cellcom,0.7000000000000001,0.052012899199001886,0.08085838265116706
endosome membrane,cellcom,0.71,0.08192031623842706,0.07368880134694944
endosome membrane,cellcom,0.72,0.0637158015187766,0.06884868689247822
endosome membrane,cellcom,0.73,0.0520128991990013,0.05746018229372242
endosome membrane,cellcom,0.74,0.05071257671902627,0.05606250218387512
endosome membrane,cellcom,0.75,0.05461354415895137,0.04840114454471213
endosome membrane,cellcom,0.76,0.02340580463955059,0.04524342281505712
endosome membrane,cellcom,0.77,0.02340580463955059,0.03926445790071032
endosome membrane,cellcom,0.78,0.03770935191927594,0.03297489740639746
endosome membrane,cellcom,0.79,0.032508061999375816,0.033673737461321115
endosome membrane,cellcom,0.8,0.03380838447935085,0.030153654221705687
endosome membrane,cellcom,0.81,0.0052012899199001305,0.025442954592220336
endosome membrane,cellcom,0.8200000000000001,0.007801934879850195,0.021534626877647324
endosome membrane,cellcom,0.8300000000000001,0.029907417039426086,0.020214595662791764
endosome membrane,cellcom,0.84,0.01820451471965046,0.020111063802802847
endosome membrane,cellcom,0.85,0.00910225735982523,0.018480437007980997
endosome membrane,cellcom,0.86,0.013003224799750326,0.017186288758122382
endosome membrane,cellcom,0.87,0.006501612399875163,0.016409799808207216
endosome membrane,cellcom,0.88,0.027306772079475686,0.012061461688682273
endosome membrane,cellcom,0.89,0.006501612399875163,0.01154380238873883
endosome membrane,cellcom,0.9,0.0,0.00903315478401312
endosome membrane,cellcom,0.91,0.0,0.009550814083956563
endosome membrane,cellcom,0.92,0.0,0.007790772464148852
endosome membrane,cellcom,0.93,0.0,0.0047365825944825244
endosome membrane,cellcom,0.9400000000000001,0.0,0.002251817954753987
endosome membrane,cellcom,0.9500000000000001,0.0,0.0028471261496889806
endosome membrane,cellcom,0.96,0.0,0.0023035838847483316
endosome membrane,cellcom,0.97,0.0,0.0019412223747879197
endosome membrane,cellcom,0.98,0.0,2.5882964997172265e-05
endosome membrane,cellcom,0.99,0.0,0.0
external side of plasma membrane,cellcom,0.0,0.0,0.0
external side of plasma membrane,cellcom,0.01,0.0,0.0
external side of plasma membrane,cellcom,0.02,0.0,0.0
external side of plasma membrane,cellcom,0.03,0.013603899784604917,0.000692957295351745
external side of plasma membrane,cellcom,0.04,0.013603899784604917,0.001770890865898904
external side of plasma membrane,cellcom,0.05,0.0068019498923024635,0.005056021747566439
external side of plasma membrane,cellcom,0.06,0.01813853304613988,0.012447566231318373
external side of plasma membrane,cellcom,0.07,0.036277066092279805,0.031799040331141205
external side of plasma membrane,cellcom,0.08,0.19045459698446895,0.07371012415741529
external side of plasma membrane,cellcom,0.09,0.26300872916902823,0.14747157848485645
external side of plasma membrane,cellcom,0.1,0.6529871896610365,0.2427917042232412
external side of plasma membrane,cellcom,0.11,0.9726788345992523,0.35594906404567994
external side of plasma membrane,cellcom,0.12,1.584854324906472,0.49025445391885275
external side of plasma membrane,cellcom,0.13,1.8818728035370123,0.6173222898183522
external side of plasma membrane,cellcom,0.14,2.262781997505956,0.7531162546222833
external side of plasma membrane,cellcom,0.15,2.516721460151908,0.8951725001693888
external side of plasma membrane,cellcom,0.16,2.8862940709670077,1.0241652174448652
external side of plasma membrane,cellcom,0.17,3.047273551751508,1.1936317737858897
external side of plasma membrane,cellcom,0.18,3.0767486679514766,1.3832967520321602
external side of plasma membrane,cellcom,0.19,3.2014510826436884,1.6226749999486685
external side of plasma membrane,cellcom,0.2,3.0132638022899956,1.8944425851516227
external side of plasma membrane,cellcom,0.21,3.149302800136036,2.18522799834922
external side of plasma membrane,cellcom,0.22,3.4100442126742965,2.5516740821652273
external side of plasma membrane,cellcom,0.23,3.518875410951146,2.922098254158263
external side of plasma membrane,cellcom,0.24,3.4735290783357864,3.2665750252031107
external side of plasma membrane,cellcom,0.25,3.5302119941049734,3.622832070268946
external side of plasma membrane,cellcom,0.26,3.7025280580433027,3.8834610085762415
external side of plasma membrane,cellcom,0.27,3.9405963042738885,4.123480883618075
external side of plasma membrane,cellcom,0.28,4.024487019612307,4.330829105438349
external side of plasma membrane,cellcom,0.29,4.026754336243053,4.468727607213323
external side of plasma membrane,cellcom,0.3,3.8408343725201193,4.469831205868883
external side of plasma membrane,cellcom,0.31,3.970071420473866,4.434105407530748
external side of plasma membrane,cellcom,0.32,3.509806144428066,4.307191562141327
external side of plasma membrane,cellcom,0.33,3.4145788459358317,4.146707785554865
external side of plasma membrane,cellcom,0.34,2.899897970751613,3.902504501655908
external side of plasma membrane,cellcom,0.35000000000000003,2.546196576351899,3.6488308013871635
external side of plasma membrane,cellcom,0.36,2.6119487586441426,3.372982467667123
external side of plasma membrane,cellcom,0.37,2.317197596644369,3.0779623154423708
external side of plasma membrane,cellcom,0.38,1.9793674186600143,2.794029479943247
external side of plasma membrane,cellcom,0.39,1.6823489400294735,2.5193617401338257
external side of plasma membrane,cellcom,0.4,1.5485772588141922,2.2992579710621013
external side of plasma membrane,cellcom,0.41000000000000003,1.564448475229573,2.051076598986136
external side of plasma membrane,cellcom,0.42,1.2470241469221166,1.8148038263561928
external side of plasma membrane,cellcom,0.43,1.0951139326606951,1.6368421268758597
external side of plasma membrane,cellcom,0.44,0.9704115179684835,1.45467135345339
external side of plasma membrane,cellcom,0.45,0.818501303707062,1.294777873822228
external side of plasma membrane,cellcom,0.46,0.8729169028454815,1.1463053570218635
external side of plasma membrane,cellcom,0.47000000000000003,0.793560820768624,1.016645347536054
external side of plasma membrane,cellcom,0.48,0.5963042738918485,0.8932476187934116
external side of plasma membrane,cellcom,0.49,0.5645618410611037,0.807911211125095
external side of plasma membrane,cellcom,0.5,0.5441559913841963,0.7347913839229795
external side of plasma membrane,cellcom,0.51,0.3559687110304951,0.6472734440285554
external side of plasma membrane,cellcom,0.52,0.33556286135358776,0.5747695788667525
external side of plasma membrane,cellcom,0.53,0.24940482938442332,0.5031383265953926
external side of plasma membrane,cellcom,0.54,0.21312776329214353,0.44433961683054635
external side of plasma membrane,cellcom,0.55,0.1927219136152362,0.4093324408727768
external side of plasma membrane,cellcom,0.56,0.1473755809998865,0.3646238627800828
external side of plasma membrane,cellcom,0.5700000000000001,0.08162339870763036,0.3262032305155841
external side of plasma membrane,cellcom,0.58,0.1179004647999092,0.27854316764638826
external side of plasma membrane,cellcom,0.59,0.07708876544609447,0.255033949774455
external side of plasma membrane,cellcom,0.6,0.06121754903072209,0.220591405686972
external side of plasma membrane,cellcom,0.61,0.04307901598458221,0.20324180821816537
external side of plasma membrane,cellcom,0.62,0.05668291576918712,0.1881250731454921
external side of plasma membrane,cellcom,0.63,0.04081169935381473,0.16579644918415812
external side of plasma membrane,cellcom,0.64,0.031742432830744786,0.14690694661456985
external side of plasma membrane,cellcom,0.65,0.05441559913841963,0.13623027124915035
external side of plasma membrane,cellcom,0.66,0.03627706609227976,0.12352605416770172
external side of plasma membrane,cellcom,0.67,0.020405849676907364,0.11605751442891069
external side of plasma membrane,cellcom,0.68,0.015871216415372393,0.10345595768751416
external side of plasma membrane,cellcom,0.6900000000000001,0.011336583153837423,0.09288194266214679
external side of plasma membrane,cellcom,0.7000000000000001,0.01813853304614008,0.08099900830111592
external side of plasma membrane,cellcom,0.71,0.00906926652306994,0.07458273704785814
external side of plasma membrane,cellcom,0.72,0.013603899784604908,0.06937272479021353
external side of plasma membrane,cellcom,0.73,0.013603899784604908,0.05784910161936415
external side of plasma membrane,cellcom,0.74,0.0,0.0565915124537258
external side of plasma membrane,cellcom,0.75,0.0,0.04907164254490872
external side of plasma membrane,cellcom,0.76,0.0,0.0453245401330067
external side of plasma membrane,cellcom,0.77,0.0,0.03939590549499732
external side of plasma membrane,cellcom,0.78,0.0,0.03344160577197493
external side of plasma membrane,cellcom,0.79,0.0,0.03403190272727456
external side of plasma membrane,cellcom,0.8,0.0,0.030567116250515843
external side of plasma membrane,cellcom,0.81,0.0,0.025331438907858217
external side of plasma membrane,cellcom,0.8200000000000001,0.0,0.02150734124091711
external side of plasma membrane,cellcom,0.8300000000000001,0.0,0.020634728350474398
external side of plasma membrane,cellcom,0.84,0.0,0.02030108224530481
external side of plasma membrane,cellcom,0.85,0.0,0.018504526294392882
external side of plasma membrane,cellcom,0.86,0.0,0.017298267298780586
external side of plasma membrane,cellcom,0.87,0.0,0.01639998932332462
external side of plasma membrane,cellcom,0.88,0.0,0.012498896401344429
external side of plasma membrane,cellcom,0.89,0.0,0.011574953340875434
external side of plasma membrane,cellcom,0.9,0.0,0.008957114669546623
external side of plasma membrane,cellcom,0.91,0.0,0.009470416369807173
external side of plasma membrane,cellcom,0.92,0.0,0.0077251905889213004
external side of plasma membrane,cellcom,0.93,0.0,0.004696710557384047
external side of plasma membrane,cellcom,0.9400000000000001,0.0,0.002232862396133399
external side of plasma membrane,cellcom,0.9500000000000001,0.0,0.0028231593514330645
external side of plasma membrane,cellcom,0.96,0.0,0.0022841925661594544
external side of plasma membrane,cellcom,0.97,0.0,0.001924881375977068
external side of plasma membrane,cellcom,0.98,0.0,2.5665085013027575e-05
external side of plasma membrane,cellcom,0.99,0.0,0.0
extracellular exosome,cellcom,0.0,0.0,0.0
extracellular exosome,cellcom,0.01,0.0,0.0
extracellular exosome,cellcom,0.02,0.0,0.0
extracellular exosome,cellcom,0.03,0.0,0.0009040853149696254
extracellular exosome,cellcom,0.04,0.0,0.0020547393522036936
extracellular exosome,cellcom,0.05,0.011365554105203709,0.004575219624240228
extracellular exosome,cellcom,0.06,0.013087607757507282,0.0124654187367024
extracellular exosome,cellcom,0.07,0.030652555011003935,0.03194434779559345
extracellular exosome,cellcom,0.08,0.056138949065097095,0.07651849347606561
extracellular exosome,cellcom,0.09,0.13397577414921927,0.14994117966147746
extracellular exosome,cellcom,0.1,0.2304107786782206,0.24873304771543134
extracellular exosome,cellcom,0.11,0.4405013242592588,0.35667535501786546
extracellular exosome,cellcom,0.12,0.6619574239454998,0.48982246504066423
extracellular exosome,cellcom,0.13,0.885135577284045,0.6112986555429466
extracellular exosome,cellcom,0.14,0.9777820637779808,0.7534866187154441
extracellular exosome,cellcom,0.15,1.1090025520835116,0.8977567177648373
extracellular exosome,cellcom,0.16,1.1864949664371733,1.0337530663560257
extracellular exosome,cellcom,0.17,1.402784905166508,1.1993924546683428
extracellular exosome,cellcom,0.18,1.5095522316093266,1.3937160043374166
extracellular exosome,cellcom,0.19,1.6473165237936138,1.6397915891573307
extracellular exosome,cellcom,0.2,1.7778481906382309,1.9172361947542267
extracellular exosome,cellcom,0.21,1.9094130896742203,2.218817138608331
extracellular exosome,cellcom,0.22,2.2166274612451806,2.5886976185296917
extracellular exosome,cellcom,0.23,2.5596605487840627,2.958139754055924
extracellular exosome,cellcom,0.24,2.7979927742628727,3.3063495829427016
extracellular exosome,cellcom,0.25,3.1031406814510687,3.663052334485263
extracellular exosome,cellcom,0.26,3.2291950087996915,3.933319050611788
extracellular exosome,cellcom,0.27,3.446518179720404,4.175120777579119
extracellular exosome,cellcom,0.28,3.71756942459301,4.375909907076488
extracellular exosome,cellcom,0.29,4.015829117171972,4.499413440406253
extracellular exosome,cellcom,0.3,4.042693154147908,4.4962080470168155
extracellular exosome,cellcom,0.31,4.028916724929479,4.460729547535432
extracellular exosome,cellcom,0.32,4.064046619436471,4.316897792881173
extracellular exosome,cellcom,0.33,3.9510798998453565,4.153422730019848
extracellular exosome,cellcom,0.34,3.7940286067552687,3.8990186016923345
extracellular exosome,cellcom,0.35000000000000003,3.6294002775950656,3.637053032548732
extracellular exosome,cellcom,0.36,3.3617931400270677,3.3646767840205904
extracellular exosome,cellcom,0.37,3.282234261290642,3.0525207816338056
extracellular exosome,cellcom,0.38,2.9832857472507386,2.7691311301778723
extracellular exosome,cellcom,0.39,2.8348447224221696,2.4841524802895685
extracellular exosome,cellcom,0.4,2.573781388732945,2.268350055258788
extracellular exosome,cellcom,0.41000000000000003,2.238669747994679,2.0302742556501316
extracellular exosome,cellcom,0.42,2.017558059038886,1.791814904695708
extracellular exosome,cellcom,0.43,1.8467303367303696,1.6136005115479075
extracellular exosome,cellcom,0.44,1.534694214932959,1.4424544217716881
extracellular exosome,cellcom,0.45,1.4344706923688901,1.2779108944472166
extracellular exosome,cellcom,0.46,1.2354012901625953,1.1359147069475932
extracellular exosome,cellcom,0.47000000000000003,1.1682411977227616,1.001890908134526
extracellular exosome,cellcom,0.48,1.0315101377298501,0.8786613400516909
extracellular exosome,cellcom,0.49,0.9846702783871927,0.7909102714502452
extracellular exosome,cellcom,0.5,0.9929361359182499,0.7119534872762314
extracellular exosome,cellcom,0.51,0.7094861047490789,0.63880476633778
extracellular exosome,cellcom,0.52,0.6182172611769887,0.5684230943936295
extracellular exosome,cellcom,0.53,0.5868758847050634,0.4934114097758467
extracellular exosome,cellcom,0.54,0.5407248468233271,0.4338787616113317
extracellular exosome,cellcom,0.55,0.5548456867722166,0.39514007569111803
extracellular exosome,cellcom,0.56,0.4797641475317801,0.35283984156041803
extracellular exosome,cellcom,0.5700000000000001,0.44566748521617394,0.3137450008191593
extracellular exosome,cellcom,0.58,0.3781629820458683,0.2686777176941548
extracellular exosome,cellcom,0.59,0.3123805325278711,0.24832209984499024
extracellular exosome,cellcom,0.6,0.27242888779442787,0.21454218489476154
extracellular exosome,cellcom,0.61,0.2500421903144812,0.19758373610790705
extracellular exosome,cellcom,0.62,0.23351047525236676,0.18292659539552072
extracellular exosome,cellcom,0.63,0.20148027731951998,0.16144772003381813
extracellular exosome,cellcom,0.64,0.16910566865621252,0.1437495650801703
extracellular exosome,cellcom,0.65,0.15464041797686237,0.1337772300908084
extracellular exosome,cellcom,0.66,0.14465250679350153,0.12079127738488106
extracellular exosome,cellcom,0.67,0.15119631067225517,0.11210657905623346
extracellular exosome,cellcom,0.68,0.13776429218428718,0.0996685568442271
extracellular exosome,cellcom,0.6900000000000001,0.1291540239227692,0.08901130873746396
extracellular exosome,cellcom,0.7000000000000001,0.10676732644282375,0.07818968148252538
extracellular exosome,cellcom,0.71,0.11606641616526195,0.07049125804293467
extracellular exosome,cellcom,0.72,0.09264648649393312,0.06684752025836013
extracellular exosome,cellcom,0.73,0.08851355772840451,0.05487523896618662
extracellular exosome,cellcom,0.74,0.08920237918932594,0.053313637058511804
extracellular exosome,cellcom,0.75,0.08575827188471877,0.04556042056952987
extracellular exosome,cellcom,0.76,0.06578244951799712,0.04314952639627754
extracellular exosome,cellcom,0.77,0.06681568170937928,0.036738739617402025
extracellular exosome,cellcom,0.78,0.0730150748576722,0.029889608443389712
extracellular exosome,cellcom,0.79,0.07542594997089723,0.0303279528385265
extracellular exosome,cellcom,0.8,0.07542594997089723,0.026629422004559852
extracellular exosome,cellcom,0.81,0.04546221642081477,0.023424028615122095
extracellular exosome,cellcom,0.8200000000000001,0.050628377377725534,0.01893099856497002
extracellular exosome,cellcom,0.8300000000000001,0.04615103788173671,0.01835567154635319
extracellular exosome,cellcom,0.84,0.053383663221411276,0.017424189706687312
extracellular exosome,cellcom,0.85,0.047528680803579075,0.015972173897796704
extracellular exosome,cellcom,0.86,0.03822959108113969,0.015424243403875718
extracellular exosome,cellcom,0.87,0.03168578720238605,0.01498589900873893
extracellular exosome,cellcom,0.88,0.03478548377653251,0.010575058532675003
extracellular exosome,cellcom,0.89,0.0365075374288361,0.009451801020136985
extracellular exosome,cellcom,0.9,0.02548639405409313,0.007534044291413538
extracellular exosome,cellcom,0.91,0.03754076962021825,0.007123096420972801
extracellular exosome,cellcom,0.92,0.028586090628239587,0.005972442383738733
extracellular exosome,cellcom,0.93,0.005166160956910769,0.004602616148936271
extracellular exosome,cellcom,0.9400000000000001,0.003099696574146461,0.00213692892629184
extracellular exosome,cellcom,0.9500000000000001,0.0020664643827643307,0.0028492385683891517
extracellular exosome,cellcom,0.96,0.005166160956910769,0.0020273428275076433
extracellular exosome,cellcom,0.97,0.0017220536523035897,0.0019177567287234462
extracellular exosome,cellcom,0.98,0.0003444107304607179,0.0
extracellular exosome,cellcom,0.99,0.0,0.0
extracellular matrix,cellcom,0.0,0.0,0.0
extracellular matrix,cellcom,0.01,0.0,0.0
extracellular matrix,cellcom,0.02,0.0,0.0
extracellular matrix,cellcom,0.03,0.0,0.000873896936832346
extracellular matrix,cellcom,0.04,0.0,0.001986129401891695
extracellular matrix,cellcom,0.05,0.008523073176671135,0.004925600916691408
extracellular matrix,cellcom,0.06,0.023742846706440987,0.012022703312784386
extracellular matrix,cellcom,0.07,0.035918665530256924,0.03167214352883292
extracellular matrix,cellcom,0.08,0.10105929623767203,0.07388401375037111
extracellular matrix,cellcom,0.09,0.2447339583586994,0.1445902204577153
extracellular matrix,cellcom,0.1,0.48581517107025474,0.2370114419590758
extracellular matrix,cellcom,0.11,0.7542919761353954,0.34582485145738223
extracellular matrix,cellcom,0.12,1.081821502496042,0.47730661786261186
extracellular matrix,cellcom,0.13,1.377693899914768,0.5990166276105349
extracellular matrix,cellcom,0.14,1.5244125167417537,0.7371982705314817
extracellular matrix,cellcom,0.15,1.7253135273347118,0.8780016042629215
extracellular matrix,cellcom,0.16,1.8738585169852655,1.0089537361609804
extracellular matrix,cellcom,0.17,2.055887008401319,1.1777747353217778
extracellular matrix,cellcom,0.18,2.1386825764032613,1.3702174335024002
extracellular matrix,cellcom,0.19,2.1703397053451825,1.617291931097727
extracellular matrix,cellcom,0.2,2.344453914525756,1.8879351642621736
extracellular matrix,cellcom,0.21,2.3456714964081313,2.1895090526454033
extracellular matrix,cellcom,0.22,2.471691221234626,2.5651788085818774
extracellular matrix,cellcom,0.23,2.601972482649463,2.942993584272403
extracellular matrix,cellcom,0.24,2.9599415560696434,3.2823304130169304
extracellular matrix,cellcom,0.25,3.0792645805430388,3.645394867682732
extracellular matrix,cellcom,0.26,3.2235480336052573,3.91005323091614
extracellular matrix,cellcom,0.27,3.316084256666258,4.156465685377503
extracellular matrix,cellcom,0.28,3.498721539023516,4.36344685078
extracellular matrix,cellcom,0.29,3.702057713381221,4.496914746587097
extracellular matrix,cellcom,0.3,3.632655546085471,4.498900875988989
extracellular matrix,cellcom,0.31,3.600998417143549,4.464924822353962
extracellular matrix,cellcom,0.32,3.5522951418482864,4.3307154382368
extracellular matrix,cellcom,0.33,3.4835017654937266,4.167005412070208
extracellular matrix,cellcom,0.34,3.310605138195541,3.916541253628986
extracellular matrix,cellcom,0.35000000000000003,3.1078777547790235,3.659483145573504
extracellular matrix,cellcom,0.36,2.9228053086570047,3.383675975964124
extracellular matrix,cellcom,0.37,2.836356995007912,3.079586323671826
extracellular matrix,cellcom,0.38,2.6591988311213903,2.790379401031037
extracellular matrix,cellcom,0.39,2.429684646292461,2.5134864806819763
extracellular matrix,cellcom,0.4,2.169730914403992,2.296124478938949
extracellular matrix,cellcom,0.41000000000000003,2.0510166808717982,2.0453955032441535
extracellular matrix,cellcom,0.42,1.7533179106294885,1.8108468617434121
extracellular matrix,cellcom,0.43,1.7746255935711663,1.6245214421206127
extracellular matrix,cellcom,0.44,1.6163399488615595,1.4419829092240868
extracellular matrix,cellcom,0.45,1.4477048581517096,1.2825629225655801
extracellular matrix,cellcom,0.46,1.318641178619261,1.1356158285509534
extracellular matrix,cellcom,0.47000000000000003,1.22854011932303,1.0048225870050513
extracellular matrix,cellcom,0.48,1.1956654084987204,0.8766245545442766
extracellular matrix,cellcom,0.49,1.0617314014367458,0.7940280531509406
extracellular matrix,cellcom,0.5,1.0148544989650545,0.7203823749287966
extracellular matrix,cellcom,0.51,0.909533666139047,0.6324630467383909
extracellular matrix,cellcom,0.52,0.7889930597832697,0.5626572186932376
extracellular matrix,cellcom,0.53,0.699500791428223,0.4916332312815906
extracellular matrix,cellcom,0.54,0.6160964324850841,0.4341678872535243
extracellular matrix,cellcom,0.55,0.568610739072202,0.3998740529141943
extracellular matrix,cellcom,0.56,0.49859978083526074,0.35625865124865275
extracellular matrix,cellcom,0.5700000000000001,0.39814927553878404,0.3202170230356617
extracellular matrix,cellcom,0.58,0.31413612565445,0.27511864475003744
extracellular matrix,cellcom,0.59,0.23986363082917303,0.25361548375889004
extracellular matrix,cellcom,0.6,0.20333617435772539,0.21948053977171145
extracellular matrix,cellcom,0.61,0.16863509070985008,0.20287649797189689
extracellular matrix,cellcom,0.62,0.14976257153293546,0.18825858557397404
extracellular matrix,cellcom,0.63,0.1321076342384024,0.1658020824699186
extracellular matrix,cellcom,0.64,0.14123949835626431,0.14580837982420888
extracellular matrix,cellcom,0.65,0.11140874223791541,0.13635440387120443
extracellular matrix,cellcom,0.66,0.08644831364909282,0.12411984675555159
extracellular matrix,cellcom,0.67,0.06574942164860581,0.11712867126089282
extracellular matrix,cellcom,0.68,0.07001095823694137,0.10388780858161487
extracellular matrix,cellcom,0.6900000000000001,0.052964811883599125,0.09366586259321229
extracellular matrix,cellcom,0.7000000000000001,0.041397784000974484,0.08198742171009002
extracellular matrix,cellcom,0.71,0.0334835017654937,0.07560532589867715
extracellular matrix,cellcom,0.72,0.029221965177158138,0.07046787117911729
extracellular matrix,cellcom,0.73,0.030439547059539725,0.05852461304240857
extracellular matrix,cellcom,0.74,0.024960428588822577,0.057306453675915005
extracellular matrix,cellcom,0.75,0.01217581882381589,0.050103424378387794
extracellular matrix,cellcom,0.76,0.0073054912942895345,0.04644894627890708
extracellular matrix,cellcom,0.77,0.02800438329477655,0.039431289058889755
extracellular matrix,cellcom,0.78,0.014610982588579069,0.03387012673359302
extracellular matrix,cellcom,0.79,0.02861317423596734,0.03387012673359302
extracellular matrix,cellcom,0.8,0.023742846706440987,0.030506947613056418
extracellular matrix,cellcom,0.81,0.023742846706440987,0.02510467563991101
extracellular matrix,cellcom,0.8200000000000001,0.024960428588822577,0.021105935110769067
extracellular matrix,cellcom,0.8300000000000001,0.023134055765250447,0.020285001624654058
extracellular matrix,cellcom,0.84,0.02556921953001337,0.01983481229355838
extracellular matrix,cellcom,0.85,0.009740655059052713,0.018669616377781924
extracellular matrix,cellcom,0.86,0.01582856447096066,0.017160158032344233
extracellular matrix,cellcom,0.87,0.008523073176671125,0.01655107834909745
extracellular matrix,cellcom,0.88,0.009131864117861918,0.012499374369238392
extracellular matrix,cellcom,0.89,0.016437355412151453,0.01122825155202771
extracellular matrix,cellcom,0.9,0.008523073176671125,0.008871377995116232
extracellular matrix,cellcom,0.91,0.023742846706440987,0.008738969368323453
extracellular matrix,cellcom,0.92,0.006087909411907945,0.007706182079339772
extracellular matrix,cellcom,0.93,0.0018263728235723836,0.004766710564540065
extracellular matrix,cellcom,0.9400000000000001,0.0,0.002303910106194365
extracellular matrix,cellcom,0.9500000000000001,0.0,0.0029129897894411834
extracellular matrix,cellcom,0.96,0.0,0.002356873556911477
extracellular matrix,cellcom,0.97,0.0,0.001986129401891694
extracellular matrix,cellcom,0.98,0.0,2.6481725358555917e-05
extracellular matrix,cellcom,0.99,0.0,0.0
extracellular region,cellcom,0.0,0.0,0.0
extracellular region,cellcom,0.01,0.0,0.0
extracellular region,cellcom,0.02,0.0,0.0
extracellular region,cellcom,0.03,0.0006406580839838681,0.0008745236484764741
extracellular region,cellcom,0.04,0.0019219742519516042,0.0018998272363454438
extracellular region,cellcom,0.05,0.008328555091790292,0.004463086206017871
extracellular region,cellcom,0.06,0.015696123057604757,0.011911615212007138
extracellular region,cellcom,0.07,0.04004113024899178,0.03030676781789162
extracellular region,cellcom,0.08,0.10698990002530605,0.06899690026600601
extracellular region,cellcom,0.09,0.22871493598224077,0.13371165025326495
extracellular region,cellcom,0.1,0.38807863437322837,0.2208926112100061
extracellular region,cellcom,0.11,0.6329701869760621,0.31199385059095197
extracellular region,cellcom,0.12,0.9361616252214267,0.42085696683233326
extracellular region,cellcom,0.13,1.199952591301784,0.5244427851949776
extracellular region,cellcom,0.14,1.3951931423958717,0.6523041737998155
extracellular region,cellcom,0.15,1.6110949166984312,0.7819447656894812
extracellular region,cellcom,0.16,1.7204872845386767,0.9178276470699981
extracellular region,cellcom,0.17,1.9133253678178261,1.0827809007653912
extracellular region,cellcom,0.18,2.032808100480812,1.2835293120725566
extracellular region,cellcom,0.19,2.1974572280646663,1.535452434809538
extracellular region,cellcom,0.2,2.3150179864757123,1.830136748358236
extracellular region,cellcom,0.21,2.376360998017161,2.1620637069368702
extracellular region,cellcom,0.22,2.6199712344520267,2.5502315829089106
extracellular region,cellcom,0.23,2.8510886382492147,2.94340535286879
extracellular region,cellcom,0.24,3.151557279637641,3.2909832691563623
extracellular region,cellcom,0.25,3.4396932529093855,3.6560818144013507
extracellular region,cellcom,0.26,3.509204655021635,3.9515200276470064
extracellular region,cellcom,0.27,3.6685683534126223,4.206699997074865
extracellular region,cellcom,0.28,3.884950621278195,4.410705255072936
extracellular region,cellcom,0.29,4.050400571467007,4.541612398453476
extracellular region,cellcom,0.3,3.9863347630686206,4.552498710077614
extracellular region,cellcom,0.31,3.934441458265927,4.522011006332452
extracellular region,cellcom,0.32,3.856761665582883,4.38139363485501
extracellular region,cellcom,0.33,3.6847449700332153,4.223949222141367
extracellular region,cellcom,0.34,3.5156112358614737,3.962014311428724
extracellular region,cellcom,0.35000000000000003,3.2692782025696947,3.705628102485745
extracellular region,cellcom,0.36,3.0203825369419444,3.4292484735792805
extracellular region,cellcom,0.37,2.8610188385509567,3.108690322430835
extracellular region,cellcom,0.38,2.5869773431268577,2.822178281597216
extracellular region,cellcom,0.39,2.4176834444341204,2.5273733440970085
extracellular region,cellcom,0.4,2.1846440663849886,2.310853351129385
extracellular region,cellcom,0.41000000000000003,1.9575307756127183,2.0622172310711715
extracellular region,cellcom,0.42,1.7134400456148542,1.82633709388554
extracellular region,cellcom,0.43,1.555357663391835,1.6449789827842467
extracellular region,cellcom,0.44,1.3391355600472794,1.4699837851253164
extracellular region,cellcom,0.45,1.2300635212490258,1.3006277571996656
extracellular region,cellcom,0.46,1.0876772620836113,1.153707784255618
extracellular region,cellcom,0.47000000000000003,1.0077551661066293,1.0153521118690698
extracellular region,cellcom,0.48,0.8940383561994873,0.8891493025975454
extracellular region,cellcom,0.49,0.8190813603733748,0.8025714613983747
extracellular region,cellcom,0.5,0.8001819468958506,0.7199440546112871
extracellular region,cellcom,0.51,0.6163130767924807,0.6492282630362068
extracellular region,cellcom,0.52,0.5447195359072835,0.5772459199702296
extracellular region,cellcom,0.53,0.49667017960849336,0.5009814266255054
extracellular region,cellcom,0.54,0.4470191780997437,0.4407599188321426
extracellular region,cellcom,0.55,0.41498627390055026,0.4053869450506632
extracellular region,cellcom,0.56,0.3694995499376957,0.3608163949662415
extracellular region,cellcom,0.5700000000000001,0.3155241063620583,0.32496092537870974
extracellular region,cellcom,0.58,0.27179919213015585,0.2776763363852196
extracellular region,cellcom,0.59,0.22054654541144644,0.2591605598278211
extracellular region,cellcom,0.6,0.20436992879085378,0.22152588695545428
extracellular region,cellcom,0.61,0.18226722489341035,0.2050607175737938
extracellular region,cellcom,0.62,0.16336781141588627,0.1910381832102917
extracellular region,cellcom,0.63,0.1455895495853339,0.16793869649536142
extracellular region,cellcom,0.64,0.13005359104872513,0.1485483962894865
extracellular region,cellcom,0.65,0.12268602308291066,0.13769224065322683
extracellular region,cellcom,0.66,0.10218496439542689,0.12638374519878967
extracellular region,cellcom,0.67,0.09882150945451158,0.11803053655644542
extracellular region,cellcom,0.68,0.08937180271574954,0.10494283781717682
extracellular region,cellcom,0.6900000000000001,0.08504736064885844,0.09327247050819766
extracellular region,cellcom,0.7000000000000001,0.06919107307025849,0.08238615888406042
extracellular region,cellcom,0.71,0.07095288280121335,0.07439482209625724
extracellular region,cellcom,0.72,0.06022185989448355,0.07035391972053837
extracellular region,cellcom,0.73,0.061503176062451294,0.05657263326006428
extracellular region,cellcom,0.74,0.0653471245663545,0.05419031021766286
extracellular region,cellcom,0.75,0.05477626618062069,0.04734490096924356
extracellular region,cellcom,0.76,0.048850178903769914,0.04405789829048717
extracellular region,cellcom,0.77,0.04869001438277394,0.03712202107843237
extracellular region,cellcom,0.78,0.043564749710902996,0.031090823502732557
extracellular region,cellcom,0.79,0.051092482197713444,0.03036707979364858
extracellular region,cellcom,0.8,0.04228343354293527,0.02795460076336865
extracellular region,cellcom,0.81,0.03187273967819741,0.02376291844825728
extracellular region,cellcom,0.8200000000000001,0.03363454940915305,0.018937960387697426
extracellular region,cellcom,0.8300000000000001,0.03331422036716149,0.017972968775585654
extracellular region,cellcom,0.84,0.03443537201413289,0.017369849018015474
extracellular region,cellcom,0.85,0.03683783982907239,0.014806590048343051
extracellular region,cellcom,0.86,0.035236194619112725,0.013690818496838585
extracellular region,cellcom,0.87,0.03940047216500786,0.01185130323625014
extracellular region,cellcom,0.88,0.027388133090310345,0.009529292169605711
extracellular region,cellcom,0.89,0.018899413477524097,0.010041943963540195
extracellular region,cellcom,0.9,0.012813161679677353,0.008111960739316254
extracellular region,cellcom,0.91,0.017938426351548294,0.007750088884774266
extracellular region,cellcom,0.92,0.013934313326649123,0.006453381405998804
extracellular region,cellcom,0.93,0.0024024678149395036,0.0050662059635878465
extracellular region,cellcom,0.9400000000000001,0.0014414806889637023,0.0023521670545229288
extracellular region,cellcom,0.9500000000000001,0.0009609871259758122,0.0031362227393639396
extracellular region,cellcom,0.96,0.0024024678149395036,0.0022315431030089324
extracellular region,cellcom,0.97,0.0008008226049798345,0.002110919151494936
extracellular region,cellcom,0.98,0.00016016452099596693,0.0
extracellular region,cellcom,0.99,0.0,0.0
extracellular space,cellcom,0.0,0.0,0.0
extracellular space,cellcom,0.01,0.0,0.0
extracellular space,cellcom,0.02,0.0,0.0
extracellular space,cellcom,0.03,0.0006314034836634871,0.0008657216641363545
extracellular space,cellcom,0.04,0.002315146106766119,0.0018468728834908897
extracellular space,cellcom,0.05,0.009050116599176653,0.004530610042313591
extracellular space,cellcom,0.06,0.01515368360792368,0.012148960686713499
extracellular space,cellcom,0.07,0.03514812725726747,0.031396839019345146
extracellular space,cellcom,0.08,0.08797555205711259,0.07324005278593564
extracellular space,cellcom,0.09,0.21909700883122987,0.13912147142671208
extracellular space,cellcom,0.1,0.34348349511293724,0.23420656753768856
extracellular space,cellcom,0.11,0.5581606795585229,0.336073150017733
extracellular space,cellcom,0.12,0.8275594992549432,0.4579379029393266
extracellular space,cellcom,0.13,1.0573903673084522,0.5730788842694616
extracellular space,cellcom,0.14,1.1925107128124417,0.7120849261409575
extracellular space,cellcom,0.15,1.362779185573692,0.8516969731773448
extracellular space,cellcom,0.16,1.4774841517725588,0.9857106867856524
extracellular space,cellcom,0.17,1.6460688819107143,1.1551901312347492
extracellular space,cellcom,0.18,1.786029987456116,1.3496312169997713
extracellular space,cellcom,0.19,1.9413552444373336,1.5990744858262593
extracellular space,cellcom,0.2,2.0926816126886885,1.8815017500563476
extracellular space,cellcom,0.21,2.141089213102883,2.203550209115066
extracellular space,cellcom,0.22,2.4496350487864404,2.576589674191421
extracellular space,cellcom,0.23,2.7055639274980474,2.95938293668372
extracellular space,cellcom,0.24,2.989064091662946,3.307258758722504
extracellular space,cellcom,0.25,3.31634156402852,3.6636763678474407
extracellular space,cellcom,0.26,3.397161209937446,3.9478350754057963
extracellular space,cellcom,0.27,3.55480161302543,4.199125217115776
extracellular space,cellcom,0.28,3.8086258134581725,4.3985297737552065
extracellular space,cellcom,0.29,4.007096975156374,4.526396863548122
extracellular space,cellcom,0.3,3.9725802513827704,4.53000403714869
extracellular space,cellcom,0.31,3.9376425919533906,4.496269749636177
extracellular space,cellcom,0.32,3.899968850761469,4.3528773846663915
extracellular space,cellcom,0.33,3.7776870427586404,4.187986265037221
extracellular space,cellcom,0.34,3.6114174587272556,3.9296549204589333
extracellular space,cellcom,0.35000000000000003,3.3996868238721185,3.6689572699986925
extracellular space,cellcom,0.36,3.15828022528476,3.392734344361566
extracellular space,cellcom,0.37,3.064411574046788,3.0701375949155563
extracellular space,cellcom,0.38,2.7988011752523483,2.7830065763103318
extracellular space,cellcom,0.39,2.622008199826572,2.494634689986513
extracellular space,cellcom,0.4,2.3660793211149724,2.280541722445592
extracellular space,cellcom,0.41000000000000003,2.076686057769219,2.0413716840335336
extracellular space,cellcom,0.42,1.8729532003737892,1.7996044806290432
extracellular space,cellcom,0.43,1.7266780599917482,1.6176297868275817
extracellular space,cellcom,0.44,1.494532045831473,1.4430425845600836
extracellular space,cellcom,0.45,1.370145559549766,1.2783823240413492
extracellular space,cellcom,0.46,1.1950363267470925,1.1361442546237461
extracellular space,cellcom,0.47000000000000003,1.1276866218229933,0.9985810821924852
extracellular space,cellcom,0.48,0.9887778554170201,0.8763700406052309
extracellular space,cellcom,0.49,0.9283735888132132,0.7882972899737593
extracellular space,cellcom,0.5,0.9153245834841678,0.707612030876251
extracellular space,cellcom,0.51,0.7073823695309929,0.6353242719208656
extracellular space,cellcom,0.52,0.6191963496459926,0.5656336779578891
extracellular space,cellcom,0.53,0.565737521362484,0.4913259017861854
extracellular space,cellcom,0.54,0.5112263539395364,0.4322259695144769
extracellular space,cellcom,0.55,0.47860384061692285,0.397077669950541
extracellular space,cellcom,0.56,0.41167507134859327,0.3554076005167778
extracellular space,cellcom,0.5700000000000001,0.3577953074093131,0.318758716735009
extracellular space,cellcom,0.58,0.3053888182652397,0.27281775375816963
extracellular space,cellcom,0.59,0.25656028219526344,0.25255986681737896
extracellular space,cellcom,0.6,0.2310936750208361,0.21712299336539753
extracellular space,cellcom,0.61,0.20289098608386705,0.20125142952289773
extracellular space,cellcom,0.62,0.18668496333650422,0.1866495907877979
extracellular space,cellcom,0.63,0.16374397009673086,0.16448711618590725
extracellular space,cellcom,0.64,0.14522280124260192,0.1456720986853438
extracellular space,cellcom,0.65,0.13259473156933219,0.1356874421589712
extracellular space,cellcom,0.66,0.11849338710084766,0.12310562064018951
extracellular space,cellcom,0.67,0.11996666189606246,0.11430411705480326
extracellular space,cellcom,0.68,0.10628625308335359,0.10195315464645795
extracellular space,cellcom,0.6900000000000001,0.0961837973447378,0.09139135034399441
extracellular space,cellcom,0.7000000000000001,0.07661028935117056,0.08080068865272726
extracellular space,cellcom,0.71,0.07892543545793583,0.0731534806195219
extracellular space,cellcom,0.72,0.06629736578466609,0.06908458879808103
extracellular space,cellcom,0.73,0.05872052398070426,0.0571664872218039
extracellular space,cellcom,0.74,0.061667073571133865,0.055175327394290284
extracellular space,cellcom,0.75,0.05640537787393814,0.04744154719467219
extracellular space,cellcom,0.76,0.04251450123334143,0.04513295609030858
extracellular space,cellcom,0.77,0.04546105082377104,0.038062895833195026
extracellular space,cellcom,0.78,0.04819713258631281,0.030992835576081467
extracellular space,cellcom,0.79,0.05072274652096676,0.031310266852931465
extracellular space,cellcom,0.8,0.04798666475842498,0.02778966541877696
extracellular space,cellcom,0.81,0.031149238527398676,0.024211349207013365
extracellular space,cellcom,0.8200000000000001,0.03430625594571611,0.019478737443067964
extracellular space,cellcom,0.8300000000000001,0.03157017418317468,0.018872732278172724
extracellular space,cellcom,0.84,0.0328329811505013,0.018324441890886157
extracellular space,cellcom,0.85,0.03051783504373519,0.016621855951417994
extracellular space,cellcom,0.86,0.024414268034988147,0.016102422952936183
extracellular space,cellcom,0.87,0.021257250616670716,0.015525275176845278
extracellular space,cellcom,0.88,0.02252005758399769,0.010965807745727148
extracellular space,cellcom,0.89,0.02294099323977335,0.009869226971154435
extracellular space,cellcom,0.9,0.01683742623102631,0.007762637588422639
extracellular space,cellcom,0.91,0.023572396723436837,0.007416348922768099
extracellular space,cellcom,0.92,0.018100233198353285,0.006204338592977203
extracellular space,cellcom,0.93,0.003157017418317433,0.004848041319163582
extracellular space,cellcom,0.9400000000000001,0.00189421045099046,0.00225087632675452
extracellular space,cellcom,0.9500000000000001,0.0012628069673269874,0.0030011684356727264
extracellular space,cellcom,0.96,0.003157017418317433,0.0021354467715363396
extracellular space,cellcom,0.97,0.0010523391394391443,0.002020017216318159
extracellular space,cellcom,0.98,0.0002104678278878289,0.0
extracellular space,cellcom,0.99,0.0,0.0
extrinsic component of membrane,cellcom,0.0,0.0,0.0
extrinsic component of membrane,cellcom,0.01,0.0,0.0
extrinsic component of membrane,cellcom,0.02,0.0,0.0
extrinsic component of membrane,cellcom,0.03,0.0,0.0008515935638106798
extrinsic component of membrane,cellcom,0.04,0.0,0.0019354399177515449
extrinsic component of membrane,cellcom,0.05,0.0,0.005161173114004124
extrinsic component of membrane,cellcom,0.06,0.0,0.012722291726020147
extrinsic component of membrane,cellcom,0.07,0.0,0.03238636129037587
extrinsic component of membrane,cellcom,0.08,0.036719144443934475,0.07566279785130045
extrinsic component of membrane,cellcom,0.09,0.11627729073912568,0.1493127381881391
extrinsic component of membrane,cellcom,0.1,0.12392711249827884,0.24946530246538928
extrinsic component of membrane,cellcom,0.11,0.23408454583008226,0.3650239684879416
extrinsic component of membrane,cellcom,0.12,0.310582763421612,0.5057433534412633
extrinsic component of membrane,cellcom,0.13,0.4528694481418579,0.6344888167700959
extrinsic component of membrane,cellcom,0.14,0.5186579152705751,0.7742533846973296
extrinsic component of membrane,cellcom,0.15,0.5890362754547813,0.9187920377550127
extrinsic component of membrane,cellcom,0.16,0.6731843148054645,1.0512793515914984
extrinsic component of membrane,cellcom,0.17,0.8017013203592371,1.2213400056979375
extrinsic component of membrane,cellcom,0.18,1.0801548323924044,1.4076841609790527
extrinsic component of membrane,cellcom,0.19,1.3234191643334698,1.6456916591313524
extrinsic component of membrane,cellcom,0.2,1.4779455638683647,1.914201690387422
extrinsic component of membrane,cellcom,0.21,1.7808785055308196,2.203020937847087
extrinsic component of membrane,cellcom,0.22,2.3362555652453274,2.5650772317944757
extrinsic component of membrane,cellcom,0.23,2.5596303606126027,2.935004314740729
extrinsic component of membrane,cellcom,0.24,2.90234237542265,3.275074011222452
extrinsic component of membrane,cellcom,0.25,3.3062529643059286,3.6271176293286724
extrinsic component of membrane,cellcom,0.26,3.879989596242404,3.8814602403867955
extrinsic component of membrane,cellcom,0.27,4.178332644849371,4.120474167296326
extrinsic component of membrane,cellcom,0.28,4.351218616606253,4.326998509453225
extrinsic component of membrane,cellcom,0.29,4.86222671011765,4.457060071926104
extrinsic component of membrane,cellcom,0.3,4.66027141567601,4.459460017424116
extrinsic component of membrane,cellcom,0.31,5.022872967059863,4.418893196748044
extrinsic component of membrane,cellcom,0.32,4.704640381879098,4.291412220832142
extrinsic component of membrane,cellcom,0.33,4.360398402717213,4.134770616822117
extrinsic component of membrane,cellcom,0.34,3.980967243463224,3.889769729100342
extrinsic component of membrane,cellcom,0.35000000000000003,3.8325607013356766,3.6331820077376475
extrinsic component of membrane,cellcom,0.36,3.8356206300393163,3.356517322961437
extrinsic component of membrane,cellcom,0.37,3.508208258747568,3.062046590941932
extrinsic component of membrane,cellcom,0.38,3.1348969569009015,2.779007857369946
extrinsic component of membrane,cellcom,0.39,2.712626795795656,2.506575334547239
extrinsic component of membrane,cellcom,0.4,2.461712642095437,2.287973847303595
extrinsic component of membrane,cellcom,0.41000000000000003,2.1985587735805856,2.043050377178541
extrinsic component of membrane,cellcom,0.42,2.068511803674973,1.8040622561345687
extrinsic component of membrane,cellcom,0.43,1.9690641208059834,1.625072772540906
extrinsic component of membrane,cellcom,0.44,1.6447116782178959,1.4459542596193933
extrinsic component of membrane,cellcom,0.45,1.5712733893300272,1.2846934056723345
extrinsic component of membrane,cellcom,0.46,1.369318094888388,1.1394321883786889
extrinsic component of membrane,cellcom,0.47000000000000003,1.1092241550771917,1.012544747370903
extrinsic component of membrane,cellcom,0.48,1.0495555453557923,0.8872314641628776
extrinsic component of membrane,cellcom,0.49,0.9271583972093442,0.8031301482701805
extrinsic component of membrane,cellcom,0.5,0.7741619620262841,0.7319575710280638
extrinsic component of membrane,cellcom,0.51,0.6930738513792621,0.643185393467193
extrinsic component of membrane,cellcom,0.52,0.6487048851761749,0.5707999405432852
extrinsic component of membrane,cellcom,0.53,0.5247777726778962,0.4998854219568687
extrinsic component of membrane,cellcom,0.54,0.39626076712412567,0.4425189827947129
extrinsic component of membrane,cellcom,0.55,0.3289423356435792,0.4082229874521556
extrinsic component of membrane,cellcom,0.56,0.272333654625847,0.36370786934387006
extrinsic component of membrane,cellcom,0.5700000000000001,0.24326433194106825,0.32481842992985266
extrinsic component of membrane,cellcom,0.58,0.2708036902740164,0.2768453258351808
extrinsic component of membrane,cellcom,0.59,0.19889536573797814,0.25395552307457253
extrinsic component of membrane,cellcom,0.6,0.20348525879346996,0.2190659928239047
extrinsic component of membrane,cellcom,0.61,0.1637061856458743,0.20208573327883117
extrinsic component of membrane,cellcom,0.62,0.19430547268248632,0.18652479634010874
extrinsic component of membrane,cellcom,0.63,0.14687657777573768,0.16469303406787134
extrinsic component of membrane,cellcom,0.64,0.1285170055537705,0.14590636393289638
extrinsic component of membrane,cellcom,0.65,0.14381664907207647,0.1351711238557678
extrinsic component of membrane,cellcom,0.66,0.09485778981349727,0.12301656117228811
extrinsic component of membrane,cellcom,0.67,0.10403757592448086,0.11517157803900185
extrinsic component of membrane,cellcom,0.68,0.06425850277688525,0.10312023881780225
extrinsic component of membrane,cellcom,0.6900000000000001,0.02906932268478142,0.09303014537992418
extrinsic component of membrane,cellcom,0.7000000000000001,0.03059928703661236,0.0811336413521456
extrinsic component of membrane,cellcom,0.71,0.02753935833295082,0.07463056322849952
extrinsic component of membrane,cellcom,0.72,0.03977907314759563,0.06923713732436522
extrinsic component of membrane,cellcom,0.73,0.05201878796224043,0.05744385675886581
extrinsic component of membrane,cellcom,0.74,0.02753935833295082,0.05643742800163501
extrinsic component of membrane,cellcom,0.75,0.02753935833295082,0.048876309389618976
extrinsic component of membrane,cellcom,0.76,0.012239714814644809,0.04536671167209618
extrinsic component of membrane,cellcom,0.77,0.02753935833295082,0.03914749806972122
extrinsic component of membrane,cellcom,0.78,0.006119857407322404,0.033521819375456736
extrinsic component of membrane,cellcom,0.79,0.003059928703661202,0.03416696601470725
extrinsic component of membrane,cellcom,0.8,0.004589893055491802,0.03065736829718445
extrinsic component of membrane,cellcom,0.81,0.009179786110983605,0.02531555412419019
extrinsic component of membrane,cellcom,0.8200000000000001,0.024479429629289617,0.021212421498556917
extrinsic component of membrane,cellcom,0.8300000000000001,0.00764982175915309,0.020618886590446674
extrinsic component of membrane,cellcom,0.84,0.010709750462814208,0.020231798606896133
extrinsic component of membrane,cellcom,0.85,0.003059928703661202,0.0185544173448448
extrinsic component of membrane,cellcom,0.86,0.0,0.01739315339419387
extrinsic component of membrane,cellcom,0.87,0.010709750462814208,0.016309307040253008
extrinsic component of membrane,cellcom,0.88,0.006119857407322404,0.01246423307031994
extrinsic component of membrane,cellcom,0.89,0.012239714814644809,0.011431998447519118
extrinsic component of membrane,cellcom,0.9,0.010709750462814208,0.008825606024947039
extrinsic component of membrane,cellcom,0.91,0.003059928703661202,0.009470752664197554
extrinsic component of membrane,cellcom,0.92,0.001529964351830601,0.007741759671006174
extrinsic component of membrane,cellcom,0.93,0.0,0.0047224733993137665
extrinsic component of membrane,cellcom,0.9400000000000001,0.0,0.0022451103045917904
extrinsic component of membrane,cellcom,0.9500000000000001,0.0,0.0028386452127022953
extrinsic component of membrane,cellcom,0.96,0.0,0.0022967220357318317
extrinsic component of membrane,cellcom,0.97,0.0,0.0019354399177515436
extrinsic component of membrane,cellcom,0.98,0.0,2.580586557002058e-05
extrinsic component of membrane,cellcom,0.99,0.0,0.0
fibrillar center,cellcom,0.0,0.0,0.0
fibrillar center,cellcom,0.01,0.0,0.0
fibrillar center,cellcom,0.02,0.0,0.0
fibrillar center,cellcom,0.03,0.0,0.0008461154455297797
fibrillar center,cellcom,0.04,0.0,0.0019229896489313173
fibrillar center,cellcom,0.05,0.0,0.005127972397150183
fibrillar center,cellcom,0.06,0.0,0.012640451958975184
fibrillar center,cellcom,0.07,0.0024831148192292424,0.03215238693013165
fibrillar center,cellcom,0.08,0.0,0.07579143202987972
fibrillar center,cellcom,0.09,0.06456098529996021,0.14963423454884214
fibrillar center,cellcom,0.1,0.10429082240762817,0.2488605004336984
fibrillar center,cellcom,0.11,0.13657131505760833,0.3651885542630503
fibrillar center,cellcom,0.12,0.19616607071910988,0.5056693580829789
fibrillar center,cellcom,0.13,0.20113230035756835,0.6359198569705933
fibrillar center,cellcom,0.14,0.22099721891140287,0.7756827446549235
fibrillar center,cellcom,0.15,0.33770361541517646,0.9192659717751263
fibrillar center,cellcom,0.16,0.3401867302344057,1.0522855757572018
fibrillar center,cellcom,0.17,0.6009137862534776,1.2207138291416029
fibrillar center,cellcom,0.18,0.665474771553436,1.4098590910104838
fibrillar center,cellcom,0.19,1.1372665872069914,1.6455407023835058
fibrillar center,cellcom,0.2,1.5196662693682985,1.9109645536600042
fibrillar center,cellcom,0.21,1.8598529996026998,2.1994899205856537
fibrillar center,cellcom,0.22,2.222387763210169,2.5647810342966464
fibrillar center,cellcom,0.23,2.5278108859753723,2.932918172688066
fibrillar center,cellcom,0.24,2.6668653158522027,3.2751077707498886
fibrillar center,cellcom,0.25,3.091477949940402,3.627271275124177
fibrillar center,cellcom,0.26,3.1163090981326946,3.889336304480537
fibrillar center,cellcom,0.27,3.521056813667061,4.127633181776106
fibrillar center,cellcom,0.28,3.828963051251508,4.33254695876625
fibrillar center,cellcom,0.29,4.094656336909015,4.4675921118451765
fibrillar center,cellcom,0.3,4.313170441001188,4.464335849372986
fibrillar center,cellcom,0.31,4.335518474374251,4.429875874864137
fibrillar center,cellcom,0.32,4.352900278108856,4.297702386327591
fibrillar center,cellcom,0.33,4.119487485101308,4.138709602153949
fibrillar center,cellcom,0.34,4.303237981724271,3.887028716901819
fibrillar center,cellcom,0.35000000000000003,3.9332538736591363,3.6334248420007773
fibrillar center,cellcom,0.36,3.429181565355579,3.3637960533586013
fibrillar center,cellcom,0.37,3.3224076281287216,3.0668351718396343
fibrillar center,cellcom,0.38,3.1336909018672996,2.7813096687663124
fibrillar center,cellcom,0.39,2.8754469606674586,2.506219589521191
fibrillar center,cellcom,0.4,2.684247119586807,2.2867936506471356
fibrillar center,cellcom,0.41000000000000003,2.530294000794609,2.0406253357219524
fibrillar center,cellcom,0.42,2.4483512117600297,1.8018413010486432
fibrillar center,cellcom,0.43,2.247218911402461,1.624413456107247
fibrillar center,cellcom,0.44,1.8970997218911385,1.444626743863162
fibrillar center,cellcom,0.45,1.539531187922128,1.2868646730648365
fibrillar center,cellcom,0.46,1.4824195470798558,1.1397431449905981
fibrillar center,cellcom,0.47000000000000003,1.4402065951529666,1.0097490447228468
fibrillar center,cellcom,0.48,1.288736591179975,0.8858059518837214
fibrillar center,cellcom,0.49,1.2092769169646393,0.8010149282968433
fibrillar center,cellcom,0.5,0.9510329757647985,0.7304027483880854
fibrillar center,cellcom,0.51,0.8666070719110044,0.641714465779373
fibrillar center,cellcom,0.52,0.6977552642034162,0.5707946075267861
fibrillar center,cellcom,0.53,0.665474771553436,0.49859275617491167
fibrillar center,cellcom,0.54,0.6009137862534758,0.44010823098541385
fibrillar center,cellcom,0.55,0.5239372268573694,0.40569953620053617
fibrillar center,cellcom,0.56,0.5661501787842664,0.3600862217278854
fibrillar center,cellcom,0.5700000000000001,0.4444775526420387,0.3222161455749349
fibrillar center,cellcom,0.58,0.4444775526420338,0.27501315965916395
fibrillar center,cellcom,0.59,0.36998410806515664,0.25183472442404514
fibrillar center,cellcom,0.6,0.3103893524036549,0.21786190729292523
fibrillar center,cellcom,0.61,0.42709574890742913,0.19911916818134134
fibrillar center,cellcom,0.62,0.39978148589590745,0.18445316712549184
fibrillar center,cellcom,0.63,0.26321017083829934,0.1633772005732046
fibrillar center,cellcom,0.64,0.1986491855383391,0.14507033911537848
fibrillar center,cellcom,0.65,0.20609852999602685,0.13458363556320638
fibrillar center,cellcom,0.66,0.2781088597536748,0.1209432289867869
fibrillar center,cellcom,0.67,0.2160309892729438,0.1139435466646769
fibrillar center,cellcom,0.68,0.18871672626142216,0.10158513318754499
fibrillar center,cellcom,0.6900000000000001,0.1638855780691298,0.09122662894530163
fibrillar center,cellcom,0.7000000000000001,0.2135478744537169,0.07891949519214209
fibrillar center,cellcom,0.71,0.1638855780691298,0.07291976748747551
fibrillar center,cellcom,0.72,0.1465037743345251,0.06794563426223983
fibrillar center,cellcom,0.73,0.1465037743345251,0.05643333623063768
fibrillar center,cellcom,0.74,0.1638855780691298,0.05484366478752113
fibrillar center,cellcom,0.75,0.10429082240762803,0.047946541913354145
fibrillar center,cellcom,0.76,0.03476360746920935,0.04492103819903554
fibrillar center,cellcom,0.77,0.0819427890345649,0.03851107270259782
fibrillar center,cellcom,0.78,0.07449344457687716,0.03263954430786087
fibrillar center,cellcom,0.79,0.0571116408422725,0.0334087401674334
fibrillar center,cellcom,0.8,0.06456098529996021,0.029870439213399776
fibrillar center,cellcom,0.81,0.01986491855383391,0.02510142488405011
fibrillar center,cellcom,0.8200000000000001,0.03476360746920935,0.021127246276258727
fibrillar center,cellcom,0.8300000000000001,0.0595947556615024,0.01999909234888591
fibrillar center,cellcom,0.84,0.029797377830750867,0.019973452486899936
fibrillar center,cellcom,0.85,0.05462852602304326,0.017922263528039866
fibrillar center,cellcom,0.86,0.09684147794994032,0.01628131236095181
fibrillar center,cellcom,0.87,0.059594755661501735,0.015768515121236792
fibrillar center,cellcom,0.88,0.03476360746920935,0.012127654719260165
fibrillar center,cellcom,0.89,0.02234803337306315,0.01133281899770189
fibrillar center,cellcom,0.9,0.014898688915375434,0.008794472661112553
fibrillar center,cellcom,0.91,0.03972983710766782,0.009050871280970062
fibrillar center,cellcom,0.92,0.07201032975764793,0.006974042460124239
fibrillar center,cellcom,0.93,0.029797377830750867,0.004384416399563401
fibrillar center,cellcom,0.9400000000000001,0.014898688915375434,0.002076828820845821
fibrillar center,cellcom,0.9500000000000001,0.009932459276917067,0.002717825370489624
fibrillar center,cellcom,0.96,0.029797377830750867,0.001974269372902818
fibrillar center,cellcom,0.97,0.0,0.0019229896489313162
fibrillar center,cellcom,0.98,0.0,2.563986198575088e-05
fibrillar center,cellcom,0.99,0.0,0.0
focal adhesion,cellcom,0.0,0.0,0.0
focal adhesion,cellcom,0.01,0.0,0.0
focal adhesion,cellcom,0.02,0.0,0.0
focal adhesion,cellcom,0.03,0.0,0.000856479697148779
focal adhesion,cellcom,0.04,0.0,0.0019465447662472247
focal adhesion,cellcom,0.05,0.010289477294553442,0.00495720067137627
focal adhesion,cellcom,0.06,0.02858188137375952,0.012146439341382674
focal adhesion,cellcom,0.07,0.0262953308638588,0.03197524202688777
focal adhesion,cellcom,0.08,0.08345909361137792,0.07482518081454337
focal adhesion,cellcom,0.09,0.09489184616088162,0.14998776272190273
focal adhesion,cellcom,0.1,0.17263456349750775,0.24907986828899506
focal adhesion,cellcom,0.11,0.2709562354232406,0.36493821277602995
focal adhesion,cellcom,0.12,0.4275849453514424,0.5042070023184642
focal adhesion,cellcom,0.13,0.5647779759454882,0.6329904040533804
focal adhesion,cellcom,0.14,0.6939680797548832,0.7717401149914846
focal adhesion,cellcom,0.15,0.8505967896830833,0.9147462704851118
focal adhesion,cellcom,0.16,0.9374857090593123,1.0474487156827392
focal adhesion,cellcom,0.17,0.9889330955320821,1.2194973190887808
focal adhesion,cellcom,0.18,0.9374857090593123,1.4128021913422348
focal adhesion,cellcom,0.19,1.1215530251063237,1.6521233818697767
focal adhesion,cellcom,0.2,1.2461700278959185,1.9219663943320806
focal adhesion,cellcom,0.21,1.5148397128092546,2.211482485898579
focal adhesion,cellcom,0.22,1.8475328119998153,2.57748480981349
focal adhesion,cellcom,0.23,2.2259569213883976,2.9447329223788077
focal adhesion,cellcom,0.24,2.5152055608908377,3.286001150797263
focal adhesion,cellcom,0.25,2.858188137375952,3.6391303253247256
focal adhesion,cellcom,0.26,3.2731970549229406,3.895243708702427
focal adhesion,cellcom,0.27,3.401243883477383,4.137783186576831
focal adhesion,cellcom,0.28,4.0003201170714044,4.334825424781508
focal adhesion,cellcom,0.29,4.1329400466456265,4.471291189860522
focal adhesion,cellcom,0.3,4.346732519321348,4.465425601631564
focal adhesion,cellcom,0.31,4.431334888187676,4.428856513956333
focal adhesion,cellcom,0.32,4.3661681986555045,4.2967250552234715
focal adhesion,cellcom,0.33,4.555951890977267,4.129036712093827
focal adhesion,cellcom,0.34,4.583390497096077,3.875570629598222
focal adhesion,cellcom,0.35000000000000003,4.198106736177821,3.6237396447062844
focal adhesion,cellcom,0.36,4.015182695385738,3.349692095548872
focal adhesion,cellcom,0.37,3.908858096675352,3.0503913722906986
focal adhesion,cellcom,0.38,3.444688343165497,2.769933202369799
focal adhesion,cellcom,0.39,2.950793433026933,2.499986374186634
focal adhesion,cellcom,0.4,2.699272876937849,2.2815840514136956
focal adhesion,cellcom,0.41000000000000003,2.42145698998492,2.0370980287730553
focal adhesion,cellcom,0.42,2.2556820780171014,1.798295916849835
focal adhesion,cellcom,0.43,2.0430328805963307,1.621419882423504
focal adhesion,cellcom,0.44,1.8120912790963535,1.4410141134877112
focal adhesion,cellcom,0.45,1.6646087712077546,1.2809302719115394
focal adhesion,cellcom,0.46,1.6223075867745904,1.1323699753515515
focal adhesion,cellcom,0.47000000000000003,1.4062285635889762,1.0052476251505051
focal adhesion,cellcom,0.48,1.2770384597795754,0.8811359308545765
focal adhesion,cellcom,0.49,1.0095120501211863,0.8005489775319414
focal adhesion,cellcom,0.5,0.9489184616088161,0.7277482032742953
focal adhesion,cellcom,0.51,0.8002926784652666,0.6404651359557697
focal adhesion,cellcom,0.52,0.7088306580692361,0.5689880121391717
focal adhesion,cellcom,0.53,0.6150820871633048,0.4976925658340901
focal adhesion,cellcom,0.54,0.4996112864133165,0.44043819577620513
focal adhesion,cellcom,0.55,0.40929254127223635,0.40685381007588634
focal adhesion,cellcom,0.56,0.3807106598984768,0.36177183328960066
focal adhesion,cellcom,0.5700000000000001,0.3315498239356141,0.3232821547783425
focal adhesion,cellcom,0.58,0.25952348287373644,0.2771360668531714
focal adhesion,cellcom,0.59,0.21150592216582043,0.25398516109993774
focal adhesion,cellcom,0.6,0.20693282114601894,0.21907712495857085
focal adhesion,cellcom,0.61,0.16463163671285483,0.20228493210841147
focal adhesion,cellcom,0.62,0.12461700278959152,0.1880621783496984
focal adhesion,cellcom,0.63,0.1257602780445419,0.16527462761949757
focal adhesion,cellcom,0.64,0.08231581835642741,0.1470549686074236
focal adhesion,cellcom,0.65,0.10060822243563353,0.13610241005600587
focal adhesion,cellcom,0.66,0.10403804820048466,0.12296972136639127
focal adhesion,cellcom,0.67,0.07545616682672514,0.11588429841725137
focal adhesion,cellcom,0.68,0.04573101019801523,0.10376381300608532
focal adhesion,cellcom,0.6900000000000001,0.05030411121781676,0.09291507017553415
focal adhesion,cellcom,0.7000000000000001,0.014862578314355114,0.08178083411260093
focal adhesion,cellcom,0.71,0.03772808341336257,0.0746694572332435
focal adhesion,cellcom,0.72,0.03658480815841219,0.06947867118991756
focal adhesion,cellcom,0.73,0.03658480815841219,0.05782535652265085
focal adhesion,cellcom,0.74,0.04001463392326333,0.056320028570086327
focal adhesion,cellcom,0.75,0.04344445968811447,0.04863766522596395
focal adhesion,cellcom,0.76,0.033154982393561044,0.0450819767862857
focal adhesion,cellcom,0.77,0.04115790917821371,0.03890494139472784
focal adhesion,cellcom,0.78,0.02629533086385876,0.03322103067728595
focal adhesion,cellcom,0.79,0.032011707138610665,0.03368820142118528
focal adhesion,cellcom,0.8,0.016005853569305332,0.030547775864973096
focal adhesion,cellcom,0.81,0.010289477294553427,0.025382943751863795
focal adhesion,cellcom,0.8200000000000001,0.024008780353958,0.02120436098698642
focal adhesion,cellcom,0.8300000000000001,0.027438606118809446,0.02024406556897135
focal adhesion,cellcom,0.84,0.005716376274751904,0.0203997891502709
focal adhesion,cellcom,0.85,0.02515205560890838,0.018141797221424123
focal adhesion,cellcom,0.86,0.014862578314354951,0.017155547873192196
focal adhesion,cellcom,0.87,0.017149128824255712,0.0161952524551769
focal adhesion,cellcom,0.88,0.013719303059404568,0.012328116852899081
focal adhesion,cellcom,0.89,0.002286550509900762,0.011653314667266712
focal adhesion,cellcom,0.9,0.006859651529702284,0.008902198064303968
focal adhesion,cellcom,0.91,0.010289477294553427,0.009343414877986674
focal adhesion,cellcom,0.92,0.0,0.007812132995205524
focal adhesion,cellcom,0.93,0.001143275254950381,0.004723615299426596
focal adhesion,cellcom,0.9400000000000001,0.0,0.0022579919288467794
focal adhesion,cellcom,0.9500000000000001,0.0,0.002854932323829293
focal adhesion,cellcom,0.96,0.0,0.0023098997892800387
focal adhesion,cellcom,0.97,0.0,0.0019465447662472236
focal adhesion,cellcom,0.98,0.0,2.5953930216629646e-05
focal adhesion,cellcom,0.99,0.0,0.0
glutamatergic synapse,cellcom,0.0,0.0,0.0
glutamatergic synapse,cellcom,0.01,0.0,0.0
glutamatergic synapse,cellcom,0.02,0.0,0.0
glutamatergic synapse,cellcom,0.03,0.002562591292314788,0.0008026091529029983
glutamatergic synapse,cellcom,0.04,0.0,0.0019417963376685441
glutamatergic synapse,cellcom,0.05,0.0,0.005178123567116122
glutamatergic synapse,cellcom,0.06,0.0025625912923147864,0.012712293357270062
glutamatergic synapse,cellcom,0.07,0.02306332163083311,0.03202669426261321
glutamatergic synapse,cellcom,0.08,0.02818850421546269,0.07596307272959352
glutamatergic synapse,cellcom,0.09,0.0935345821694897,0.14988078665017596
glutamatergic synapse,cellcom,0.1,0.1806626861081927,0.2487311655464229
glutamatergic synapse,cellcom,0.11,0.2601030161699512,0.3649282583925087
glutamatergic synapse,cellcom,0.12,0.3818261025549032,0.5049447196473279
glutamatergic synapse,cellcom,0.13,0.40360812853957884,0.6360806989845434
glutamatergic synapse,cellcom,0.14,0.5791456320631434,0.7738705671055055
glutamatergic synapse,cellcom,0.15,0.635522640494067,0.9189356988382612
glutamatergic synapse,cellcom,0.16,0.6842118750480479,1.0522982713093367
glutamatergic synapse,cellcom,0.17,0.8366860569407801,1.222011271221571
glutamatergic synapse,cellcom,0.18,0.9865976475411927,1.4106503127716075
glutamatergic synapse,cellcom,0.19,1.1967301335110052,1.6493100279799893
glutamatergic synapse,cellcom,0.2,1.2505445506496193,1.9202294530115096
glutamatergic synapse,cellcom,0.21,1.5952130794659545,2.208159013960996
glutamatergic synapse,cellcom,0.22,1.8348153652973873,2.5759611309332535
glutamatergic synapse,cellcom,0.23,1.9680701124977615,2.9481905435554037
glutamatergic synapse,cellcom,0.24,2.2256105373753923,3.2899725896028946
glutamatergic synapse,cellcom,0.25,2.597186274761036,3.6424992420521596
glutamatergic synapse,cellcom,0.26,2.8726648386848757,3.9018196702933348
glutamatergic synapse,cellcom,0.27,3.4479665838095452,4.135042355756244
glutamatergic synapse,cellcom,0.28,4.047612946211228,4.333053800962789
glutamatergic synapse,cellcom,0.29,4.449939779104627,4.464060327210802
glutamatergic synapse,cellcom,0.3,4.539630474335644,4.4612382498667245
glutamatergic synapse,cellcom,0.31,4.544755656920274,4.426570712584882
glutamatergic synapse,cellcom,0.32,4.583194526304996,4.292509093432246
glutamatergic synapse,cellcom,0.33,4.59600748276657,4.12926874797891
glutamatergic synapse,cellcom,0.34,4.412782205366063,3.880744707375172
glutamatergic synapse,cellcom,0.35000000000000003,4.256464136534884,3.623961559681904
glutamatergic synapse,cellcom,0.36,4.169336032596157,3.348200589115115
glutamatergic synapse,cellcom,0.37,4.027112215872687,3.05009601535624
glutamatergic synapse,cellcom,0.38,3.3903082797324626,2.7726780452479947
glutamatergic synapse,cellcom,0.39,3.1699254285933907,2.49665816850287
glutamatergic synapse,cellcom,0.4,2.93929221228506,2.2777529947030364
glutamatergic synapse,cellcom,0.41000000000000003,2.7509417522999384,2.031377875379663
glutamatergic synapse,cellcom,0.42,2.316582528252567,1.7981810805345775
glutamatergic synapse,cellcom,0.43,2.0897931988827083,1.6215035044245756
glutamatergic synapse,cellcom,0.44,1.8258462957742854,1.4416413823207976
glutamatergic synapse,cellcom,0.45,1.7976577915588228,1.2791777554025292
glutamatergic synapse,cellcom,0.46,1.5080849755272518,1.135873185682591
glutamatergic synapse,cellcom,0.47000000000000003,1.1992927248033267,1.0104072516513731
glutamatergic synapse,cellcom,0.48,1.1672603336493852,0.88431994279209
glutamatergic synapse,cellcom,0.49,1.104476846987673,0.7991398101130299
glutamatergic synapse,cellcom,0.5,0.8917817697255457,0.7294422668996471
glutamatergic synapse,cellcom,0.51,0.7367449965405011,0.6421391035580694
glutamatergic synapse,cellcom,0.52,0.6406478230786966,0.5707068889497026
glutamatergic synapse,cellcom,0.53,0.515080849755272,0.49999961164073203
glutamatergic synapse,cellcom,0.54,0.5483945365553643,0.43959680023032255
glutamatergic synapse,cellcom,0.55,0.3997642416011067,0.40705229361099776
glutamatergic synapse,cellcom,0.56,0.4369218153396711,0.36068219706747295
glutamatergic synapse,cellcom,0.5700000000000001,0.32416779847782407,0.3234514886199117
glutamatergic synapse,cellcom,0.58,0.27035338133921,0.27687426713369867
glutamatergic synapse,cellcom,0.59,0.25113394664684907,0.2530807893428001
glutamatergic synapse,cellcom,0.6,0.2383209901852751,0.2184132520609577
glutamatergic synapse,cellcom,0.61,0.2408835814775899,0.20065228822574943
glutamatergic synapse,cellcom,0.62,0.14222381672347065,0.18755163560094565
glutamatergic synapse,cellcom,0.63,0.14606770366194283,0.16476789190563476
glutamatergic synapse,cellcom,0.64,0.16272454706198894,0.1452722566754426
glutamatergic synapse,cellcom,0.65,0.1524741818927298,0.13496779077688154
glutamatergic synapse,cellcom,0.66,0.1332547472003689,0.12233316927311821
glutamatergic synapse,cellcom,0.67,0.14478640801578543,0.11438474959759497
glutamatergic synapse,cellcom,0.68,0.11787919944648019,0.10216437797920094
glutamatergic synapse,cellcom,0.6900000000000001,0.08200292135407317,0.09217059949466684
glutamatergic synapse,cellcom,0.7000000000000001,0.03715757373856481,0.081167086914546
glutamatergic synapse,cellcom,0.71,0.06918996489249923,0.07394360453841813
glutamatergic synapse,cellcom,0.72,0.033313686800092224,0.06946452765286268
glutamatergic synapse,cellcom,0.73,0.04868923455398094,0.05752895283066003
glutamatergic synapse,cellcom,0.74,0.033313686800092224,0.05641565626373007
glutamatergic synapse,cellcom,0.75,0.02818850421546265,0.04893326770924728
glutamatergic synapse,cellcom,0.76,0.023063321630833078,0.04525679997659485
glutamatergic synapse,cellcom,0.77,0.049970530200138336,0.03873236428202853
glutamatergic synapse,cellcom,0.78,0.0384388693847218,0.03295875650469407
glutamatergic synapse,cellcom,0.79,0.017938139046203505,0.03396849060028171
glutamatergic synapse,cellcom,0.8,0.017938139046203505,0.030473257192478335
glutamatergic synapse,cellcom,0.81,0.005125182584629573,0.025450477332375702
glutamatergic synapse,cellcom,0.8200000000000001,0.005125182584629573,0.021592775274874198
glutamatergic synapse,cellcom,0.8300000000000001,0.014094252107731482,0.020531259943615623
glutamatergic synapse,cellcom,0.84,0.005125182584629573,0.02037591623660191
glutamatergic synapse,cellcom,0.85,0.011531660815416539,0.018434119898933368
glutamatergic synapse,cellcom,0.86,0.011531660815416539,0.017217260860661082
glutamatergic synapse,cellcom,0.87,0.0,0.016544104796935986
glutamatergic synapse,cellcom,0.88,0.0012812956461573932,0.012582840268092157
glutamatergic synapse,cellcom,0.89,0.0,0.011676668643846838
glutamatergic synapse,cellcom,0.9,0.0,0.00903582562461762
glutamatergic synapse,cellcom,0.91,0.0,0.00955363798132923
glutamatergic synapse,cellcom,0.92,0.0,0.0077930759685097524
glutamatergic synapse,cellcom,0.93,0.0,0.0047379830639112455
glutamatergic synapse,cellcom,0.9400000000000001,0.0,0.00225248375169551
glutamatergic synapse,cellcom,0.9500000000000001,0.0,0.0028479679619138948
glutamatergic synapse,cellcom,0.96,0.0,0.002304264987366671
glutamatergic synapse,cellcom,0.97,0.0,0.001941796337668543
glutamatergic synapse,cellcom,0.98,0.0,2.5890617835580573e-05
glutamatergic synapse,cellcom,0.99,0.0,0.0
growth cone,cellcom,0.0,0.0,0.0
growth cone,cellcom,0.01,0.0,0.0
growth cone,cellcom,0.02,0.0,0.0
growth cone,cellcom,0.03,0.0,0.0008486829212591985
growth cone,cellcom,0.04,0.0,0.0019288248210436326
growth cone,cellcom,0.05,0.0,0.005143532856116358
growth cone,cellcom,0.06,0.007681819054752159,0.012575937833204476
growth cone,cellcom,0.07,0.02880682145532063,0.03188990370792141
growth cone,cellcom,0.08,0.04801136909220106,0.07537847400638523
growth cone,cellcom,0.09,0.04417045956482492,0.15016544173431687
growth cone,cellcom,0.1,0.08450000960227386,0.24956421417876568
growth cone,cellcom,0.11,0.21509093353306075,0.36483078548433323
growth cone,cellcom,0.12,0.23429548116994084,0.5060979153775683
growth cone,cellcom,0.13,0.29190912408058206,0.6360235553230673
growth cone,cellcom,0.14,0.37064776939179267,0.7753618603952613
growth cone,cellcom,0.15,0.6011023410343563,0.9175033908740345
growth cone,cellcom,0.16,0.6068637053254206,1.0508751978331314
growth cone,cellcom,0.17,0.6990455339824483,1.2212804413562697
growth cone,cellcom,0.18,0.8046705459852886,1.410253838489981
growth cone,cellcom,0.19,0.9525455627892676,1.6495567046207942
growth cone,cellcom,0.2,1.2041251368324042,1.9163774715318351
growth cone,cellcom,0.21,1.6823183729907227,2.2028979692817914
growth cone,cellcom,0.22,2.031841139981946,2.5683716963731382
growth cone,cellcom,0.23,2.431295730829065,2.93543991864989
growth cone,cellcom,0.24,2.5465230166503408,3.2785649954814033
growth cone,cellcom,0.25,3.0323980718634145,3.629688265904186
growth cone,cellcom,0.26,3.293579919724988,3.889308086816659
growth cone,cellcom,0.27,3.739125424900613,4.126553539805025
growth cone,cellcom,0.28,4.491943692266349,4.325196778708263
growth cone,cellcom,0.29,4.578364156632286,4.462246211659459
growth cone,cellcom,0.3,4.856830097367052,4.457514161431832
growth cone,cellcom,0.31,4.958614199842518,4.421818043410385
growth cone,cellcom,0.32,5.156421040502386,4.28677458827305
growth cone,cellcom,0.33,5.267807416796293,4.123390267098514
growth cone,cellcom,0.34,4.657102801943497,3.8810269989183115
growth cone,cellcom,0.35000000000000003,4.459295961283653,3.6254705689621907
growth cone,cellcom,0.36,4.2000345681857425,3.3532748102164938
growth cone,cellcom,0.37,3.7583299725374935,3.060222025739264
growth cone,cellcom,0.38,3.3646367459814455,2.7771476950029013
growth cone,cellcom,0.39,3.3166253768892444,2.499191179458373
growth cone,cellcom,0.4,2.6655912119989993,2.2858374365866676
growth cone,cellcom,0.41000000000000003,2.3563979950452376,2.0414681905925907
growth cone,cellcom,0.42,1.8129092969215093,1.808388999217667
growth cone,cellcom,0.43,1.751454744483492,1.6291625968462928
growth cone,cellcom,0.44,1.405772887019645,1.4498333238177963
growth cone,cellcom,0.45,1.4249774346565254,1.287632015200167
growth cone,cellcom,0.46,1.2924660559620507,1.1412470701150959
growth cone,cellcom,0.47000000000000003,1.113863762939069,1.0128130546978762
growth cone,cellcom,0.48,0.9947955675904046,0.8885195832298189
growth cone,cellcom,0.49,0.925659196097635,0.8035741381110574
growth cone,cellcom,0.5,0.925659196097635,0.7300730535971548
growth cone,cellcom,0.51,0.7451364483109594,0.6426587127074573
growth cone,cellcom,0.52,0.5991818862706684,0.571729394621613
growth cone,cellcom,0.53,0.5665341552879717,0.4994113226646171
growth cone,cellcom,0.54,0.5646137005242836,0.4401063888335955
growth cone,cellcom,0.55,0.4493864147030012,0.4063390956331917
growth cone,cellcom,0.56,0.3610454955733514,0.3622075837277134
growth cone,cellcom,0.5700000000000001,0.34376140270016287,0.3231938870140745
growth cone,cellcom,0.58,0.3015113978990222,0.27641345568769266
growth cone,cellcom,0.59,0.21317047876937242,0.2535761698065361
growth cone,cellcom,0.6,0.21125002400568438,0.21890875835631188
growth cone,cellcom,0.61,0.1555568358587312,0.20206368825253082
growth cone,cellcom,0.62,0.16707956444085945,0.18691598399126816
growth cone,cellcom,0.63,0.1017841024754661,0.16523599300273775
growth cone,cellcom,0.64,0.07105682625645747,0.14661640406359658
growth cone,cellcom,0.65,0.059534097674329226,0.13632933835136388
growth cone,cellcom,0.66,0.05377273338326511,0.123470506211073
growth cone,cellcom,0.67,0.07297728102014552,0.1155494656126538
growth cone,cellcom,0.68,0.09026137389333785,0.10263919814380178
growth cone,cellcom,0.6900000000000001,0.04417045956482492,0.0926093090743749
growth cone,cellcom,0.7000000000000001,0.04993182385588958,0.08070203051246644
growth cone,cellcom,0.71,0.04417045956482492,0.07424689677803953
growth cone,cellcom,0.72,0.024965911927944517,0.0693348229004484
growth cone,cellcom,0.73,0.007681819054752159,0.05801905061699243
growth cone,cellcom,0.74,0.007681819054752159,0.056604579081560434
growth cone,cellcom,0.75,0.005761364291064119,0.04909502111163056
growth cone,cellcom,0.76,0.0019204547636880397,0.04539167745522679
growth cone,cellcom,0.77,0.0,0.03947661467069299
growth cone,cellcom,0.78,0.0,0.03351011655759802
growth cone,cellcom,0.79,0.0,0.03410162283605141
growth cone,cellcom,0.8,0.0,0.030629738158172867
growth cone,cellcom,0.81,0.0,0.02538333464493419
growth cone,cellcom,0.8200000000000001,0.0,0.021551402667127507
growth cone,cellcom,0.8300000000000001,0.0,0.020677002081587955
growth cone,cellcom,0.84,0.0,0.020342672445940166
growth cone,cellcom,0.85,0.0,0.018542435946299445
growth cone,cellcom,0.86,0.0,0.0173337057251121
growth cone,cellcom,0.87,0.0,0.01643358747529174
growth cone,cellcom,0.88,0.0,0.012524502504643313
growth cone,cellcom,0.89,0.0,0.011598666590542369
growth cone,cellcom,0.9,0.0,0.008975464833923032
growth cone,cellcom,0.91,0.0,0.009489818119534666
growth cone,cellcom,0.92,0.0,0.007741016948455108
growth cone,cellcom,0.93,0.0,0.004706332563346461
growth cone,cellcom,0.9400000000000001,0.0,0.0022374367924106126
growth cone,cellcom,0.9500000000000001,0.0,0.0028289430708640243
growth cone,cellcom,0.96,0.0,0.002288872120971776
growth cone,cellcom,0.97,0.0,0.0019288248210436315
growth cone,cellcom,0.98,0.0,2.5717664280581752e-05
growth cone,cellcom,0.99,0.0,0.0
intracellular membrane-bounded organelle,cellcom,0.0,0.0,0.0
intracellular membrane-bounded organelle,cellcom,0.01,0.0,0.0
intracellular membrane-bounded organelle,cellcom,0.02,0.0,0.0
intracellular membrane-bounded organelle,cellcom,0.03,0.001034535583050328,0.0004904557314656778
intracellular membrane-bounded organelle,cellcom,0.04,0.0017507525251620935,0.002172018239348002
intracellular membrane-bounded organelle,cellcom,0.05,0.004138142332201315,0.0067262500315293005
intracellular membrane-bounded organelle,cellcom,0.06,0.013130643938715693,0.011420612032700776
intracellular membrane-bounded organelle,cellcom,0.07,0.02936489462658241,0.03622365902396509
intracellular membrane-bounded organelle,cellcom,0.08,0.06422078580935502,0.09402737023242
intracellular membrane-bounded organelle,cellcom,0.09,0.12004591746395527,0.19933522228855036
intracellular membrane-bounded organelle,cellcom,0.1,0.19556701502662943,0.3386246500248032
intracellular membrane-bounded organelle,cellcom,0.11,0.2837810683967286,0.5020865388118643
intracellular membrane-bounded organelle,cellcom,0.12,0.41118810443238774,0.6633063442550813
intracellular membrane-bounded organelle,cellcom,0.13,0.5155568288301189,0.8355964362085242
intracellular membrane-bounded organelle,cellcom,0.14,0.6525532139240544,0.9768476868706419
intracellular membrane-bounded organelle,cellcom,0.15,0.7835413346702709,1.1418510079565922
intracellular membrane-bounded organelle,cellcom,0.16,0.9063327504123214,1.2891979227097807
intracellular membrane-bounded organelle,cellcom,0.17,1.0729327691135444,1.4634498375890905
intracellular membrane-bounded organelle,cellcom,0.18,1.2420793369422698,1.6842950469576314
intracellular membrane-bounded organelle,cellcom,0.19,1.4697965347036939,1.9406632643051906
intracellular membrane-bounded organelle,cellcom,0.2,1.6997021731215751,2.2719310783580147
intracellular membrane-bounded organelle,cellcom,0.21,1.9838811398194718,2.5695676422531792
intracellular membrane-bounded organelle,cellcom,0.22,2.3338326957013034,2.961792097216731
intracellular membrane-bounded organelle,cellcom,0.23,2.7020875734371104,3.3279523333081165
intracellular membrane-bounded organelle,cellcom,0.24,3.043762844654532,3.665315811451998
intracellular membrane-bounded organelle,cellcom,0.25,3.3827721972541007,4.042686464262589
intracellular membrane-bounded organelle,cellcom,0.26,3.6566455979516164,4.2772644341121735
intracellular membrane-bounded organelle,cellcom,0.27,3.949936435746384,4.4234202420889455
intracellular membrane-bounded organelle,cellcom,0.28,4.143116060965997,4.651902547847482
intracellular membrane-bounded organelle,cellcom,0.29,4.279475808778031,4.7883193062994085
intracellular membrane-bounded organelle,cellcom,0.3,4.298614717064462,4.751885451961959
intracellular membrane-bounded organelle,cellcom,0.31,4.273905232561606,4.70185896735246
intracellular membrane-bounded organelle,cellcom,0.32,4.188794785940658,4.491033067926714
intracellular membrane-bounded organelle,cellcom,0.33,4.098710610555044,4.208600631706978
intracellular membrane-bounded organelle,cellcom,0.34,3.870675094152682,3.9275694975771454
intracellular membrane-bounded organelle,cellcom,0.35000000000000003,3.665279991087095,3.5857919178500834
intracellular membrane-bounded organelle,cellcom,0.36,3.454314311805043,3.206249246800124
intracellular membrane-bounded organelle,cellcom,0.37,3.196476212644807,2.845764284172851
intracellular membrane-bounded organelle,cellcom,0.38,2.9271786424107837,2.5343949597966406
intracellular membrane-bounded organelle,cellcom,0.39,2.6687436957987885,2.230452536496911
intracellular membrane-bounded organelle,cellcom,0.4,2.468043792687025,1.9788487462550186
intracellular membrane-bounded organelle,cellcom,0.41000000000000003,2.2315728322998027,1.7182065575332681
intracellular membrane-bounded organelle,cellcom,0.42,1.9801806856185609,1.5060494211221054
intracellular membrane-bounded organelle,cellcom,0.43,1.7970280975885358,1.3380333005428633
intracellular membrane-bounded organelle,cellcom,0.44,1.6229475908252595,1.1433924402554845
intracellular membrane-bounded organelle,cellcom,0.45,1.446479694254944,1.012931215685614
intracellular membrane-bounded organelle,cellcom,0.46,1.3089660413694852,0.851431149824416
intracellular membrane-bounded organelle,cellcom,0.47000000000000003,1.1751528426849438,0.7306389096748733
intracellular membrane-bounded organelle,cellcom,0.48,1.0461940032747021,0.6147512268399792
intracellular membrane-bounded organelle,cellcom,0.49,0.9421435975179094,0.5640240911855291
intracellular membrane-bounded organelle,cellcom,0.5,0.8750181541099903,0.4819778538217708
intracellular membrane-bounded organelle,cellcom,0.51,0.7542162298738059,0.44995810106751155
intracellular membrane-bounded organelle,cellcom,0.52,0.6659623866735895,0.40679799669853195
intracellular membrane-bounded organelle,cellcom,0.53,0.5982798856440277,0.32776455882806277
intracellular membrane-bounded organelle,cellcom,0.54,0.5319502388384548,0.2829228919512008
intracellular membrane-bounded organelle,cellcom,0.55,0.49148398160914003,0.25797971475094633
intracellular membrane-bounded organelle,cellcom,0.56,0.4408315278697914,0.223717878652844
intracellular membrane-bounded organelle,cellcom,0.5700000000000001,0.40056421979106765,0.18770441494236637
intracellular membrane-bounded organelle,cellcom,0.58,0.34235169832942364,0.1612198054432177
intracellular membrane-bounded organelle,cellcom,0.59,0.3171647358651599,0.14013020899019357
intracellular membrane-bounded organelle,cellcom,0.6,0.2769770074466665,0.11637813856635576
intracellular membrane-bounded organelle,cellcom,0.61,0.25366016699791677,0.10951175832583626
intracellular membrane-bounded organelle,cellcom,0.62,0.24299649252647493,0.08744125040988078
intracellular membrane-bounded organelle,cellcom,0.63,0.21188084537473048,0.08078506548284659
intracellular membrane-bounded organelle,cellcom,0.64,0.19035454728126022,0.06684210968832233
intracellular membrane-bounded organelle,cellcom,0.65,0.17551294064749975,0.06452996123998413
intracellular membrane-bounded organelle,cellcom,0.66,0.15963679843068895,0.05724319037249407
intracellular membrane-bounded organelle,cellcom,0.67,0.14945060192065496,0.0543004559837
intracellular membrane-bounded organelle,cellcom,0.68,0.13544458171935822,0.04442127624989136
intracellular membrane-bounded organelle,cellcom,0.6900000000000001,0.12426363945639123,0.03510261735204349
intracellular membrane-bounded organelle,cellcom,0.7000000000000001,0.10890476503110681,0.02991779961940666
intracellular membrane-bounded organelle,cellcom,0.71,0.10038974138599906,0.027115195439602453
intracellular membrane-bounded organelle,cellcom,0.72,0.0967290770152056,0.019478099049636904
intracellular membrane-bounded organelle,cellcom,0.73,0.07687395178666277,0.022981354274391744
intracellular membrane-bounded organelle,cellcom,0.74,0.07575983654337781,0.02108959645302413
intracellular membrane-bounded organelle,cellcom,0.75,0.06672754510674611,0.01646529955634774
intracellular membrane-bounded organelle,cellcom,0.76,0.06059991126867878,0.017025820392308516
intracellular membrane-bounded organelle,cellcom,0.77,0.053278582527091854,0.01373276048103897
intracellular membrane-bounded organelle,cellcom,0.78,0.04607662327585688,0.010159440151789033
intracellular membrane-bounded organelle,cellcom,0.79,0.04599704361562224,0.011911067764166453
intracellular membrane-bounded organelle,cellcom,0.8,0.04400755210975623,0.005955533882083227
intracellular membrane-bounded organelle,cellcom,0.81,0.03489568101288989,0.007707161494460647
intracellular membrane-bounded organelle,cellcom,0.8200000000000001,0.029484264116934323,0.006796315136024388
intracellular membrane-bounded organelle,cellcom,0.8300000000000001,0.027932460742359146,0.007146640658499951
intracellular membrane-bounded organelle,cellcom,0.84,0.028768047174822564,0.004764427105666581
intracellular membrane-bounded organelle,cellcom,0.85,0.025664440425671578,0.005324947941627356
intracellular membrane-bounded organelle,cellcom,0.86,0.022719992996989877,0.007216705762994969
intracellular membrane-bounded organelle,cellcom,0.87,0.01977554556830818,0.009949244838303744
intracellular membrane-bounded organelle,cellcom,0.88,0.016353620178218634,0.005324947941627356
intracellular membrane-bounded organelle,cellcom,0.89,0.0170698371203304,0.0015414322988921293
intracellular membrane-bounded organelle,cellcom,0.9,0.01293169478812909,0.0016815625078823227
intracellular membrane-bounded organelle,cellcom,0.91,0.01428454901211798,0.0007006510449509678
intracellular membrane-bounded organelle,cellcom,0.92,0.011578840564140202,0.0007006510449509678
intracellular membrane-bounded organelle,cellcom,0.93,0.007162169421117651,0.00021019531348529034
intracellular membrane-bounded organelle,cellcom,0.9400000000000001,0.0034617152202068642,0.0
intracellular membrane-bounded organelle,cellcom,0.9500000000000001,0.00437688131290528,0.0
intracellular membrane-bounded organelle,cellcom,0.96,0.0035412948804415052,0.0
intracellular membrane-bounded organelle,cellcom,0.97,0.002984237258799021,0.0
intracellular membrane-bounded organelle,cellcom,0.98,3.978983011732028e-05,0.0
intracellular membrane-bounded organelle,cellcom,0.99,0.0,0.0
kinetochore,cellcom,0.0,0.0,0.0
kinetochore,cellcom,0.01,0.0,0.0
kinetochore,cellcom,0.02,0.0,0.0
kinetochore,cellcom,0.03,0.0,0.0008460429928283755
kinetochore,cellcom,0.04,0.0,0.001922824983700853
kinetochore,cellcom,0.05,0.0,0.005127533289868946
kinetochore,cellcom,0.06,0.0,0.012639369559526933
kinetochore,cellcom,0.07,0.0050077620311482825,0.03212399606102894
kinetochore,cellcom,0.08,0.0,0.07578494202426302
kinetochore,cellcom,0.09,0.0,0.1502880007260586
kinetochore,cellcom,0.1,0.0025038810155741413,0.24989033488176304
kinetochore,cellcom,0.11,0.0550853823426311,0.3660033262308453
kinetochore,cellcom,0.12,0.0600931443737793,0.5070361293686899
kinetochore,cellcom,0.13,0.09013971656066895,0.6370190982668675
kinetochore,cellcom,0.14,0.14772897991887451,0.7763854530855074
kinetochore,cellcom,0.15,0.35054334218037925,0.9190847045425579
kinetochore,cellcom,0.16,0.44819470178777066,1.051118686756683
kinetochore,cellcom,0.17,0.6434974210025551,1.220224734656564
kinetochore,cellcom,0.18,0.9664980720116171,1.406713120409094
kinetochore,cellcom,0.19,1.1693124342731223,1.645169056054449
kinetochore,cellcom,0.2,1.2419249837247757,1.9137748874442384
kinetochore,cellcom,0.21,1.4772897991887413,2.203377967656031
kinetochore,cellcom,0.22,1.6951274475436913,2.5701504238803556
kinetochore,cellcom,0.23,2.18088036456508,2.9364357644421517
kinetochore,cellcom,0.24,2.4713305623716737,3.2770578008881373
kinetochore,cellcom,0.25,3.422805348289846,3.6238328772819735
kinetochore,cellcom,0.26,3.650658520707093,3.883798815078329
kinetochore,cellcom,0.27,3.6306274725825,4.126459328021376
kinetochore,cellcom,0.28,4.013721267965365,4.330612065957531
kinetochore,cellcom,0.29,4.304171465771943,4.465414916148163
kinetochore,cellcom,0.3,4.083829936401418,4.466671161804181
kinetochore,cellcom,0.31,4.682257499123637,4.426317474812912
kinetochore,cellcom,0.32,4.594621663578542,4.295232086257412
kinetochore,cellcom,0.33,4.479443136862133,4.135022308615457
kinetochore,cellcom,0.34,4.366768491161296,3.8864138570561617
kinetochore,cellcom,0.35000000000000003,3.818418548750581,3.6346263348571677
kinetochore,cellcom,0.36,3.8659922880464683,3.3593290725240843
kinetochore,cellcom,0.37,3.5530071610997016,3.06449590835662
kinetochore,cellcom,0.38,3.4428363964144393,2.7781744494503386
kinetochore,cellcom,0.39,3.0296960288447066,2.5046718237687293
kinetochore,cellcom,0.4,2.784315689318441,2.2858030652906742
kinetochore,cellcom,0.41000000000000003,2.5564625169012087,2.040399322037558
kinetochore,cellcom,0.42,1.9755621212879946,1.806737630018219
kinetochore,cellcom,0.43,2.1207872201912945,1.625761342552295
kinetochore,cellcom,0.44,1.6074916119985965,1.447630836062248
kinetochore,cellcom,0.45,1.5574139916871135,1.2867032037597113
kinetochore,cellcom,0.46,1.1793279583354188,1.1428758949788878
kinetochore,cellcom,0.47000000000000003,1.1693124342731287,1.0125596364168743
kinetochore,cellcom,0.48,0.9715058340427654,0.8890886347968245
kinetochore,cellcom,0.49,1.1042115278681948,0.8021256702006474
kinetochore,cellcom,0.5,1.0115679302919516,0.7298018131470461
kinetochore,cellcom,0.51,0.7511643046722414,0.6429157615502168
kinetochore,cellcom,0.52,0.6209624918623862,0.5715917734881399
kinetochore,cellcom,0.53,0.6384896589714051,0.4988833514377984
kinetochore,cellcom,0.54,0.5809003956132,0.44032692126749506
kinetochore,cellcom,0.55,0.6334818969402568,0.40458801423710855
kinetochore,cellcom,0.56,0.563373228504181,0.3601323006139449
kinetochore,cellcom,0.5700000000000001,0.5708848715509097,0.3209323086129004
kinetochore,cellcom,0.58,0.4106364865541586,0.2753741753324113
kinetochore,cellcom,0.59,0.3305122940557862,0.2522490001951024
kinetochore,cellcom,0.6,0.3054734839000448,0.21792016481942988
kinetochore,cellcom,0.61,0.2929540788221741,0.20051218930032483
kinetochore,cellcom,0.62,0.2779307927287293,0.18571925575905293
kinetochore,cellcom,0.63,0.25789974460413617,0.1634401236145724
kinetochore,cellcom,0.64,0.2654113876508586,0.14439133744270932
kinetochore,cellcom,0.65,0.22785317241724656,0.13436700986101552
kinetochore,cellcom,0.66,0.272923030697581,0.12100978564090695
kinetochore,cellcom,0.67,0.18779107616806034,0.11424144169827995
kinetochore,cellcom,0.68,0.23786869647954306,0.10108931880976611
kinetochore,cellcom,0.6900000000000001,0.2128298863238017,0.09073170156423087
kinetochore,cellcom,0.7000000000000001,0.2178376483549524,0.07888709966463449
kinetochore,cellcom,0.71,0.1852871951524862,0.07270842205034155
kinetochore,cellcom,0.72,0.1852871951524862,0.06755525109402326
kinetochore,cellcom,0.73,0.1201862887475586,0.05671051818595046
kinetochore,cellcom,0.74,0.13771345585657757,0.05512098286609108
kinetochore,cellcom,0.75,0.11517852671641035,0.04783988559447719
kinetochore,cellcom,0.76,0.11768240773198446,0.04407114862642353
kinetochore,cellcom,0.77,0.1677600280434672,0.03763609434763801
kinetochore,cellcom,0.78,0.09013971656066895,0.032482923391319724
kinetochore,cellcom,0.79,0.07511643046722413,0.03322641571835072
kinetochore,cellcom,0.8,0.11017076468526206,0.02940640341739836
kinetochore,cellcom,0.81,0.06259702538935344,0.024663435124269592
kinetochore,cellcom,0.8200000000000001,0.07010866843607585,0.0207665098239692
kinetochore,cellcom,0.8300000000000001,0.07511643046722496,0.01984355383179301
kinetochore,cellcom,0.84,0.08262807351394655,0.019433351168603275
kinetochore,cellcom,0.85,0.08262807351394655,0.01763871451714915
kinetochore,cellcom,0.86,0.07511643046722413,0.016510657193377982
kinetochore,cellcom,0.87,0.07511643046722413,0.015613338867650917
kinetochore,cellcom,0.88,0.06259702538935344,0.011844601899597247
kinetochore,cellcom,0.89,0.057589263358205176,0.010972921240319528
kinetochore,cellcom,0.9,0.06510090640492758,0.008280966263138335
kinetochore,cellcom,0.91,0.05007762031148275,0.008947545590821298
kinetochore,cellcom,0.92,0.0600931443737793,0.007101633606468479
kinetochore,cellcom,0.93,0.037558215233612066,0.0043071279634899085
kinetochore,cellcom,0.9400000000000001,0.0,0.0022304769810929884
kinetochore,cellcom,0.9500000000000001,0.0,0.0028201433094279475
kinetochore,cellcom,0.96,0.0,0.002281752313991678
kinetochore,cellcom,0.97,0.0,0.001922824983700852
kinetochore,cellcom,0.98,0.0,2.563766644934469e-05
kinetochore,cellcom,0.99,0.0,0.0
lamellipodium,cellcom,0.0,0.0,0.0
lamellipodium,cellcom,0.01,0.0,0.0
lamellipodium,cellcom,0.02,0.0,0.0
lamellipodium,cellcom,0.03,0.0,0.0008499739341326865
lamellipodium,cellcom,0.04,0.0,0.0019317589412106509
lamellipodium,cellcom,0.05,0.0,0.00515135717656174
lamellipodium,cellcom,0.06,0.006899287648550282,0.012595068296693436
lamellipodium,cellcom,0.07,0.02587232868206359,0.031938414494682786
lamellipodium,cellcom,0.08,0.024147506769926018,0.0757764640672232
lamellipodium,cellcom,0.09,0.008624109560687852,0.15085749491561035
lamellipodium,cellcom,0.1,0.06554323266122776,0.2500983909220724
lamellipodium,cellcom,0.11,0.1328112872345931,0.3662872520394225
lamellipodium,cellcom,0.12,0.18973041033513274,0.5071768708183854
lamellipodium,cellcom,0.13,0.16558290356520675,0.6384334516771782
lamellipodium,cellcom,0.14,0.24492471152353568,0.7778549336608237
lamellipodium,cellcom,0.15,0.40878279317660415,0.9208566088821752
lamellipodium,cellcom,0.16,0.513996929816996,1.052937406889218
lamellipodium,cellcom,0.17,0.5605671214447119,1.2241427626522507
lamellipodium,cellcom,0.18,0.8210152301774835,1.4109309738743758
lamellipodium,cellcom,0.19,0.9279541887300128,1.6509842183021524
lamellipodium,cellcom,0.2,0.9883229556548305,1.9206835232810473
lamellipodium,cellcom,0.21,1.2418717767390506,2.21026706696146
lamellipodium,cellcom,0.22,1.5074943512082366,2.577017941146772
lamellipodium,cellcom,0.23,2.154302568259831,2.9403431628096794
lamellipodium,cellcom,0.24,2.4992669506873395,3.280384250034511
lamellipodium,cellcom,0.25,3.0908808665505263,3.629723536963045
lamellipodium,cellcom,0.26,3.2978594960070344,3.8901503990241237
lamellipodium,cellcom,0.27,3.637649412698136,4.128658236298931
lamellipodium,cellcom,0.28,4.032633630577662,4.331802006556668
lamellipodium,cellcom,0.29,4.284457629749724,4.466458483151968
lamellipodium,cellcom,0.3,4.510409300239746,4.4620798295518895
lamellipodium,cellcom,0.31,4.722562395432668,4.424526435734755
lamellipodium,cellcom,0.32,4.563878779516011,4.294300126311274
lamellipodium,cellcom,0.33,4.705314176311292,4.130049102736603
lamellipodium,cellcom,0.34,4.460389464787757,3.88278395826164
lamellipodium,cellcom,0.35000000000000003,4.313779602256087,3.6263751547983
lamellipodium,cellcom,0.36,4.041257740138327,3.354357739089938
lamellipodium,cellcom,0.37,4.034358452489777,3.055038130345818
lamellipodium,cellcom,0.38,3.6773203166772994,2.771584701705509
lamellipodium,cellcom,0.39,3.3133828932162723,2.497996122058315
lamellipodium,cellcom,0.4,3.1236524828811394,2.2784195224073716
lamellipodium,cellcom,0.41000000000000003,2.5648101833485812,2.037876899047833
lamellipodium,cellcom,0.42,2.3129861841764816,1.8009144689259815
lamellipodium,cellcom,0.43,2.047363609707296,1.6245577559863906
lamellipodium,cellcom,0.44,1.8058885420080362,1.4439254165902538
lamellipodium,cellcom,0.45,1.6644531452127553,1.2838469923285978
lamellipodium,cellcom,0.46,1.360884488676543,1.1399953431731114
lamellipodium,cellcom,0.47000000000000003,1.326388050433799,1.0094857091049254
lamellipodium,cellcom,0.48,1.2677441054211143,0.8842819729285869
lamellipodium,cellcom,0.49,1.0452420787553676,0.8016026902447712
lamellipodium,cellcom,0.5,0.9779740241820023,0.7289943108411336
lamellipodium,cellcom,0.51,0.8934577504872614,0.6402879402607405
lamellipodium,cellcom,0.52,0.7951429014954199,0.5687613458641809
lamellipodium,cellcom,0.53,0.6606067923486894,0.49790442790057426
lamellipodium,cellcom,0.54,0.5829898063024987,0.43964257823366104
lamellipodium,cellcom,0.55,0.5519430118840225,0.4047421333624553
lamellipodium,cellcom,0.56,0.5829898063024987,0.3588950544910559
lamellipodium,cellcom,0.5700000000000001,0.4519033409800485,0.32154771496098694
lamellipodium,cellcom,0.58,0.32599134139400077,0.2760097175201776
lamellipodium,cellcom,0.59,0.2483743553478101,0.2531119348703607
lamellipodium,cellcom,0.6,0.2638977525570483,0.21813421964150656
lamellipodium,cellcom,0.61,0.2638977525570483,0.20051657809766543
lamellipodium,cellcom,0.62,0.19835451989582056,0.1864791297915347
lamellipodium,cellcom,0.63,0.18973041033513274,0.16401921250172555
lamellipodium,cellcom,0.64,0.1448850406195559,0.14562886738140018
lamellipodium,cellcom,0.65,0.15868361591665647,0.1349655580259174
lamellipodium,cellcom,0.66,0.17593183503803217,0.12175232686803655
lamellipodium,cellcom,0.67,0.1397105748831432,0.11461769717849854
lamellipodium,cellcom,0.68,0.12073753384962992,0.10220292638298477
lamellipodium,cellcom,0.6900000000000001,0.0983148489918415,0.0918744552439785
lamellipodium,cellcom,0.7000000000000001,0.04657019162771492,0.08079903731437167
lamellipodium,cellcom,0.71,0.03277161633061384,0.07446286798719985
lamellipodium,cellcom,0.72,0.015523397209238132,0.06954332188358339
lamellipodium,cellcom,0.73,0.027597150594201127,0.057798227521022635
lamellipodium,cellcom,0.74,0.04484536971557683,0.05612403643864007
lamellipodium,cellcom,0.75,0.02932197250633869,0.048809109247922415
lamellipodium,cellcom,0.76,0.031046794418476263,0.045022861723149545
lamellipodium,cellcom,0.77,0.031046794418476263,0.03907304418422074
lamellipodium,cellcom,0.78,0.06899287648550281,0.03253082056998734
lamellipodium,cellcom,0.79,0.02932197250633869,0.033715632720596536
lamellipodium,cellcom,0.8,0.05519430118840225,0.02985211483817524
lamellipodium,cellcom,0.81,0.017248219121375703,0.025164379807504064
lamellipodium,cellcom,0.8200000000000001,0.008624109560687852,0.021455402640379616
lamellipodium,cellcom,0.8300000000000001,0.02242268485778866,0.02037361763330188
lamellipodium,cellcom,0.84,0.010348931472825422,0.0202190769180048
lamellipodium,cellcom,0.85,0.0,0.018570642621505047
lamellipodium,cellcom,0.86,0.010348931472825422,0.017205532969716185
lamellipodium,cellcom,0.87,0.0,0.016458586179114734
lamellipodium,cellcom,0.88,0.0,0.012543554724927818
lamellipodium,cellcom,0.89,0.0,0.011616310433146705
lamellipodium,cellcom,0.9,0.0,0.008989118273100224
lamellipodium,cellcom,0.91,0.0,0.009504253990756396
lamellipodium,cellcom,0.92,0.0,0.007752792550725408
lamellipodium,cellcom,0.93,0.0,0.004713491816553985
lamellipodium,cellcom,0.9400000000000001,0.0,0.002240840371804354
lamellipodium,cellcom,0.9500000000000001,0.0,0.0028332464471089846
lamellipodium,cellcom,0.96,0.0,0.002292353943569971
lamellipodium,cellcom,0.97,0.0,0.0019317589412106498
lamellipodium,cellcom,0.98,0.0,2.5756785882808664e-05
lamellipodium,cellcom,0.99,0.0,0.0
late endosome,cellcom,0.0,0.0,0.0
late endosome,cellcom,0.01,0.0,0.0
late endosome,cellcom,0.02,0.0,0.0
late endosome,cellcom,0.03,0.0,0.0008462172039547575
late endosome,cellcom,0.04,0.0,0.0019232209180789941
late endosome,cellcom,0.05,0.004909059669620287,0.005077303223728549
late endosome,cellcom,0.06,0.08099948454873462,0.011795754964217822
late endosome,cellcom,0.07,0.11536290223607674,0.03097667825385902
late endosome,cellcom,0.08,0.12763555141012745,0.0744671139480187
late endosome,cellcom,0.09,0.27981640116835593,0.14739565116157402
late endosome,cellcom,0.1,0.45408801943987653,0.24522348852785913
late endosome,cellcom,0.11,0.6455413465550678,0.35989874113651604
late endosome,cellcom,0.12,0.8320856140006374,0.4990630067687115
late endosome,cellcom,0.13,0.8271765543310172,0.6294317420688927
late endosome,cellcom,0.14,0.9376303968974761,0.7682626494086239
late endosome,cellcom,0.15,1.2027196190569687,0.9102989249451489
late endosome,cellcom,0.16,1.4457180727031724,1.0408215179187765
late endosome,cellcom,0.17,1.4285363638595054,1.2121420373012568
late endosome,cellcom,0.18,1.4997177290689956,1.4012331179667799
late endosome,cellcom,0.19,1.7795341302373515,1.6388919375501947
late endosome,cellcom,0.2,2.071623180579764,1.9052452132313533
late endosome,cellcom,0.21,2.3833484696006457,2.194061709235664
late endosome,cellcom,0.22,2.8178002503620405,2.558601823521143
late endosome,cellcom,0.23,2.9454358017721765,2.9286038852139757
late endosome,cellcom,0.24,3.4584325372474876,3.2669112661768493
late endosome,cellcom,0.25,3.7161581699025517,3.620809558048958
late endosome,cellcom,0.26,3.5467956113006527,3.8849318974651403
late endosome,cellcom,0.27,3.5148867234481207,4.12777059205458
late endosome,cellcom,0.28,3.5811590289880137,4.335196378805818
late endosome,cellcom,0.29,4.241427554551922,4.466103615963037
late endosome,cellcom,0.3,4.462335239684834,4.462795675983942
late endosome,cellcom,0.31,4.3739721656316695,4.429485489682813
late endosome,cellcom,0.32,3.878157139000021,4.3026554808718975
late endosome,cellcom,0.33,4.20215507719496,4.137848269665315
late endosome,cellcom,0.34,3.637613215188627,3.89393257136175
late endosome,cellcom,0.35000000000000003,3.2424339117842127,3.6406059120324055
late endosome,cellcom,0.36,3.141798188556979,3.3667905391890853
late endosome,cellcom,0.37,3.1270710095481182,3.0688451545602873
late endosome,cellcom,0.38,2.6386195724209003,2.7864393949495683
late endosome,cellcom,0.39,2.4766206033234313,2.510341799950148
late endosome,cellcom,0.4,2.1845315529810247,2.291966475438672
late endosome,cellcom,0.41000000000000003,2.130531896615213,2.044742837156022
late endosome,cellcom,0.42,2.0544414717360873,1.8058787991306
late endosome,cellcom,0.43,1.7967158390810225,1.6290450464496302
late endosome,cellcom,0.44,1.489899609729755,1.4488264249528415
late endosome,cellcom,0.45,1.4751724307208942,1.2875066543443754
late endosome,cellcom,0.46,1.0579023588031704,1.1441369456379802
late endosome,cellcom,0.47000000000000003,0.8590854421835536,1.0157683600926066
late endosome,cellcom,0.48,0.9204486880538024,0.889605067866619
late endosome,cellcom,0.49,0.8394492035050679,0.804829489797697
late endosome,cellcom,0.5,0.6357232272158263,0.7336703158287743
late endosome,cellcom,0.51,0.5154512653101294,0.6453560112705868
late endosome,cellcom,0.52,0.5129967354753192,0.5727095464583497
late endosome,cellcom,0.53,0.46145160894430626,0.5007041552854722
late endosome,cellcom,0.54,0.40990648241329336,0.4420843817024245
late endosome,cellcom,0.55,0.3976338332392427,0.40700483215666367
late endosome,cellcom,0.56,0.3141798188556979,0.3626938222041237
late endosome,cellcom,0.5700000000000001,0.2896345205075997,0.3238191167133572
late endosome,cellcom,0.58,0.2037259762892416,0.2775079570060115
late endosome,cellcom,0.59,0.2405439238113937,0.2531728016559186
late endosome,cellcom,0.6,0.18163520777595035,0.2191958987698564
late endosome,cellcom,0.61,0.21354409562848217,0.20132276570450897
late endosome,cellcom,0.62,0.16199896909746925,0.1869114302917037
late endosome,cellcom,0.63,0.16445349893227937,0.16439692407739231
late endosome,cellcom,0.64,0.13254461107974758,0.1457545026448133
late endosome,cellcom,0.65,0.1349991409145577,0.13531782379603793
late endosome,cellcom,0.66,0.13254461107974758,0.12244506511769589
late endosome,cellcom,0.67,0.12027196190569685,0.11493168206440062
late endosome,cellcom,0.68,0.07609042487911434,0.102751282916567
late endosome,cellcom,0.6900000000000001,0.07118136520949406,0.09218638933991974
late endosome,cellcom,0.7000000000000001,0.06381777570506435,0.08046756321242596
late endosome,cellcom,0.71,0.09327213372278532,0.07364653968963825
late endosome,cellcom,0.72,0.05399965636582308,0.06890259475837672
late endosome,cellcom,0.73,0.06381777570506364,0.0572863404131796
late endosome,cellcom,0.74,0.02699982818291154,0.05626062259020414
late endosome,cellcom,0.75,0.04418153702658252,0.04856773891788817
late endosome,cellcom,0.76,0.014727179008860839,0.04513158421092037
late endosome,cellcom,0.77,0.05154512653101294,0.03882341959962127
late endosome,cellcom,0.78,0.03927247735696224,0.033002470954235516
late endosome,cellcom,0.79,0.04418153702658252,0.033540972811297635
late endosome,cellcom,0.8,0.05154512653101294,0.03000224632203229
late endosome,cellcom,0.81,0.00245452983481014,0.02528394433634516
late endosome,cellcom,0.8200000000000001,0.00981811933924056,0.021386216609038403
late endosome,cellcom,0.8300000000000001,0.024545298348101673,0.020360498786063167
late endosome,cellcom,0.84,0.01718170884367098,0.020104069330319073
late endosome,cellcom,0.85,0.029454358017721678,0.018180848412240082
late endosome,cellcom,0.86,0.0245452983481014,0.017026915861392683
late endosome,cellcom,0.87,0.00490905966962028,0.016334556330884247
late endosome,cellcom,0.88,0.029454358017721678,0.012180399147833622
late endosome,cellcom,0.89,0.0122726491740507,0.011436753726176412
late endosome,cellcom,0.9,0.0,0.008949388005460914
late endosome,cellcom,0.91,0.0,0.009462246916948644
late endosome,cellcom,0.92,0.0,0.0077185266178903585
late endosome,cellcom,0.93,0.0,0.004692659040112743
late endosome,cellcom,0.9400000000000001,0.0,0.002230936264971632
late endosome,cellcom,0.9500000000000001,0.0,0.0028207240131825546
late endosome,cellcom,0.96,0.0,0.002282222156120405
late endosome,cellcom,0.97,0.0,0.001923220918078993
late endosome,cellcom,0.98,0.0,2.5642945574386575e-05
late endosome,cellcom,0.99,0.0,0.0
lysosomal membrane,cellcom,0.0,0.0,0.0
lysosomal membrane,cellcom,0.01,0.0,0.0
lysosomal membrane,cellcom,0.02,0.0,0.0
lysosomal membrane,cellcom,0.03,0.0,0.0008489211113046193
lysosomal membrane,cellcom,0.04,0.0,0.0019293661620559527
lysosomal membrane,cellcom,0.05,0.009405214250780638,0.005016352021345481
lysosomal membrane,cellcom,0.06,0.056431285504683744,0.011910620440425406
lysosomal membrane,cellcom,0.07,0.03573981415296642,0.031795954350682124
lysosomal membrane,cellcom,0.08,0.07900379970655735,0.07496230661641401
lysosomal membrane,cellcom,0.09,0.25205974192092073,0.1473521250167532
lysosomal membrane,cellcom,0.1,0.47214175538918796,0.24430920588060528
lysosomal membrane,cellcom,0.11,0.7260825401602653,0.3578845606202991
lysosomal membrane,cellcom,0.12,1.0740754674391473,0.494689483951146
lysosomal membrane,cellcom,0.13,1.3882096234152201,0.6211272797712126
lysosomal membrane,cellcom,0.14,1.6252210225348964,0.7583180763344732
lysosomal membrane,cellcom,0.15,1.9882622926150242,0.8986215836391799
lysosomal membrane,cellcom,0.16,2.1443888491779823,1.029972831951949
lysosomal membrane,cellcom,0.17,2.1030059064745537,1.2022266429003077
lysosomal membrane,cellcom,0.18,2.061622963771113,1.3932338929438437
lysosomal membrane,cellcom,0.19,2.437831533802338,1.6294397609438136
lysosomal membrane,cellcom,0.2,2.59583913321546,1.8975444828231138
lysosomal membrane,cellcom,0.21,2.47545239080546,2.192197283092294
lysosomal membrane,cellcom,0.22,3.1112448741582304,2.5537605018615785
lysosomal membrane,cellcom,0.23,3.227869530867919,2.924687577737384
lysosomal membrane,cellcom,0.24,3.555170986795076,3.264976318959724
lysosomal membrane,cellcom,0.25,4.061171513487073,3.6157865369858175
lysosomal membrane,cellcom,0.26,4.066814642037542,3.878900631725928
lysosomal membrane,cellcom,0.27,4.2567999699033106,4.119582629221868
lysosomal membrane,cellcom,0.28,3.9953350137316312,4.33194153145885
lysosomal membrane,cellcom,0.29,4.435499040668143,4.46416742576506
lysosomal membrane,cellcom,0.3,4.102554456190508,4.467717459503244
lysosomal membrane,cellcom,0.31,4.1157217561416015,4.433194667643522
lysosomal membrane,cellcom,0.32,3.67931981490538,4.306731146941295
lysosomal membrane,cellcom,0.33,3.797825514465216,4.143172346163271
lysosomal membrane,cellcom,0.34,3.4554757157368012,3.89724247270654
lysosomal membrane,cellcom,0.35000000000000003,3.1752003310635564,3.642797663254621
lysosomal membrane,cellcom,0.36,2.9645235318460528,3.3699338381755677
lysosomal membrane,cellcom,0.37,2.7500846469282547,3.07381471962322
lysosomal membrane,cellcom,0.38,2.3569466912456245,2.790763841208532
lysosomal membrane,cellcom,0.39,1.9750949926639312,2.5173083438398014
lysosomal membrane,cellcom,0.4,2.1199352921259527,2.2931931704553827
lysosomal membrane,cellcom,0.41000000000000003,1.672247093788804,2.0507361560903625
lysosomal membrane,cellcom,0.42,1.3035626951581947,1.815353484319525
lysosomal membrane,cellcom,0.43,1.207629509800232,1.6365655533023402
lysosomal membrane,cellcom,0.44,1.1041721530416453,1.4539703397253652
lysosomal membrane,cellcom,0.45,0.9104247394755645,1.2946304196217042
lysosomal membrane,cellcom,0.46,0.7693465257138551,1.1483587396557025
lysosomal membrane,cellcom,0.47000000000000003,0.7279635830104244,1.0180622115115294
lysosomal membrane,cellcom,0.48,0.6508408261540193,0.8931936335032625
lysosomal membrane,cellcom,0.49,0.6282683119521457,0.8076069505544605
lysosomal membrane,cellcom,0.5,0.45709341258793834,0.7364262016156764
lysosomal membrane,cellcom,0.51,0.5379782551446517,0.6454630182952783
lysosomal membrane,cellcom,0.52,0.5041194838418415,0.5730217501306176
lysosomal membrane,cellcom,0.53,0.406305255633723,0.5015837523702259
lysosomal membrane,cellcom,0.54,0.3517550129791953,0.4429824708080464
lysosomal membrane,cellcom,0.55,0.24265452767014012,0.40915425076666545
lysosomal membrane,cellcom,0.56,0.22572514201873498,0.3640585323388777
lysosomal membrane,cellcom,0.5700000000000001,0.1147436138595249,0.3263201302090669
lysosomal membrane,cellcom,0.58,0.120386742409992,0.2788834475046476
lysosomal membrane,cellcom,0.59,0.10345735675858687,0.2550879315059575
lysosomal membrane,cellcom,0.6,0.10721944245889911,0.22033361570678964
lysosomal membrane,cellcom,0.61,0.08464692825702563,0.20304649489476834
lysosomal membrane,cellcom,0.62,0.09405214250780625,0.18792026418424965
lysosomal membrane,cellcom,0.63,0.05831232835483987,0.1658483152903296
lysosomal membrane,cellcom,0.64,0.056431285504683744,0.14683762737353828
lysosomal membrane,cellcom,0.65,0.060193371204996,0.1363418754519539
lysosomal membrane,cellcom,0.66,0.060193371204996,0.12340225972509866
lysosomal membrane,cellcom,0.67,0.06959858545577663,0.1156076204303926
lysosomal membrane,cellcom,0.68,0.07524171400624499,0.10284807887866258
lysosomal membrane,cellcom,0.6900000000000001,0.07900379970655724,0.09214652789979225
lysosomal membrane,cellcom,0.7000000000000001,0.06207441405515281,0.08054460604529669
lysosomal membrane,cellcom,0.71,0.06207441405515213,0.0740104859764663
lysosomal membrane,cellcom,0.72,0.04890711410405925,0.06901985883728157
lysosomal membrane,cellcom,0.73,0.028215642752341872,0.05775236045087481
lysosomal membrane,cellcom,0.74,0.037620857003122496,0.05620886752123005
lysosomal membrane,cellcom,0.75,0.033858771302810245,0.04872292681245296
lysosomal membrane,cellcom,0.76,0.020691471351717373,0.04514716819210927
lysosomal membrane,cellcom,0.77,0.030096685602498,0.039076096002173204
lysosomal membrane,cellcom,0.78,0.030096685602498,0.03310792334088013
lysosomal membrane,cellcom,0.79,0.024453557052029624,0.033776770277059526
lysosomal membrane,cellcom,0.8,0.013167299951092875,0.030458260478323288
lysosomal membrane,cellcom,0.81,0.0075241714006245,0.025287559164013335
lysosomal membrane,cellcom,0.8200000000000001,0.005643128550468375,0.021480276604222928
lysosomal membrane,cellcom,0.8300000000000001,0.020691471351717602,0.02039983155347182
lysosomal membrane,cellcom,0.84,0.00376208570031225,0.020296932024828608
lysosomal membrane,cellcom,0.85,0.0225725142018735,0.01823894145196893
lysosomal membrane,cellcom,0.86,0.01128625710093675,0.01718422128337834
lysosomal membrane,cellcom,0.87,0.005643128550468375,0.01636102505423447
lysosomal membrane,cellcom,0.88,0.020691471351717373,0.012245043908515104
lysosomal membrane,cellcom,0.89,0.0,0.011601921854496454
lysosomal membrane,cellcom,0.9,0.0,0.008977983874100362
lysosomal membrane,cellcom,0.91,0.0,0.00949248151731528
lysosomal membrane,cellcom,0.92,0.0,0.007743189530384552
lysosomal membrane,cellcom,0.93,0.0,0.004707653435416522
lysosomal membrane,cellcom,0.9400000000000001,0.0,0.0022380647479849037
lysosomal membrane,cellcom,0.9500000000000001,0.0,0.0028297370376820937
lysosomal membrane,cellcom,0.96,0.0,0.002289514512306396
lysosomal membrane,cellcom,0.97,0.0,0.0019293661620559516
lysosomal membrane,cellcom,0.98,0.0,2.572488216074602e-05
lysosomal membrane,cellcom,0.99,0.0,0.0
lysosome,cellcom,0.0,0.0,0.0
lysosome,cellcom,0.01,0.0,0.0
lysosome,cellcom,0.02,0.0,0.0
lysosome,cellcom,0.03,0.0,0.0008574192356549214
lysosome,cellcom,0.04,0.0,0.001948680081033912
lysosome,cellcom,0.05,0.005453157378121935,0.005066568210688176
lysosome,cellcom,0.06,0.043625259024975424,0.01177002768944482
lysosome,cellcom,0.07,0.04144399607372671,0.031620582114910305
lysosome,cellcom,0.08,0.08506925509870218,0.07477735030954137
lysosome,cellcom,0.09,0.2028574544661357,0.14747610853264637
lysosome,cellcom,0.1,0.39917112007852573,0.24376688693680235
lysosome,cellcom,0.11,0.6347475188133933,0.3563746132194821
lysosome,cellcom,0.12,0.9292180172319765,0.49234051807348767
lysosome,cellcom,0.13,1.150616206783727,0.6191086529450136
lysosome,cellcom,0.14,1.3567455556767394,0.7560359066389986
lysosome,cellcom,0.15,1.60650016359472,0.8968085556928861
lysosome,cellcom,0.16,1.7602792016577582,1.0279677163470085
lysosome,cellcom,0.17,1.9053331879158066,1.1979186018142494
lysosome,cellcom,0.18,1.9140582397207968,1.3900584578041897
lysosome,cellcom,0.19,2.2968698876649563,1.624705521961753
lysosome,cellcom,0.2,2.613153015596035,1.8901417313996574
lysosome,cellcom,0.21,2.4593739775329895,2.189744798258346
lysosome,cellcom,0.22,2.9567019304177093,2.551861522116607
lysosome,cellcom,0.23,3.239175482604434,2.9213832302828058
lysosome,cellcom,0.24,3.5041989311811506,3.2632856461004676
lysosome,cellcom,0.25,4.138946449994543,3.6094751580964117
lysosome,cellcom,0.26,3.9513578361871486,3.8797700765363556
lysosome,cellcom,0.27,4.168393499836402,4.120315145739181
lysosome,cellcom,0.28,4.057149089322737,4.333838517818362
lysosome,cellcom,0.29,4.59810230123241,4.460580670288783
lysosome,cellcom,0.3,4.237103282800738,4.468167531404275
lysosome,cellcom,0.31,4.192387392300138,4.43454630440617
lysosome,cellcom,0.32,3.7692223797578768,4.310870075263217
lysosome,cellcom,0.33,3.9153669974915446,4.1438292187169905
lysosome,cellcom,0.34,3.595811975133599,3.8983215109077984
lysosome,cellcom,0.35000000000000003,3.39731704656998,3.642187001056721
lysosome,cellcom,0.36,3.0308648707601678,3.3724117306383663
lysosome,cellcom,0.37,2.811647944159666,3.075588780695281
lysosome,cellcom,0.38,2.437561348020502,2.793186063351847
lysosome,cellcom,0.39,2.1507252699312884,2.5185520839314672
lysosome,cellcom,0.4,2.2554258915912295,2.29169974009804
lysosome,cellcom,0.41000000000000003,1.7875449885483778,2.051778248521156
lysosome,cellcom,0.42,1.5421529065328812,1.8147927682663407
lysosome,cellcom,0.43,1.3251172428836284,1.6380604761171054
lysosome,cellcom,0.44,1.1189878939906197,1.4571190349928367
lysosome,cellcom,0.45,0.8932271785363718,1.298886212412883
lysosome,cellcom,0.46,0.8190642381939135,1.1509684030618692
lysosome,cellcom,0.47000000000000003,0.7667139273639474,1.0200430840174763
lysosome,cellcom,0.48,0.7121823535827237,0.89415835078268
lysosome,cellcom,0.49,0.63911004471589,0.8091439344474406
lysosome,cellcom,0.5,0.5191405823972075,0.7377442962783582
lysosome,cellcom,0.51,0.5169593194459587,0.6470397341064997
lysosome,cellcom,0.52,0.45479332533536876,0.5748866063060841
lysosome,cellcom,0.53,0.4035336459810226,0.5026035665002663
lysosome,cellcom,0.54,0.3130112335041986,0.4448187064973407
lysosome,cellcom,0.55,0.23666703021049168,0.41096363788951157
lysosome,cellcom,0.56,0.2475733449667355,0.3649228231749504
lysosome,cellcom,0.5700000000000001,0.17886356200240122,0.3269105703942525
lysosome,cellcom,0.58,0.1723197731486529,0.2792328644116192
lysosome,cellcom,0.59,0.1428727233067945,0.2556668266316491
lysosome,cellcom,0.6,0.09488493837932155,0.22175979322165904
lysosome,cellcom,0.61,0.1057912531355654,0.20372800687182527
lysosome,cellcom,0.62,0.09052241247682401,0.18894402065704796
lysosome,cellcom,0.63,0.08506925509870207,0.1662873669148937
lysosome,cellcom,0.64,0.0752535718180826,0.1472942317250832
lysosome,cellcom,0.65,0.06434725706183875,0.13700520089722415
lysosome,cellcom,0.66,0.055622205256843665,0.12414391236240034
lysosome,cellcom,0.67,0.07416294034245821,0.11595945602205791
lysosome,cellcom,0.68,0.07089104591558507,0.10322807949263636
lysosome,cellcom,0.6900000000000001,0.06434725706183875,0.0926272598518119
lysosome,cellcom,0.7000000000000001,0.05125967935434669,0.08098714416777024
lysosome,cellcom,0.71,0.0676191514887119,0.07399787827712771
lysosome,cellcom,0.72,0.04689715345184858,0.06926908128048541
lysosome,cellcom,0.73,0.042534627549351035,0.05770691279968421
lysosome,cellcom,0.74,0.05344094230559489,0.05601805672945482
lysosome,cellcom,0.75,0.05125967935434612,0.04845717801504325
lysosome,cellcom,0.76,0.018540735085614553,0.0454432194897108
lysosome,cellcom,0.77,0.030537681317482798,0.03915547842824138
lysosome,cellcom,0.78,0.029447049841858412,0.03315354377865693
lysosome,cellcom,0.79,0.031628312793107176,0.03369917420134643
lysosome,cellcom,0.8,0.023993892463736483,0.030373426863048555
lysosome,cellcom,0.81,0.00981568328061947,0.025410788256682196
lysosome,cellcom,0.8200000000000001,0.014178209183117012,0.021435480891373017
lysosome,cellcom,0.8300000000000001,0.02290326098811235,0.020344220045994253
lysosome,cellcom,0.84,0.018540735085614553,0.02011037843626996
lysosome,cellcom,0.85,0.026175155414985253,0.018109733553075144
lysosome,cellcom,0.86,0.022903260988112097,0.01696650790553525
lysosome,cellcom,0.87,0.008725051804995086,0.016394895081765302
lysosome,cellcom,0.88,0.026175155414985253,0.012029851700249342
lysosome,cellcom,0.89,0.013087577707492627,0.011406274074318492
lysosome,cellcom,0.9,0.007634420329370699,0.008885981169514633
lysosome,cellcom,0.91,0.0,0.00958750599868684
lysosome,cellcom,0.92,0.0,0.007820702725216096
lysosome,cellcom,0.93,0.0,0.0047547793977227425
lysosome,cellcom,0.9400000000000001,0.0,0.0022604688939993367
lysosome,cellcom,0.9500000000000001,0.0,0.0028580641188497677
lysosome,cellcom,0.96,0.0,0.002312433696160241
lysosome,cellcom,0.97,0.0,0.0019486800810339109
lysosome,cellcom,0.98,0.0,2.5982401080452145e-05
lysosome,cellcom,0.99,0.0,0.0
membrane,cellcom,0.0,0.0,0.0
membrane,cellcom,0.01,0.0,0.0
membrane,cellcom,0.02,0.0,0.0
membrane,cellcom,0.03,0.0012924871125429749,0.0005667064035799652
membrane,cellcom,0.04,0.0019047178500633316,0.0019025143548755976
membrane,cellcom,0.05,0.005646127912687736,0.004736046372775427
membrane,cellcom,0.06,0.012244614750407123,0.012669936022894927
membrane,cellcom,0.07,0.03108771633853368,0.03230226500405804
membrane,cellcom,0.08,0.0697943040773207,0.07812452563638096
membrane,cellcom,0.09,0.14142530036720227,0.15313216605307192
membrane,cellcom,0.1,0.24904185889578076,0.24639584847080362
membrane,cellcom,0.11,0.3736648267999245,0.35641784882297123
membrane,cellcom,0.12,0.5302598443301306,0.4859912200986469
membrane,cellcom,0.13,0.6846780414602649,0.5998182491605656
membrane,cellcom,0.14,0.8658983397662927,0.7129571347324248
membrane,cellcom,0.15,1.026915023734144,0.8457283492854432
membrane,cellcom,0.16,1.1572521451884776,0.9782162106366734
membrane,cellcom,0.17,1.2701066778047334,1.1812185402047857
membrane,cellcom,0.18,1.4482658224231535,1.3748702141138218
membrane,cellcom,0.19,1.71553855216954,1.595602358308218
membrane,cellcom,0.2,1.9163502340762222,1.9013809420684418
membrane,cellcom,0.21,2.1466850426588753,2.2253750888008677
membrane,cellcom,0.22,2.493819870832917,2.6014252666050015
membrane,cellcom,0.23,2.784289342967583,3.01475662995894
membrane,cellcom,0.24,3.1047581212407307,3.366559869495608
membrane,cellcom,0.25,3.490259408966048,3.7000665880024175
membrane,cellcom,0.26,3.7262403454613944,3.9737857809315402
membrane,cellcom,0.27,3.9714727686570477,4.210669057627966
membrane,cellcom,0.28,4.139223990737648,4.4393755705013325
membrane,cellcom,0.29,4.410306156184139,4.4956009415422065
membrane,cellcom,0.3,4.381667362795687,4.511063930554174
membrane,cellcom,0.31,4.394252105733605,4.449535806736921
membrane,cellcom,0.32,4.263234727904249,4.319112375855875
membrane,cellcom,0.33,4.196909731339543,4.103763942495488
membrane,cellcom,0.34,3.9835813321324505,3.8363594780633985
membrane,cellcom,0.35000000000000003,3.748008549462139,3.5701289054673166
membrane,cellcom,0.36,3.4780147942156407,3.2968954608840995
membrane,cellcom,0.37,3.2245512688822133,2.9771516121785178
membrane,cellcom,0.38,2.8898651323710856,2.722457562798151
membrane,cellcom,0.39,2.5946338656112693,2.459627228623529
membrane,cellcom,0.4,2.3521904935532083,2.2543580734411
membrane,cellcom,0.41000000000000003,2.1052574294200097,2.0101480925269737
membrane,cellcom,0.42,1.8391411355111498,1.7901850498802818
membrane,cellcom,0.43,1.676831964430753,1.603374331843029
membrane,cellcom,0.44,1.4721428211864476,1.4356292363833594
membrane,cellcom,0.45,1.306976573330956,1.2790158738511535
membrane,cellcom,0.46,1.162830247463663,1.1315912508627084
membrane,cellcom,0.47000000000000003,1.013241870596195,1.0146878156099326
membrane,cellcom,0.48,0.8922242614796657,0.8885551617845577
membrane,cellcom,0.49,0.8083486504393768,0.8033063270746
membrane,cellcom,0.5,0.7503227816499476,0.7221458742761837
membrane,cellcom,0.51,0.644678966608935,0.6436165583515314
membrane,cellcom,0.52,0.5720275857565195,0.5721305934428016
membrane,cellcom,0.53,0.49733543577903594,0.5020613945430217
membrane,cellcom,0.54,0.4501256433524663,0.4367687210448443
membrane,cellcom,0.55,0.40067100488832197,0.4106192684225116
membrane,cellcom,0.56,0.3491075716616075,0.3699783234800627
membrane,cellcom,0.5700000000000001,0.30380249708510454,0.3351663586887258
membrane,cellcom,0.58,0.2559804739210111,0.28910122388343634
membrane,cellcom,0.59,0.225028808857482,0.2697117690752361
membrane,cellcom,0.6,0.19584581036901172,0.232471062554267
membrane,cellcom,0.61,0.17788704206841457,0.21546987044686805
membrane,cellcom,0.62,0.16088063269284913,0.2019903538474303
membrane,cellcom,0.63,0.14673130009237867,0.1749098835620734
membrane,cellcom,0.64,0.1261875575666956,0.15718006893578595
membrane,cellcom,0.65,0.11945301945397171,0.14475300708585387
membrane,cellcom,0.66,0.10475948175348315,0.1331355258124646
membrane,cellcom,0.67,0.10149425115337458,0.12301576860567949
membrane,cellcom,0.68,0.08659663654037926,0.11192451470704305
membrane,cellcom,0.6900000000000001,0.08285522647775487,0.09739254335809967
membrane,cellcom,0.7000000000000001,0.06945417588981007,0.08674655877656272
membrane,cellcom,0.71,0.07380781668995404,0.07387422760953112
membrane,cellcom,0.72,0.0637400223396193,0.0717288390816927
membrane,cellcom,0.73,0.050066869201664685,0.06169003993256188
membrane,cellcom,0.74,0.049114510276633015,0.060030399750649124
membrane,cellcom,0.75,0.04374048491395433,0.0513678875816411
membrane,cellcom,0.76,0.03986302357632541,0.047765254016025604
membrane,cellcom,0.77,0.036461741701212316,0.040438549798313204
membrane,cellcom,0.78,0.032720331638587924,0.033273761695909364
membrane,cellcom,0.79,0.030067331775999715,0.035783461483192065
membrane,cellcom,0.8,0.027958537013429596,0.031573642485169466
membrane,cellcom,0.81,0.018366922125610682,0.02902346366905963
membrane,cellcom,0.8200000000000001,0.021768204000723775,0.0209681369324587
membrane,cellcom,0.8300000000000001,0.01795876830059731,0.02185867556665603
membrane,cellcom,0.84,0.01789074266309485,0.021372927220730104
membrane,cellcom,0.85,0.01639417863804509,0.019429933837027364
membrane,cellcom,0.86,0.013196973675438787,0.019429933837027364
membrane,cellcom,0.87,0.012720794212922954,0.018296521029867435
membrane,cellcom,0.88,0.011768435287891291,0.012710415051722067
membrane,cellcom,0.89,0.01367315313795462,0.010119757206785086
membrane,cellcom,0.9,0.007754922675257844,0.009512571774377981
membrane,cellcom,0.91,0.012720794212922954,0.007367183246539543
membrane,cellcom,0.92,0.00802702522526689,0.007407662275366683
membrane,cellcom,0.93,0.002993128050099519,0.0056265850069725076
membrane,cellcom,0.9400000000000001,0.0012244614750407123,0.0027930529890726834
membrane,cellcom,0.9500000000000001,0.001020384562533938,0.003845507738578375
membrane,cellcom,0.96,0.0010203845625339268,0.0029954481332083857
membrane,cellcom,0.97,0.000340128187511309,0.002833532017899824
membrane,cellcom,0.98,6.80256375022618e-05,0.0
membrane,cellcom,0.99,0.0,0.0
membrane raft,cellcom,0.0,0.0,0.0
membrane raft,cellcom,0.01,0.0,0.0
membrane raft,cellcom,0.02,0.0,0.0
membrane raft,cellcom,0.03,0.011809396343023597,0.0006941512869307765
membrane raft,cellcom,0.04,0.011809396343023597,0.0017739421777119846
membrane raft,cellcom,0.05,0.0,0.0051418613846724226
membrane raft,cellcom,0.06,0.009841163619186324,0.012546141778600693
membrane raft,cellcom,0.07,0.03739642175290808,0.03177670335727557
membrane raft,cellcom,0.08,0.08857047257267703,0.0748397924539071
membrane raft,cellcom,0.09,0.13777629066860853,0.14890830570011315
membrane raft,cellcom,0.1,0.38577361387210446,0.24557529973195488
membrane raft,cellcom,0.11,0.5215816718168759,0.3607787040555405
membrane raft,cellcom,0.12,0.7085637805814153,0.49981463589708214
membrane raft,cellcom,0.13,0.765642529572696,0.6297237637808306
membrane raft,cellcom,0.14,0.8345306749070026,0.7691710445331487
membrane raft,cellcom,0.15,1.0392268781860758,0.9116777328093425
membrane raft,cellcom,0.16,1.0293857145668894,1.0452118729692852
membrane raft,cellcom,0.17,0.9860845946424723,1.2173613921281212
membrane raft,cellcom,0.18,1.2675418741511986,1.4040109603917263
membrane raft,cellcom,0.19,1.480111008325623,1.6424390727989862
membrane raft,cellcom,0.2,1.645442557127958,1.9103814695542711
membrane raft,cellcom,0.21,1.7635365205581894,2.2016679169959583
membrane raft,cellcom,0.22,2.3303875450233216,2.56429769114998
membrane raft,cellcom,0.23,2.7673352097152017,2.9308866985702084
membrane raft,cellcom,0.24,2.897238569488454,3.2737460157001568
membrane raft,cellcom,0.25,3.279075717912883,3.626272032233297
membrane raft,cellcom,0.26,3.5546282992501,3.885704648396944
membrane raft,cellcom,0.27,3.857736138721039,4.124878330704981
membrane raft,cellcom,0.28,4.395063672328637,4.326516424904934
membrane raft,cellcom,0.29,4.558426988407105,4.462544367836419
membrane raft,cellcom,0.3,4.198240399944885,4.466246508033383
membrane raft,cellcom,0.31,4.320270828822796,4.430330606261446
membrane raft,cellcom,0.32,4.568268152026292,4.294739721547635
membrane raft,cellcom,0.33,4.5662999193024545,4.132925343771993
membrane raft,cellcom,0.34,4.2061133308402345,3.8871700788915757
membrane raft,cellcom,0.35000000000000003,3.7494833389100104,3.6350131965872605
membrane raft,cellcom,0.36,3.513295412049518,3.362520252506526
membrane raft,cellcom,0.37,3.5329777392878907,3.063392466453208
membrane raft,cellcom,0.38,2.977936111165781,2.7823897417808605
membrane raft,cellcom,0.39,2.747652882476822,2.5068888087901127
membrane raft,cellcom,0.4,2.6945105989332157,2.285583094793812
membrane raft,cellcom,0.41000000000000003,2.375656897671592,2.0413189697149603
membrane raft,cellcom,0.42,2.117818410848897,1.8044077064161672
membrane raft,cellcom,0.43,1.9072175093983095,1.6271677444865091
membrane raft,cellcom,0.44,1.7596000551105149,1.4451972700829525
membrane raft,cellcom,0.45,1.4742063101541112,1.2870336138904288
membrane raft,cellcom,0.46,1.301001830456432,1.1411847157141959
membrane raft,cellcom,0.47000000000000003,1.051036274529105,1.0136665533743254
membrane raft,cellcom,0.48,1.1022103253488682,0.8871510540044552
membrane raft,cellcom,0.49,0.8679906312122339,0.8043670857112293
membrane raft,cellcom,0.5,0.8640541657645593,0.7309413051381072
membrane raft,cellcom,0.51,0.6711673588285073,0.6436582081332929
membrane raft,cellcom,0.52,0.468439388273269,0.5734460909255912
membrane raft,cellcom,0.53,0.3680595193575685,0.5020256362924913
membrane raft,cellcom,0.54,0.3660912866337312,0.4427399745272183
membrane raft,cellcom,0.55,0.2932666758517525,0.4083923404776066
membrane raft,cellcom,0.56,0.21453736689826186,0.3641209139555771
membrane raft,cellcom,0.5700000000000001,0.20075973783140322,0.3250684767389937
membrane raft,cellcom,0.58,0.1830456433168656,0.2779690264553908
membrane raft,cellcom,0.59,0.1672997815261675,0.2541622082443575
membrane raft,cellcom,0.6,0.14368098884012034,0.21978886488782237
membrane raft,cellcom,0.61,0.09447517074418871,0.20284643162532678
membrane raft,cellcom,0.62,0.07676107622965332,0.18808928945131692
membrane raft,cellcom,0.63,0.06298344716279247,0.16572219242799194
membrane raft,cellcom,0.64,0.035428189029070765,0.1470572356016311
membrane raft,cellcom,0.65,0.043301119924419824,0.13651641976305262
membrane raft,cellcom,0.66,0.02755525813372171,0.1237903128359884
membrane raft,cellcom,0.67,0.0334599563052335,0.11605181145205641
membrane raft,cellcom,0.68,0.043301119924419824,0.1032485766042221
membrane raft,cellcom,0.6900000000000001,0.05511051626744342,0.09245066769641003
membrane raft,cellcom,0.7000000000000001,0.027555258133722012,0.08098431680859143
membrane raft,cellcom,0.71,0.035428189029070765,0.07435131562236313
membrane raft,cellcom,0.72,0.009841163619186324,0.06951796592077106
membrane raft,cellcom,0.73,0.011809396343023588,0.05794877780525812
membrane raft,cellcom,0.74,0.005904698171511794,0.05661189384524329
membrane raft,cellcom,0.75,0.011809396343023588,0.04900193899592811
membrane raft,cellcom,0.76,0.0019682327238372647,0.04537692671973407
membrane raft,cellcom,0.77,0.0,0.03946378612736078
membrane raft,cellcom,0.78,0.0039364654476745295,0.03344780830729406
membrane raft,cellcom,0.79,0.0019682327238372647,0.034064831673454754
membrane raft,cellcom,0.8,0.0,0.030619784545724234
membrane raft,cellcom,0.81,0.0,0.02537508593335837
membrane raft,cellcom,0.8200000000000001,0.015745861790698118,0.021338724746390522
membrane raft,cellcom,0.8300000000000001,0.001968232723837287,0.020644573459459976
membrane raft,cellcom,0.84,0.0019682327238372647,0.02031035246945604
membrane raft,cellcom,0.85,0.0039364654476745295,0.018484991677897335
membrane raft,cellcom,0.86,0.0,0.01732807286634604
membrane raft,cellcom,0.87,0.013777629066860855,0.01624828197556483
membrane raft,cellcom,0.88,0.007872930895349059,0.012417595243983882
membrane raft,cellcom,0.89,0.015745861790698118,0.0113892229670494
membrane raft,cellcom,0.9,0.013777629066860855,0.008792582967789831
membrane raft,cellcom,0.91,0.0039364654476745295,0.009435315640873883
membrane raft,cellcom,0.92,0.0019682327238372647,0.007712792077008623
membrane raft,cellcom,0.93,0.0,0.0047048031669752605
membrane raft,cellcom,0.9400000000000001,0.0,0.0022367097023325007
membrane raft,cellcom,0.9500000000000001,0.0,0.00282802376156986
membrane raft,cellcom,0.96,0.0,0.002288128316179225
membrane raft,cellcom,0.97,0.0,0.0019281980192521558
membrane raft,cellcom,0.98,0.0,2.5709306923362076e-05
membrane raft,cellcom,0.99,0.0,0.0
microtubule,cellcom,0.0,0.0,0.0
microtubule,cellcom,0.01,0.0,0.0
microtubule,cellcom,0.02,0.0,0.0
microtubule,cellcom,0.03,0.0,0.000866599597109969
microtubule,cellcom,0.04,0.0007549334903594993,0.0019432839450344757
microtubule,cellcom,0.05,0.0007549334903594998,0.005225858176511635
microtubule,cellcom,0.06,0.005284534432516491,0.01276264861198317
microtubule,cellcom,0.07,0.017363470278268494,0.03235305162543886
microtubule,cellcom,0.08,0.020383204239706493,0.07691727939197276
microtubule,cellcom,0.09,0.045296009421569916,0.15236396552824355
microtubule,cellcom,0.1,0.060394679228759976,0.25388742135936926
microtubule,cellcom,0.11,0.08455255092026397,0.37253278438187964
microtubule,cellcom,0.12,0.1562712325044162,0.5145500759325067
microtubule,cellcom,0.13,0.17816430372484168,0.647244856665739
microtubule,cellcom,0.14,0.3170720659509903,0.7857694892340771
microtubule,cellcom,0.15,0.3925654149869393,0.931437003330105
microtubule,cellcom,0.16,0.5488366474913555,1.0622672818998584
microtubule,cellcom,0.17,0.7353052196101538,1.2310441185854912
microtubule,cellcom,0.18,0.9580105992662038,1.4177044196842046
microtubule,cellcom,0.19,1.2335613232474207,1.6544961944460406
microtubule,cellcom,0.2,1.5566728571212904,1.9191504592846598
microtubule,cellcom,0.21,1.9967990820008739,2.202948697041243
microtubule,cellcom,0.22,2.5229877247814447,2.562613790435732
microtubule,cellcom,0.23,3.0144494270054865,2.925797803406372
microtubule,cellcom,0.24,3.513460464133107,3.2603840296723674
microtubule,cellcom,0.25,3.8901722758224966,3.6124598114436806
microtubule,cellcom,0.26,4.296326493635907,3.867003747649345
microtubule,cellcom,0.27,4.536395343570227,4.106999314861103
microtubule,cellcom,0.28,4.96595249958481,4.305188016660791
microtubule,cellcom,0.29,5.076172789177269,4.442478401318068
microtubule,cellcom,0.3,5.156195739155376,4.4386706152095545
microtubule,cellcom,0.31,5.106370128791649,4.405345921611598
microtubule,cellcom,0.32,5.233198955172045,4.265744604695338
microtubule,cellcom,0.33,4.984825836843769,4.109073901775396
microtubule,cellcom,0.34,4.540924944512384,3.8686844256558617
microtubule,cellcom,0.35000000000000003,4.286512358261257,3.613877883511699
microtubule,cellcom,0.36,4.023795503616128,3.3415292646744827
microtubule,cellcom,0.37,3.474203922634413,3.05536757347123
microtubule,cellcom,0.38,3.274901481179505,2.7678665919815355
microtubule,cellcom,0.39,2.7087013634098813,2.503081024173662
microtubule,cellcom,0.4,2.3402938201144456,2.2891359660629074
microtubule,cellcom,0.41000000000000003,2.1538252479956617,2.041866214354208
microtubule,cellcom,0.42,1.7552203650858345,1.810300297768872
microtubule,cellcom,0.43,1.4962781778925263,1.635457263903473
microtubule,cellcom,0.44,1.147498905346438,1.459747630440964
microtubule,cellcom,0.45,1.0908788935694758,1.2963542154949572
microtubule,cellcom,0.46,0.8968609865470845,1.1518159069345553
microtubule,cellcom,0.47000000000000003,0.7692772266763335,1.0226663063713237
microtubule,cellcom,0.48,0.6484878682188093,0.8983223944829635
microtubule,cellcom,0.49,0.6198003955851484,0.8116361741781148
microtubule,cellcom,0.5,0.5186393078769757,0.7401023165257649
microtubule,cellcom,0.51,0.5193942413673351,0.6483478016075154
microtubule,cellcom,0.52,0.41823315365916225,0.577444198207609
microtubule,cellcom,0.53,0.38350621310262534,0.5043609655180016
microtubule,cellcom,0.54,0.3351904697196174,0.4454584535083756
microtubule,cellcom,0.55,0.31933686642206793,0.40995413062071867
microtubule,cellcom,0.56,0.24157871691503957,0.36638780542055394
microtubule,cellcom,0.5700000000000001,0.17967417070556269,0.32846750789853346
microtubule,cellcom,0.58,0.1691051018405277,0.28048940293125973
microtubule,cellcom,0.59,0.13211336081291228,0.25724877737240154
microtubule,cellcom,0.6,0.11097522308284631,0.22255853289415098
microtubule,cellcom,0.61,0.08681735139134233,0.20543662570276613
microtubule,cellcom,0.62,0.07624828252630936,0.19049434780108213
microtubule,cellcom,0.63,0.07020881460343337,0.16767389174385297
microtubule,cellcom,0.64,0.0543552113058839,0.1487925247643964
microtubule,cellcom,0.65,0.04831574338300792,0.13834080841137314
microtubule,cellcom,0.66,0.04076640847941293,0.12539433564242725
microtubule,cellcom,0.67,0.03623680753725593,0.11772624223769661
microtubule,cellcom,0.68,0.05209041083480541,0.10422829699786255
microtubule,cellcom,0.6900000000000001,0.035481874046896435,0.09393414420795021
microtubule,cellcom,0.7000000000000001,0.02264800471078521,0.08230070113159609
microtubule,cellcom,0.71,0.018873337258987467,0.07576181326249269
microtubule,cellcom,0.72,0.01660853678790897,0.07056221567983288
microtubule,cellcom,0.73,0.026422672162582452,0.05842982132029332
microtubule,cellcom,0.74,0.018118403768627965,0.05727435519081336
microtubule,cellcom,0.75,0.013588802826470976,0.04973756475534182
microtubule,cellcom,0.76,0.01736347027826847,0.04577221508371742
microtubule,cellcom,0.77,0.019628270749346966,0.03962723612239218
microtubule,cellcom,0.78,0.018118403768627965,0.03358729953647423
microtubule,cellcom,0.79,0.008304268393954485,0.03453268091513965
microtubule,cellcom,0.8,0.015853603297549472,0.03072489480662615
microtubule,cellcom,0.81,0.009059201884313983,0.025604079005521793
microtubule,cellcom,0.8200000000000001,0.007549334903594987,0.021743771709304662
microtubule,cellcom,0.8300000000000001,0.01585360329754965,0.020562044985973114
microtubule,cellcom,0.84,0.011324002355392479,0.020378220829010165
microtubule,cellcom,0.85,0.015853603297549472,0.018382415696272057
microtubule,cellcom,0.86,0.013588802826470976,0.017226949566792098
microtubule,cellcom,0.87,0.010569068865032982,0.016412871157385763
microtubule,cellcom,0.88,0.011324002355392479,0.01239500029805773
microtubule,cellcom,0.89,0.006794401413235488,0.011607182482503213
microtubule,cellcom,0.9,0.01207893584575198,0.008744777752655135
microtubule,cellcom,0.91,0.012833869336111477,0.009243729035839664
microtubule,cellcom,0.92,0.011324002355392479,0.0075105298416197255
microtubule,cellcom,0.93,0.00603946792287599,0.004595603924068014
microtubule,cellcom,0.9400000000000001,0.0,0.0022846716651080986
microtubule,cellcom,0.9500000000000001,0.0,0.0028886653236999266
microtubule,cellcom,0.96,0.0,0.002337192852811733
microtubule,cellcom,0.97,0.0,0.0019695445388862916
microtubule,cellcom,0.98,0.0,2.6260593851817225e-05
microtubule,cellcom,0.99,0.0,0.0
microtubule cytoskeleton,cellcom,0.0,0.0,0.0
microtubule cytoskeleton,cellcom,0.01,0.0,0.0
microtubule cytoskeleton,cellcom,0.02,0.0,0.0
microtubule cytoskeleton,cellcom,0.03,0.0,0.000926979832289685
microtubule cytoskeleton,cellcom,0.04,0.0010512455946239299,0.0019944111543202313
microtubule cytoskeleton,cellcom,0.05,0.00026281139865598263,0.005589969291686286
microtubule cytoskeleton,cellcom,0.06,0.005256227973119645,0.013286710929485475
microtubule cytoskeleton,cellcom,0.07,0.010512455946239304,0.034129712007029335
microtubule cytoskeleton,cellcom,0.08,0.016557118115326903,0.08126523196406243
microtubule cytoskeleton,cellcom,0.09,0.03206299063602984,0.16123831022250873
microtubule cytoskeleton,cellcom,0.1,0.050985411339260635,0.26837470659683804
microtubule cytoskeleton,cellcom,0.11,0.1043361252664251,0.390483231777543
microtubule cytoskeleton,cellcom,0.12,0.178186128288756,0.537170767662898
microtubule cytoskeleton,cellcom,0.13,0.2254921800468328,0.6748694082048383
microtubule cytoskeleton,cellcom,0.14,0.3272001913266988,0.8173433993979703
microtubule cytoskeleton,cellcom,0.15,0.4034154969369328,0.9678231255063267
microtubule cytoskeleton,cellcom,0.16,0.5279880998998684,1.100268880331959
microtubule cytoskeleton,cellcom,0.17,0.6893542986746435,1.2704960858978862
microtubule cytoskeleton,cellcom,0.18,0.9164233471134102,1.4541785441809811
microtubule cytoskeleton,cellcom,0.19,1.18659346493176,1.688844893240012
microtubule cytoskeleton,cellcom,0.2,1.4620198107232334,1.9545229312338306
microtubule cytoskeleton,cellcom,0.21,1.8612303252816667,2.2318022622802336
microtubule cytoskeleton,cellcom,0.22,2.3195734045376994,2.5871164410266645
microtubule cytoskeleton,cellcom,0.23,2.9003865955674284,2.9318124871486946
microtubule cytoskeleton,cellcom,0.24,3.3390188199242545,3.261395952974591
microtubule cytoskeleton,cellcom,0.25,3.71089694902247,3.6122718646452108
microtubule cytoskeleton,cellcom,0.26,4.151368853169896,3.852584363591824
microtubule cytoskeleton,cellcom,0.27,4.4546532072189,4.0858181074554984
microtubule cytoskeleton,cellcom,0.28,4.766084714626265,4.280511962534304
microtubule cytoskeleton,cellcom,0.29,4.966347000402097,4.4100644166712515
microtubule cytoskeleton,cellcom,0.3,4.98579504390264,4.406890213003107
microtubule cytoskeleton,cellcom,0.31,5.059907858323627,4.361468201220913
microtubule cytoskeleton,cellcom,0.32,5.1516290364545645,4.20705583339981
microtubule cytoskeleton,cellcom,0.33,4.89617635696095,4.057531177421689
microtubule cytoskeleton,cellcom,0.34,4.4885558776455206,3.8274435469282104
microtubule cytoskeleton,cellcom,0.35000000000000003,4.16766315988659,3.579715209323299
microtubule cytoskeleton,cellcom,0.36,3.9815926896381315,3.2985032365641263
microtubule cytoskeleton,cellcom,0.37,3.5844846662689425,3.0143979631163127
microtubule cytoskeleton,cellcom,0.38,3.292501202362146,2.7306578635418246
microtubule cytoskeleton,cellcom,0.39,2.8375746712886407,2.474979971617561
microtubule cytoskeleton,cellcom,0.4,2.517470387725654,2.266634231735967
microtubule cytoskeleton,cellcom,0.41000000000000003,2.2225959984336545,2.026714996960639
microtubule cytoskeleton,cellcom,0.42,1.8762105750050575,1.8012060850327012
microtubule cytoskeleton,cellcom,0.43,1.6094570053692354,1.6330575615149419
microtubule cytoskeleton,cellcom,0.44,1.333505036780454,1.4616224731372467
microtubule cytoskeleton,cellcom,0.45,1.1957918638847194,1.2994571830824484
microtubule cytoskeleton,cellcom,0.46,1.0546621428064569,1.1527134666011964
microtubule cytoskeleton,cellcom,0.47000000000000003,0.9498003947427253,1.0210261498201707
microtubule cytoskeleton,cellcom,0.48,0.7876457617719788,0.9008558551978841
microtubule cytoskeleton,cellcom,0.49,0.6601822334238274,0.8206861448538004
microtubule cytoskeleton,cellcom,0.5,0.5666213755022977,0.7504042193874736
microtubule cytoskeleton,cellcom,0.51,0.5274624771025564,0.6564702630487855
microtubule cytoskeleton,cellcom,0.52,0.4538752854788814,0.5847276420891536
microtubule cytoskeleton,cellcom,0.53,0.38265339644311025,0.512872659937729
microtubule cytoskeleton,cellcom,0.54,0.3419176296514329,0.4524223387532623
microtubule cytoskeleton,cellcom,0.55,0.30617527943421935,0.4176746401913732
microtubule cytoskeleton,cellcom,0.56,0.2554526794936148,0.37360096271069093
microtubule cytoskeleton,cellcom,0.5700000000000001,0.20473007955301248,0.33615659554578103
microtubule cytoskeleton,cellcom,0.58,0.17424395730891626,0.2877008315851802
microtubule cytoskeleton,cellcom,0.59,0.16373150136267695,0.2625881052195142
microtubule cytoskeleton,cellcom,0.6,0.1321941335239591,0.2280651290412105
microtubule cytoskeleton,cellcom,0.61,0.14296940086885435,0.20769966302878562
microtubule cytoskeleton,cellcom,0.62,0.11905356359115996,0.1938792364382849
microtubule cytoskeleton,cellcom,0.63,0.10617580505701683,0.17062046973719824
microtubule cytoskeleton,cellcom,0.64,0.08725338435378611,0.1518561507078192
microtubule cytoskeleton,cellcom,0.65,0.07752936260351477,0.14149083076494362
microtubule cytoskeleton,cellcom,0.66,0.06938220924517932,0.12823221013340633
microtubule cytoskeleton,cellcom,0.67,0.054401959521788334,0.12146244832789681
microtubule cytoskeleton,cellcom,0.68,0.06044662169087592,0.10696785458663993
microtubule cytoskeleton,cellcom,0.6900000000000001,0.04678042896076485,0.09679916672940159
microtubule cytoskeleton,cellcom,0.7000000000000001,0.03626797301452595,0.08500124159117017
microtubule cytoskeleton,cellcom,0.71,0.031011745041405907,0.07842811187129693
microtubule cytoskeleton,cellcom,0.72,0.023127403081726443,0.07362467092215948
microtubule cytoskeleton,cellcom,0.73,0.03153736783871787,0.06011323760908861
microtubule cytoskeleton,cellcom,0.74,0.027069574061566175,0.05904580628705808
microtubule cytoskeleton,cellcom,0.75,0.01734555231129483,0.051854690012325975
microtubule cytoskeleton,cellcom,0.76,0.015768683919358935,0.04792204829958186
microtubule cytoskeleton,cellcom,0.77,0.02181334608844653,0.040787112620746115
microtubule cytoskeleton,cellcom,0.78,0.022338968885758495,0.0342139829008738
microtubule cytoskeleton,cellcom,0.79,0.019973666297854655,0.03511287243521531
microtubule cytoskeleton,cellcom,0.8,0.023127403081726443,0.030983598636833993
microtubule cytoskeleton,cellcom,0.81,0.01944804350054269,0.025646442026681263
microtubule cytoskeleton,cellcom,0.8200000000000001,0.01734555231129483,0.021685710015988978
microtubule cytoskeleton,cellcom,0.8300000000000001,0.018133986507262976,0.020646368991906836
microtubule cytoskeleton,cellcom,0.84,0.01865960930457474,0.020225014522684024
microtubule cytoskeleton,cellcom,0.85,0.016819929513982868,0.018455325751949168
microtubule cytoskeleton,cellcom,0.86,0.015243061122046972,0.017303623536074106
microtubule cytoskeleton,cellcom,0.87,0.01708274091263885,0.016123831022250873
microtubule cytoskeleton,cellcom,0.88,0.012089324338175186,0.012387821395143963
microtubule cytoskeleton,cellcom,0.89,0.009461210351615361,0.011657473648491484
microtubule cytoskeleton,cellcom,0.9,0.011038078743551255,0.008623721470088882
microtubule cytoskeleton,cellcom,0.91,0.016557118115326883,0.008595631172140709
microtubule cytoskeleton,cellcom,0.92,0.012352135736831166,0.007134935678835752
microtubule cytoskeleton,cellcom,0.93,0.009461210351615361,0.004129273798381321
microtubule cytoskeleton,cellcom,0.9400000000000001,0.0031537367838717872,0.002106772346112919
microtubule cytoskeleton,cellcom,0.9500000000000001,0.0002628113986559852,0.0030618424763508094
microtubule cytoskeleton,cellcom,0.96,0.0,0.0025000365173873306
microtubule cytoskeleton,cellcom,0.97,0.0,0.002106772346112919
microtubule cytoskeleton,cellcom,0.98,0.0,2.8090297948172252e-05
microtubule cytoskeleton,cellcom,0.99,0.0,0.0
microtubule organizing center,cellcom,0.0,0.0,0.0
microtubule organizing center,cellcom,0.01,0.0,0.0
microtubule organizing center,cellcom,0.02,0.0,0.0
microtubule organizing center,cellcom,0.03,0.0,0.0008927370967702664
microtubule organizing center,cellcom,0.04,0.0016396668197022363,0.001920737390020876
microtubule organizing center,cellcom,0.05,0.00040991670492555936,0.005383475219917671
microtubule organizing center,cellcom,0.06,0.0024595002295533523,0.013174635337185436
microtubule organizing center,cellcom,0.07,0.012707417852692339,0.033112430498388086
microtubule organizing center,cellcom,0.08,0.010247917623138984,0.07929128577677735
microtubule organizing center,cellcom,0.09,0.018856168426575705,0.15733815014593533
microtubule organizing center,cellcom,0.1,0.040581753787630376,0.26103091656776684
microtubule organizing center,cellcom,0.11,0.09756017577228311,0.3803601085027259
microtubule organizing center,cellcom,0.12,0.15945759821604236,0.5251458340152848
microtubule organizing center,cellcom,0.13,0.19348068472486374,0.660381977856332
microtubule organizing center,cellcom,0.14,0.3057978618744677,0.8006499126064502
microtubule organizing center,cellcom,0.15,0.3845018692201741,0.9482220599665026
microtubule organizing center,cellcom,0.16,0.5312520495835241,1.0789133604058103
microtubule organizing center,cellcom,0.17,0.6554568111759702,1.251265725361067
microtubule organizing center,cellcom,0.18,0.9055060011805592,1.4350343040992581
microtubule organizing center,cellcom,0.19,1.1596543582344059,1.6720695296114116
microtubule organizing center,cellcom,0.2,1.4117531317636283,1.9396471848888324
microtubule organizing center,cellcom,0.21,1.8212599199842576,2.2207511598142764
microtubule organizing center,cellcom,0.22,2.35087230274808,2.5751677872320715
microtubule organizing center,cellcom,0.23,2.9460713582999993,2.9276366246205585
microtubule organizing center,cellcom,0.24,3.38550206598019,3.261195667141077
microtubule organizing center,cellcom,0.25,3.7474585164294583,3.6135021886937793
microtubule organizing center,cellcom,0.26,4.169672722502783,3.8624135228569068
microtubule organizing center,cellcom,0.27,4.470961500623069,4.098366642797218
microtubule organizing center,cellcom,0.28,4.805043615137426,4.295877962297839
microtubule organizing center,cellcom,0.29,5.104692726437983,4.421483366549461
microtubule organizing center,cellcom,0.3,5.027218469207052,4.425541262443872
microtubule organizing center,cellcom,0.31,5.097314225749323,4.3847999876639925
microtubule organizing center,cellcom,0.32,5.220699153931916,4.237390156139715
microtubule organizing center,cellcom,0.33,4.975568964386432,4.083271270070012
microtubule organizing center,cellcom,0.34,4.508673837476221,3.8505374142059323
microtubule organizing center,cellcom,0.35000000000000003,4.139338886338315,3.603303343679181
microtubule organizing center,cellcom,0.36,4.0044762904177835,3.3222264213930077
microtubule organizing center,cellcom,0.37,3.540040663737125,3.0383901298986555
microtubule organizing center,cellcom,0.38,3.2949104741916413,2.7512534164101825
microtubule organizing center,cellcom,0.39,2.8665475175444324,2.486462182980263
microtubule organizing center,cellcom,0.4,2.531235652915325,2.274991701602894
microtubule organizing center,cellcom,0.41000000000000003,2.262740211189097,2.0313015268239187
microtubule organizing center,cellcom,0.42,1.8700400078703991,1.8043839884084836
microtubule organizing center,cellcom,0.43,1.6343379025382028,1.6305437282919462
microtubule organizing center,cellcom,0.44,1.3863382960582398,1.4534030461812888
microtubule organizing center,cellcom,0.45,1.2006460287269618,1.2953074221350633
microtubule organizing center,cellcom,0.46,1.0829999344133263,1.1472212746283836
microtubule organizing center,cellcom,0.47000000000000003,0.9559257558864083,1.0179908167110694
microtubule organizing center,cellcom,0.48,0.7833508231127427,0.8969573085004525
microtubule organizing center,cellcom,0.49,0.6161048075031148,0.8176660227236752
microtubule organizing center,cellcom,0.5,0.5271528825342685,0.746220002342758
microtubule organizing center,cellcom,0.51,0.4931297960254472,0.6539705023431637
microtubule organizing center,cellcom,0.52,0.43820095756542227,0.5809283762437784
microtubule organizing center,cellcom,0.53,0.34514986554732047,0.5105374087954078
microtubule organizing center,cellcom,0.54,0.30415819505476455,0.45083223386898424
microtubule organizing center,cellcom,0.55,0.2812028595789333,0.41520390791606177
microtubule organizing center,cellcom,0.56,0.24103102249622857,0.37018831612740355
microtubule organizing center,cellcom,0.5700000000000001,0.19757985177412152,0.33177356832698973
microtubule organizing center,cellcom,0.58,0.16929559913425576,0.28383629149435236
microtubule organizing center,cellcom,0.59,0.14879976388797783,0.2599217583566277
microtubule organizing center,cellcom,0.6,0.1192857611333376,0.22537553797554802
microtubule organizing center,cellcom,0.61,0.14388076342887113,0.2052483743392729
microtubule organizing center,cellcom,0.62,0.1233849281825932,0.19082931759446833
microtubule organizing center,cellcom,0.63,0.11149734373975198,0.1678886794714021
microtubule organizing center,cellcom,0.64,0.07829409064078172,0.15006099017529287
microtubule organizing center,cellcom,0.65,0.07296517347674947,0.13942930293193787
microtubule organizing center,cellcom,0.66,0.05820817209942934,0.1267957203806738
microtubule organizing center,cellcom,0.67,0.033613169803895816,0.12035719222820947
microtubule organizing center,cellcom,0.68,0.040171837082704755,0.10658739882651051
microtubule organizing center,cellcom,0.6900000000000001,0.03812225355807696,0.09552286935441845
microtubule organizing center,cellcom,0.7000000000000001,0.02869416934478943,0.08370086598203735
microtubule organizing center,cellcom,0.71,0.03197350298419358,0.07661307448646645
microtubule organizing center,cellcom,0.72,0.023365252180756847,0.07174359941317408
microtubule organizing center,cellcom,0.73,0.027874335934937995,0.0592993853369825
microtubule organizing center,cellcom,0.74,0.023365252180756847,0.05810906920795548
microtubule organizing center,cellcom,0.75,0.012297501147766763,0.05091306715520121
microtubule organizing center,cellcom,0.76,0.014757001377320115,0.04680106598219878
microtubule organizing center,cellcom,0.77,0.020495835246277936,0.040173169354661954
microtubule organizing center,cellcom,0.78,0.018856168426575705,0.0340051675951583
microtubule organizing center,cellcom,0.79,0.01762641831179903,0.03470853621685609
microtubule organizing center,cellcom,0.8,0.01967600183642682,0.030921166715406477
microtubule organizing center,cellcom,0.81,0.010247917623138968,0.02602463900281805
microtubule organizing center,cellcom,0.8200000000000001,0.011477667737915646,0.021912637829815614
microtubule organizing center,cellcom,0.8300000000000001,0.011887584442841336,0.020965795454453443
microtubule organizing center,cellcom,0.84,0.005328917164032264,0.021046953372341415
microtubule organizing center,cellcom,0.85,0.00655866727880894,0.019072110703728405
microtubule organizing center,cellcom,0.86,0.008608250803436733,0.017665373460332836
microtubule organizing center,cellcom,0.87,0.011067751032990087,0.016556215249194022
microtubule organizing center,cellcom,0.88,0.0073785006886600574,0.0126876878298562
microtubule organizing center,cellcom,0.89,0.006968583983734499,0.011740845454493798
microtubule organizing center,cellcom,0.9,0.005328917164032264,0.00908968680347907
microtubule organizing center,cellcom,0.91,0.00983800091821341,0.009333160557143687
microtubule organizing center,cellcom,0.92,0.0036892503443300287,0.007899370674452049
microtubule organizing center,cellcom,0.93,0.004919000459106705,0.004626001319627741
microtubule organizing center,cellcom,0.9400000000000001,0.0012297501147766762,0.0022724217008697673
microtubule organizing center,cellcom,0.9500000000000001,0.0,0.0029757903225675858
microtubule organizing center,cellcom,0.96,0.0,0.0024076848973501107
microtubule organizing center,cellcom,0.97,0.0,0.0020289479472051495
microtubule organizing center,cellcom,0.98,0.0,2.705263929606866e-05
microtubule organizing center,cellcom,0.99,0.0,0.0
midbody,cellcom,0.0,0.0,0.0
midbody,cellcom,0.01,0.0,0.0
midbody,cellcom,0.02,0.0,0.0
midbody,cellcom,0.03,0.0,0.0008496749864438217
midbody,cellcom,0.04,0.0,0.001931079514645049
midbody,cellcom,0.05,0.0,0.005149545372386801
midbody,cellcom,0.06,0.0,0.012693629342933449
midbody,cellcom,0.07,0.00706576460405222,0.03221040630427944
midbody,cellcom,0.08,0.0,0.07611028060387694
midbody,cellcom,0.09,0.00706576460405221,0.1508301839572092
midbody,cellcom,0.1,0.06359188143646997,0.25006192328310306
midbody,cellcom,0.11,0.1324830863259791,0.3662099191572874
midbody,cellcom,0.12,0.15191393898712252,0.5076164350830282
midbody,cellcom,0.13,0.21373937927257936,0.6375652125552089
midbody,cellcom,0.14,0.31619296603133723,0.7766286853365165
midbody,cellcom,0.15,0.36212043595767573,0.9213566580274452
midbody,cellcom,0.16,0.6853791665930643,1.0502497786982867
midbody,cellcom,0.17,0.9150165162247637,1.2187429032827861
midbody,cellcom,0.18,0.976841956510218,1.408452154801512
midbody,cellcom,0.19,1.3212979809577632,1.6449965214820994
midbody,cellcom,0.2,1.4608468318877985,1.9134680694714903
midbody,cellcom,0.21,1.923654413453214,2.199988773991086
midbody,cellcom,0.22,2.292840614014942,2.5651945318007576
midbody,cellcom,0.23,2.7291515783151734,2.931687675953534
midbody,cellcom,0.24,2.9022628111144453,3.2742354341246953
midbody,cellcom,0.25,3.698927770221332,3.620671099052017
midbody,cellcom,0.26,4.257123173941457,3.8759598108880926
midbody,cellcom,0.27,4.1529031460316865,4.120975179706256
midbody,cellcom,0.28,4.500892052781283,4.324871428725935
midbody,cellcom,0.29,4.728762961261942,4.4599182561167545
midbody,cellcom,0.3,4.702266343996746,4.459300310672068
midbody,cellcom,0.31,4.958400310893638,4.421193674916406
midbody,cellcom,0.32,4.684601932486615,4.29263527469477
midbody,cellcom,0.33,4.820617901114621,4.128570759130526
midbody,cellcom,0.34,4.520322905442401,3.8821135176080945
midbody,cellcom,0.35000000000000003,4.071646853085109,3.6301462625372287
midbody,cellcom,0.36,3.9656603840243028,3.3557012419158547
midbody,cellcom,0.37,3.439260921022413,3.064056739750728
midbody,cellcom,0.38,3.0842062496687896,2.7805485192739736
midbody,cellcom,0.39,2.840437370828988,2.5051765804855894
midbody,cellcom,0.4,2.690289872992879,2.285033515816054
midbody,cellcom,0.41000000000000003,2.3546660543004116,2.041125299252965
midbody,cellcom,0.42,1.918355090000175,1.8068467325362163
midbody,cellcom,0.43,1.7735069156171046,1.6286982103784953
midbody,cellcom,0.44,1.3371959513168805,1.4508844086699795
midbody,cellcom,0.45,1.3106993340516848,1.28913718852331
midbody,cellcom,0.46,1.1534860716115232,1.1430960817624207
midbody,cellcom,0.47000000000000003,0.907950751620714,1.015696329249577
midbody,cellcom,0.48,0.8902863401105785,0.8899186835290238
midbody,cellcom,0.49,0.6836127254420512,0.8069595075798726
midbody,cellcom,0.5,0.6394516966667251,0.7340161973800137
midbody,cellcom,0.51,0.5935242267403856,0.6447488283496885
midbody,cellcom,0.52,0.4186465527900934,0.5743287953822992
midbody,cellcom,0.53,0.4204129939411065,0.5014627283630261
midbody,cellcom,0.54,0.4115807881860412,0.442191461126854
midbody,cellcom,0.55,0.4115807881860412,0.4068398321454187
midbody,cellcom,0.56,0.30382787797424504,0.36304294875326903
midbody,cellcom,0.5700000000000001,0.22610446732967324,0.32488481754388643
midbody,cellcom,0.58,0.2190387027256185,0.27758624329851017
midbody,cellcom,0.59,0.2190387027256185,0.2535378664094638
midbody,cellcom,0.6,0.18724276200738357,0.21926764195622972
midbody,cellcom,0.61,0.15897970359117472,0.20206816041245781
midbody,cellcom,0.62,0.14131529208104418,0.18731471292056961
midbody,cellcom,0.63,0.14131529208104418,0.16473395646265354
midbody,cellcom,0.64,0.1483810566850964,0.1455776476773747
midbody,cellcom,0.65,0.16781190934623996,0.13484084557594822
midbody,cellcom,0.66,0.10598646906078314,0.12279090940456311
midbody,cellcom,0.67,0.08125629294660042,0.11547855497577386
midbody,cellcom,0.68,0.09538782215470483,0.10257894381794494
midbody,cellcom,0.6900000000000001,0.07065764604052209,0.09227985307317137
midbody,cellcom,0.7000000000000001,0.02649661726519608,0.08107959188823097
midbody,cellcom,0.71,0.05299323453039157,0.07415345336236984
midbody,cellcom,0.72,0.033562381869247995,0.06926138525860238
midbody,cellcom,0.73,0.058292557983430734,0.05734018772152695
midbody,cellcom,0.74,0.047693911077352415,0.05607854910529219
midbody,cellcom,0.75,0.026496617265195786,0.048843437857088744
midbody,cellcom,0.76,0.04416102877532631,0.04482679246662705
midbody,cellcom,0.77,0.06359188143646989,0.03859584256603902
midbody,cellcom,0.78,0.06535832258748295,0.03259662220720841
midbody,cellcom,0.79,0.05652611683241768,0.033317558559342556
midbody,cellcom,0.8,0.06535832258748295,0.0297128767986718
midbody,cellcom,0.81,0.02119729381215663,0.02510403369038562
midbody,cellcom,0.8200000000000001,0.035328823020261045,0.02106164057306199
midbody,cellcom,0.8300000000000001,0.04062814647330066,0.020108974679170655
midbody,cellcom,0.84,0.035328823020261045,0.019851497410551092
midbody,cellcom,0.85,0.02826305841620884,0.01815214743766345
midbody,cellcom,0.86,0.05475967568140463,0.016555788372223542
midbody,cellcom,0.87,0.04062814647330021,0.015860599746951327
midbody,cellcom,0.88,0.017664411510130523,0.012281665713142504
midbody,cellcom,0.89,0.02119729381215663,0.011303252092389015
midbody,cellcom,0.9,0.033562381869247995,0.00849674986443821
midbody,cellcom,0.91,0.0370952641712741,0.008960208947953022
midbody,cellcom,0.92,0.01413152920810442,0.0075440839705466535
midbody,cellcom,0.93,0.010598646906078315,0.004557347654562313
midbody,cellcom,0.9400000000000001,0.0,0.0022400522369882556
midbody,cellcom,0.9500000000000001,0.0,0.0028322499548127686
midbody,cellcom,0.96,0.0,0.0022915476907121235
midbody,cellcom,0.97,0.0,0.001931079514645048
midbody,cellcom,0.98,0.0,2.5747726861933973e-05
midbody,cellcom,0.99,0.0,0.0
mitochondrial inner membrane,cellcom,0.0,0.0,0.0
mitochondrial inner membrane,cellcom,0.01,0.0,0.0
mitochondrial inner membrane,cellcom,0.02,0.0,0.0
mitochondrial inner membrane,cellcom,0.03,0.0,0.000842969582592116
mitochondrial inner membrane,cellcom,0.04,0.0,0.001915839960436627
mitochondrial inner membrane,cellcom,0.05,0.0,0.005108906561164343
mitochondrial inner membrane,cellcom,0.06,0.031107827507096446,0.012389098410823514
mitochondrial inner membrane,cellcom,0.07,0.03110782750709649,0.03185403240885968
mitochondrial inner membrane,cellcom,0.08,0.03499630594548355,0.07527973817875659
mitochondrial inner membrane,cellcom,0.09,0.16331609441225634,0.14866918092988218
mitochondrial inner membrane,cellcom,0.1,0.19831240035774012,0.24770533461805316
mitochondrial inner membrane,cellcom,0.11,0.25663957693354605,0.36354979089245465
mitochondrial inner membrane,cellcom,0.12,0.6415989423338642,0.5015924461751146
mitochondrial inner membrane,cellcom,0.13,0.8865730839522487,0.6298004563275335
mitochondrial inner membrane,cellcom,0.14,1.7887000816580505,0.7633217293035655
mitochondrial inner membrane,cellcom,0.15,1.8509157366722384,0.9071629935331452
mitochondrial inner membrane,cellcom,0.16,2.2164327098806216,1.0373123881788067
mitochondrial inner membrane,cellcom,0.17,2.9085818719135257,1.2032496732854279
mitochondrial inner membrane,cellcom,0.18,3.270210366683514,1.3899802080959809
mitochondrial inner membrane,cellcom,0.19,4.401757592254147,1.6222055558337056
mitochondrial inner membrane,cellcom,0.2,4.988917836450606,1.8867191930379945
mitochondrial inner membrane,cellcom,0.21,4.852821091107045,2.178565480344502
mitochondrial inner membrane,cellcom,0.22,4.985029358012206,2.5453594269032953
mitochondrial inner membrane,cellcom,0.23,5.253334370260927,2.9135072337008054
mitochondrial inner membrane,cellcom,0.24,4.918925224559625,3.25805189218572
mitochondrial inner membrane,cellcom,0.25,5.447758292180265,3.6098001089218847
mitochondrial inner membrane,cellcom,0.26,5.132791538670913,3.8732153312155178
mitochondrial inner membrane,cellcom,0.27,5.012248707080914,4.115581858477154
mitochondrial inner membrane,cellcom,0.28,4.654508690749331,4.3252513837473625
mitochondrial inner membrane,cellcom,0.29,4.288991717540922,4.464928889129571
mitochondrial inner membrane,cellcom,0.3,3.970136485593184,4.466027304040222
mitochondrial inner membrane,cellcom,0.31,3.4801882023564152,4.435143963877983
mitochondrial inner membrane,cellcom,0.32,2.943578177859001,4.307165854520816
mitochondrial inner membrane,cellcom,0.33,2.885251001283195,4.146746188500257
mitochondrial inner membrane,cellcom,0.34,2.8152583893922287,3.8983511514964464
mitochondrial inner membrane,cellcom,0.35000000000000003,2.3991911964848267,3.6446173071362398
mitochondrial inner membrane,cellcom,0.36,2.0375627017148172,3.3731811015415585
mitochondrial inner membrane,cellcom,0.37,1.6875996422599822,3.078524915626405
mitochondrial inner membrane,cellcom,0.38,1.5126181125325646,2.7932691177837947
mitochondrial inner membrane,cellcom,0.39,1.2015398374616002,2.518588756522794
mitochondrial inner membrane,cellcom,0.4,1.1509896177625685,2.2983437946709997
mitochondrial inner membrane,cellcom,0.41000000000000003,0.8282459073764474,2.0536271703912394
mitochondrial inner membrane,cellcom,0.42,0.6377104638954771,1.8161396488955037
mitochondrial inner membrane,cellcom,0.43,0.5638293735661231,1.637787720845257
mitochondrial inner membrane,cellcom,0.44,0.5443869813741878,1.4551954003492438
mitochondrial inner membrane,cellcom,0.45,0.40829023603064085,1.2952355359191883
mitochondrial inner membrane,cellcom,0.46,0.31107827507096447,1.1487120957449952
mitochondrial inner membrane,cellcom,0.47000000000000003,0.3110782750709662,1.0187670573617857
mitochondrial inner membrane,cellcom,0.48,0.2955243613174163,0.8938287474085063
mitochondrial inner membrane,cellcom,0.49,0.21386631411128806,0.8090719875587901
mitochondrial inner membrane,cellcom,0.5,0.21386631411128806,0.7360657127997517
mitochondrial inner membrane,cellcom,0.51,0.14776218065870814,0.6472729167667155
mitochondrial inner membrane,cellcom,0.52,0.069992611890967,0.5753906014511333
mitochondrial inner membrane,cellcom,0.53,0.14776218065870814,0.5026142274873473
mitochondrial inner membrane,cellcom,0.54,0.10110043939806344,0.4439895246979866
mitochondrial inner membrane,cellcom,0.55,0.10498891783645051,0.4088913366227876
mitochondrial inner membrane,cellcom,0.56,0.069992611890967,0.3641117706141822
mitochondrial inner membrane,cellcom,0.5700000000000001,0.050550219699032284,0.32525853621653106
mitochondrial inner membrane,cellcom,0.58,0.08165804720612817,0.27802669505856314
mitochondrial inner membrane,cellcom,0.59,0.05055021969903172,0.25437245768037225
mitochondrial inner membrane,cellcom,0.6,0.031107827507096446,0.22004060558934793
mitochondrial inner membrane,cellcom,0.61,0.011665435315161166,0.20269586781419502
mitochondrial inner membrane,cellcom,0.62,0.011665435315161166,0.18780340518840097
mitochondrial inner membrane,cellcom,0.63,0.01944239219193528,0.16534976085208372
mitochondrial inner membrane,cellcom,0.64,0.0349963059454835,0.1463446284445524
mitochondrial inner membrane,cellcom,0.65,0.027219349068709393,0.13602463719100044
mitochondrial inner membrane,cellcom,0.66,0.0077769568767741114,0.12330345985370125
mitochondrial inner membrane,cellcom,0.67,0.015553913753548223,0.11564010001195474
mitochondrial inner membrane,cellcom,0.68,0.0,0.10314882346990795
mitochondrial inner membrane,cellcom,0.6900000000000001,0.027219349068709393,0.09239457515865701
mitochondrial inner membrane,cellcom,0.7000000000000001,0.007776956876774198,0.08077181273200904
mitochondrial inner membrane,cellcom,0.71,0.0038884784383870557,0.07430904593213528
mitochondrial inner membrane,cellcom,0.72,0.011665435315161166,0.06912350577255347
mitochondrial inner membrane,cellcom,0.73,0.0077769568767741114,0.05767955507554535
mitochondrial inner membrane,cellcom,0.74,0.015553913753548223,0.05622351670561351
mitochondrial inner membrane,cellcom,0.75,0.0077769568767741114,0.0487900576591194
mitochondrial inner membrane,cellcom,0.76,0.0,0.04511164493508109
mitochondrial inner membrane,cellcom,0.77,0.0077769568767741114,0.03915976879132463
mitochondrial inner membrane,cellcom,0.78,0.0038884784383870557,0.03325898171317983
mitochondrial inner membrane,cellcom,0.79,0.03888478438387056,0.03361660517246133
mitochondrial inner membrane,cellcom,0.8,0.031107827507096446,0.030219182309287048
mitochondrial inner membrane,cellcom,0.81,0.027219349068709393,0.025033642149705247
mitochondrial inner membrane,cellcom,0.8200000000000001,0.011665435315161166,0.021329684892861103
mitochondrial inner membrane,cellcom,0.8300000000000001,0.011665435315161296,0.02046117077746339
mitochondrial inner membrane,cellcom,0.84,0.023330870630322333,0.020052458252570016
mitochondrial inner membrane,cellcom,0.85,0.011665435315161166,0.018340974554579968
mitochondrial inner membrane,cellcom,0.86,0.011665435315161166,0.017140381512706346
mitochondrial inner membrane,cellcom,0.87,0.0,0.016322956462920053
mitochondrial inner membrane,cellcom,0.88,0.011665435315161166,0.012363553878017693
mitochondrial inner membrane,cellcom,0.89,0.0349963059454835,0.011290683500173183
mitochondrial inner membrane,cellcom,0.9,0.0,0.008915041949231766
mitochondrial inner membrane,cellcom,0.91,0.08165804720612817,0.008889497416425944
mitochondrial inner membrane,cellcom,0.92,0.0,0.007688904374552326
mitochondrial inner membrane,cellcom,0.93,0.0,0.004674649503465368
mitochondrial inner membrane,cellcom,0.9400000000000001,0.0,0.002222374354106486
mitochondrial inner membrane,cellcom,0.9500000000000001,0.0,0.0028098986086404158
mitochondrial inner membrane,cellcom,0.96,0.0,0.0022734634197181295
mitochondrial inner membrane,cellcom,0.97,0.0,0.001915839960436626
mitochondrial inner membrane,cellcom,0.98,0.0,2.554453280582168e-05
mitochondrial inner membrane,cellcom,0.99,0.0,0.0
mitochondrial matrix,cellcom,0.0,0.0,0.0
mitochondrial matrix,cellcom,0.01,0.0,0.0
mitochondrial matrix,cellcom,0.02,0.0,0.0
mitochondrial matrix,cellcom,0.03,0.0,0.0008435406006315817
mitochondrial matrix,cellcom,0.04,0.0,0.00191713772870814
mitochondrial matrix,cellcom,0.05,0.0,0.005112367276555044
mitochondrial matrix,cellcom,0.06,0.003525222970352872,0.01257642350032539
mitochondrial matrix,cellcom,0.07,0.0035252229703528768,0.03205454282400012
mitochondrial matrix,cellcom,0.08,0.017626114851764383,0.07543297916556968
mitochondrial matrix,cellcom,0.09,0.09870624316988041,0.14912775345711043
mitochondrial matrix,cellcom,0.1,0.2220890471322312,0.247566385367178
mitochondrial matrix,cellcom,0.11,0.21503860119152546,0.36392386458157083
mitochondrial matrix,cellcom,0.12,0.6239644657524583,0.5016254771755803
mitochondrial matrix,cellcom,0.13,1.1527479113053891,0.6276964542154274
mitochondrial matrix,cellcom,0.14,2.0904572214192587,0.7604390705511811
mitochondrial matrix,cellcom,0.15,2.0093770931011368,0.9053746828415142
mitochondrial matrix,cellcom,0.16,2.2596679239961905,1.0362001614485576
mitochondrial matrix,cellcom,0.17,3.003489970740655,1.201406309990437
mitochondrial matrix,cellcom,0.18,3.1021962139105272,1.3899248533134008
mitochondrial matrix,cellcom,0.19,3.9658758416469806,1.6234833523428176
mitochondrial matrix,cellcom,0.2,4.702647442450744,1.8866935815762589
mitochondrial matrix,cellcom,0.21,4.93531215849402,2.1761558167748
mitochondrial matrix,cellcom,0.22,5.7214368808827105,2.5383670383187242
mitochondrial matrix,cellcom,0.23,5.249057002855441,2.9119532770529917
mitochondrial matrix,cellcom,0.24,5.2737335636478955,3.2543540754002573
mitochondrial matrix,cellcom,0.25,4.76257623294673,3.613523438414631
mitochondrial matrix,cellcom,0.26,4.8330806923537875,3.8745353497191486
mitochondrial matrix,cellcom,0.27,4.526386293933087,4.118497516156355
mitochondrial matrix,cellcom,0.28,4.2020657806606465,4.328309069186197
mitochondrial matrix,cellcom,0.29,4.085733422638978,4.46652191850784
mitochondrial matrix,cellcom,0.3,3.3137095921316995,4.471123049056739
mitochondrial matrix,cellcom,0.31,2.922409842422531,4.439835361324222
mitochondrial matrix,cellcom,0.32,2.707371241231005,4.309802299645044
mitochondrial matrix,cellcom,0.33,2.6227658899425363,4.149504023688661
mitochondrial matrix,cellcom,0.34,2.3513237212253655,3.9024488750491395
mitochondrial matrix,cellcom,0.35000000000000003,1.9917509782493834,3.6484153450771397
mitochondrial matrix,cellcom,0.36,1.8577925053759634,3.3753893706726976
mitochondrial matrix,cellcom,0.37,1.8366411675538463,3.0783863937412326
mitochondrial matrix,cellcom,0.38,1.7696619311171415,2.79227275910883
mitochondrial matrix,cellcom,0.39,1.3959882962597372,2.5180709402308006
mitochondrial matrix,cellcom,0.4,1.3854126273486784,2.2974211685746853
mitochondrial matrix,cellcom,0.41000000000000003,1.0187894384319856,2.0530755745917486
mitochondrial matrix,cellcom,0.42,0.8707300736771593,1.815248248886397
mitochondrial matrix,cellcom,0.43,0.9976381006098627,1.635369606260808
mitochondrial matrix,cellcom,0.44,0.8213769520922191,1.4538038824339559
mitochondrial matrix,cellcom,0.45,0.7226707089223386,1.2935567301503381
mitochondrial matrix,cellcom,0.46,0.6239644657524583,1.1470107221678882
mitochondrial matrix,cellcom,0.47000000000000003,0.5323086685232866,1.0176422682346686
mitochondrial matrix,cellcom,0.48,0.4371276483237561,0.8932072487233133
mitochondrial matrix,cellcom,0.49,0.303169175450347,0.8088276268237724
mitochondrial matrix,cellcom,0.5,0.3771988578277573,0.7352350998777627
mitochondrial matrix,cellcom,0.51,0.34194662812422855,0.6462032237565567
mitochondrial matrix,cellcom,0.52,0.30669439842069984,0.5740165978115996
mitochondrial matrix,cellcom,0.53,0.26791694574681824,0.5019833428849391
mitochondrial matrix,cellcom,0.54,0.34194662812422855,0.44247538778583845
mitochondrial matrix,cellcom,0.55,0.20446293228046655,0.4083758980512164
mitochondrial matrix,cellcom,0.56,0.17626114851764357,0.3635404370358287
mitochondrial matrix,cellcom,0.5700000000000001,0.1621602566362339,0.32463532206124845
mitochondrial matrix,cellcom,0.58,0.08813057425882179,0.27811277984459404
mitochondrial matrix,cellcom,0.59,0.07402968237741031,0.2543402720086131
mitochondrial matrix,cellcom,0.6,0.024676560792470104,0.22021522043760822
mitochondrial matrix,cellcom,0.61,0.014100891881411488,0.20280760986093832
mitochondrial matrix,cellcom,0.62,0.003525222970352872,0.1879817447589287
mitochondrial matrix,cellcom,0.63,0.024676560792470104,0.16541064323293822
mitochondrial matrix,cellcom,0.64,0.007050445940705744,0.14662269349159848
mitochondrial matrix,cellcom,0.65,0.021151337822117228,0.13614234057466063
mitochondrial matrix,cellcom,0.66,0.0,0.12343810789242138
mitochondrial matrix,cellcom,0.67,0.014100891881411488,0.11571843330482326
mitochondrial matrix,cellcom,0.68,0.0,0.1032186953136462
mitochondrial matrix,cellcom,0.6900000000000001,0.0,0.09263609505117726
mitochondrial matrix,cellcom,0.7000000000000001,0.0,0.08087765031510159
mitochondrial matrix,cellcom,0.71,0.0,0.0743849438738758
mitochondrial matrix,cellcom,0.72,0.003525222970352872,0.0692214529245552
mitochondrial matrix,cellcom,0.73,0.0,0.057769750225071914
mitochondrial matrix,cellcom,0.74,0.0,0.05636384922401928
mitochondrial matrix,cellcom,0.75,0.0,0.048874231163866154
mitochondrial matrix,cellcom,0.76,0.0,0.04514220305198098
mitochondrial matrix,cellcom,0.77,0.0,0.03923741884755991
mitochondrial matrix,cellcom,0.78,0.003525222970352872,0.03328151097037329
mitochondrial matrix,cellcom,0.79,0.0,0.033894995043559896
mitochondrial matrix,cellcom,0.8,0.0,0.030444147131885247
mitochondrial matrix,cellcom,0.81,0.0,0.025229532509799108
mitochondrial matrix,cellcom,0.8200000000000001,0.0,0.021420818888765604
mitochondrial matrix,cellcom,0.8300000000000001,0.0,0.020551716451751474
mitochondrial matrix,cellcom,0.84,0.0,0.02021941257877517
mitochondrial matrix,cellcom,0.85,0.0,0.01843008403198091
mitochondrial matrix,cellcom,0.86,0.0,0.017228677721990476
mitochondrial matrix,cellcom,0.87,0.0,0.016334013448593344
mitochondrial matrix,cellcom,0.88,0.0,0.012448614318411514
mitochondrial matrix,cellcom,0.89,0.0,0.011528388208631607
mitochondrial matrix,cellcom,0.9,0.0,0.00892108089758854
mitochondrial matrix,cellcom,0.91,0.0,0.009432317625244043
mitochondrial matrix,cellcom,0.92,0.0,0.007694112751215331
mitochondrial matrix,cellcom,0.93,0.0,0.0046778160580478595
mitochondrial matrix,cellcom,0.9400000000000001,0.0,0.0022238797653014414
mitochondrial matrix,cellcom,0.9500000000000001,0.0,0.0028118020021053016
mitochondrial matrix,cellcom,0.96,0.0,0.002275003438066992
mitochondrial matrix,cellcom,0.97,0.0,0.001917137728708139
mitochondrial matrix,cellcom,0.98,0.0,2.5561836382775187e-05
mitochondrial matrix,cellcom,0.99,0.0,0.0
mitochondrial outer membrane,cellcom,0.0,0.0,0.0
mitochondrial outer membrane,cellcom,0.01,0.0,0.0
mitochondrial outer membrane,cellcom,0.02,0.0,0.0
mitochondrial outer membrane,cellcom,0.03,0.0,0.0008431433918636662
mitochondrial outer membrane,cellcom,0.04,0.0,0.001916234981508332
mitochondrial outer membrane,cellcom,0.05,0.003770170411702611,0.005084410150935445
mitochondrial outer membrane,cellcom,0.06,0.003770170411702606,0.01257050147869465
mitochondrial outer membrane,cellcom,0.07,0.007540340823405222,0.03201389909106589
mitochondrial outer membrane,cellcom,0.08,0.03770170411702611,0.07526971007364734
mitochondrial outer membrane,cellcom,0.09,0.17342783893831987,0.1485976353660327
mitochondrial outer membrane,cellcom,0.1,0.10933494193937571,0.24831850380372655
mitochondrial outer membrane,cellcom,0.11,0.2450610767606697,0.3636502998907748
mitochondrial outer membrane,cellcom,0.12,0.42225908611069185,0.5030500073455669
mitochondrial outer membrane,cellcom,0.13,0.6145377771075247,0.6315910499051458
mitochondrial outer membrane,cellcom,0.14,0.8218971497511702,0.7696621677727615
mitochondrial outer membrane,cellcom,0.15,1.1574423163927,0.9116679548024034
mitochondrial outer membrane,cellcom,0.16,1.3346403257427224,1.0430450251346146
mitochondrial outer membrane,cellcom,0.17,1.3572613482129416,1.2134110898905854
mitochondrial outer membrane,cellcom,0.18,1.9190167395566262,1.3987493373020676
mitochondrial outer membrane,cellcom,0.19,2.2244005429045375,1.636388024808854
mitochondrial outer membrane,cellcom,0.2,2.03212185190771,1.906117260805972
mitochondrial outer membrane,cellcom,0.21,2.179158497964106,2.1961330378073143
mitochondrial outer membrane,cellcom,0.22,2.669280651485445,2.560549831690692
mitochondrial outer membrane,cellcom,0.23,2.936962750716338,2.9287224461378343
mitochondrial outer membrane,cellcom,0.24,3.5778917207057725,3.2667973964754022
mitochondrial outer membrane,cellcom,0.25,4.411099381692049,3.616446406101289
mitochondrial outer membrane,cellcom,0.26,4.256522394812242,3.87889394916867
mitochondrial outer membrane,cellcom,0.27,4.083094555873922,4.121693696225652
mitochondrial outer membrane,cellcom,0.28,4.524204494043151,4.326066544453478
mitochondrial outer membrane,cellcom,0.29,4.237671542753729,4.465312953109726
mitochondrial outer membrane,cellcom,0.3,4.207510179460108,4.464520909317369
mitochondrial outer membrane,cellcom,0.31,4.117026089579245,4.431025121840603
mitochondrial outer membrane,cellcom,0.32,3.928517568994115,4.300772242697544
mitochondrial outer membrane,cellcom,0.33,4.260292565223944,4.137687870871308
mitochondrial outer membrane,cellcom,0.34,3.909666716935602,3.8911578530503235
mitochondrial outer membrane,cellcom,0.35000000000000003,3.589202231940901,3.6368095965048046
mitochondrial outer membrane,cellcom,0.36,3.347911325591914,3.3645764801318343
mitochondrial outer membrane,cellcom,0.37,3.0915397375961366,3.069297444381277
mitochondrial outer membrane,cellcom,0.38,2.5637158799577717,2.7864100615111407
mitochondrial outer membrane,cellcom,0.39,2.3375056552556153,2.5111620687672835
mitochondrial outer membrane,cellcom,0.4,2.1866988387875113,2.291561539886429
mitochondrial outer membrane,cellcom,0.41000000000000003,1.673955662795966,2.0481485976353757
mitochondrial outer membrane,cellcom,0.42,1.6890363444427674,1.809257969940659
mitochondrial outer membrane,cellcom,0.43,1.5306891871512578,1.6314569134564394
mitochondrial outer membrane,cellcom,0.44,1.462826119740611,1.4491590922156137
mitochondrial outer membrane,cellcom,0.45,1.2969386216256964,1.2893961943573256
mitochondrial outer membrane,cellcom,0.46,1.2554667470969676,1.1424848457750203
mitochondrial outer membrane,cellcom,0.47000000000000003,1.1385914643341932,1.013305058221611
mitochondrial outer membrane,cellcom,0.48,1.002865329512893,0.8891585812196189
mitochondrial outer membrane,cellcom,0.49,0.8859900467501123,0.8046398436352248
mitochondrial outer membrane,cellcom,0.5,0.927461921278841,0.7313374681425928
mitochondrial outer membrane,cellcom,0.51,0.5730659025787961,0.6444936987806352
mitochondrial outer membrane,cellcom,0.52,0.5730659025787961,0.5720855662793738
mitochondrial outer membrane,cellcom,0.53,0.6409289699894429,0.4993452863813176
mitochondrial outer membrane,cellcom,0.54,0.4863519831096361,0.4414494401400125
mitochondrial outer membrane,cellcom,0.55,0.5655255617553908,0.405833019283711
mitochondrial outer membrane,cellcom,0.56,0.30161363293620846,0.3626027581008831
mitochondrial outer membrane,cellcom,0.5700000000000001,0.21489971346705092,0.3242014090714597
mitochondrial outer membrane,cellcom,0.58,0.1960488614085355,0.2772919767241322
mitochondrial outer membrane,cellcom,0.59,0.1281857939978886,0.25388836014997707
mitochondrial outer membrane,cellcom,0.6,0.08294374905745733,0.2197282778796219
mitochondrial outer membrane,cellcom,0.61,0.0640928969989443,0.20237996384703316
mitochondrial outer membrane,cellcom,0.62,0.049012215352133875,0.18758662978978885
mitochondrial outer membrane,cellcom,0.63,0.07540340823405212,0.165000606807744
mitochondrial outer membrane,cellcom,0.64,0.05655255617553908,0.14622150398896236
mitochondrial outer membrane,cellcom,0.65,0.05278238576383648,0.13587383508881737
mitochondrial outer membrane,cellcom,0.66,0.049012215352133875,0.12304783561258828
mitochondrial outer membrane,cellcom,0.67,0.03393153370532345,0.11553619448507561
mitochondrial outer membrane,cellcom,0.68,0.015080681646810423,0.10306789220539475
mitochondrial outer membrane,cellcom,0.6900000000000001,0.02639119288191824,0.09241362570820842
mitochondrial outer membrane,cellcom,0.7000000000000001,0.0037701704117026474,0.08081401662014558
mitochondrial outer membrane,cellcom,0.71,0.02262102247021563,0.07419661848400257
mitochondrial outer membrane,cellcom,0.72,0.01885085205851303,0.06908665853331368
mitochondrial outer membrane,cellcom,0.73,0.01885085205851303,0.057614798444017144
mitochondrial outer membrane,cellcom,0.74,0.0,0.05633730845634492
mitochondrial outer membrane,cellcom,0.75,0.0,0.04885121712858571
mitochondrial outer membrane,cellcom,0.76,0.0,0.04512094636458283
mitochondrial outer membrane,cellcom,0.77,0.0,0.03921894262153717
mitochondrial outer membrane,cellcom,0.78,0.0,0.03329138907873806
mitochondrial outer membrane,cellcom,0.79,0.0,0.03387903447306729
mitochondrial outer membrane,cellcom,0.8,0.007540340823405212,0.030378711906845404
mitochondrial outer membrane,cellcom,0.81,0.0,0.025217652356649634
mitochondrial outer membrane,cellcom,0.8200000000000001,0.0,0.021410732193386416
mitochondrial outer membrane,cellcom,0.8300000000000001,0.0,0.02054203900176953
mitochondrial outer membrane,cellcom,0.84,0.0,0.020209891604974526
mitochondrial outer membrane,cellcom,0.85,0.0,0.01842140562223342
mitochondrial outer membrane,cellcom,0.86,0.0,0.017220565033821533
mitochondrial outer membrane,cellcom,0.87,0.0,0.016326322042450978
mitochondrial outer membrane,cellcom,0.88,0.0,0.012442752479927427
mitochondrial outer membrane,cellcom,0.89,0.0,0.011522959688803429
mitochondrial outer membrane,cellcom,0.9,0.0,0.0089168801139521
mitochondrial outer membrane,cellcom,0.91,0.0,0.009427876109020987
mitochondrial outer membrane,cellcom,0.92,0.0,0.0076904897257867675
mitochondrial outer membrane,cellcom,0.93,0.0,0.004675613354880328
mitochondrial outer membrane,cellcom,0.9400000000000001,0.0,0.0022228325785496636
mitochondrial outer membrane,cellcom,0.9500000000000001,0.0,0.0028104779728789163
mitochondrial outer membrane,cellcom,0.96,0.0,0.002273932178056553
mitochondrial outer membrane,cellcom,0.97,0.0,0.0019162349815083307
mitochondrial outer membrane,cellcom,0.98,0.0,2.554979975344441e-05
mitochondrial outer membrane,cellcom,0.99,0.0,0.0
mitochondrion,cellcom,0.0,0.0,0.0
mitochondrion,cellcom,0.01,0.0,0.0
mitochondrion,cellcom,0.02,0.0,0.0
mitochondrion,cellcom,0.03,0.0,0.0008749261283962046
mitochondrion,cellcom,0.04,0.0005927612002228781,0.0019619555606460344
mitochondrion,cellcom,0.05,0.0005927612002228786,0.005276069683358934
mitochondrion,cellcom,0.06,0.005927612002228777,0.012805736970162622
mitochondrion,cellcom,0.07,0.007705895602897421,0.03292903792327536
mitochondrion,cellcom,0.08,0.017190074806463475,0.07760329629744524
mitochondrion,cellcom,0.09,0.0877286576329859,0.15149478477745182
mitochondrion,cellcom,0.1,0.11795947884435283,0.25317180606228373
mitochondrion,cellcom,0.11,0.17190074806463476,0.37139288504769824
mitochondrion,cellcom,0.12,0.32779694372325135,0.5103205490718222
mitochondrion,cellcom,0.13,0.5097746321916748,0.6369197085594547
mitochondrion,cellcom,0.14,0.9608659055612875,0.7614773737474984
mitochondrion,cellcom,0.15,1.1262462804234676,0.9037986906332787
mitochondrion,cellcom,0.16,1.32245023769724,1.0325984218983926
mitochondrion,cellcom,0.17,1.656174793422725,1.1946188331295837
mitochondrion,cellcom,0.18,2.0343564391649163,1.3739786894508024
mitochondrion,cellcom,0.19,2.340221218479921,1.6090421759465825
mitochondrion,cellcom,0.2,2.7006200282154382,1.8714669886394855
mitochondrion,cellcom,0.21,2.903344358691655,2.1643816512613365
mitochondrion,cellcom,0.22,3.3218337660490067,2.5272638912419074
mitochondrion,cellcom,0.23,3.5826486941470828,2.8995317024180096
mitochondrion,cellcom,0.24,3.9329705634787935,3.2391886306266007
mitochondrion,cellcom,0.25,4.187857879574631,3.5964766459680324
mitochondrion,cellcom,0.26,4.327749522827229,3.8614732112201553
mitochondrion,cellcom,0.27,4.430297210465787,4.1076190953422875
mitochondrion,cellcom,0.28,4.650211615748501,4.312961606385603
mitochondrion,cellcom,0.29,4.6016051973301995,4.457616059613751
mitochondrion,cellcom,0.3,4.288034522412297,4.470607386974785
mitochondrion,cellcom,0.31,4.121468625149669,4.44266277669207
mitochondrion,cellcom,0.32,3.877251010657843,4.317097620810724
mitochondrion,cellcom,0.33,3.91578048867233,4.1484754942470925
mitochondrion,cellcom,0.34,3.580277649346181,3.905193004726984
mitochondrion,cellcom,0.35000000000000003,3.337838318455043,3.6498471398002206
mitochondrion,cellcom,0.36,3.0604260767507174,3.3780632688247616
mitochondrion,cellcom,0.37,2.8535524178729332,3.0791036620430767
mitochondrion,cellcom,0.38,2.663868833801612,2.7903250138463664
mitochondrion,cellcom,0.39,2.244193904043815,2.5218817699066216
mitochondrion,cellcom,0.4,2.1339403208023597,2.297874168124212
mitochondrion,cellcom,0.41000000000000003,1.7053739730412285,2.0608487260677975
mitochondrion,cellcom,0.42,1.4979075529632118,1.8223385608843843
mitochondrion,cellcom,0.43,1.3823191189197508,1.6418916751309127
mitochondrion,cellcom,0.44,1.2252374008606883,1.4592707305129415
mitochondrion,cellcom,0.45,1.1185403848205702,1.2970912418038631
mitochondrion,cellcom,0.46,1.0391103839907045,1.1479030804558197
mitochondrion,cellcom,0.47000000000000003,0.8340150087135936,1.0222053600095706
mitochondrion,cellcom,0.48,0.7445080674799344,0.8964281008243653
mitochondrion,cellcom,0.49,0.6419603798413765,0.812488218324293
mitochondrion,cellcom,0.5,0.5803132150181972,0.7394716559726826
mitochondrion,cellcom,0.51,0.47658000497919367,0.6515018106993915
mitochondrion,cellcom,0.52,0.4250097805598033,0.578670838738653
mitochondrion,cellcom,0.53,0.3930006757477679,0.5050975052144268
mitochondrion,cellcom,0.54,0.32601866012258274,0.44692817413257
mitochondrion,cellcom,0.55,0.3106068689167879,0.41121528034621585
mitochondrion,cellcom,0.56,0.218136121682019,0.36863554209760063
mitochondrion,cellcom,0.5700000000000001,0.20094604687555778,0.3289457113639946
mitochondrion,cellcom,0.58,0.18968358407132085,0.28063918391132786
mitochondrion,cellcom,0.59,0.1564889568588397,0.2573608463133925
mitochondrion,cellcom,0.6,0.12329432964635856,0.2230796498280503
mitochondrion,cellcom,0.61,0.106697016040118,0.20568717891205304
mitochondrion,cellcom,0.62,0.09484179203566043,0.1907604089033542
mitochondrion,cellcom,0.63,0.08832141883320878,0.16780022626119923
mitochondrion,cellcom,0.64,0.06401820962407079,0.14926770008698875
mitochondrion,cellcom,0.65,0.07290962762741396,0.1381057637216917
mitochondrion,cellcom,0.66,0.04386432881649295,0.1260689012279985
mitochondrion,cellcom,0.67,0.05453403042050475,0.11769082072578028
mitochondrion,cellcom,0.68,0.04030776161515568,0.1052562645373615
mitochondrion,cellcom,0.6900000000000001,0.03793671681426417,0.09438597021486322
mitochondrion,cellcom,0.7000000000000001,0.03260186601225864,0.08242864646011601
mitochondrion,cellcom,0.71,0.0343801496129269,0.07561482782381738
mitochondrion,cellcom,0.72,0.03793671681426417,0.07012665483660484
mitochondrion,cellcom,0.73,0.024303209209137984,0.05883215390639929
mitochondrion,cellcom,0.74,0.01837559720690921,0.057639072822222644
mitochondrion,cellcom,0.75,0.01837559720690921,0.04987078931858362
mitochondrion,cellcom,0.76,0.01541179120579482,0.046132468588163486
mitochondrion,cellcom,0.77,0.013633507605126188,0.04008752442833516
mitochondrion,cellcom,0.78,0.017782836006686332,0.033750938225708106
mitochondrion,cellcom,0.79,0.021932164408246475,0.03417514483341536
mitochondrion,cellcom,0.8,0.03082358241158964,0.030198207886159886
mitochondrion,cellcom,0.81,0.016004552406017697,0.025452396462435023
mitochondrion,cellcom,0.8200000000000001,0.01541179120579482,0.021528485341142958
mitochondrion,cellcom,0.8300000000000001,0.018375597206909414,0.02049448173485676
mitochondrion,cellcom,0.84,0.024303209209137984,0.01988468473627736
mitochondrion,cellcom,0.85,0.022524925608469352,0.018108319566503252
mitochondrion,cellcom,0.86,0.014226268805349064,0.017233393438107047
mitochondrion,cellcom,0.87,0.008298656803120289,0.01657057061356447
mitochondrion,cellcom,0.88,0.001778283600668633,0.012832249883144324
mitochondrion,cellcom,0.89,0.0053348508020058995,0.011718707537912793
mitochondrion,cellcom,0.9,0.0,0.0092530066306144
mitochondrion,cellcom,0.91,0.012447985204680432,0.009226493717632697
mitochondrion,cellcom,0.92,0.0,0.007980386807492648
mitochondrion,cellcom,0.93,0.0,0.004851863075651677
mitochondrion,cellcom,0.9400000000000001,0.0,0.002306623429408174
mitochondrion,cellcom,0.9500000000000001,0.0,0.002916420427987379
mitochondrion,cellcom,0.96,0.0,0.0023596492553715803
mitochondrion,cellcom,0.97,0.0,0.001988468473627736
mitochondrion,cellcom,0.98,0.0,2.651291298170315e-05
mitochondrion,cellcom,0.99,0.0,0.0
mitotic spindle,cellcom,0.0,0.0,0.0
mitotic spindle,cellcom,0.01,0.0,0.0
mitotic spindle,cellcom,0.02,0.0,0.0
mitotic spindle,cellcom,0.03,0.0,0.0008484797685141499
mitotic spindle,cellcom,0.04,0.005866249511145873,0.0018512285858490538
mitotic spindle,cellcom,0.05,0.0019554165037152923,0.005116590119221695
mitotic spindle,cellcom,0.06,0.025420414548298766,0.012341523905660352
mitotic spindle,cellcom,0.07,0.03324208056315997,0.03183084707334903
mitotic spindle,cellcom,0.08,0.021509581540868215,0.07572039146285373
mitotic spindle,cellcom,0.09,0.023464998044583473,0.15041232260023554
mitotic spindle,cellcom,0.1,0.02346499804458351,0.25032724321981115
mitotic spindle,cellcom,0.11,0.03910833007430584,0.3671089131771224
mitotic spindle,cellcom,0.12,0.10754790770434093,0.5076994396691027
mitotic spindle,cellcom,0.13,0.08603832616347275,0.6386481506097864
mitotic spindle,cellcom,0.14,0.22291748142354365,0.7772074679589628
mitotic spindle,cellcom,0.15,0.35197497066875216,0.920703394870399
mitotic spindle,cellcom,0.16,0.5964020336331634,1.0509064720751158
mitotic spindle,cellcom,0.17,0.9190457567461886,1.218262678537501
mitotic spindle,cellcom,0.18,1.0989440750879929,1.4062395145255868
mitotic spindle,cellcom,0.19,1.4958936253421964,1.6422454477132042
mitotic spindle,cellcom,0.2,1.7324990222917513,1.9092594597137984
mitotic spindle,cellcom,0.21,2.0922956589753596,2.197382619894689
mitotic spindle,cellcom,0.22,2.5361752053187305,2.56161184416049
mitotic spindle,cellcom,0.23,2.7649589362534273,2.9309319470373842
mitotic spindle,cellcom,0.24,3.1423543214704703,3.270555258016267
mitotic spindle,cellcom,0.25,3.701603441533043,3.620745998839379
mitotic spindle,cellcom,0.26,4.110285490809539,3.8784267333863127
mitotic spindle,cellcom,0.27,3.846304262807975,4.125051519434425
mitotic spindle,cellcom,0.28,4.16112631990616,4.329586566662633
mitotic spindle,cellcom,0.29,4.344935471255374,4.465343329624873
mitotic spindle,cellcom,0.3,4.646069612827528,4.460381008554472
mitotic spindle,cellcom,0.31,4.839655846695342,4.4235107058863115
mitotic spindle,cellcom,0.32,4.982401251466558,4.2892709219041185
mitotic spindle,cellcom,0.33,4.921783339851384,4.128214034935251
mitotic spindle,cellcom,0.34,4.389910050840825,3.884726052879827
mitotic spindle,cellcom,0.35000000000000003,4.09855299178727,3.6304135258988333
mitotic spindle,cellcom,0.36,3.9792725850606145,3.35638027217688
mitotic spindle,cellcom,0.37,3.5979663668361326,3.0624977341733426
mitotic spindle,cellcom,0.38,3.279233476730541,2.7784112807699235
mitotic spindle,cellcom,0.39,2.9468126710989413,2.504249469507306
mitotic spindle,cellcom,0.4,2.7238951896753987,2.2851617086736984
mitotic spindle,cellcom,0.41000000000000003,2.4129839655846808,2.0407995353416344
mitotic spindle,cellcom,0.42,1.9163081736409837,1.8070305033619065
mitotic spindle,cellcom,0.43,1.6581931951505657,1.6304181539702796
mitotic spindle,cellcom,0.44,1.21626906531091,1.4523145371067188
mitotic spindle,cellcom,0.45,1.2690653109112229,1.2897149596496436
mitotic spindle,cellcom,0.46,0.9268674227610473,1.1460904751975214
mitotic spindle,cellcom,0.47000000000000003,1.0383261634728245,1.0138304773418667
mitotic spindle,cellcom,0.48,0.919045756746186,0.8895410470086066
mitotic spindle,cellcom,0.49,0.8779820101681651,0.8042302630107294
mitotic spindle,cellcom,0.5,0.7235041063746571,0.7327779818985835
mitotic spindle,cellcom,0.51,0.5944466171294481,0.6446646435137958
mitotic spindle,cellcom,0.52,0.4868987094251071,0.5732123624016497
mitotic spindle,cellcom,0.53,0.46343371138052364,0.5007830439803056
mitotic spindle,cellcom,0.54,0.3930387172467732,0.44239220900165
mitotic spindle,cellcom,0.55,0.3793508017207662,0.4072702888867916
mitotic spindle,cellcom,0.56,0.36175205318732856,0.36219801512299454
mitotic spindle,cellcom,0.5700000000000001,0.26789206100899765,0.32419640609681893
mitotic spindle,cellcom,0.58,0.24442706296441122,0.27717005771462205
mitotic spindle,cellcom,0.59,0.2424716464606959,0.25318122062299475
mitotic spindle,cellcom,0.6,0.1681658193195149,0.21947343345565992
mitotic spindle,cellcom,0.61,0.17989831834180667,0.20173249284127318
mitotic spindle,cellcom,0.62,0.13492373875635497,0.1873340482846694
mitotic spindle,cellcom,0.63,0.14861165428236203,0.16460507509174493
mitotic spindle,cellcom,0.64,0.12710207274149382,0.1458613856600233
mitotic spindle,cellcom,0.65,0.09385999217833389,0.13585960899481103
mitotic spindle,cellcom,0.66,0.07821666014861159,0.1231324124670988
mitotic spindle,cellcom,0.67,0.07821666014861159,0.11547038304233466
mitotic spindle,cellcom,0.68,0.0762612436448963,0.10282032103903281
mitotic spindle,cellcom,0.6900000000000001,0.04106374657802108,0.09263856381686303
mitotic spindle,cellcom,0.7000000000000001,0.02933124755572967,0.08096553912276017
mitotic spindle,cellcom,0.71,0.05279624560031282,0.0741262779583725
mitotic spindle,cellcom,0.72,0.027375831052014056,0.06929251442865551
mitotic spindle,cellcom,0.73,0.04497457958545167,0.0575166437020046
mitotic spindle,cellcom,0.74,0.043019163081736374,0.05612822226261781
mitotic spindle,cellcom,0.75,0.046929996089166946,0.04854332736226405
mitotic spindle,cellcom,0.76,0.019554165037152897,0.04514940828820746
mitotic spindle,cellcom,0.77,0.025420414548298766,0.03913291538419803
mitotic spindle,cellcom,0.78,0.025420414548298766,0.03316784549646219
mitotic spindle,cellcom,0.79,0.035197497066875215,0.03363065264292446
mitotic spindle,cellcom,0.8,0.025420414548298766,0.030288156585141446
mitotic spindle,cellcom,0.81,0.03324208056315992,0.024940162892688626
mitotic spindle,cellcom,0.8200000000000001,0.019554165037152897,0.02128912873726411
mitotic spindle,cellcom,0.8300000000000001,0.019554165037153112,0.020414937460613392
mitotic spindle,cellcom,0.84,0.015643332029722318,0.020132110871108447
mitotic spindle,cellcom,0.85,0.011732499022291737,0.018383728317806568
mitotic spindle,cellcom,0.86,0.013687915526007028,0.01714957592724053
mitotic spindle,cellcom,0.87,0.009777082518576449,0.01630109615872638
mitotic spindle,cellcom,0.88,0.011732499022291737,0.012367235413797145
mitotic spindle,cellcom,0.89,0.005866249511145868,0.011518755645282996
mitotic spindle,cellcom,0.9,0.023464998044583473,0.008664778242099038
mitotic spindle,cellcom,0.91,0.029331247555729342,0.00910187388042451
mitotic spindle,cellcom,0.92,0.011732499022291737,0.007584894900353758
mitotic spindle,cellcom,0.93,0.009777082518576449,0.004576648448349047
mitotic spindle,cellcom,0.9400000000000001,0.0,0.002236901207900939
mitotic spindle,cellcom,0.9500000000000001,0.0,0.0028282658950471956
mitotic spindle,cellcom,0.96,0.0,0.0022883242241745236
mitotic spindle,cellcom,0.97,0.0,0.00192836311025943
mitotic spindle,cellcom,0.98,0.0,2.57115081367924e-05
mitotic spindle,cellcom,0.99,0.0,0.0
neuron projection,cellcom,0.0,0.0,0.0
neuron projection,cellcom,0.01,0.0,0.0
neuron projection,cellcom,0.02,0.0,0.0
neuron projection,cellcom,0.03,0.0011390721687649325,0.0008079601346897404
neuron projection,cellcom,0.04,0.0,0.002089552072473466
neuron projection,cellcom,0.05,0.0025629123797210993,0.005321392611232432
neuron projection,cellcom,0.06,0.006834433012589589,0.013066665626534068
neuron projection,cellcom,0.07,0.019364226869003864,0.033070644133680084
neuron projection,cellcom,0.08,0.05780791256482036,0.07670049140692609
neuron projection,cellcom,0.09,0.10963569624362465,0.15259302267916225
neuron projection,cellcom,0.1,0.18481445938211039,0.2535044574324811
neuron projection,cellcom,0.11,0.3001455164695599,0.3689870353045148
neuron projection,cellcom,0.12,0.40807260446003674,0.5117452328959015
neuron projection,cellcom,0.13,0.4875228882313907,0.6455601476171021
neuron projection,cellcom,0.14,0.5473241770915511,0.7918009319959473
neuron projection,cellcom,0.15,0.7432445901191178,0.9299621150278906
neuron projection,cellcom,0.16,0.8443372450970054,1.0646407112723804
neuron projection,cellcom,0.17,0.9650788949860909,1.2387700506451724
neuron projection,cellcom,0.18,1.1373635605117842,1.428167050494164
neuron projection,cellcom,0.19,1.3563501849568422,1.6681312104970165
neuron projection,cellcom,0.2,1.5531249021109885,1.9415839250480493
neuron projection,cellcom,0.21,1.843873073188233,2.2304714642410755
neuron projection,cellcom,0.22,2.2883959870487476,2.587979893494136
neuron projection,cellcom,0.23,2.6503361686738116,2.9560196651924704
neuron projection,cellcom,0.24,3.045024675150853,3.2907937678970103
neuron projection,cellcom,0.25,3.4462628465983,3.6389688645596894
neuron projection,cellcom,0.26,3.7438454506881387,3.894897202396239
neuron projection,cellcom,0.27,4.049686328001523,4.128453402710173
neuron projection,cellcom,0.28,4.284619962809313,4.331585724848917
neuron projection,cellcom,0.29,4.567679396747375,4.453615565881344
neuron projection,cellcom,0.3,4.638586639252993,4.445591685923046
neuron projection,cellcom,0.31,4.686997206425502,4.403661341002078
neuron projection,cellcom,0.32,4.574513829759965,4.271239460995861
neuron projection,cellcom,0.33,4.502182747043392,4.102933006731697
neuron projection,cellcom,0.34,4.055096920803156,3.8752554129149885
neuron projection,cellcom,0.35000000000000003,3.9636863792597925,3.604477325016747
neuron projection,cellcom,0.36,3.746693131110051,3.32706839187515
neuron projection,cellcom,0.37,3.4229118671386187,3.0348654300604605
neuron projection,cellcom,0.38,3.0151240307207736,2.7623878398099206
neuron projection,cellcom,0.39,2.8046804475414526,2.481161991549292
neuron projection,cellcom,0.4,2.604488513881016,2.2601709643644985
neuron projection,cellcom,0.41000000000000003,2.355601245005891,2.015303322164919
neuron projection,cellcom,0.42,2.0036279448575147,1.7893530913947773
neuron projection,cellcom,0.43,1.751038691433891,1.6190128064467402
neuron projection,cellcom,0.44,1.5084163194869606,1.4434625716646696
neuron projection,cellcom,0.45,1.436939540896961,1.2750168139290088
neuron projection,cellcom,0.46,1.2663634836244126,1.131199909954235
neuron projection,cellcom,0.47000000000000003,1.101482787195695,1.0056039000514354
neuron projection,cellcom,0.48,0.9588139980578811,0.8831840092987846
neuron projection,cellcom,0.49,0.8258273223545755,0.8031680952702007
neuron projection,cellcom,0.5,0.777701523224257,0.7282506882984521
neuron projection,cellcom,0.51,0.6655029146009113,0.6419103966638485
neuron projection,cellcom,0.52,0.6099731463736208,0.5683860244070821
neuron projection,cellcom,0.53,0.514860620281749,0.49887359212946486
neuron projection,cellcom,0.54,0.4889467284423469,0.4371342935614489
neuron projection,cellcom,0.55,0.43028451175095284,0.40462086331376174
neuron projection,cellcom,0.56,0.3579534290343797,0.36260693630989527
neuron projection,cellcom,0.5700000000000001,0.27138394420824796,0.3285611678757313
neuron projection,cellcom,0.58,0.25145018125485863,0.2792198782710542
neuron projection,cellcom,0.59,0.21357603164342465,0.25690346213703763
neuron projection,cellcom,0.6,0.17883433049609423,0.22271839023137172
neuron projection,cellcom,0.61,0.1722846655256959,0.20430247129930557
neuron projection,cellcom,0.62,0.15975487166928165,0.18928555707179628
neuron projection,cellcom,0.63,0.1335562117876882,0.167414912046574
neuron projection,cellcom,0.64,0.10963569624362465,0.1491382965860061
neuron projection,cellcom,0.65,0.10849662407485972,0.13793829747754832
neuron projection,cellcom,0.66,0.08514564461517864,0.12620894517739728
neuron projection,cellcom,0.67,0.0840065724464137,0.11801790105330132
neuron projection,cellcom,0.68,0.06919863425246958,0.10573133486715733
neuron projection,cellcom,0.6900000000000001,0.04812579913031836,0.09625869880527763
neuron projection,cellcom,0.7000000000000001,0.03844368569581687,0.08439004303362928
neuron projection,cellcom,0.71,0.04157613415992,0.0770069590442221
neuron projection,cellcom,0.72,0.03445693310513918,0.07210347684748436
neuron projection,cellcom,0.73,0.03217878876760931,0.059816910661340386
neuron projection,cellcom,0.74,0.023066211417489862,0.05917611469244853
neuron projection,cellcom,0.75,0.021072835122151235,0.05120795612274971
neuron projection,cellcom,0.76,0.01395363406737041,0.04783681211249253
neuron projection,cellcom,0.77,0.023350979459681096,0.040481588817385936
neuron projection,cellcom,0.78,0.023350979459681096,0.034017907739868014
neuron projection,cellcom,0.79,0.017370850573665206,0.035243778289052445
neuron projection,cellcom,0.8,0.015092706236135343,0.031705470112997375
neuron projection,cellcom,0.81,0.017370850573665206,0.02579900292147238
neuron projection,cellcom,0.8200000000000001,0.010536417561075618,0.022316416134016605
neuron projection,cellcom,0.8300000000000001,0.011105953645458206,0.02131343113922958
neuron projection,cellcom,0.84,0.009682113434501918,0.02109054558483217
neuron projection,cellcom,0.85,0.007119201054780822,0.019391043232553758
neuron projection,cellcom,0.86,0.010251649518884383,0.017775122963174274
neuron projection,cellcom,0.87,0.008543041265736986,0.016967162828484535
neuron projection,cellcom,0.88,0.007119201054780822,0.012871640766436545
neuron projection,cellcom,0.89,0.00882780930792822,0.011701491605851405
neuron projection,cellcom,0.9,0.00882780930792822,0.008859700787287492
neuron projection,cellcom,0.91,0.010536417561075618,0.009249750507482538
neuron projection,cellcom,0.92,0.005410592801633425,0.007856715792500229
neuron projection,cellcom,0.93,0.002562912379721096,0.004847760808138439
neuron projection,cellcom,0.9400000000000001,0.0,0.0024238804040692197
neuron projection,cellcom,0.9500000000000001,0.0,0.003064676372961116
neuron projection,cellcom,0.96,0.0,0.002479601792668512
neuron projection,cellcom,0.97,0.0,0.002089552072473465
neuron projection,cellcom,0.98,0.0,2.7860694299646202e-05
neuron projection,cellcom,0.99,0.0,0.0
neuronal cell body,cellcom,0.0,0.0,0.0
neuronal cell body,cellcom,0.01,0.0,0.0
neuronal cell body,cellcom,0.02,0.0,0.0
neuronal cell body,cellcom,0.03,0.001757330263863139,0.0008101101749837977
neuronal cell body,cellcom,0.04,0.0,0.001959943971734994
neuronal cell body,cellcom,0.05,0.0017573302638631402,0.005174252085380388
neuronal cell body,cellcom,0.06,0.003514660527726275,0.012778834695712154
neuronal cell body,cellcom,0.07,0.01669463750669983,0.032299876654192726
neuronal cell body,cellcom,0.08,0.09050250858895172,0.07455626868479923
neuronal cell body,cellcom,0.09,0.13707176058132473,0.14911253736959829
neuronal cell body,cellcom,0.1,0.22230227837868718,0.24812890682165045
neuronal cell body,cellcom,0.11,0.39715663963306963,0.36183178976857
neuronal cell body,cellcom,0.12,0.5061111159925836,0.5023989714214032
neuronal cell body,cellcom,0.13,0.5632243495681356,0.6335061568373292
neuronal cell body,cellcom,0.14,0.573768331151316,0.7758503543578715
neuronal cell body,cellcom,0.15,0.8259452240156746,0.9159210168711969
neuronal cell body,cellcom,0.16,0.8189159029602221,1.051732067819287
neuronal cell body,cellcom,0.17,1.018372887908691,1.2202088516296303
neuronal cell body,cellcom,0.18,1.1475366623026289,1.4098268977484152
neuronal cell body,cellcom,0.19,1.4910947288878722,1.6447849810800061
neuronal cell body,cellcom,0.2,1.7204263283220165,1.9125133276190114
neuronal cell body,cellcom,0.21,2.0341097804215815,2.2008341521543686
neuronal cell body,cellcom,0.22,2.4216011036034035,2.5654359960696564
neuronal cell body,cellcom,0.23,2.865326995228854,2.930665022055908
neuronal cell body,cellcom,0.24,3.1992197453628415,3.2709635607216745
neuronal cell body,cellcom,0.25,3.5058738764069597,3.6252430330524916
neuronal cell body,cellcom,0.26,3.7738667416460876,3.884635084565046
neuronal cell body,cellcom,0.27,4.091064854273385,4.122337089457066
neuronal cell body,cellcom,0.28,4.5646653603845255,4.320343695774904
neuronal cell body,cellcom,0.29,4.660439859765041,4.457931762590676
neuronal cell body,cellcom,0.3,4.678013162403672,4.456389939999578
neuronal cell body,cellcom,0.31,4.807176936797613,4.417661447118094
neuronal cell body,cellcom,0.32,4.669226511084356,4.287233708945703
neuronal cell body,cellcom,0.33,4.440773576782148,4.129523550686761
neuronal cell body,cellcom,0.34,4.131483450342237,3.88413856542554
neuronal cell body,cellcom,0.35000000000000003,4.069098225975117,3.6236228127025445
neuronal cell body,cellcom,0.36,3.7861680534931295,3.3519223130474747
neuronal cell body,cellcom,0.37,3.440852656644023,3.058401103840442
neuronal cell body,cellcom,0.38,2.9575868340816607,2.7797754688185954
neuronal cell body,cellcom,0.39,2.722104578724,2.5036846946668594
neuronal cell body,cellcom,0.4,2.5138609424562186,2.28422323500512
neuronal cell body,cellcom,0.41000000000000003,2.0683777205669243,2.0449532749357235
neuronal cell body,cellcom,0.42,1.7819328875572216,1.8092373466017169
neuronal cell body,cellcom,0.43,1.6615557644825965,1.6298632743085304
neuronal cell body,cellcom,0.44,1.3355710005359844,1.4526320740911074
neuronal cell body,cellcom,0.45,1.2600057991898697,1.2903225806451601
neuronal cell body,cellcom,0.46,1.0464901721304984,1.1461229694980444
neuronal cell body,cellcom,0.47000000000000003,1.0007995852700624,1.0145453975289074
neuronal cell body,cellcom,0.48,0.9015104253617896,0.8895793698910787
neuronal cell body,cellcom,0.49,0.7618026693846701,0.8064777454895149
neuronal cell body,cellcom,0.5,0.7363213805586547,0.732548658875671
neuronal cell body,cellcom,0.51,0.6115509318243719,0.6449783622185514
neuronal cell body,cellcom,0.52,0.5939776291857405,0.5714412643990545
neuronal cell body,cellcom,0.53,0.47887249690270495,0.5009355465891744
neuronal cell body,cellcom,0.54,0.47623650150691027,0.4407260677774754
neuronal cell body,cellcom,0.55,0.3945206442372744,0.4072763573265315
neuronal cell body,cellcom,0.56,0.2838088376138967,0.3645234461564189
neuronal cell body,cellcom,0.5700000000000001,0.25305555799629464,0.32555975999833087
neuronal cell body,cellcom,0.58,0.20472897574005552,0.2788869608847446
neuronal cell body,cellcom,0.59,0.1862770079694926,0.2550279096021573
neuronal cell body,cellcom,0.6,0.17309703099051904,0.22016703949156421
neuronal cell body,cellcom,0.61,0.12301311847041962,0.20378190788785966
neuronal cell body,cellcom,0.62,0.1124691368872408,0.1888602011163839
neuronal cell body,cellcom,0.63,0.1071971460956514,0.1660987184579682
neuronal cell body,cellcom,0.64,0.08786651319315687,0.1473355215018919
neuronal cell body,cellcom,0.65,0.07556520134611491,0.1370915476762903
neuronal cell body,cellcom,0.66,0.05096257765203099,0.12467856918863536
neuronal cell body,cellcom,0.67,0.05974922897134667,0.11662973261137698
neuronal cell body,cellcom,0.68,0.05271990791589413,0.10395542826082403
neuronal cell body,cellcom,0.6900000000000001,0.0421759263327153,0.09345012857232447
neuronal cell body,cellcom,0.7000000000000001,0.02987461448567367,0.08179499508707462
neuronal cell body,cellcom,0.71,0.025481288826015493,0.07528798110091353
neuronal cell body,cellcom,0.72,0.02723861908987863,0.06998306608408415
neuronal cell body,cellcom,0.73,0.01581597237476824,0.05858925846173139
neuronal cell body,cellcom,0.74,0.013179976978973532,0.05723036397466179
neuronal cell body,cellcom,0.75,0.0281172842218102,0.04912926222482382
neuronal cell body,cellcom,0.76,0.010543981583178826,0.04583655635230904
neuronal cell body,cellcom,0.77,0.013179976978973532,0.03972153116049586
neuronal cell body,cellcom,0.78,0.013179976978973532,0.03365877114126228
neuronal cell body,cellcom,0.79,0.0140586421109051,0.034233688039637875
neuronal cell body,cellcom,0.8,0.010543981583178826,0.03081031923567409
neuronal cell body,cellcom,0.81,0.0026359953957947064,0.02571446490916311
neuronal cell body,cellcom,0.8200000000000001,0.005271990791589413,0.021742311793113523
neuronal cell body,cellcom,0.8300000000000001,0.0,0.021010599376999357
neuronal cell body,cellcom,0.84,0.0,0.020670875755231726
neuronal cell body,cellcom,0.85,0.0,0.018841594714945734
neuronal cell body,cellcom,0.86,0.0,0.017613363159325136
neuronal cell body,cellcom,0.87,0.0,0.01669872263918214
neuronal cell body,cellcom,0.88,0.0,0.012726569523132555
neuronal cell body,cellcom,0.89,0.0,0.011785796416699756
neuronal cell body,cellcom,0.9,0.0,0.009120272615140168
neuronal cell body,cellcom,0.91,0.0,0.009642924340936164
neuronal cell body,cellcom,0.92,0.0,0.007865908473229773
neuronal cell body,cellcom,0.93,0.0,0.004782263291033383
neuronal cell body,cellcom,0.9400000000000001,0.0,0.0022735350072125918
neuronal cell body,cellcom,0.9500000000000001,0.0,0.0028745844918780217
neuronal cell body,cellcom,0.96,0.0,0.002325800179792192
neuronal cell body,cellcom,0.97,0.0,0.001959943971734993
neuronal cell body,cellcom,0.98,0.0,2.6132586289799908e-05
neuronal cell body,cellcom,0.99,0.0,0.0
nuclear body,cellcom,0.0,0.0,0.0
nuclear body,cellcom,0.01,0.0,0.0
nuclear body,cellcom,0.02,0.0,0.0
nuclear body,cellcom,0.03,0.0007384788075044215,0.000844773657886289
nuclear body,cellcom,0.04,0.0,0.002043807236821667
nuclear body,cellcom,0.05,0.001107718211256633,0.005368400342051582
nuclear body,cellcom,0.06,0.0029539152300176843,0.013216620131446769
nuclear body,cellcom,0.07,0.005907830460035376,0.03376369555229396
nuclear body,cellcom,0.08,0.027323715877663614,0.0785366994202673
nuclear body,cellcom,0.09,0.035077743356459995,0.15715515113000728
nuclear body,cellcom,0.1,0.05833982579284934,0.2613348186815973
nuclear body,cellcom,0.11,0.11852584860445972,0.3808839166540861
nuclear body,cellcom,0.12,0.1377262975995745,0.5294278266262842
nuclear body,cellcom,0.13,0.16024990122845936,0.6662539084407052
nuclear body,cellcom,0.14,0.2470211611102295,0.808611895176126
nuclear body,cellcom,0.15,0.3005608746542993,0.958545594069361
nuclear body,cellcom,0.16,0.34376188489330795,1.096761464804821
nuclear body,cellcom,0.17,0.47594959143660065,1.268877284908366
nuclear body,cellcom,0.18,0.570105639393413,1.4636657399590463
nuclear body,cellcom,0.19,0.8138036458698719,1.701346896219827
nuclear body,cellcom,0.2,0.9847614898071482,1.9750263106118324
nuclear body,cellcom,0.21,1.25947560619879,2.265137935187873
nuclear body,cellcom,0.22,1.5685289871393904,2.634549280552599
nuclear body,cellcom,0.23,2.084725673584986,2.991071014943779
nuclear body,cellcom,0.24,2.3727324085117045,3.3350301475192783
nuclear body,cellcom,0.25,2.7475104033201982,3.6863197353841866
nuclear body,cellcom,0.26,3.092010767021011,3.9396973312237575
nuclear body,cellcom,0.27,3.387033050619027,4.175634438642451
nuclear body,cellcom,0.28,3.8260587016804264,4.364400475035324
nuclear body,cellcom,0.29,3.9475384655148824,4.5018805751655036
nuclear body,cellcom,0.3,4.144343067714811,4.486293138639343
nuclear body,cellcom,0.31,4.228529651770315,4.44370019582398
nuclear body,cellcom,0.32,4.169082107766209,4.307800639956918
nuclear body,cellcom,0.33,4.063110398889324,4.144078054905924
nuclear body,cellcom,0.34,4.090434114766988,3.876584563750704
nuclear body,cellcom,0.35000000000000003,3.9789238148338426,3.611216632121799
nuclear body,cellcom,0.36,3.888829400318281,3.3257648880456867
nuclear body,cellcom,0.37,3.5579908945563004,3.0333914501275583
nuclear body,cellcom,0.38,3.3947870780978233,2.7399007309199668
nuclear body,cellcom,0.39,3.1049341461523383,2.466085062712179
nuclear body,cellcom,0.4,2.93656097804133,2.243201070845987
nuclear body,cellcom,0.41000000000000003,2.6795703530298063,1.9988434776116
nuclear body,cellcom,0.42,2.315869540333864,1.7709998468507095
nuclear body,cellcom,0.43,2.1652198636029625,1.591335565352506
nuclear body,cellcom,0.44,2.0319244388484146,1.4062483819859362
nuclear body,cellcom,0.45,1.8103807965970882,1.2510007842769626
nuclear body,cellcom,0.46,1.6623157956924517,1.1049366937521075
nuclear body,cellcom,0.47000000000000003,1.4378182382111155,0.9828805255691231
nuclear body,cellcom,0.48,1.274983661156383,0.8615056264650683
nuclear body,cellcom,0.49,1.1712273887020117,0.7781727927290597
nuclear body,cellcom,0.5,1.1756582615470381,0.6999631024666839
nuclear body,cellcom,0.51,1.0571324129425788,0.6135236817307064
nuclear body,cellcom,0.52,0.9496837464506853,0.5442249910208731
nuclear body,cellcom,0.53,0.8695587958364557,0.47304599765316385
nuclear body,cellcom,0.54,0.8392811647287745,0.41241304962745445
nuclear body,cellcom,0.55,0.747340553194474,0.38178319183828713
nuclear body,cellcom,0.56,0.7056165005704742,0.3368466833913681
nuclear body,cellcom,0.5700000000000001,0.6243838317449948,0.3012571867075168
nuclear body,cellcom,0.58,0.5435204023232539,0.2570564488658503
nuclear body,cellcom,0.59,0.5106580953893072,0.23402955399765948
nuclear body,cellcom,0.6,0.46228773349776753,0.20083812447167565
nuclear body,cellcom,0.61,0.4523182695964579,0.18293437307711788
nuclear body,cellcom,0.62,0.4345947782163518,0.16835521478778998
nuclear body,cellcom,0.63,0.3740395160009892,0.14892542065640535
nuclear body,cellcom,0.64,0.338592533240777,0.13137592918289664
nuclear body,cellcom,0.65,0.30979185974810464,0.12243767886719656
nuclear body,cellcom,0.66,0.29723772002052945,0.10965707094627175
nuclear body,cellcom,0.67,0.2562521462040341,0.1045611782357964
nuclear body,cellcom,0.68,0.25034431574399874,0.0915625642096106
nuclear body,cellcom,0.6900000000000001,0.22708223330760943,0.08199754634128521
nuclear body,cellcom,0.7000000000000001,0.22671299390385977,0.0694894460519374
nuclear body,cellcom,0.71,0.18572742008736187,0.06559258692039666
nuclear body,cellcom,0.72,0.18092730783858313,0.06046944344676367
nuclear body,cellcom,0.73,0.12147976383447726,0.052621223657368474
nuclear body,cellcom,0.74,0.13440314296580463,0.05016865497318248
nuclear body,cellcom,0.75,0.11889508800821177,0.04332871342061931
nuclear body,cellcom,0.76,0.11298725754817641,0.039786114210128426
nuclear body,cellcom,0.77,0.10006387841684904,0.03444496463123447
nuclear body,cellcom,0.78,0.09009441451553936,0.028858558183921915
nuclear body,cellcom,0.79,0.08234038703674294,0.030057591762857293
nuclear body,cellcom,0.8,0.07975571121047748,0.02656949407868165
nuclear body,cellcom,0.81,0.05132427712155726,0.02310864715766363
nuclear body,cellcom,0.8200000000000001,0.05132427712155726,0.019048283447177922
nuclear body,cellcom,0.8300000000000001,0.048001122487787894,0.01836701436823757
nuclear body,cellcom,0.84,0.057970586389097044,0.017276983841932478
nuclear body,cellcom,0.85,0.043570249642760836,0.01643221018404619
nuclear body,cellcom,0.86,0.03766241918272547,0.015587436526159902
nuclear body,cellcom,0.87,0.028800673492672416,0.015287678131426057
nuclear body,cellcom,0.88,0.021785124821380418,0.011663326631462304
nuclear body,cellcom,0.89,0.025477518858902523,0.010409791526211682
nuclear body,cellcom,0.9,0.014031097342583999,0.008474987342020505
nuclear body,cellcom,0.91,0.0247390400513981,0.008229730473601907
nuclear body,cellcom,0.92,0.019569688398867156,0.006758189263090307
nuclear body,cellcom,0.93,0.014400336746336208,0.0039241098946975975
nuclear body,cellcom,0.9400000000000001,0.00775402747879642,0.0017985503684030655
nuclear body,cellcom,0.9500000000000001,0.0070155486712920765,0.002479819447343648
nuclear body,cellcom,0.96,0.009969463901309684,0.0016895473157725767
nuclear body,cellcom,0.97,0.0011077182112566315,0.0019620549473487988
nuclear body,cellcom,0.98,0.00036923940375221053,0.0
nuclear body,cellcom,0.99,0.0,0.0
nuclear envelope,cellcom,0.0,0.0,0.0
nuclear envelope,cellcom,0.01,0.0,0.0
nuclear envelope,cellcom,0.02,0.0,0.0
nuclear envelope,cellcom,0.03,0.0,0.0008621815806662311
nuclear envelope,cellcom,0.04,0.0,0.0019595035924232524
nuclear envelope,cellcom,0.05,0.007082842698917215,0.00501632919660353
nuclear envelope,cellcom,0.06,0.01859246208465766,0.01233180927498366
nuclear envelope,cellcom,0.07,0.023019238771480946,0.03210973220117572
nuclear envelope,cellcom,0.08,0.05223596490451445,0.07568909209666888
nuclear envelope,cellcom,0.09,0.0805673357001832,0.15077726975832778
nuclear envelope,cellcom,0.1,0.11863761520686333,0.2511822338340955
nuclear envelope,cellcom,0.11,0.22665096636535087,0.3668713259307644
nuclear envelope,cellcom,0.12,0.32581076415019145,0.5077204441541472
nuclear envelope,cellcom,0.13,0.36830782034369464,0.6392423252775957
nuclear envelope,cellcom,0.14,0.538296045117709,0.7768517308948414
nuclear envelope,cellcom,0.15,0.6613604370113939,0.9207576747224028
nuclear envelope,cellcom,0.16,0.7454691940610357,1.05384715871979
nuclear envelope,cellcom,0.17,0.8313486617854091,1.22568256041803
nuclear envelope,cellcom,0.18,0.9924833331857732,1.414343566296537
nuclear envelope,cellcom,0.19,1.258975289732533,1.651600261267144
nuclear envelope,cellcom,0.2,1.4227660271449971,1.9212540822991546
nuclear envelope,cellcom,0.21,1.6246270440641335,2.21288047028086
nuclear envelope,cellcom,0.22,2.0673047127464588,2.575858915741343
nuclear envelope,cellcom,0.23,2.3585866187394355,2.945604180274336
nuclear envelope,cellcom,0.24,2.6383589053466583,3.2874983670803366
nuclear envelope,cellcom,0.25,3.1005143914510063,3.6371783148269072
nuclear envelope,cellcom,0.26,3.485643963204629,3.89311561071195
nuclear envelope,cellcom,0.27,3.9221241445254016,4.1273154800783765
nuclear envelope,cellcom,0.28,4.116902318745647,4.33361201828872
nuclear envelope,cellcom,0.29,4.276266279471262,4.469314173742648
nuclear envelope,cellcom,0.3,4.474585875040944,4.462442847811884
nuclear envelope,cellcom,0.31,4.438286306208993,4.428634879163941
nuclear envelope,cellcom,0.32,4.2125206951810075,4.300796864794248
nuclear envelope,cellcom,0.33,4.391362473328666,4.131051600261263
nuclear envelope,cellcom,0.34,4.173565060336963,3.8829523187459145
nuclear envelope,cellcom,0.35000000000000003,3.931863053236435,3.627772697583296
nuclear envelope,cellcom,0.36,3.850410362198865,3.350124101894184
nuclear envelope,cellcom,0.37,3.4891853845540877,3.0570607446113622
nuclear envelope,cellcom,0.38,3.2280055600315154,2.771835401698234
nuclear envelope,cellcom,0.39,2.806576419445942,2.5012410189418657
nuclear envelope,cellcom,0.4,2.5400844628991823,2.2835009797517944
nuclear envelope,cellcom,0.41000000000000003,2.2319808054962964,2.0401306335728377
nuclear envelope,cellcom,0.42,2.075272910782741,1.8005747877204425
nuclear envelope,cellcom,0.43,1.9893934430583697,1.620195950359241
nuclear envelope,cellcom,0.44,1.8353416143569206,1.4378576094056161
nuclear envelope,cellcom,0.45,1.5723910791596194,1.2810973220117559
nuclear envelope,cellcom,0.46,1.4086003417471589,1.1354147615937287
nuclear envelope,cellcom,0.47000000000000003,1.240382827647882,1.0074722403657788
nuclear envelope,cellcom,0.48,0.9942540438605025,0.8868451992161979
nuclear envelope,cellcom,0.49,0.8950942460756617,0.8025342913128667
nuclear envelope,cellcom,0.5,0.8986356674251204,0.7277596342259954
nuclear envelope,cellcom,0.51,0.7038574932048971,0.6422468974526447
nuclear envelope,cellcom,0.52,0.6755261224092283,0.5690398432397121
nuclear envelope,cellcom,0.53,0.6091244721068796,0.4970868713259303
nuclear envelope,cellcom,0.54,0.5223596490451439,0.4393729588504242
nuclear envelope,cellcom,0.55,0.5586592178770945,0.4024297844546045
nuclear envelope,cellcom,0.56,0.473665105490088,0.35890267798824266
nuclear envelope,cellcom,0.5700000000000001,0.4028366785009205,0.321123448726326
nuclear envelope,cellcom,0.58,0.32138398746336816,0.27542782495101215
nuclear envelope,cellcom,0.59,0.2771162205951356,0.25233180927498344
nuclear envelope,cellcom,0.6,0.30544759139080446,0.21625081645983
nuclear envelope,cellcom,0.61,0.2629505351973012,0.1996342259960808
nuclear envelope,cellcom,0.62,0.25675304783574865,0.18458523840627025
nuclear envelope,cellcom,0.63,0.2788869312698649,0.16101894186805993
nuclear envelope,cellcom,0.64,0.24435807311264354,0.14270411495754395
nuclear envelope,cellcom,0.65,0.18946604219603522,0.13371652514696264
nuclear envelope,cellcom,0.66,0.2239949003532566,0.11955584585238396
nuclear envelope,cellcom,0.67,0.20717314894332822,0.11226649248856946
nuclear envelope,cellcom,0.68,0.22310954501589195,0.0989157413455257
nuclear envelope,cellcom,0.6900000000000001,0.1859246208465766,0.08919660352710639
nuclear envelope,cellcom,0.7000000000000001,0.1451982753278043,0.07838014369693092
nuclear envelope,cellcom,0.71,0.16024931606300175,0.0712998040496407
nuclear envelope,cellcom,0.72,0.11155477250794597,0.06748530372305676
nuclear envelope,cellcom,0.73,0.09738908711011156,0.056172436316133195
nuclear envelope,cellcom,0.74,0.10889870649585201,0.05439581972566945
nuclear envelope,cellcom,0.75,0.0876501783991004,0.04736773350751138
nuclear envelope,cellcom,0.76,0.06905771631444274,0.04410189418680597
nuclear envelope,cellcom,0.77,0.03187279214512742,0.039163945133899376
nuclear envelope,cellcom,0.78,0.06551629496498414,0.03210973220117567
nuclear envelope,cellcom,0.79,0.04692383288032648,0.03325930764206398
nuclear envelope,cellcom,0.8,0.04338241153086787,0.029836708033964703
nuclear envelope,cellcom,0.81,0.024789949446210217,0.02505551926845197
nuclear envelope,cellcom,0.8200000000000001,0.026560660120939515,0.021110385369039825
nuclear envelope,cellcom,0.8300000000000001,0.018592462084657868,0.02045721750489897
nuclear envelope,cellcom,0.84,0.030102081470398116,0.019777922926192012
nuclear envelope,cellcom,0.85,0.012394974723105108,0.01847158719790985
nuclear envelope,cellcom,0.86,0.011509619385740457,0.017269758327890253
nuclear envelope,cellcom,0.87,0.010624264048375806,0.016381450032658378
nuclear envelope,cellcom,0.88,0.005312132024187903,0.01256694970607445
nuclear envelope,cellcom,0.89,0.014165685397834409,0.011365120836054857
nuclear envelope,cellcom,0.9,0.012394974723105108,0.008752449379490521
nuclear envelope,cellcom,0.91,0.001770710674729301,0.00958850424559111
nuclear envelope,cellcom,0.92,0.0008853553373646505,0.007838014369693004
nuclear envelope,cellcom,0.93,0.0,0.004781188765512733
nuclear envelope,cellcom,0.9400000000000001,0.0008853553373646505,0.0022468974526453278
nuclear envelope,cellcom,0.9500000000000001,0.0,0.0028739386022208
nuclear envelope,cellcom,0.96,0.0,0.002325277596342258
nuclear envelope,cellcom,0.97,0.0,0.001959503592423251
nuclear envelope,cellcom,0.98,0.0,2.6126714565643347e-05
nuclear envelope,cellcom,0.99,0.0,0.0
nuclear matrix,cellcom,0.0,0.0,0.0
nuclear matrix,cellcom,0.01,0.0,0.0
nuclear matrix,cellcom,0.02,0.0,0.0
nuclear matrix,cellcom,0.03,0.0,0.0008462731923732832
nuclear matrix,cellcom,0.04,0.0,0.0019233481644847345
nuclear matrix,cellcom,0.05,0.0,0.005128928438625963
nuclear matrix,cellcom,0.06,0.0,0.01264280860121298
nuclear matrix,cellcom,0.07,0.0,0.03218402595237792
nuclear matrix,cellcom,0.08,0.004878167760189275,0.07575427303850547
nuclear matrix,cellcom,0.09,0.0,0.15032889253612677
nuclear matrix,cellcom,0.1,0.04390350984170348,0.24952236853915308
nuclear matrix,cellcom,0.11,0.046342593721798116,0.36617984587570057
nuclear matrix,cellcom,0.12,0.0634161808824605,0.5071227993691413
nuclear matrix,cellcom,0.13,0.05122076148198732,0.6375770942055925
nuclear matrix,cellcom,0.14,0.09756335520378565,0.7770839477362207
nuclear matrix,cellcom,0.15,0.16097953608624588,0.921232481503801
nuclear matrix,cellcom,0.16,0.22683480084880098,1.053610124504737
nuclear matrix,cellcom,0.17,0.3731798336544801,1.2232237879701007
nuclear matrix,cellcom,0.18,0.5195248664601572,1.4115323955942494
nuclear matrix,cellcom,0.19,0.6951389058269708,1.6502840144122874
nuclear matrix,cellcom,0.2,0.9146564550354904,1.9173986074959326
nuclear matrix,cellcom,0.21,1.2171028561672226,2.2063111464437273
nuclear matrix,cellcom,0.22,1.4561330764164968,2.572901306594517
nuclear matrix,cellcom,0.23,1.6097953608624633,2.942645757735071
nuclear matrix,cellcom,0.24,2.0122442010780732,3.2821038864455216
nuclear matrix,cellcom,0.25,2.092733969121196,3.637872007590811
nuclear matrix,cellcom,0.26,2.626893338861921,3.894626165228426
nuclear matrix,cellcom,0.27,3.087880192199807,4.132300709074353
nuclear matrix,cellcom,0.28,3.1269055342813386,4.340022310838728
nuclear matrix,cellcom,0.29,3.5074026195760846,4.473836053802455
nuclear matrix,cellcom,0.3,3.8025317690675347,4.469732911051555
nuclear matrix,cellcom,0.31,4.0049757311153895,4.4333688084216964
nuclear matrix,cellcom,0.32,4.090343666918701,4.300452627934705
nuclear matrix,cellcom,0.33,4.065952828117755,4.139276051750884
nuclear matrix,cellcom,0.34,3.8220444401082916,3.892010411724727
nuclear matrix,cellcom,0.35000000000000003,3.7805800141467043,3.6349741630230072
nuclear matrix,cellcom,0.36,3.673260323422519,3.361217607611327
nuclear matrix,cellcom,0.37,3.3049586575282297,3.0669709830873555
nuclear matrix,cellcom,0.38,3.046415766238198,2.7821615868904566
nuclear matrix,cellcom,0.39,2.9951950047562113,2.5048917154983372
nuclear matrix,cellcom,0.4,3.163491792482741,2.2816807498493357
nuclear matrix,cellcom,0.41000000000000003,2.639088758262409,2.039390170408657
nuclear matrix,cellcom,0.42,2.2756652601282936,1.803536396158431
nuclear matrix,cellcom,0.43,2.2293226664064956,1.624485504365999
nuclear matrix,cellcom,0.44,2.126881143442521,1.442126453730653
nuclear matrix,cellcom,0.45,1.980536110636843,1.2821808203721026
nuclear matrix,cellcom,0.46,1.9585843557159912,1.1346728384772202
nuclear matrix,cellcom,0.47000000000000003,1.7268713871070107,1.0066547846491218
nuclear matrix,cellcom,0.48,1.6756506256250139,0.8816627985998017
nuclear matrix,cellcom,0.49,1.6097953608624587,0.796727743656156
nuclear matrix,cellcom,0.5,1.687846045025487,0.7226147277180109
nuclear matrix,cellcom,0.51,1.1610039269250458,0.6385772352511245
nuclear matrix,cellcom,0.52,1.1975901851264654,0.5655156496428979
nuclear matrix,cellcom,0.53,1.1049049976828693,0.49394145328187267
nuclear matrix,cellcom,0.54,1.0195370618795572,0.4356768262190818
nuclear matrix,cellcom,0.55,0.9219737066757717,0.4014925181756398
nuclear matrix,cellcom,0.56,0.8829483645942577,0.3567169729064352
nuclear matrix,cellcom,0.5700000000000001,0.8366057708724688,0.3180704971213921
nuclear matrix,cellcom,0.58,0.7829459255103776,0.27142289297208555
nuclear matrix,cellcom,0.59,0.7414814995487689,0.24790675608098556
nuclear matrix,cellcom,0.6,0.707334325227444,0.21367115875315731
nuclear matrix,cellcom,0.61,0.5658674601819551,0.19761761274025808
nuclear matrix,cellcom,0.62,0.5658674601819551,0.18266678634166342
nuclear matrix,cellcom,0.63,0.4048879240957093,0.16186898152303514
nuclear matrix,cellcom,0.64,0.36586258201419514,0.1433022605752092
nuclear matrix,cellcom,0.65,0.3853752530549522,0.13268537870725347
nuclear matrix,cellcom,0.66,0.35854533037391123,0.12006821474823362
nuclear matrix,cellcom,0.67,0.40000975633552005,0.11199015245739774
nuclear matrix,cellcom,0.68,0.38049708529476295,0.0995525009937298
nuclear matrix,cellcom,0.6900000000000001,0.39513158857533076,0.0887817512726153
nuclear matrix,cellcom,0.7000000000000001,0.2853728139710754,0.07813922476246729
nuclear matrix,cellcom,0.71,0.28293373009097755,0.0716511302876046
nuclear matrix,cellcom,0.72,0.28049464621088294,0.06652220184897864
nuclear matrix,cellcom,0.73,0.23415205248908488,0.05549500570593283
nuclear matrix,cellcom,0.74,0.21707846532842245,0.054264062880662614
nuclear matrix,cellcom,0.75,0.18293129100709757,0.047109207708779396
nuclear matrix,cellcom,0.76,0.14390594892558342,0.04377540422367253
nuclear matrix,cellcom,0.77,0.1561013683260566,0.037723268666093906
nuclear matrix,cellcom,0.78,0.1341496134052049,0.032004513457025964
nuclear matrix,cellcom,0.79,0.14634503280567807,0.032466117016502295
nuclear matrix,cellcom,0.8,0.18780945876728683,0.028568131403146572
nuclear matrix,cellcom,0.81,0.1341496134052049,0.02390080652399695
nuclear matrix,cellcom,0.8200000000000001,0.0926851874435961,0.020515713754503822
nuclear matrix,cellcom,0.8300000000000001,0.08048976804312383,0.019772019130903276
nuclear matrix,cellcom,0.84,0.13658869728529954,0.018848812011950388
nuclear matrix,cellcom,0.85,0.06829434864264977,0.017771737039838937
nuclear matrix,cellcom,0.86,0.0560989292421766,0.016694662067727486
nuclear matrix,cellcom,0.87,0.07561160028293366,0.015591942453422906
nuclear matrix,cellcom,0.88,0.05853801312227122,0.011873469335419086
nuclear matrix,cellcom,0.89,0.03902534208151415,0.011155419354011454
nuclear matrix,cellcom,0.9,0.04146442596160878,0.008514021208119086
nuclear matrix,cellcom,0.91,0.05122076148198732,0.008924335483209164
nuclear matrix,cellcom,0.92,0.036586258201419516,0.007334367667235117
nuclear matrix,cellcom,0.93,0.02926900656113561,0.004385233815025192
nuclear matrix,cellcom,0.9400000000000001,0.014634503280567805,0.002077216017643512
nuclear matrix,cellcom,0.9500000000000001,0.014634503280567968,0.002667042788085526
nuclear matrix,cellcom,0.96,0.036586258201419516,0.0018977035222916036
nuclear matrix,cellcom,0.97,0.007317251640283903,0.001846414237905344
nuclear matrix,cellcom,0.98,0.002439083880094634,0.0
nuclear matrix,cellcom,0.99,0.0,0.0
nuclear membrane,cellcom,0.0,0.0,0.0
nuclear membrane,cellcom,0.01,0.0,0.0
nuclear membrane,cellcom,0.02,0.0,0.0
nuclear membrane,cellcom,0.03,0.0,0.0008545884146815181
nuclear membrane,cellcom,0.04,0.0,0.00194224639700345
nuclear membrane,cellcom,0.05,0.007600613116124705,0.005023944013582261
nuclear membrane,cellcom,0.06,0.02660214590643643,0.01222320399180837
nuclear membrane,cellcom,0.07,0.024068608201061565,0.03200822062261688
nuclear membrane,cellcom,0.08,0.05447106066556038,0.07543685005961406
nuclear membrane,cellcom,0.09,0.06587198033974735,0.15045935422120052
nuclear membrane,cellcom,0.1,0.13047719182680742,0.24977288665464384
nuclear membrane,cellcom,0.11,0.22041778036761642,0.36576384148368996
nuclear membrane,cellcom,0.12,0.2900900672654258,0.50684861976202
nuclear membrane,cellcom,0.13,0.3445611279309861,0.637341681022025
nuclear membrane,cellcom,0.14,0.5105078476330434,0.7753188650651521
nuclear membrane,cellcom,0.15,0.6384515017544743,0.9189415119688984
nuclear membrane,cellcom,0.16,0.7410597788221577,1.0512214399141466
nuclear membrane,cellcom,0.17,0.8778708149124046,1.2212586378171453
nuclear membrane,cellcom,0.18,1.0197489264133963,1.4100708842245038
nuclear membrane,cellcom,0.19,1.3833115871346942,1.6456006306344553
nuclear membrane,cellcom,0.2,1.5264564674883803,1.9147441880218852
nuclear membrane,cellcom,0.21,1.715205026538806,2.205848078004757
nuclear membrane,cellcom,0.22,2.166174738095538,2.569358913667922
nuclear membrane,cellcom,0.23,2.3954599004319728,2.9396805600299216
nuclear membrane,cellcom,0.24,2.544938625049085,3.283691241867164
nuclear membrane,cellcom,0.25,2.995908336605817,3.63459042425912
nuclear membrane,cellcom,0.26,3.4253429776668622,3.890759775714562
nuclear membrane,cellcom,0.27,3.77877148756666,4.12843894147053
nuclear membrane,cellcom,0.28,4.0346587958095474,4.3333847812823585
nuclear membrane,cellcom,0.29,4.329815938485701,4.4665192976422645
nuclear membrane,cellcom,0.3,4.559101100822129,4.460822041544388
nuclear membrane,cellcom,0.31,4.504630040156569,4.427363610278674
nuclear membrane,cellcom,0.32,4.217073510596518,4.299926350016622
nuclear membrane,cellcom,0.33,4.4083556073523225,4.132996746348832
nuclear membrane,cellcom,0.34,4.084062781064335,3.8873414220558358
nuclear membrane,cellcom,0.35000000000000003,3.9649865089117373,3.629773653194572
nuclear membrane,cellcom,0.36,3.6457607580344784,3.3587137460287506
nuclear membrane,cellcom,0.37,3.3392026956841154,3.0639325362008805
nuclear membrane,cellcom,0.38,3.1213184530218743,2.778033866561973
nuclear membrane,cellcom,0.39,2.7653564054167012,2.504772746812901
nuclear membrane,cellcom,0.4,2.589275534893146,2.2847550749603505
nuclear membrane,cellcom,0.41000000000000003,2.2206457987611103,2.0420519651908107
nuclear membrane,cellcom,0.42,2.126904903662227,1.8019385172839195
nuclear membrane,cellcom,0.43,2.0584993856171048,1.6220347076841468
nuclear membrane,cellcom,0.44,1.907753892147298,1.4398778922638502
nuclear membrane,cellcom,0.45,1.6315982822614343,1.2824523476320637
nuclear membrane,cellcom,0.46,1.4466500297690668,1.1370428340430723
nuclear membrane,cellcom,0.47000000000000003,1.2490340887498317,1.009346607594758
nuclear membrane,cellcom,0.48,0.9982138559177097,0.8877101899050829
nuclear membrane,cellcom,0.49,0.9234744936091503,0.8027692808094654
nuclear membrane,cellcom,0.5,0.919674187051088,0.7288344346302008
nuclear membrane,cellcom,0.51,0.7549942362017197,0.6417441061885661
nuclear membrane,cellcom,0.52,0.6637868788082233,0.5702176455415858
nuclear membrane,cellcom,0.53,0.5979148984684759,0.49830273561520483
nuclear membrane,cellcom,0.54,0.5067075410749796,0.44042379298450207
nuclear membrane,cellcom,0.55,0.5548447574771027,0.4038836641022105
nuclear membrane,cellcom,0.56,0.4649041689362938,0.36009248200443944
nuclear membrane,cellcom,0.5700000000000001,0.41043310827073803,0.3216877965810281
nuclear membrane,cellcom,0.58,0.34836143448904844,0.27528105600195546
nuclear membrane,cellcom,0.59,0.2951571426761756,0.2521812721869278
nuclear membrane,cellcom,0.6,0.3230260574352995,0.21667700804970474
nuclear membrane,cellcom,0.61,0.2761556098858639,0.19992189579822164
nuclear membrane,cellcom,0.62,0.27235530332780156,0.18490185699472833
nuclear membrane,cellcom,0.63,0.3078248312030501,0.16146541713755336
nuclear membrane,cellcom,0.64,0.26728822791705176,0.14313061114984083
nuclear membrane,cellcom,0.65,0.18748179019774244,0.13424807096087837
nuclear membrane,cellcom,0.66,0.21028362954611654,0.12075593265636109
nuclear membrane,cellcom,0.67,0.21281716725149144,0.11298694706834729
nuclear membrane,cellcom,0.68,0.20014947872461694,0.10047888027164507
nuclear membrane,cellcom,0.6900000000000001,0.2064833229880542,0.08962819706705248
nuclear membrane,cellcom,0.7000000000000001,0.12414334756337138,0.07939903270950187
nuclear membrane,cellcom,0.71,0.14947872461711897,0.07230335920578172
nuclear membrane,cellcom,0.72,0.09880797050962102,0.06813400360688099
nuclear membrane,cellcom,0.73,0.08867381968812142,0.0567135947925007
nuclear membrane,cellcom,0.74,0.10134150821499592,0.055030314581764384
nuclear membrane,cellcom,0.75,0.07600613116124694,0.04796053769667182
nuclear membrane,cellcom,0.76,0.06333844263437245,0.04443859756343891
nuclear membrane,cellcom,0.77,0.032935990169873676,0.039077997507709385
nuclear membrane,cellcom,0.78,0.08614028198274652,0.03198232400399012
nuclear membrane,cellcom,0.79,0.04687044754943561,0.033380741409832604
nuclear membrane,cellcom,0.8,0.02786891475912388,0.030273147174627087
nuclear membrane,cellcom,0.81,0.02280183934837408,0.02509382344928456
nuclear membrane,cellcom,0.8200000000000001,0.02153507049568663,0.021261123892531087
nuclear membrane,cellcom,0.8300000000000001,0.010134150821499705,0.020613708426863497
nuclear membrane,cellcom,0.84,0.020268301642999184,0.020069879435702303
nuclear membrane,cellcom,0.85,0.002533537705374898,0.018619668792606396
nuclear membrane,cellcom,0.86,0.0,0.017454320954404325
nuclear membrane,cellcom,0.87,0.008867381968812144,0.016366662972082394
nuclear membrane,cellcom,0.88,0.005067075410749796,0.01250806679670221
nuclear membrane,cellcom,0.89,0.010134150821499592,0.011472202051633705
nuclear membrane,cellcom,0.9,0.008867381968812144,0.008856643570335727
nuclear membrane,cellcom,0.91,0.002533537705374898,0.009504059036003543
nuclear membrane,cellcom,0.92,0.001266768852687449,0.007768985588013796
nuclear membrane,cellcom,0.93,0.0,0.0047390812086884155
nuclear membrane,cellcom,0.9400000000000001,0.0,0.0022530058205240005
nuclear membrane,cellcom,0.9500000000000001,0.0,0.0028486280489384234
nuclear membrane,cellcom,0.96,0.0,0.002304799057777426
nuclear membrane,cellcom,0.97,0.0,0.001942246397003449
nuclear membrane,cellcom,0.98,0.0,2.5896618626712652e-05
nuclear membrane,cellcom,0.99,0.0,0.0
nuclear speck,cellcom,0.0,0.0,0.0
nuclear speck,cellcom,0.01,0.0,0.0
nuclear speck,cellcom,0.02,0.0,0.0
nuclear speck,cellcom,0.03,0.0,0.0008672545952010335
nuclear speck,cellcom,0.04,0.0,0.0019710331709114396
nuclear speck,cellcom,0.05,0.0,0.005256088455763842
nuclear speck,cellcom,0.06,0.0007388907771653188,0.012929977601179034
nuclear speck,cellcom,0.07,0.0059111262173225584,0.032771711521687556
nuclear speck,cellcom,0.08,0.007388907771653197,0.0774221829534014
nuclear speck,cellcom,0.09,0.008866689325983826,0.1537405873310922
nuclear speck,cellcom,0.1,0.022166723314959592,0.2553933380655651
nuclear speck,cellcom,0.11,0.055416808287398985,0.37378673053164563
nuclear speck,cellcom,0.12,0.11748363356928568,0.5162004472405662
nuclear speck,cellcom,0.13,0.10713916268897122,0.6501255810934288
nuclear speck,cellcom,0.14,0.19063382050865277,0.7906208255159982
nuclear speck,cellcom,0.15,0.26082844433935753,0.9365298410480001
nuclear speck,cellcom,0.16,0.26969513366534137,1.072583690725447
nuclear speck,cellcom,0.17,0.33767308516455163,1.2455615618046383
nuclear speck,cellcom,0.18,0.3857009856802964,1.43840744724661
nuclear speck,cellcom,0.19,0.6310127236991823,1.6762454498699235
nuclear speck,cellcom,0.2,0.7366741048338249,1.948589673205332
nuclear speck,cellcom,0.21,0.9790302797440473,2.2393039256936245
nuclear speck,cellcom,0.22,1.338131197446392,2.6047860364651623
nuclear speck,cellcom,0.23,1.7142266030235442,2.9719763759848323
nuclear speck,cellcom,0.24,1.9462383070534497,3.3159348045300097
nuclear speck,cellcom,0.25,2.2277556931534357,3.6713777863510386
nuclear speck,cellcom,0.26,2.668134596343966,3.9245898477074617
nuclear speck,cellcom,0.27,2.888324047939231,4.165292418539166
nuclear speck,cellcom,0.28,3.356041909884896,4.361948968111594
nuclear speck,cellcom,0.29,3.587314723137623,4.494954286484674
nuclear speck,cellcom,0.3,3.8629209830202864,4.484126744265801
nuclear speck,cellcom,0.31,3.930898934519496,4.446624553133926
nuclear speck,cellcom,0.32,4.00922135689902,4.30854710940101
nuclear speck,cellcom,0.33,3.9153822281990243,4.146449341425253
nuclear speck,cellcom,0.34,4.049121458865947,3.8856685126925306
nuclear speck,cellcom,0.35000000000000003,3.9331156068510134,3.6259389016509807
nuclear speck,cellcom,0.36,3.9501100947257943,3.343634390691885
nuclear speck,cellcom,0.37,3.5378090410675465,3.052788735992193
nuclear speck,cellcom,0.38,3.460964400242353,2.76086558315907
nuclear speck,cellcom,0.39,3.2163915530006326,2.4848683783469103
nuclear speck,cellcom,0.4,3.1358524582896132,2.2608013274776986
nuclear speck,cellcom,0.41000000000000003,2.8683739969557833,2.0163669338424124
nuclear speck,cellcom,0.42,2.419867295216419,1.7867021487678005
nuclear speck,cellcom,0.43,2.3400670912825645,1.6055510601399
nuclear speck,cellcom,0.44,2.22553902082194,1.4216405250727233
nuclear speck,cellcom,0.45,2.027516292541635,1.2631957385737225
nuclear speck,cellcom,0.46,1.9321993822873085,1.115184287659413
nuclear speck,cellcom,0.47000000000000003,1.6262986005408755,0.9923757808904964
nuclear speck,cellcom,0.48,1.5154649839660688,0.8676750822774939
nuclear speck,cellcom,0.49,1.4090647120542628,0.7837090691966666
nuclear speck,cellcom,0.5,1.3972424596196178,0.7090200522402625
nuclear speck,cellcom,0.51,1.2878866245991507,0.6211119728176123
nuclear speck,cellcom,0.52,1.2139975468826187,0.5492612436273208
nuclear speck,cellcom,0.53,1.1208973089597885,0.47822520814767255
nuclear speck,cellcom,0.54,1.0647416098952245,0.419593541423627
nuclear speck,cellcom,0.55,1.0204081632653053,0.38508732071153734
nuclear speck,cellcom,0.56,0.9007078573645236,0.3430386130654267
nuclear speck,cellcom,0.5700000000000001,0.8223854349850089,0.3057203850295069
nuclear speck,cellcom,0.58,0.7056406921928794,0.2614904006742508
nuclear speck,cellcom,0.59,0.7159851630731938,0.23657654139393022
nuclear speck,cellcom,0.6,0.6184515804873718,0.20459324314060728
nuclear speck,cellcom,0.61,0.6221460343731984,0.1864860184105009
nuclear speck,cellcom,0.62,0.6132793450472146,0.1714798858692951
nuclear speck,cellcom,0.63,0.5142679809070619,0.1519535172561325
nuclear speck,cellcom,0.64,0.4810178959346225,0.13368860987235315
nuclear speck,cellcom,0.65,0.44850670173934853,0.1241750897674206
nuclear speck,cellcom,0.66,0.42190663376139703,0.11190212322321205
nuclear speck,cellcom,0.67,0.3472786652676998,0.10672487609428467
nuclear speck,cellcom,0.68,0.3073785633007726,0.09518776193388305
nuclear speck,cellcom,0.6900000000000001,0.26082844433935753,0.08596332669401752
nuclear speck,cellcom,0.7000000000000001,0.2637840074480217,0.07376920147664624
nuclear speck,cellcom,0.71,0.24161728413305925,0.06788238240618993
nuclear speck,cellcom,0.72,0.20836719916061988,0.06378263341069414
nuclear speck,cellcom,0.73,0.1536892816503863,0.05392746755613695
nuclear speck,cellcom,0.74,0.1418670292157412,0.052902530307263
nuclear speck,cellcom,0.75,0.10787805346613655,0.046411261064394665
nuclear speck,cellcom,0.76,0.0982724733629874,0.042915962241311716
nuclear speck,cellcom,0.77,0.09310023792283016,0.03702914317085622
nuclear speck,cellcom,0.78,0.09753358258582208,0.030774397908497255
nuclear speck,cellcom,0.79,0.07980020393385442,0.03200957869560176
nuclear speck,cellcom,0.8,0.08645022092834229,0.028225195007451794
nuclear speck,cellcom,0.81,0.04433344662991912,0.024361969992465374
nuclear speck,cellcom,0.8200000000000001,0.039161211189761895,0.02063014718887305
nuclear speck,cellcom,0.8300000000000001,0.04137788352125831,0.019657770824556962
nuclear speck,cellcom,0.84,0.06354460683621742,0.01852771180656752
nuclear speck,cellcom,0.85,0.03398897574960467,0.017739298538202945
nuclear speck,cellcom,0.86,0.040638992744092536,0.01626759377058907
nuclear speck,cellcom,0.87,0.010344470880314463,0.016425276424261982
nuclear speck,cellcom,0.88,0.006650016994487869,0.012562051409275566
nuclear speck,cellcom,0.89,0.008127798548818507,0.011563394602680438
nuclear speck,cellcom,0.9,0.012561143211810418,0.008725106836567966
nuclear speck,cellcom,0.91,0.016255597097637013,0.009119313470750255
nuclear speck,cellcom,0.92,0.008127798548818507,0.0076213282608575605
nuclear speck,cellcom,0.93,0.008866689325983826,0.004493955629678079
nuclear speck,cellcom,0.9400000000000001,0.0,0.0022863984782572682
nuclear speck,cellcom,0.9500000000000001,0.0,0.0028908486506701416
nuclear speck,cellcom,0.96,0.0,0.002338959362814907
nuclear speck,cellcom,0.97,0.0,0.0019710331709114383
nuclear speck,cellcom,0.98,0.0,2.6280442278819175e-05
nuclear speck,cellcom,0.99,0.0,0.0
nucleolus,cellcom,0.0,0.0,0.0
nucleolus,cellcom,0.01,0.0,0.0
nucleolus,cellcom,0.02,0.0,0.0
nucleolus,cellcom,0.03,0.0004359406946279028,0.0008622873249152532
nucleolus,cellcom,0.04,0.0013078220838837083,0.0019401464810593196
nucleolus,cellcom,0.05,0.0039234662516511275,0.005146777470587921
nucleolus,cellcom,0.06,0.013950102228092879,0.012422326774560356
nucleolus,cellcom,0.07,0.011770398754953382,0.03309027609362286
nucleolus,cellcom,0.08,0.03400337418097644,0.07755196628456562
nucleolus,cellcom,0.09,0.06844268905658069,0.15372966214504738
nucleolus,cellcom,0.1,0.11988369102267334,0.2552639946538187
nucleolus,cellcom,0.11,0.12119151310655704,0.37778963422849554
nucleolus,cellcom,0.12,0.2140468810623001,0.5203365076285478
nucleolus,cellcom,0.13,0.2528456028841834,0.6548802767942307
nucleolus,cellcom,0.14,0.3352383941688579,0.7968882206162136
nucleolus,cellcom,0.15,0.469072187419623,0.9407824179614441
nucleolus,cellcom,0.16,0.5192053673018319,1.077508851918319
nucleolus,cellcom,0.17,0.7066598659918318,1.2457626661924108
nucleolus,cellcom,0.18,0.9050128820475255,1.4329868016146317
nucleolus,cellcom,0.19,1.1774758161899646,1.6689571173734714
nucleolus,cellcom,0.2,1.4438355806076169,1.935592526124615
nucleolus,cellcom,0.21,1.746814363374005,2.223785117998629
nucleolus,cellcom,0.22,2.086412164489141,2.5906344817922617
nucleolus,cellcom,0.23,2.4639368060369113,2.9575107920648063
nucleolus,cellcom,0.24,2.9412918666544576,3.2891411079314237
nucleolus,cellcom,0.25,3.2503738191456404,3.644753790022255
nucleolus,cellcom,0.26,3.409056231990197,3.9106346973640917
nucleolus,cellcom,0.27,3.8585110881515643,4.13768572860584
nucleolus,cellcom,0.28,4.17805561731384,4.3366315823511545
nucleolus,cellcom,0.29,4.361586649752164,4.4700974923606696
nucleolus,cellcom,0.3,4.395154083238512,4.466971700807852
nucleolus,cellcom,0.31,4.6196635409718825,4.417120714836188
nucleolus,cellcom,0.32,4.512858070788046,4.285002128771829
nucleolus,cellcom,0.33,4.317992580289373,4.127419120143568
nucleolus,cellcom,0.34,4.269167222491049,3.8679245283018835
nucleolus,cellcom,0.35000000000000003,3.992344881402353,3.61449289421353
nucleolus,cellcom,0.36,3.572098051781033,3.351629992508876
nucleolus,cellcom,0.37,3.279145904991082,3.0564852090777275
nucleolus,cellcom,0.38,3.0066829708486433,2.7712028369252963
nucleolus,cellcom,0.39,2.817920650074761,2.4909594563278397
nucleolus,cellcom,0.4,2.6064894131802285,2.271345653263486
nucleolus,cellcom,0.41000000000000003,2.53630296134515,2.0153002107214744
nucleolus,cellcom,0.42,2.122595242143257,1.7890306273679204
nucleolus,cellcom,0.43,1.9525783712383749,1.6108874553362098
nucleolus,cellcom,0.44,1.7101953450252612,1.4331215340091499
nucleolus,cellcom,0.45,1.5336393637009609,1.2743528803091289
nucleolus,cellcom,0.46,1.4237823086547294,1.1259047280291874
nucleolus,cellcom,0.47000000000000003,1.2502779121928311,0.9995526884502048
nucleolus,cellcom,0.48,1.0375388532144079,0.880799555922027
nucleolus,cellcom,0.49,0.9751993338826177,0.794678609346116
nucleolus,cellcom,0.5,0.8457249475781307,0.7256686768739923
nucleolus,cellcom,0.51,0.7533055203170155,0.6372572795912752
nucleolus,cellcom,0.52,0.7062239252972019,0.5638011781000571
nucleolus,cellcom,0.53,0.6308061851265748,0.4922313301320912
nucleolus,cellcom,0.54,0.5383867578654594,0.43577845682904576
nucleolus,cellcom,0.55,0.49086922215101814,0.4017181074948933
nucleolus,cellcom,0.56,0.42678594004071646,0.35819954406557664
nucleolus,cellcom,0.5700000000000001,0.43594069462790724,0.31651334120170843
nucleolus,cellcom,0.58,0.3526760219539731,0.2720516510107622
nucleolus,cellcom,0.59,0.3151851222159735,0.249201036900508
nucleolus,cellcom,0.6,0.2580768912197183,0.21638022559592118
nucleolus,cellcom,0.61,0.27289887483706693,0.1970326537431352
nucleolus,cellcom,0.62,0.29643967234697366,0.17986774668154096
nucleolus,cellcom,0.63,0.2345360937098115,0.16006208468739375
nucleolus,cellcom,0.64,0.25938471330360197,0.13858574100122326
nucleolus,cellcom,0.65,0.2349720344044394,0.12915447338496266
nucleolus,cellcom,0.66,0.2371517378775789,0.11546566210193303
nucleolus,cellcom,0.67,0.24499867038088116,0.10695057476839492
nucleolus,cellcom,0.68,0.20925153342139316,0.09587557193901465
nucleolus,cellcom,0.6900000000000001,0.1970451939718119,0.0854742310822244
nucleolus,cellcom,0.7000000000000001,0.16347776048546525,0.07515372966214581
nucleolus,cellcom,0.71,0.1272946828313475,0.0705458817696291
nucleolus,cellcom,0.72,0.10244606323755706,0.06666558880751046
nucleolus,cellcom,0.73,0.07672556225451083,0.056156462035105825
nucleolus,cellcom,0.74,0.09241942726111532,0.05370433245487807
nucleolus,cellcom,0.75,0.07323803669748762,0.04699465920788127
nucleolus,cellcom,0.76,0.06321140072104585,0.04368024230273826
nucleolus,cellcom,0.77,0.06887862975120858,0.03710530145025946
nucleolus,cellcom,0.78,0.06451922280492957,0.031123183133659898
nucleolus,cellcom,0.79,0.06844268905658069,0.03150043383831032
nucleolus,cellcom,0.8,0.08064902850616194,0.027108157777023252
nucleolus,cellcom,0.81,0.03836278112725541,0.024224884534337878
nucleolus,cellcom,0.8200000000000001,0.04926129849295297,0.019536197205111194
nucleolus,cellcom,0.8300000000000001,0.04315812876816282,0.018997267627039367
nucleolus,cellcom,0.84,0.04272218807353444,0.01867390988019594
nucleolus,cellcom,0.85,0.06015981585865053,0.015709797200799756
nucleolus,cellcom,0.86,0.052748824049976197,0.014901402833691707
nucleolus,cellcom,0.87,0.03400337418097639,0.015116974664920521
nucleolus,cellcom,0.88,0.020925153342139315,0.011829504238681121
nucleolus,cellcom,0.89,0.01961733125825561,0.010940270434862266
nucleolus,cellcom,0.9,0.009154754587185952,0.008838445080381339
nucleolus,cellcom,0.91,0.02702832306692995,0.008272569023405705
nucleolus,cellcom,0.92,0.02441267889916254,0.006601887331382402
nucleolus,cellcom,0.93,0.013078220838837072,0.004122811272251051
nucleolus,cellcom,0.9400000000000001,0.006539110419418536,0.0019401464810593183
nucleolus,cellcom,0.9500000000000001,0.005667229030162794,0.002613808453649388
nucleolus,cellcom,0.96,0.005231288335534829,0.0020748788755773264
nucleolus,cellcom,0.97,0.0,0.0020209859177701232
nucleolus,cellcom,0.98,0.0,2.6946478903601643e-05
nucleolus,cellcom,0.99,0.0,0.0
nucleoplasm,cellcom,0.0,0.0,0.0
nucleoplasm,cellcom,0.01,0.0,0.0
nucleoplasm,cellcom,0.02,0.0,0.0
nucleoplasm,cellcom,0.03,0.0005549789940450753,0.0009442781465708538
nucleoplasm,cellcom,0.04,0.0006474754930525878,0.002378181998771039
nucleoplasm,cellcom,0.05,0.0009249649900751261,0.006644920290683791
nucleoplasm,cellcom,0.06,0.0035148669622854746,0.015912835432953264
nucleoplasm,cellcom,0.07,0.004162342455338067,0.0423176502722494
nucleoplasm,cellcom,0.08,0.018499299801502524,0.09638631747960276
nucleoplasm,cellcom,0.09,0.038108557591095146,0.1906042925485611
nucleoplasm,cellcom,0.1,0.07325722721394999,0.3132205585440212
nucleoplasm,cellcom,0.11,0.11858051172763116,0.45521201317652743
nucleoplasm,cellcom,0.12,0.19424264791577622,0.6190617582389137
nucleoplasm,cellcom,0.13,0.24992554031829875,0.7757419840402997
nucleoplasm,cellcom,0.14,0.3587014231511344,0.9255324766981898
nucleoplasm,cellcom,0.15,0.4311261818740157,1.0956424361396921
nucleoplasm,cellcom,0.16,0.506788318062161,1.2485105760901067
nucleoplasm,cellcom,0.17,0.6246288577977336,1.4373662054042815
nucleoplasm,cellcom,0.18,0.7487591594658136,1.6493391626770901
nucleoplasm,cellcom,0.19,0.9750055960381891,1.8919137265517358
nucleoplasm,cellcom,0.2,1.1846026627892157,2.1800934275792914
nucleoplasm,cellcom,0.21,1.496038374947507,2.4606839301695795
nucleoplasm,cellcom,0.22,1.8360555052991228,2.835492407828833
nucleoplasm,cellcom,0.23,2.224633297629689,3.1950175688195217
nucleoplasm,cellcom,0.24,2.5934168391726353,3.5242908558552384
nucleoplasm,cellcom,0.25,2.951100800834686,3.8753874600561566
nucleoplasm,cellcom,0.26,3.321179293363743,4.093270899061209
nucleoplasm,cellcom,0.27,3.67118604560817,4.291674229635151
nucleoplasm,cellcom,0.28,4.003895952538215,4.4497184127593865
nucleoplasm,cellcom,0.29,4.144120645033582,4.584645267924931
nucleoplasm,cellcom,0.3,4.224592599170118,4.552854570323712
nucleoplasm,cellcom,0.31,4.35131280281041,4.458251889343187
nucleoplasm,cellcom,0.32,4.291005085457512,4.301012091306797
nucleoplasm,cellcom,0.33,4.204613355384495,4.11352041931545
nucleoplasm,cellcom,0.34,4.111284387885915,3.8080988987968114
nucleoplasm,cellcom,0.35000000000000003,3.8790256788780724,3.544785188962314
nucleoplasm,cellcom,0.36,3.68940785591265,3.2416019573836756
nucleoplasm,cellcom,0.37,3.4632539158392825,2.9205473875495853
nucleoplasm,cellcom,0.38,3.2124034105309085,2.6232746377032057
nucleoplasm,cellcom,0.39,2.9442560599081298,2.345796755670126
nucleoplasm,cellcom,0.4,2.738173860119392,2.121723048815331
nucleoplasm,cellcom,0.41000000000000003,2.5056376616145197,1.8716991795621924
nucleoplasm,cellcom,0.42,2.2448900309123276,1.6434286809448504
nucleoplasm,cellcom,0.43,2.080061269680941,1.4609032125391732
nucleoplasm,cellcom,0.44,1.9004330686083515,1.2786575302509984
nucleoplasm,cellcom,0.45,1.6978657357818991,1.1350223321781654
nucleoplasm,cellcom,0.46,1.554126176324225,0.9878898076365514
nucleoplasm,cellcom,0.47000000000000003,1.3879099676077324,0.8728277668136634
nucleoplasm,cellcom,0.48,1.234365779255254,0.7596892555485952
nucleoplasm,cellcom,0.49,1.123924959440284,0.6846716027932441
nucleoplasm,cellcom,0.5,1.0428980263097034,0.6153545921820059
nucleoplasm,cellcom,0.51,0.9164553121664336,0.5410014314557232
nucleoplasm,cellcom,0.52,0.8094368628147417,0.4823512665742669
nucleoplasm,cellcom,0.53,0.7426543905313178,0.40866259787705256
nucleoplasm,cellcom,0.54,0.6730970232776683,0.35427917128750896
nucleoplasm,cellcom,0.55,0.6401682696309939,0.3187113611000068
nucleoplasm,cellcom,0.56,0.5827279437473286,0.2788068660912163
nucleoplasm,cellcom,0.5700000000000001,0.5385146172217437,0.2421548846983948
nucleoplasm,cellcom,0.58,0.45758018059016425,0.20837071100996823
nucleoplasm,cellcom,0.59,0.4387108947926317,0.1828402277878674
nucleoplasm,cellcom,0.6,0.38182554790301154,0.15716985150701532
nucleoplasm,cellcom,0.61,0.36055135313128367,0.14129198933874987
nucleoplasm,cellcom,0.62,0.35222666822060755,0.12405016984765986
nucleoplasm,cellcom,0.63,0.30792084519600904,0.11013081050191172
nucleoplasm,cellcom,0.64,0.2744371125552895,0.09691091644991978
nucleoplasm,cellcom,0.65,0.2532554142825692,0.0907206486001775
nucleoplasm,cellcom,0.66,0.23429363198602912,0.08029861572321031
nucleoplasm,cellcom,0.67,0.22495148558627037,0.07340888257971188
nucleoplasm,cellcom,0.68,0.2030298153214899,0.06445572681963267
nucleoplasm,cellcom,0.6900000000000001,0.196185074394934,0.05256481682577748
nucleoplasm,cellcom,0.7000000000000001,0.17574334811427567,0.04420620656539154
nucleoplasm,cellcom,0.71,0.16122139777009425,0.04081379989067354
nucleoplasm,cellcom,0.72,0.15437665684353835,0.03637219527532175
nucleoplasm,cellcom,0.73,0.12283535068197658,0.03259508268903833
nucleoplasm,cellcom,0.74,0.1199679592127437,0.031755724336530906
nucleoplasm,cellcom,0.75,0.10368857538742149,0.027663852368057212
nucleoplasm,cellcom,0.76,0.10341108589039895,0.022662675517700473
nucleoplasm,cellcom,0.77,0.0867617160690467,0.020879039018622196
nucleoplasm,cellcom,0.78,0.07667959767722785,0.016577327462021643
nucleoplasm,cellcom,0.79,0.07954698914646074,0.016297541344519165
nucleoplasm,cellcom,0.8,0.07917700315043069,0.01171604367041614
nucleoplasm,cellcom,0.81,0.056330367895575106,0.013219894051991941
nucleoplasm,cellcom,0.8200000000000001,0.04893064797497411,0.010806738788533096
nucleoplasm,cellcom,0.8300000000000001,0.04661823549978681,0.010491979406342928
nucleoplasm,cellcom,0.84,0.048098179483906496,0.00947775473039634
nucleoplasm,cellcom,0.85,0.04560077401070366,0.007973904348820537
nucleoplasm,cellcom,0.86,0.04393583702856843,0.006959679672874065
nucleoplasm,cellcom,0.87,0.03514866962285474,0.009058075554142628
nucleoplasm,cellcom,0.88,0.02747146020523121,0.00664492029068378
nucleoplasm,cellcom,0.89,0.02793394270026877,0.005211016438483596
nucleoplasm,cellcom,0.9,0.023771600244930708,0.0032175403512784626
nucleoplasm,cellcom,0.91,0.02312412475187812,0.004161818497849315
nucleoplasm,cellcom,0.92,0.02044172628066026,0.00279786117502475
nucleoplasm,cellcom,0.93,0.013504488855096823,0.001294010793448947
nucleoplasm,cellcom,0.9400000000000001,0.007214726922585973,0.00031475938219028437
nucleoplasm,cellcom,0.9500000000000001,0.010082118391818972,3.497326468780976e-05
nucleoplasm,cellcom,0.96,0.008232188411668612,0.0
nucleoplasm,cellcom,0.97,0.006937237425563437,0.0
nucleoplasm,cellcom,0.98,9.249649900751249e-05,0.0
nucleoplasm,cellcom,0.99,0.0,0.0
nucleus,cellcom,0.0,0.0,0.0
nucleus,cellcom,0.01,0.0,0.0
nucleus,cellcom,0.02,0.0,0.0
nucleus,cellcom,0.03,0.0005296253906649287,0.0011206818423229882
nucleus,cellcom,0.04,0.0013770260157288147,0.002387539577122888
nucleus,cellcom,0.05,0.003548490117455025,0.006480464566476414
nucleus,cellcom,0.06,0.01308174714942373,0.011986423183106734
nucleus,cellcom,0.07,0.024203880353387257,0.03888278739885848
nucleus,cellcom,0.08,0.0537040146134238,0.0946245277300541
nucleus,cellcom,0.09,0.10078771184353585,0.19290345277203072
nucleus,cellcom,0.1,0.15735170356655043,0.3302113411053433
nucleus,cellcom,0.11,0.22747410529058704,0.48739915081551555
nucleus,cellcom,0.12,0.3288973676029205,0.6622255182179009
nucleus,cellcom,0.13,0.40611674956186705,0.8388059963300099
nucleus,cellcom,0.14,0.527400964024137,0.9932164640831234
nucleus,cellcom,0.15,0.6468314896190769,1.1584926731770149
nucleus,cellcom,0.16,0.7568346832601827,1.3101257989730646
nucleus,cellcom,0.17,0.9080427322950221,1.4962077100961768
nucleus,cellcom,0.18,1.0560200664468005,1.7207826062382008
nucleus,cellcom,0.19,1.2896907888081668,1.9629473347749506
nucleus,cellcom,0.2,1.5234144737086042,2.259830572395564
nucleus,cellcom,0.21,1.8450559734594107,2.518902979162137
nucleus,cellcom,0.22,2.202923849931703,2.8909693508133687
nucleus,cellcom,0.23,2.5985540167584116,3.2325824115319195
nucleus,cellcom,0.24,2.9309469119397136,3.5797988814620676
nucleus,cellcom,0.25,3.268477173410472,3.946846547471592
nucleus,cellcom,0.26,3.5632666658545715,4.174150060273189
nucleus,cellcom,0.27,3.889092206191635,4.335187168485254
nucleus,cellcom,0.28,4.14246499308576,4.497539859729635
nucleus,cellcom,0.29,4.240445690358748,4.6692478080924875
nucleus,cellcom,0.3,4.273176539501841,4.637235287640044
nucleus,cellcom,0.31,4.294520442745638,4.552550720598421
nucleus,cellcom,0.32,4.239704214811818,4.352143572012575
nucleus,cellcom,0.33,4.149456048242514,4.128445731225408
nucleus,cellcom,0.34,3.9447028722114528,3.842135883160631
nucleus,cellcom,0.35000000000000003,3.71717580438182,3.5622577743648582
nucleus,cellcom,0.36,3.5258751132736275,3.215967085087035
nucleus,cellcom,0.37,3.2560309767298463,2.8977908924622913
nucleus,cellcom,0.38,2.9898412553816534,2.5963762021749
nucleus,cellcom,0.39,2.7279944622369126,2.3094329252427226
nucleus,cellcom,0.4,2.5375411717538046,2.0639061511790042
nucleus,cellcom,0.41000000000000003,2.3108615045492282,1.8016178747779428
nucleus,cellcom,0.42,2.0613549830069675,1.5757761209011047
nucleus,cellcom,0.43,1.8811234625636923,1.4004625005237958
nucleus,cellcom,0.44,1.7048641325504044,1.2140882376157336
nucleus,cellcom,0.45,1.518912657887948,1.0783395588021754
nucleus,cellcom,0.46,1.378456004283609,0.9268526088986029
nucleus,cellcom,0.47000000000000003,1.251875535914698,0.7954404815618639
nucleus,cellcom,0.48,1.1128488708651474,0.6848340562543299
nucleus,cellcom,0.49,1.0056526917945658,0.6207602900519503
nucleus,cellcom,0.5,0.9367484284690587,0.5448950018564334
nucleus,cellcom,0.51,0.7993636021305763,0.5010909594108522
nucleus,cellcom,0.52,0.7072617466939453,0.4477367586567796
nucleus,cellcom,0.53,0.645666313759614,0.36656041303460146
nucleus,cellcom,0.54,0.5750672491839792,0.31910197327709755
nucleus,cellcom,0.55,0.5446137892207458,0.28021918587823913
nucleus,cellcom,0.56,0.48646092132573665,0.2478655883433494
nucleus,cellcom,0.5700000000000001,0.4515056455418564,0.20566948071501662
nucleus,cellcom,0.58,0.38509062155246937,0.17706773108703197
nucleus,cellcom,0.59,0.35866231455828945,0.15587222667787984
nucleus,cellcom,0.6,0.3160804331488292,0.12931693954457427
nucleus,cellcom,0.61,0.291876552795442,0.11825629701382132
nucleus,cellcom,0.62,0.2800659065836141,0.10071518991659195
nucleus,cellcom,0.63,0.24299212923706912,0.09209081226045417
nucleus,cellcom,0.64,0.21778196064141853,0.07922733372248597
nucleus,cellcom,0.65,0.20438243825759583,0.0717723632061635
nucleus,cellcom,0.66,0.18828182638138202,0.06207602900519504
nucleus,cellcom,0.67,0.17668303032582008,0.058226730503303036
nucleus,cellcom,0.68,0.16285980762946545,0.04692246148508855
nucleus,cellcom,0.6900000000000001,0.1492484350893768,0.03927258977879686
nucleus,cellcom,0.7000000000000001,0.13251227274436653,0.032256146939905465
nucleus,cellcom,0.71,0.12048977637627119,0.03094056390761291
nucleus,cellcom,0.72,0.11445204692269101,0.02670146302578248
nucleus,cellcom,0.73,0.09215481797569754,0.025337154695997975
nucleus,cellcom,0.74,0.09358480653049284,0.021341680301629064
nucleus,cellcom,0.75,0.08071490953733507,0.01890541542701387
nucleus,cellcom,0.76,0.07478310516188788,0.017248755312275543
nucleus,cellcom,0.77,0.06456133512205477,0.015397194007568
nucleus,cellcom,0.78,0.05751731742621121,0.010573389555829924
nucleus,cellcom,0.79,0.058417680590341595,0.010865741340783747
nucleus,cellcom,0.8,0.05529289078541852,0.007162618731368658
nucleus,cellcom,0.81,0.043535207112657105,0.008039674086230126
nucleus,cellcom,0.8200000000000001,0.03638526433868058,0.007357519921337874
nucleus,cellcom,0.8300000000000001,0.03437268785415423,0.007552421111307172
nucleus,cellcom,0.84,0.03553786371361669,0.005847035699076455
nucleus,cellcom,0.85,0.0310360478929648,0.006577915161461012
nucleus,cellcom,0.86,0.028123108244307696,0.006967717541399443
nucleus,cellcom,0.87,0.023780180040855282,0.00925780652353772
nucleus,cellcom,0.88,0.018907626446737942,0.006334288673999494
nucleus,cellcom,0.89,0.019172439142070407,0.004336551476815038
nucleus,cellcom,0.9,0.015941724259014342,0.002338814279630582
nucleus,cellcom,0.91,0.016895049962211212,0.00243626487461519
nucleus,cellcom,0.92,0.014299885547953063,0.0015104842222614177
nucleus,cellcom,0.93,0.00916251925850326,0.00048725297492303795
nucleus,cellcom,0.9400000000000001,0.004607740898784876,0.0
nucleus,cellcom,0.9500000000000001,0.0058258792973142765,0.0
nucleus,cellcom,0.96,0.004713665976917862,0.0
nucleus,cellcom,0.97,0.003972190429986962,0.0
nucleus,cellcom,0.98,5.296253906649283e-05,0.0
nucleus,cellcom,0.99,0.0,0.0
other,cellcom,0.0,0.0,0.0
other,cellcom,0.01,0.0,0.0
other,cellcom,0.02,0.0,0.0
other,cellcom,0.03,0.0,0.0008847680741360574
other,cellcom,0.04,0.009968764537781616,0.0014478023031317302
other,cellcom,0.05,0.019462826002335547,0.004262973448110097
other,cellcom,0.06,0.01756401370942474,0.012225886115334601
other,cellcom,0.07,0.019462826002335547,0.03254874066670225
other,cellcom,0.08,0.04319797966372036,0.07681395552726684
other,cellcom,0.09,0.08734536547389601,0.15223373105892515
other,cellcom,0.1,0.1148781437211025,0.2548668276587081
other,cellcom,0.11,0.17991246475329692,0.37318444920908456
other,cellcom,0.12,0.24257327041935248,0.5171871560631677
other,cellcom,0.13,0.3992252845844921,0.6445937587387598
other,cellcom,0.14,0.4599872779576384,0.7875240194423777
other,cellcom,0.15,0.5729666093858287,0.9325455501394038
other,cellcom,0.16,0.6793000977888325,1.0656629285662378
other,cellcom,0.17,0.798925272242214,1.2378441580238702
other,cellcom,0.18,1.0419732457347919,1.4225998185957325
other,cellcom,0.19,1.1986252598999314,1.6652943824466289
other,cellcom,0.2,1.4782253700310484,1.9311805943014002
other,cellcom,0.21,1.8019728659723326,2.2182744287816645
other,cellcom,0.22,2.2453455363670005,2.579125747260367
other,cellcom,0.23,2.4936152436650922,2.9533558314661654
other,cellcom,0.24,2.926069743375516,3.2882539531035353
other,cellcom,0.25,3.3423843385962053,3.637576475464708
other,cellcom,0.26,3.5816346875029637,3.898368568104751
other,cellcom,0.27,3.876425295977363,4.1352719227431205
other,cellcom,0.28,4.203495713431268,4.334398361731281
other,cellcom,0.29,4.426606157848262,4.465880259778627
other,cellcom,0.3,4.6630082883156545,4.451482670208595
other,cellcom,0.31,4.764594745986381,4.409952193031724
other,cellcom,0.32,4.886593435805899,4.265037906949742
other,cellcom,0.33,4.744182513837591,4.1043050401483585
other,cellcom,0.34,4.342109010813732,3.865819827438049
other,cellcom,0.35000000000000003,4.158398921474637,3.6070117601763916
other,cellcom,0.36,3.7506289815720235,3.342653784086022
other,cellcom,0.37,3.3998234104567566,3.0507875642361704
other,cellcom,0.38,3.1496548908657607,2.76431038629242
other,cellcom,0.39,2.9986993135793534,2.4823911044881584
other,cellcom,0.4,2.57716298455316,2.2746850962962784
other,cellcom,0.41000000000000003,2.241547911781191,2.034564403206516
other,cellcom,0.42,1.9847335491649956,1.798492194334748
other,cellcom,0.43,1.763996620114117,1.6232544933482853
other,cellcom,0.44,1.544209097209694,1.4438878746825212
other,cellcom,0.45,1.3486314310398835,1.2861042347949243
other,cellcom,0.46,1.2133410551699901,1.1392863567958624
other,cellcom,0.47000000000000003,1.0576384471513118,1.0116920760439438
other,cellcom,0.48,0.9194998528420465,0.8882535241250775
other,cellcom,0.49,0.9128540098168587,0.7991064378674294
other,cellcom,0.5,0.9869076892403793,0.7182976204296696
other,cellcom,0.51,0.7030352514502172,0.6406793302895518
other,cellcom,0.52,0.6413238519306168,0.5681819705179186
other,cellcom,0.53,0.513154022159139,0.4995722280417317
other,cellcom,0.54,0.46473430868991406,0.44045363399718607
other,cellcom,0.55,0.43055568741751993,0.40557232295321605
other,cellcom,0.56,0.36172374179950406,0.3622186873205493
other,cellcom,0.5700000000000001,0.3417862127239447,0.32243093513819204
other,cellcom,0.58,0.28861946852243897,0.2760744502842114
other,cellcom,0.59,0.2791254070578851,0.2515690557460188
other,cellcom,0.6,0.22168633519733386,0.2186449589266528
other,cellcom,0.61,0.19462826002335523,0.20183436551806772
other,cellcom,0.62,0.17564013709424736,0.18727590902546534
other,cellcom,0.63,0.15570260801868419,0.1648885956344469
other,cellcom,0.64,0.14051210967539793,0.14590629877116426
other,cellcom,0.65,0.13386626665021018,0.13539632649657837
other,cellcom,0.66,0.10775759762268691,0.12338492961133736
other,cellcom,0.67,0.12579631440533937,0.1143763819474066
other,cellcom,0.68,0.08544655318098522,0.10343743121263353
other,cellcom,0.6900000000000001,0.08307303781484675,0.09247166932409878
other,cellcom,0.7000000000000001,0.07452838249674905,0.08062113936142885
other,cellcom,0.71,0.07073075791092666,0.07402559553605008
other,cellcom,0.72,0.08971888084003447,0.06756410747948069
other,cellcom,0.73,0.04462208888340339,0.05807295904783936
other,cellcom,0.74,0.044147385810175695,0.05662515674470763
other,cellcom,0.75,0.044147385810175695,0.04876948869252991
other,cellcom,0.76,0.040824464297581825,0.045042738319653795
other,cellcom,0.77,0.032754512052711,0.03930515141465028
other,cellcom,0.78,0.03512802741884948,0.032950907973127684
other,cellcom,0.79,0.026108669027523262,0.03407697643111903
other,cellcom,0.8,0.037501542784987955,0.02981400298300894
other,cellcom,0.81,0.028956887466889434,0.024827128383332984
other,cellcom,0.8200000000000001,0.026108669027523262,0.020993133395410073
other,cellcom,0.8300000000000001,0.03085569975980056,0.01981344262989555
other,cellcom,0.84,0.02278574751492939,0.019920687244942125
other,cellcom,0.85,0.019462826002335523,0.018231584557955108
other,cellcom,0.86,0.017089310636197043,0.017105516099963764
other,cellcom,0.87,0.023735153661384782,0.015791769565640528
other,cellcom,0.88,0.03465332434562178,0.011099817657343258
other,cellcom,0.89,0.028956887466889434,0.010456349967062488
other,cellcom,0.9,0.02515926288106787,0.007936101513462811
other,cellcom,0.91,0.02088693522201861,0.008713624972552073
other,cellcom,0.92,0.03133040283302792,0.006300621133999191
other,cellcom,0.93,0.010443467611009305,0.004316595755633488
other,cellcom,0.9400000000000001,0.003797624585821565,0.0021180811471741964
other,cellcom,0.9500000000000001,0.018038716782652633,0.001930403070842327
other,cellcom,0.96,0.0,0.0023861926847911835
other,cellcom,0.97,0.0,0.002010836532127402
other,cellcom,0.98,0.0,2.6811153761698687e-05
other,cellcom,0.99,0.0,0.0
perikaryon,cellcom,0.0,0.0,0.0
perikaryon,cellcom,0.01,0.0,0.0
perikaryon,cellcom,0.02,0.0,0.0
perikaryon,cellcom,0.03,0.0,0.0008444545437795942
perikaryon,cellcom,0.04,0.0,0.0019192148722263502
perikaryon,cellcom,0.05,0.0,0.005117906325936938
perikaryon,cellcom,0.06,0.006134781141682765,0.012564460030175164
perikaryon,cellcom,0.07,0.030673905708413867,0.03185896687895744
perikaryon,cellcom,0.08,0.11042606055028992,0.0747214323586793
perikaryon,cellcom,0.09,0.13189779454617945,0.14890548455313501
perikaryon,cellcom,0.1,0.2668629796632006,0.24722046507438378
perikaryon,cellcom,0.11,0.5061194441888288,0.3616568505223337
perikaryon,cellcom,0.12,0.6104107235974351,0.5016059990050786
perikaryon,cellcom,0.13,0.5950737707432282,0.6317799464052843
perikaryon,cellcom,0.14,0.549062912180609,0.7718570425461803
perikaryon,cellcom,0.15,0.874206312689794,0.9136486373062608
perikaryon,cellcom,0.16,0.8926106561148424,1.0462791797429163
perikaryon,cellcom,0.17,1.208551884911508,1.2144279920815777
perikaryon,cellcom,0.18,1.346584460599367,1.402715765812794
perikaryon,cellcom,0.19,1.7116039385294914,1.6397515972985628
perikaryon,cellcom,0.2,1.9201864973467107,1.9068551284492166
perikaryon,cellcom,0.21,2.404834207539644,2.1942767477138294
perikaryon,cellcom,0.22,2.8680101837366925,2.558722857183798
perikaryon,cellcom,0.23,3.2422318333793503,2.9261629418544484
perikaryon,cellcom,0.24,3.742216496426487,3.2649427510998352
perikaryon,cellcom,0.25,3.849575166405935,3.619895144335191
perikaryon,cellcom,0.26,4.288212018036253,3.8780423394154497
perikaryon,cellcom,0.27,4.775927118800032,4.115973804508258
perikaryon,cellcom,0.28,4.748320603662487,4.32388874899947
perikaryon,cellcom,0.29,4.794331462225081,4.461023049002925
perikaryon,cellcom,0.3,4.910892303917053,4.45905265506744
perikaryon,cellcom,0.31,4.932364037912943,4.424711503620403
perikaryon,cellcom,0.32,4.509064139136833,4.296507950155683
perikaryon,cellcom,0.33,4.312751142602984,4.137059578571118
perikaryon,cellcom,0.34,3.72687954357228,3.892653961976
perikaryon,cellcom,0.35000000000000003,3.8955860249685776,3.6343276401743534
perikaryon,cellcom,0.36,3.2637035673752313,3.3653048941514587
perikaryon,cellcom,0.37,2.9600319008619342,3.070359952587713
perikaryon,cellcom,0.38,2.226925554430844,2.7895660220151837
perikaryon,cellcom,0.39,2.021410386184471,2.5140691244899984
perikaryon,cellcom,0.4,2.0030060427594227,2.2932570560574495
perikaryon,cellcom,0.41000000000000003,1.6318517836876245,2.04908174524701
perikaryon,cellcom,0.42,1.6747952516793947,1.8095637291931501
perikaryon,cellcom,0.43,1.5336952854206913,1.6315885367086935
perikaryon,cellcom,0.44,1.0735866997944838,1.452385046706012
perikaryon,cellcom,0.45,1.13186712064047,1.2907615649329236
perikaryon,cellcom,0.46,0.9171497806815734,1.1451315404283884
perikaryon,cellcom,0.47000000000000003,0.960093248673358,1.0145993395853725
perikaryon,cellcom,0.48,0.8404650164105387,0.890336573991618
perikaryon,cellcom,0.49,0.7239041747185663,0.8058655300820291
perikaryon,cellcom,0.5,0.7975215484187594,0.7321164999252779
perikaryon,cellcom,0.51,0.7054998312935179,0.64349995189168
perikaryon,cellcom,0.52,0.5490629121806075,0.5722842853662676
perikaryon,cellcom,0.53,0.3680868685009659,0.5014012827520411
perikaryon,cellcom,0.54,0.4386368516303177,0.44177767405487584
perikaryon,cellcom,0.55,0.3190086193675038,0.4076412388608765
perikaryon,cellcom,0.56,0.30367166651329686,0.36268043178752063
perikaryon,cellcom,0.5700000000000001,0.3067390570841417,0.3236052169889957
perikaryon,cellcom,0.58,0.2729977608048831,0.2767763741066692
perikaryon,cellcom,0.59,0.18404343425048295,0.2536178479818046
perikaryon,cellcom,0.6,0.16870648139627606,0.2192255174715084
perikaryon,cellcom,0.61,0.08895432655440008,0.2023876056591759
perikaryon,cellcom,0.62,0.10122388883776563,0.18736655059255103
perikaryon,cellcom,0.63,0.10122388883776563,0.16492453135331758
perikaryon,cellcom,0.64,0.058280420845986274,0.14634653139016654
perikaryon,cellcom,0.65,0.06134781141682765,0.13593159201688487
perikaryon,cellcom,0.66,0.04907824913346212,0.12316241573367225
perikaryon,cellcom,0.67,0.03680868685009659,0.11563909343454494
perikaryon,cellcom,0.68,0.03680868685009659,0.10302345434111042
perikaryon,cellcom,0.6900000000000001,0.039876077420937975,0.09240379871479128
perikaryon,cellcom,0.7000000000000001,0.03987607742093841,0.08063261416513723
perikaryon,cellcom,0.71,0.006134781141682765,0.07441435797912298
perikaryon,cellcom,0.72,0.05521303027514488,0.0688614296154814
perikaryon,cellcom,0.73,0.009202171712524148,0.05775557288819826
perikaryon,cellcom,0.74,0.009202171712524148,0.056348148648565605
perikaryon,cellcom,0.75,0.02453912456673106,0.04872246822291958
perikaryon,cellcom,0.76,0.009202171712524148,0.04511434426313404
perikaryon,cellcom,0.77,0.018404343425048295,0.03912639386178783
perikaryon,cellcom,0.78,0.04294346799177936,0.032984906270663514
perikaryon,cellcom,0.79,0.02760651513757244,0.033701413156294685
perikaryon,cellcom,0.8,0.03680868685009659,0.030170057791398208
perikaryon,cellcom,0.81,0.009202171712524148,0.0251800991236097
perikaryon,cellcom,0.8200000000000001,0.0,0.02144402750567574
perikaryon,cellcom,0.8300000000000001,0.0,0.020573983430266687
perikaryon,cellcom,0.84,0.0,0.02024131951908056
perikaryon,cellcom,0.85,0.0,0.018450052305002636
perikaryon,cellcom,0.86,0.0,0.017247344318407458
perikaryon,cellcom,0.87,0.0,0.016351710711368494
perikaryon,cellcom,0.88,0.0,0.012462101903656425
perikaryon,cellcom,0.89,0.0,0.011540878764987777
perikaryon,cellcom,0.9,0.0,0.008930746538759944
perikaryon,cellcom,0.91,0.0,0.009442537171353635
perikaryon,cellcom,0.92,0.0,0.007702449020535081
perikaryon,cellcom,0.93,0.0,0.004682884288232292
perikaryon,cellcom,0.9400000000000001,0.0,0.002226289251782565
perikaryon,cellcom,0.9500000000000001,0.0,0.002814848479265343
perikaryon,cellcom,0.96,0.0,0.0022774683150419343
perikaryon,cellcom,0.97,0.0,0.0019192148722263491
perikaryon,cellcom,0.98,0.0,2.5589531629684653e-05
perikaryon,cellcom,0.99,0.0,0.0
perinuclear region of cytoplasm,cellcom,0.0,0.0,0.0
perinuclear region of cytoplasm,cellcom,0.01,0.0,0.0
perinuclear region of cytoplasm,cellcom,0.02,0.0,0.0
perinuclear region of cytoplasm,cellcom,0.03,0.003930972129407601,0.0007128120037541431
perinuclear region of cytoplasm,cellcom,0.04,0.004586134150975535,0.0017952302316771012
perinuclear region of cytoplasm,cellcom,0.05,0.00786194425881521,0.004963283581695519
perinuclear region of cytoplasm,cellcom,0.06,0.01441356447449453,0.012434609398822264
perinuclear region of cytoplasm,cellcom,0.07,0.01768937458233422,0.03241974594852179
perinuclear region of cytoplasm,cellcom,0.08,0.03144777703526084,0.0767724928487796
perinuclear region of cytoplasm,cellcom,0.09,0.09237784504107857,0.1510369434621278
perinuclear region of cytoplasm,cellcom,0.1,0.1284117562273151,0.2521770466614659
perinuclear region of cytoplasm,cellcom,0.11,0.1749282597586384,0.3704246379509033
perinuclear region of cytoplasm,cellcom,0.12,0.27123707692912435,0.5118254191400579
perinuclear region of cytoplasm,cellcom,0.13,0.3439600613231649,0.6430620291645706
perinuclear region of cytoplasm,cellcom,0.14,0.4101314255015273,0.7845156112428948
perinuclear region of cytoplasm,cellcom,0.15,0.6079903560150419,0.9256259875416294
perinuclear region of cytoplasm,cellcom,0.16,0.6001284117562268,1.062934699820344
perinuclear region of cytoplasm,cellcom,0.17,0.7272298439404078,1.2340095807213416
perinuclear region of cytoplasm,cellcom,0.18,0.8883997012461174,1.422957562605353
perinuclear region of cytoplasm,cellcom,0.19,1.0115701613008887,1.6656832501059302
perinuclear region of cytoplasm,cellcom,0.2,1.3109792051574378,1.9309813177253943
perinuclear region of cytoplasm,cellcom,0.21,1.607767600927708,2.2197229801349834
perinuclear region of cytoplasm,cellcom,0.22,2.008726758127283,2.5835475069400142
perinuclear region of cytoplasm,cellcom,0.23,2.499443112281672,2.9460784119604626
perinuclear region of cytoplasm,cellcom,0.24,2.8597822241440283,3.2853769257474266
perinuclear region of cytoplasm,cellcom,0.25,3.2292936043083422,3.637611657380307
perinuclear region of cytoplasm,cellcom,0.26,3.503151329323739,3.8966792200780627
perinuclear region of cytoplasm,cellcom,0.27,3.7331131988940833,4.137081668455293
perinuclear region of cytoplasm,cellcom,0.28,4.200243720272043,4.332524159706869
perinuclear region of cytoplasm,cellcom,0.29,4.542893457552049,4.46059271638134
perinuclear region of cytoplasm,cellcom,0.3,4.512100842538356,4.460803919938008
perinuclear region of cytoplasm,cellcom,0.31,4.492445981891318,4.4263513397565575
perinuclear region of cytoplasm,cellcom,0.32,4.504894060301108,4.289940242593682
perinuclear region of cytoplasm,cellcom,0.33,4.593996095234347,4.120158983477278
perinuclear region of cytoplasm,cellcom,0.34,4.345034527038533,3.872998021286675
perinuclear region of cytoplasm,cellcom,0.35000000000000003,4.194347262077931,3.6140096599226896
perinuclear region of cytoplasm,cellcom,0.36,3.9008346764154735,3.342850693605677
perinuclear region of cytoplasm,cellcom,0.37,3.6754589409961054,3.0450272782593633
perinuclear region of cytoplasm,cellcom,0.38,3.2679481635808503,2.7654465701202384
perinuclear region of cytoplasm,cellcom,0.39,3.0229175675144435,2.4893243202215505
perinuclear region of cytoplasm,cellcom,0.4,2.604269035732534,2.27822636533199
perinuclear region of cytoplasm,cellcom,0.41000000000000003,2.3048599918760018,2.0351838724964226
perinuclear region of cytoplasm,cellcom,0.42,2.0735877982625084,1.7977646743571147
perinuclear region of cytoplasm,cellcom,0.43,1.7964542631392728,1.6241025498869386
perinuclear region of cytoplasm,cellcom,0.44,1.7034212560766262,1.439009032912113
perinuclear region of cytoplasm,cellcom,0.45,1.548803018986594,1.2789959382915996
perinuclear region of cytoplasm,cellcom,0.46,1.3306340658044724,1.1356943250924336
perinuclear region of cytoplasm,cellcom,0.47000000000000003,1.2290839524614494,1.0054873324066824
perinuclear region of cytoplasm,cellcom,0.48,1.0659486090910273,0.8828308668717973
perinuclear region of cytoplasm,cellcom,0.49,0.9008477796559081,0.8013326944425737
perinuclear region of cytoplasm,cellcom,0.5,0.8346764154775468,0.7285466687259007
perinuclear region of cytoplasm,cellcom,0.51,0.7652292411913459,0.639128362921631
perinuclear region of cytoplasm,cellcom,0.52,0.7403330843717645,0.565312719866202
perinuclear region of cytoplasm,cellcom,0.53,0.5817838751523247,0.49701476972872183
perinuclear region of cytoplasm,cellcom,0.54,0.5051299186288765,0.43919779609088583
perinuclear region of cytoplasm,cellcom,0.55,0.5038195945857405,0.4030027865669254
perinuclear region of cytoplasm,cellcom,0.56,0.4068556153936865,0.3603924690091778
perinuclear region of cytoplasm,cellcom,0.5700000000000001,0.33937392717219317,0.32282463636687975
perinuclear region of cytoplasm,cellcom,0.58,0.31447777035260793,0.2752246347828495
perinuclear region of cytoplasm,cellcom,0.59,0.3026848539643851,0.25104182754437565
perinuclear region of cytoplasm,cellcom,0.6,0.30202969194281715,0.21545402824583548
perinuclear region of cytoplasm,cellcom,0.61,0.2758232110800999,0.19845214193407
perinuclear region of cytoplasm,cellcom,0.62,0.25354770234679014,0.18395829785773576
perinuclear region of cytoplasm,cellcom,0.63,0.20768636083703482,0.16265313907886195
perinuclear region of cytoplasm,cellcom,0.64,0.18737633816842889,0.14393522386916982
perinuclear region of cytoplasm,cellcom,0.65,0.18541085210372507,0.13329584470202466
perinuclear region of cytoplasm,cellcom,0.66,0.16837663954295884,0.12070283263570147
perinuclear region of cytoplasm,cellcom,0.67,0.1972037684919479,0.11167388058814902
perinuclear region of cytoplasm,cellcom,0.68,0.15592856113316808,0.1003216894172497
perinuclear region of cytoplasm,cellcom,0.6900000000000001,0.1382391865508339,0.09010471736344032
perinuclear region of cytoplasm,cellcom,0.7000000000000001,0.13889434857240338,0.0779341124104538
perinuclear region of cytoplasm,cellcom,0.71,0.1028604373861655,0.07268042393833905
perinuclear region of cytoplasm,cellcom,0.72,0.09696397919205411,0.0676115385783096
perinuclear region of cytoplasm,cellcom,0.73,0.06289555407052158,0.05713056207866535
perinuclear region of cytoplasm,cellcom,0.74,0.04651650353132326,0.056338548741160746
perinuclear region of cytoplasm,cellcom,0.75,0.045206179488187385,0.0486560193673661
perinuclear region of cytoplasm,cellcom,0.76,0.034068425121532527,0.045250362016096314
perinuclear region of cytoplasm,cellcom,0.77,0.03734423522937219,0.03901985709439343
perinuclear region of cytoplasm,cellcom,0.78,0.020965184690173864,0.033554965065611675
perinuclear region of cytoplasm,cellcom,0.79,0.02882712894898906,0.033845369956030026
perinuclear region of cytoplasm,cellcom,0.8,0.01899969862547006,0.03067731660601162
perinuclear region of cytoplasm,cellcom,0.81,0.013103240431358663,0.0255292299122317
perinuclear region of cytoplasm,cellcom,0.8200000000000001,0.015723888517630395,0.021489961890958226
perinuclear region of cytoplasm,cellcom,0.8300000000000001,0.007861944258815286,0.02090915211012175
perinuclear region of cytoplasm,cellcom,0.84,0.008517106280383132,0.0205395458859527
perinuclear region of cytoplasm,cellcom,0.85,0.015723888517630395,0.018401109874690274
perinuclear region of cytoplasm,cellcom,0.86,0.003930972129407599,0.017635496981769156
perinuclear region of cytoplasm,cellcom,0.87,0.007206782237247265,0.016579479198429687
perinuclear region of cytoplasm,cellcom,0.88,0.006551620215679331,0.012593012066323185
perinuclear region of cytoplasm,cellcom,0.89,0.006551620215679331,0.011642596061317663
perinuclear region of cytoplasm,cellcom,0.9,0.004586134150975533,0.009028952047552474
perinuclear region of cytoplasm,cellcom,0.91,0.008517106280383132,0.009398558271721287
perinuclear region of cytoplasm,cellcom,0.92,0.002620648086271733,0.00784093204129557
perinuclear region of cytoplasm,cellcom,0.93,0.0,0.004831281358778078
perinuclear region of cytoplasm,cellcom,0.9400000000000001,0.0,0.0022968386787633483
perinuclear region of cytoplasm,cellcom,0.9500000000000001,0.0,0.0029040489041835763
perinuclear region of cytoplasm,cellcom,0.96,0.0,0.002349639567930322
perinuclear region of cytoplasm,cellcom,0.97,0.0,0.001980033343761507
perinuclear region of cytoplasm,cellcom,0.98,0.0,2.6400444583486763e-05
perinuclear region of cytoplasm,cellcom,0.99,0.0,0.0
plasma membrane,cellcom,0.0,0.0,0.0
plasma membrane,cellcom,0.01,0.0,0.0
plasma membrane,cellcom,0.02,0.0,0.0
plasma membrane,cellcom,0.03,0.0019628788614476124,0.00047098671380122267
plasma membrane,cellcom,0.04,0.0025827353440100163,0.001682095406432938
plasma membrane,cellcom,0.05,0.006198564825624043,0.00470986713801223
plasma membrane,cellcom,0.06,0.011364035513644065,0.012884850813276295
plasma membrane,cellcom,0.07,0.02995972999051621,0.03246444134415573
plasma membrane,cellcom,0.08,0.07520925321757173,0.07495417131065177
plasma membrane,cellcom,0.09,0.14391001336823803,0.1503456874269759
plasma membrane,cellcom,0.1,0.26674490632935466,0.24107791364996883
plasma membrane,cellcom,0.11,0.40776225611230166,0.34822739103974704
plasma membrane,cellcom,0.12,0.5957853891562302,0.47213053867759674
plasma membrane,cellcom,0.13,0.757981168760059,0.5902809200254462
plasma membrane,cellcom,0.14,0.9450745170801472,0.7130066008787953
plasma membrane,cellcom,0.15,1.1289652735736577,0.8430998596123166
plasma membrane,cellcom,0.16,1.253143188913659,0.977230147321279
plasma membrane,cellcom,0.17,1.3666802346363431,1.1647837851385547
plasma membrane,cellcom,0.18,1.5060446337991196,1.3684518969494515
plasma membrane,cellcom,0.19,1.7714465177495886,1.5976542170300032
plasma membrane,cellcom,0.2,1.9442831669707443,1.8948131915304511
plasma membrane,cellcom,0.21,2.178485607965567,2.2017283193882
plasma membrane,cellcom,0.22,2.5239522875803466,2.5734377623017504
plasma membrane,cellcom,0.23,2.7993751846655823,2.9709169068418615
plasma membrane,cellcom,0.24,3.165710365859955,3.3024915533579136
plasma membrane,cellcom,0.25,3.5246072692635866,3.6534439389560815
plasma membrane,cellcom,0.26,3.7852569201810775,3.9127557668117827
plasma membrane,cellcom,0.27,4.02576123541529,4.1525889298609915
plasma membrane,cellcom,0.28,4.196325077533735,4.370083865912795
plasma membrane,cellcom,0.29,4.467615598068523,4.462531829450325
plasma membrane,cellcom,0.3,4.421229671290104,4.476325011783074
plasma membrane,cellcom,0.31,4.445404074110037,4.423540857929209
plasma membrane,cellcom,0.32,4.293022688813446,4.299974129372646
plasma membrane,cellcom,0.33,4.124421725556473,4.143101911768709
plasma membrane,cellcom,0.34,3.9215220369310457,3.8814351503440014
plasma membrane,cellcom,0.35000000000000003,3.692691685451779,3.6181872192372673
plasma membrane,cellcom,0.36,3.4564230561817224,3.334518649896397
plasma membrane,cellcom,0.37,3.218294857463999,3.0209760661372975
plasma membrane,cellcom,0.38,2.877270482640917,2.754834930931478
plasma membrane,cellcom,0.39,2.5813923216311294,2.4867425650541968
plasma membrane,cellcom,0.4,2.32621806964294,2.279340201441016
plasma membrane,cellcom,0.41000000000000003,2.073833171826293,2.0364456247521106
plasma membrane,cellcom,0.42,1.796757324120887,1.8122559489827177
plasma membrane,cellcom,0.43,1.64282629761789,1.626855393285679
plasma membrane,cellcom,0.44,1.4261864569623302,1.4567619057871808
plasma membrane,cellcom,0.45,1.2711190269079686,1.2954153144021334
plasma membrane,cellcom,0.46,1.1460113268441237,1.1423446324167361
plasma membrane,cellcom,0.47000000000000003,1.0049939770611824,1.017129450361874
plasma membrane,cellcom,0.48,0.8788531828597278,0.8935290798971761
plasma membrane,cellcom,0.49,0.805916736744885,0.8049499357944175
plasma membrane,cellcom,0.5,0.7490965591766646,0.7273044118334733
plasma membrane,cellcom,0.51,0.6299808051109227,0.6485823468124118
plasma membrane,cellcom,0.52,0.5499160094466123,0.5793136579755034
plasma membrane,cellcom,0.53,0.4792523704344983,0.5071517650395304
plasma membrane,cellcom,0.54,0.42511823762404843,0.44716824284613194
plasma membrane,cellcom,0.55,0.3759429566740977,0.41699145125472503
plasma membrane,cellcom,0.56,0.31519702138298217,0.3774958511116797
plasma membrane,cellcom,0.5700000000000001,0.27025742639721095,0.34079252934331683
plasma membrane,cellcom,0.58,0.22841711382424568,0.29248274927055906
plasma membrane,cellcom,0.59,0.20186659448782274,0.2697071774674571
plasma membrane,cellcom,0.6,0.17252672097986899,0.23387854531043556
plasma membrane,cellcom,0.61,0.15455088298555927,0.2167211721648196
plasma membrane,cellcom,0.62,0.1277937448216155,0.20582119393113416
plasma membrane,cellcom,0.63,0.11260726099883663,0.18126260099721328
plasma membrane,cellcom,0.64,0.09783401483109935,0.16117838184440403
plasma membrane,cellcom,0.65,0.09752408658981815,0.14762069286855453
plasma membrane,cellcom,0.66,0.08151112745695606,0.1359133088397813
plasma membrane,cellcom,0.67,0.07613903794141524,0.12763739944013125
plasma membrane,cellcom,0.68,0.06735773777178118,0.11391150092363848
plasma membrane,cellcom,0.6900000000000001,0.06250219532504235,0.10156492064042072
plasma membrane,cellcom,0.7000000000000001,0.05206794453524247,0.08948747562223325
plasma membrane,cellcom,0.71,0.04710909267474266,0.08255724254772855
plasma membrane,cellcom,0.72,0.03770793602254622,0.07885663265357608
plasma membrane,cellcom,0.73,0.028823326439151763,0.06664462000287295
plasma membrane,cellcom,0.74,0.03305901240332819,0.06341499682252172
plasma membrane,cellcom,0.75,0.027170375818985355,0.05547550650415826
plasma membrane,cellcom,0.76,0.02603397226762095,0.05093384890678933
plasma membrane,cellcom,0.77,0.02365785575113173,0.04393633201602831
plasma membrane,cellcom,0.78,0.019112241545674105,0.03761165328784047
plasma membrane,cellcom,0.79,0.018802313304392908,0.038486342899185594
plasma membrane,cellcom,0.8,0.015083174409018485,0.03515579399444838
plasma membrane,cellcom,0.81,0.011570654341164867,0.029436669612576398
plasma membrane,cellcom,0.8200000000000001,0.013843461443893677,0.023683903322575754
plasma membrane,cellcom,0.8300000000000001,0.011260726099883787,0.023381126149418084
plasma membrane,cellcom,0.84,0.010227631962279658,0.023280200425031847
plasma membrane,cellcom,0.85,0.011467344927404465,0.02052156395848183
plasma membrane,cellcom,0.86,0.005991945998103233,0.02072341540725378
plasma membrane,cellcom,0.87,0.008264753100832047,0.018805826643920234
plasma membrane,cellcom,0.88,0.00712834954946764,0.014062317597779353
plasma membrane,cellcom,0.89,0.009607775479717253,0.01204380311005983
plasma membrane,cellcom,0.9,0.004132376550416024,0.010395349611755549
plasma membrane,cellcom,0.91,0.010227631962279658,0.00908331519473786
plasma membrane,cellcom,0.92,0.002789354171530816,0.009217882827252494
plasma membrane,cellcom,0.93,0.0013430223788852076,0.005719124381871985
plasma membrane,cellcom,0.9400000000000001,0.0006198564825624035,0.002724994558421358
plasma membrane,cellcom,0.9500000000000001,0.0009297847238436156,0.0033978327209945704
plasma membrane,cellcom,0.96,0.0,0.002994129823450628
plasma membrane,cellcom,0.97,0.0,0.0025231431096494053
plasma membrane,cellcom,0.98,0.0,3.364190812865874e-05
plasma membrane,cellcom,0.99,0.0,0.0
postsynaptic density,cellcom,0.0,0.0,0.0
postsynaptic density,cellcom,0.01,0.0,0.0
postsynaptic density,cellcom,0.02,0.0,0.0
postsynaptic density,cellcom,0.03,0.0,0.0008580113429099531
postsynaptic density,cellcom,0.04,0.0,0.0019500257793408024
postsynaptic density,cellcom,0.05,0.0031797850465308565,0.005122067713735179
postsynaptic density,cellcom,0.06,0.006359570093061703,0.012662167393852935
postsynaptic density,cellcom,0.07,0.00847942679074895,0.03242242862450643
postsynaptic density,cellcom,0.08,0.03179785046530856,0.0760770057380159
postsynaptic density,cellcom,0.09,0.0794946261632713,0.15046398913393624
postsynaptic density,cellcom,0.1,0.14944989718695023,0.2497853021616947
postsynaptic density,cellcom,0.11,0.25968244546668656,0.36538283036101754
postsynaptic density,cellcom,0.12,0.3084391495134926,0.5072667060658538
postsynaptic density,cellcom,0.13,0.24908316197825003,0.6408564721225608
postsynaptic density,cellcom,0.14,0.37521463549064155,0.7796983076116281
postsynaptic density,cellcom,0.15,0.45152947660738096,0.9246502238759587
postsynaptic density,cellcom,0.16,0.5024060373518745,1.0583179909638396
postsynaptic density,cellcom,0.17,0.6052190871897072,1.2293222516401692
postsynaptic density,cellcom,0.18,0.8447628940283629,1.415926718551218
postsynaptic density,cellcom,0.19,1.0196510715875597,1.6555718866603402
postsynaptic density,cellcom,0.2,1.2051385326351962,1.9241814376786097
postsynaptic density,cellcom,0.21,1.4828397600322205,2.21351326264533
postsynaptic density,cellcom,0.22,1.8400356135925195,2.5789740940375205
postsynaptic density,cellcom,0.23,2.148474763106018,2.9479189714888085
postsynaptic density,cellcom,0.24,2.5925847412714877,3.2854814340645553
postsynaptic density,cellcom,0.25,2.8851249655523263,3.6398661190300903
postsynaptic density,cellcom,0.26,2.9126831026222604,3.905199626739062
postsynaptic density,cellcom,0.27,3.6620524452546976,4.132702634328822
postsynaptic density,cellcom,0.28,3.8878171835584094,4.338183350783917
postsynaptic density,cellcom,0.29,4.283170457677057,4.468211069750338
postsynaptic density,cellcom,0.3,4.534373476352994,4.461034974882364
postsynaptic density,cellcom,0.31,4.475017488817752,4.427780535258672
postsynaptic density,cellcom,0.32,4.536493333050681,4.292422745828696
postsynaptic density,cellcom,0.33,4.517414622771496,4.129218588269733
postsynaptic density,cellcom,0.34,4.187776906281131,3.8840093466035586
postsynaptic density,cellcom,0.35000000000000003,4.163398554257752,3.6235639035148215
postsynaptic density,cellcom,0.36,4.158098912513511,3.3449962208500366
postsynaptic density,cellcom,0.37,3.803022915650899,3.0514523401999347
postsynaptic density,cellcom,0.38,3.2571598159964354,2.7733266633784877
postsynaptic density,cellcom,0.39,3.0568333580649925,2.4965790047744405
postsynaptic density,cellcom,0.4,2.902083819133824,2.2758620868967867
postsynaptic density,cellcom,0.41000000000000003,2.681618722574367,2.0300288369812343
postsynaptic density,cellcom,0.42,2.361520361223579,1.7948817283364469
postsynaptic density,cellcom,0.43,1.9969050092213747,1.6217974401621575
postsynaptic density,cellcom,0.44,1.8707735357089845,1.438911022403715
postsynaptic density,cellcom,0.45,1.7478218472431248,1.2782028978423083
postsynaptic density,cellcom,0.46,1.592012379963113,1.1322369681727182
postsynaptic density,cellcom,0.47000000000000003,1.4044050622178006,1.0045752804852128
postsynaptic density,cellcom,0.48,1.2485955949377812,0.8811256484810722
postsynaptic density,cellcom,0.49,1.2178576728213162,0.7950645107528315
postsynaptic density,cellcom,0.5,1.0238907849829342,0.7255135912896763
postsynaptic density,cellcom,0.51,0.930617090284696,0.6369824209076038
postsynaptic density,cellcom,0.52,0.8331036821910831,0.5656894784149041
postsynaptic density,cellcom,0.53,0.7069722086786927,0.4952285469213899
postsynaptic density,cellcom,0.54,0.7154516354694417,0.4350377511990705
postsynaptic density,cellcom,0.55,0.5087656074449363,0.4044093462915576
postsynaptic density,cellcom,0.56,0.48862696881690754,0.3590907471796774
postsynaptic density,cellcom,0.5700000000000001,0.35931571025799025,0.32258626459042117
postsynaptic density,cellcom,0.58,0.36885506539757884,0.2744856287000112
postsynaptic density,cellcom,0.59,0.3052593644669618,0.2517613282847597
postsynaptic density,cellcom,0.6,0.26816187225743515,0.21759687663070887
postsynaptic density,cellcom,0.61,0.22470480995484685,0.20087865561582707
postsynaptic density,cellcom,0.62,0.21198566976872343,0.18603245934911244
postsynaptic density,cellcom,0.63,0.18230767600110218,0.16395816752697456
postsynaptic density,cellcom,0.64,0.14627011214041918,0.1456019248574465
postsynaptic density,cellcom,0.65,0.17594810590804047,0.13431777568099437
postsynaptic density,cellcom,0.66,0.14521018379157555,0.12199361275556052
postsynaptic density,cellcom,0.67,0.13779068534967023,0.11442751273171821
postsynaptic density,cellcom,0.68,0.13249104360545216,0.10173934499414074
postsynaptic density,cellcom,0.6900000000000001,0.11023254827973619,0.09152120991039495
postsynaptic density,cellcom,0.7000000000000001,0.059355987535243224,0.0808090682958837
postsynaptic density,cellcom,0.71,0.0794946261632713,0.07371097445908228
postsynaptic density,cellcom,0.72,0.04027727725605746,0.06944691808825706
postsynaptic density,cellcom,0.73,0.05299641744218086,0.057460759631242274
postsynaptic density,cellcom,0.74,0.029677993767621286,0.05660274828833232
postsynaptic density,cellcom,0.75,0.031797850465308516,0.048932646889591834
postsynaptic density,cellcom,0.76,0.028618065418777667,0.04521459773698205
postsynaptic density,cellcom,0.77,0.030737922116464898,0.03915651764916329
postsynaptic density,cellcom,0.78,0.016958853581497877,0.033462442373488145
postsynaptic density,cellcom,0.79,0.02331842367455958,0.0339044482168054
postsynaptic density,cellcom,0.8,0.02331842367455958,0.030394401813991955
postsynaptic density,cellcom,0.81,0.005299641744218086,0.025532337537502222
postsynaptic density,cellcom,0.8200000000000001,0.018018781930341492,0.021346282197850636
postsynaptic density,cellcom,0.8300000000000001,0.015898925232654435,0.020514271198665453
postsynaptic density,cellcom,0.84,0.004239713395374469,0.02046227051121614
postsynaptic density,cellcom,0.85,0.004239713395374469,0.01864224645049806
postsynaptic density,cellcom,0.86,0.009539355139592556,0.017290228576821772
postsynaptic density,cellcom,0.87,0.012719140186123405,0.016302215515289098
postsynaptic density,cellcom,0.88,0.007419498441905321,0.012480164987781128
postsynaptic density,cellcom,0.89,0.01165921183727979,0.011440151238799368
postsynaptic density,cellcom,0.9,0.007419498441905321,0.008892117553794054
postsynaptic density,cellcom,0.91,0.0021198566976872346,0.009542126146907654
postsynaptic density,cellcom,0.92,0.0010599283488436173,0.007800103117363205
postsynaptic density,cellcom,0.93,0.0,0.004758062901591555
postsynaptic density,cellcom,0.9400000000000001,0.0,0.0022620299040353293
postsynaptic density,cellcom,0.9500000000000001,0.0,0.0028600378096998737
postsynaptic density,cellcom,0.96,0.0,0.0023140305914844173
postsynaptic density,cellcom,0.97,0.0,0.0019500257793408013
postsynaptic density,cellcom,0.98,0.0,2.6000343724544018e-05
postsynaptic density,cellcom,0.99,0.0,0.0
postsynaptic membrane,cellcom,0.0,0.0,0.0
postsynaptic membrane,cellcom,0.01,0.0,0.0
postsynaptic membrane,cellcom,0.02,0.0,0.0
postsynaptic membrane,cellcom,0.03,0.0,0.0008478896284085162
postsynaptic membrane,cellcom,0.04,0.0,0.0019270218827466274
postsynaptic membrane,cellcom,0.05,0.0,0.005138725020657677
postsynaptic membrane,cellcom,0.06,0.0,0.012666957175921157
postsynaptic membrane,cellcom,0.07,0.008258831788243558,0.03214272500421377
postsynaptic membrane,cellcom,0.08,0.02064707947060889,0.07569341955428759
postsynaptic membrane,cellcom,0.09,0.0929118576177399,0.14945981722582835
postsynaptic membrane,cellcom,0.1,0.11355893708834891,0.24904830812617432
postsynaptic membrane,cellcom,0.11,0.3489356430532903,0.3630252290843616
postsynaptic membrane,cellcom,0.12,0.3675180145768378,0.5041860054018273
postsynaptic membrane,cellcom,0.13,0.35925918278859426,0.6348637826771518
postsynaptic membrane,cellcom,0.14,0.6565771271653636,0.7714254001011316
postsynaptic membrane,cellcom,0.15,0.7329713212066147,0.915566636930577
postsynaptic membrane,cellcom,0.16,0.7143889496830668,1.04912210021747
postsynaptic membrane,cellcom,0.17,0.9559597794891931,1.2175952000197352
postsynaptic membrane,cellcom,0.18,1.2408894761835927,1.4042593863951216
postsynaptic membrane,cellcom,0.19,1.5939545351310043,1.6409233672215104
postsynaptic membrane,cellcom,0.2,1.684801684801688,1.9097300730521185
postsynaptic membrane,cellcom,0.21,1.9573431338137202,2.1989889044649336
postsynaptic membrane,cellcom,0.22,2.5024260318377944,2.5620141335492943
postsynaptic membrane,cellcom,0.23,2.6139202609790892,2.932696062914444
postsynaptic membrane,cellcom,0.24,3.2746268040385655,3.2688200665156537
postsynaptic membrane,cellcom,0.25,3.6834389775566216,3.6210282794315303
postsynaptic membrane,cellcom,0.26,4.015856957033424,3.8797630842216444
postsynaptic membrane,cellcom,0.27,4.627010509363446,4.115142383792868
postsynaptic membrane,cellcom,0.28,4.798381268969527,4.321539274247608
postsynaptic membrane,cellcom,0.29,5.011046187516771,4.456970372167017
postsynaptic membrane,cellcom,0.3,5.0089814795697105,4.4559940144130925
postsynaptic membrane,cellcom,0.31,4.845869551751901,4.423722821283362
postsynaptic membrane,cellcom,0.32,4.432927962339723,4.296590764272291
postsynaptic membrane,cellcom,0.33,4.428798546445601,4.134900781497297
postsynaptic membrane,cellcom,0.34,3.813515578221457,3.8922501860218426
postsynaptic membrane,cellcom,0.35000000000000003,3.9084921437862796,3.633104283230096
postsynaptic membrane,cellcom,0.36,3.5760741643094556,3.3618309893895577
postsynaptic membrane,cellcom,0.37,3.5327152974211766,3.0636821636909994
postsynaptic membrane,cellcom,0.38,2.5168789874672206,2.7882465025837484
postsynaptic membrane,cellcom,0.39,2.4280965457436023,2.511012287719267
postsynaptic membrane,cellcom,0.4,2.269114033819914,2.2911262440853255
postsynaptic membrane,cellcom,0.41000000000000003,2.147296264943334,2.0443646685933556
postsynaptic membrane,cellcom,0.42,1.942890178184294,1.8067757172632366
postsynaptic membrane,cellcom,0.43,1.6930605165899268,1.6300035765526129
postsynaptic membrane,cellcom,0.44,1.4638779344661685,1.4490690685752565
postsynaptic membrane,cellcom,0.45,1.4267131914190725,1.2877387965517089
postsynaptic membrane,cellcom,0.46,1.2759895112836277,1.1415934569642048
postsynaptic membrane,cellcom,0.47000000000000003,1.1004893357834586,1.013073944197562
postsynaptic membrane,cellcom,0.48,0.8485949662420244,0.890438271579561
postsynaptic membrane,cellcom,0.49,0.8878244172361812,0.8041590784827187
postsynaptic membrane,cellcom,0.5,0.7639419404125279,0.7322683154437181
postsynaptic membrane,cellcom,0.51,0.747424276836041,0.6427260319587581
postsynaptic membrane,cellcom,0.52,0.5905064728594135,0.5718630139238888
postsynaptic membrane,cellcom,0.53,0.43565337682984706,0.5011027703894327
postsynaptic membrane,cellcom,0.54,0.4232651291474817,0.4419817390267662
postsynaptic membrane,cellcom,0.55,0.31590031590031564,0.4080404602653223
postsynaptic membrane,cellcom,0.56,0.2766708649061588,0.36325647171029074
postsynaptic membrane,cellcom,0.5700000000000001,0.22711787417670004,0.32466464680515517
postsynaptic membrane,cellcom,0.58,0.18995313112960158,0.27782516824185693
postsynaptic membrane,cellcom,0.59,0.1858237152354798,0.25387870964559217
postsynaptic membrane,cellcom,0.6,0.16311192781781003,0.21950063925739235
postsynaptic membrane,cellcom,0.61,0.11768835298247052,0.20249145943901548
postsynaptic membrane,cellcom,0.62,0.11149422914128787,0.18758915687910824
postsynaptic membrane,cellcom,0.63,0.09497656556480079,0.16526139666435066
postsynaptic membrane,cellcom,0.64,0.08878244172361811,0.14632519496322716
postsynaptic membrane,cellcom,0.65,0.08052360993537457,0.13599635767170523
postsynaptic membrane,cellcom,0.66,0.0743294860941919,0.12314954512006107
postsynaptic membrane,cellcom,0.67,0.041294158941217726,0.11590394284093375
postsynaptic membrane,cellcom,0.68,0.018582371523547976,0.10351961554114876
postsynaptic membrane,cellcom,0.6900000000000001,0.010323539735304432,0.09298522924880054
postsynaptic membrane,cellcom,0.7000000000000001,0.008258831788243638,0.08119185532639209
postsynaptic membrane,cellcom,0.71,0.006194123841182658,0.07469136817525925
postsynaptic membrane,cellcom,0.72,0.008258831788243546,0.06950125590439499
postsynaptic membrane,cellcom,0.73,0.010323539735304432,0.05793912460791523
postsynaptic membrane,cellcom,0.74,0.006194123841182658,0.05657736247744095
postsynaptic membrane,cellcom,0.75,0.010323539735304432,0.048997743071970884
postsynaptic membrane,cellcom,0.76,0.0,0.04537494193240723
postsynaptic membrane,cellcom,0.77,0.012388247682365317,0.039285552782927884
postsynaptic membrane,cellcom,0.78,0.006194123841182658,0.033401712634274855
postsynaptic membrane,cellcom,0.79,0.008258831788243546,0.0339669723865472
postsynaptic membrane,cellcom,0.8,0.004129415894121773,0.030549720247809848
postsynaptic membrane,cellcom,0.81,0.0,0.0253596079769456
postsynaptic membrane,cellcom,0.8200000000000001,0.006194123841182658,0.021454176961245772
postsynaptic membrane,cellcom,0.8300000000000001,0.004129415894121819,0.020606287332837484
postsynaptic membrane,cellcom,0.84,0.0020647079470608866,0.020297963831597796
postsynaptic membrane,cellcom,0.85,0.018582371523547976,0.018293861073541307
postsynaptic membrane,cellcom,0.86,0.006194123841182658,0.017240422444306482
postsynaptic membrane,cellcom,0.87,0.0,0.016418226441001254
postsynaptic membrane,cellcom,0.88,0.0020647079470608866,0.012487101800198137
postsynaptic membrane,cellcom,0.89,0.0,0.011587824921583044
postsynaptic membrane,cellcom,0.9,0.0,0.008967075161047635
postsynaptic membrane,cellcom,0.91,0.0,0.009480947663113401
postsynaptic membrane,cellcom,0.92,0.0,0.007733781156089793
postsynaptic membrane,cellcom,0.93,0.0,0.004701933393901768
postsynaptic membrane,cellcom,0.9400000000000001,0.0,0.0022353453839860865
postsynaptic membrane,cellcom,0.9500000000000001,0.0,0.00282629876136175
postsynaptic membrane,cellcom,0.96,0.0,0.0022867326341926633
postsynaptic membrane,cellcom,0.97,0.0,0.0019270218827466263
postsynaptic membrane,cellcom,0.98,0.0,2.5693625103288352e-05
postsynaptic membrane,cellcom,0.99,0.0,0.0
presynapse,cellcom,0.0,0.0,0.0
presynapse,cellcom,0.01,0.0,0.0
presynapse,cellcom,0.02,0.0,0.0
presynapse,cellcom,0.03,0.0,0.0008573036294079044
presynapse,cellcom,0.04,0.0,0.0019484173395634189
presynapse,cellcom,0.05,0.003290520011845874,0.005117842878586585
presynapse,cellcom,0.06,0.003290520011845869,0.01272965995181433
presynapse,cellcom,0.07,0.003290520011845874,0.0325255801217787
presynapse,cellcom,0.08,0.06142304022112297,0.07533880379645225
presynapse,cellcom,0.09,0.11078084039881092,0.14966443057633133
presynapse,cellcom,0.1,0.1469765605291157,0.24976112403416964
presynapse,cellcom,0.11,0.2270458808173653,0.3660686497571754
presynapse,cellcom,0.12,0.267628960963464,0.5080693054645569
presynapse,cellcom,0.13,0.3027278410898199,0.6392627396618269
presynapse,cellcom,0.14,0.3652477213148925,0.7796007459061168
presynapse,cellcom,0.15,0.5495168419782601,0.9219391272856875
presynapse,cellcom,0.16,0.6493292823375849,1.0543795485802783
presynapse,cellcom,0.17,0.692106042491583,1.2267495358869922
presynapse,cellcom,0.18,0.8006932028824949,1.4164994058626048
presynapse,cellcom,0.19,0.9904465235656065,1.6557390762631314
presynapse,cellcom,0.2,1.1747156442289786,1.9243089223485583
presynapse,cellcom,0.21,1.3513068848647034,2.216025966427988
presynapse,cellcom,0.22,1.8032049664915364,2.5792369374204696
presynapse,cellcom,0.23,2.026960327297061,2.9501376621797704
presynapse,cellcom,0.24,2.5062794090226035,3.286954072945625
presynapse,cellcom,0.25,2.950499610621796,3.6376951729649005
presynapse,cellcom,0.26,3.2455495716839753,3.8964969534546445
presynapse,cellcom,0.27,3.497822772592159,4.136204244016667
presynapse,cellcom,0.28,4.087922694716541,4.333072332006179
presynapse,cellcom,0.29,4.217349815182455,4.469617419162758
presynapse,cellcom,0.3,4.231608735233787,4.468266516473995
presynapse,cellcom,0.31,4.352261135668137,4.430727009065072
presynapse,cellcom,0.32,4.4389114959800775,4.294935309946433
presynapse,cellcom,0.33,4.562854416426272,4.128462532454134
presynapse,cellcom,0.34,4.129602614866566,3.885637774148811
presynapse,cellcom,0.35000000000000003,4.142764694913972,3.6244978928516116
presynapse,cellcom,0.36,3.905847254061047,3.3516415286191306
presynapse,cellcom,0.37,3.7786138136030067,3.0526503931386584
presynapse,cellcom,0.38,3.4023976922486283,2.770285752289128
presynapse,cellcom,0.39,3.1205098112338328,2.495532928512825
presynapse,cellcom,0.4,2.8375250902150877,2.277907701132522
presynapse,cellcom,0.41000000000000003,2.5227320090818472,2.0343295547892453
presynapse,cellcom,0.42,2.30226716828816,1.7967525338518011
presynapse,cellcom,0.43,2.0181856072654663,1.6216028044739805
presynapse,cellcom,0.44,1.9446973270009087,1.4375163342320287
presynapse,cellcom,0.45,1.7889460464402043,1.2776162178985242
presynapse,cellcom,0.46,1.612354805804476,1.1321343898777891
presynapse,cellcom,0.47000000000000003,1.4236983251253206,1.0044481068917388
presynapse,cellcom,0.48,1.3545974048765494,0.8789180724281274
presynapse,cellcom,0.49,1.135229404086825,0.7973703120429331
presynapse,cellcom,0.5,1.0014149236050929,0.7262920474956596
presynapse,cellcom,0.51,0.843469963036491,0.6392887185596877
presynapse,cellcom,0.52,0.896118283226025,0.5644175349247309
presynapse,cellcom,0.53,0.7041712825350159,0.49546954000204674
presynapse,cellcom,0.54,0.6932028824955297,0.43579601161568443
presynapse,cellcom,0.55,0.584615722104616,0.4026988957409672
presynapse,cellcom,0.56,0.4738348817058052,0.3595479463941027
presynapse,cellcom,0.5700000000000001,0.4244770815281218,0.3210731986621939
presynapse,cellcom,0.58,0.4025402814491447,0.2737656256575906
presynapse,cellcom,0.59,0.3235678011648438,0.2513718157015417
presynapse,cellcom,0.6,0.29504996106217957,0.21700173383164306
presynapse,cellcom,0.61,0.2489826808963374,0.20032328140498018
presynapse,cellcom,0.62,0.17878492064362556,0.18684023341520134
presynapse,cellcom,0.63,0.1897533206831118,0.1637969510126313
presynapse,cellcom,0.64,0.20181856072654666,0.1442867987191363
presynapse,cellcom,0.65,0.18207544065547143,0.1342069863491282
presynapse,cellcom,0.66,0.15794496056860172,0.12171113647806149
presynapse,cellcom,0.67,0.1809786006515228,0.11342386806045175
presynapse,cellcom,0.68,0.1382018404975265,0.10162944843162787
presynapse,cellcom,0.6900000000000001,0.09542508034353021,0.09188736173381079
presynapse,cellcom,0.7000000000000001,0.059229360213226306,0.08079437234723062
presynapse,cellcom,0.71,0.12833028046198888,0.07255906172534168
presynapse,cellcom,0.72,0.1414923605093724,0.06702555648098157
presynapse,cellcom,0.73,0.06910092024876326,0.057075638600277714
presynapse,cellcom,0.74,0.04716412016979079,0.056166377175148115
presynapse,cellcom,0.75,0.030711520110561448,0.04894424356983305
presynapse,cellcom,0.76,0.02193680007897246,0.045359155665036364
presynapse,cellcom,0.77,0.03619572013030456,0.03902030458699004
presynapse,cellcom,0.78,0.01096840003948623,0.03359071493407332
presynapse,cellcom,0.79,0.008774720031588985,0.03424018738059446
presynapse,cellcom,0.8,0.007677880027640362,0.030759015067241154
presynapse,cellcom,0.81,0.016452600059229345,0.025251488720741892
presynapse,cellcom,0.8200000000000001,0.02083996007502384,0.02127671734803252
presynapse,cellcom,0.8300000000000001,0.017549440063178164,0.020471371514346536
presynapse,cellcom,0.84,0.0142589200513321,0.020211582535737852
presynapse,cellcom,0.85,0.015355760055280724,0.01836708078761782
presynapse,cellcom,0.86,0.006581040023691738,0.01735390377104484
presynapse,cellcom,0.87,0.016452600059229345,0.016210832265167636
presynapse,cellcom,0.88,0.015355760055280724,0.012288018688179954
presynapse,cellcom,0.89,0.019743120071075215,0.011248862773746131
presynapse,cellcom,0.9,0.015355760055280724,0.008702930783383266
presynapse,cellcom,0.91,0.016452600059229345,0.009196529842739332
presynapse,cellcom,0.92,0.006581040023691738,0.007663774868949443
presynapse,cellcom,0.93,0.0,0.004754138308534739
presynapse,cellcom,0.9400000000000001,0.0,0.0022601641138935646
presynapse,cellcom,0.9500000000000001,0.0,0.0028576787646930443
presynapse,cellcom,0.96,0.0,0.002312121909615256
presynapse,cellcom,0.97,0.0,0.0019484173395634178
presynapse,cellcom,0.98,0.0,2.597889786084557e-05
presynapse,cellcom,0.99,0.0,0.0
protein-containing complex,cellcom,0.0,0.0,0.0
protein-containing complex,cellcom,0.01,0.0,0.0
protein-containing complex,cellcom,0.02,0.0,0.0
protein-containing complex,cellcom,0.03,0.00044468786987840003,0.0010419930935154067
protein-containing complex,cellcom,0.04,0.0017787514795136001,0.0019682091766402127
protein-containing complex,cellcom,0.05,0.002890471154209602,0.006213366224295577
protein-containing complex,cellcom,0.06,0.005558598373479997,0.016131596781090357
protein-containing complex,cellcom,0.07,0.012895948226473608,0.041718316077413164
protein-containing complex,cellcom,0.08,0.030312889796710957,0.09829468182162009
protein-containing complex,cellcom,0.09,0.05981051849864476,0.1950842625081621
protein-containing complex,cellcom,0.1,0.1063545155459174,0.3208180957923549
protein-containing complex,cellcom,0.11,0.17424353034735318,0.46106264771216937
protein-containing complex,cellcom,0.12,0.269258505211371,0.6239609013317439
protein-containing complex,cellcom,0.13,0.35663967164247656,0.7745867918499152
protein-containing complex,cellcom,0.14,0.49441879665980215,0.9135192043186386
protein-containing complex,cellcom,0.15,0.5982534142764071,1.077382266358133
protein-containing complex,cellcom,0.16,0.6967517774544726,1.226348686394039
protein-containing complex,cellcom,0.17,0.8598781110548679,1.3989722088864285
protein-containing complex,cellcom,0.18,0.9762381036730469,1.6240813094225492
protein-containing complex,cellcom,0.19,1.1867236954154894,1.8765523767476522
protein-containing complex,cellcom,0.2,1.42389055935064,2.1585079893855674
protein-containing complex,cellcom,0.21,1.704562719888886,2.4519255260521406
protein-containing complex,cellcom,0.22,2.0804721992260933,2.811644697335737
protein-containing complex,cellcom,0.23,2.4288851452758258,3.189077751209104
protein-containing complex,cellcom,0.24,2.7772980913255454,3.524869673678634
protein-containing complex,cellcom,0.25,3.1362353169623938,3.874632022068638
protein-containing complex,cellcom,0.26,3.4067537711384204,4.128608190528819
protein-containing complex,cellcom,0.27,3.6880929634814876,4.347079409135883
protein-containing complex,cellcom,0.28,3.969283926534618,4.5138754887719665
protein-containing complex,cellcom,0.29,4.173469773453761,4.614948818842936
protein-containing complex,cellcom,0.3,4.299835243144206,4.5476437834692
protein-containing complex,cellcom,0.31,4.321402604833309,4.484892643837494
protein-containing complex,cellcom,0.32,4.269670582637455,4.313156745091437
protein-containing complex,cellcom,0.33,4.193036039728411,4.110122461203121
protein-containing complex,cellcom,0.34,4.045029093703883,3.811224812711386
protein-containing complex,cellcom,0.35000000000000003,3.8227592734096842,3.539496169324666
protein-containing complex,cellcom,0.36,3.592707415392571,3.2456155246165053
protein-containing complex,cellcom,0.37,3.3965259501312173,2.8991335248542343
protein-containing complex,cellcom,0.38,3.0412203420983754,2.651447907291942
protein-containing complex,cellcom,0.39,2.8331064189952846,2.341744404497086
protein-containing complex,cellcom,0.4,2.624325464087376,2.1172141890129144
protein-containing complex,cellcom,0.41000000000000003,2.412135235510413,1.8547862987942296
protein-containing complex,cellcom,0.42,2.1361322976058728,1.6378201813222337
protein-containing complex,cellcom,0.43,1.9566266274649586,1.4611058711293803
protein-containing complex,cellcom,0.44,1.7863111733015316,1.2737400759805917
protein-containing complex,cellcom,0.45,1.597541172538151,1.1290188129923406
protein-containing complex,cellcom,0.46,1.438046456541765,0.9897390694924482
protein-containing complex,cellcom,0.47000000000000003,1.2981921214650154,0.8662435917424788
protein-containing complex,cellcom,0.48,1.1637481554717721,0.7473406020713272
protein-containing complex,cellcom,0.49,1.0710307346021255,0.6667598028394691
protein-containing complex,cellcom,0.5,1.0115907893283795,0.5874139583851109
protein-containing complex,cellcom,0.51,0.862546238274136,0.5302201152521542
protein-containing complex,cellcom,0.52,0.7628620407763946,0.4727561257616193
protein-containing complex,cellcom,0.53,0.6946765673950401,0.39908335481640045
protein-containing complex,cellcom,0.54,0.6186349416458338,0.34964657137961397
protein-containing complex,cellcom,0.55,0.5843198610202173,0.3145275448944651
protein-containing complex,cellcom,0.56,0.5274739283207618,0.2761281697815826
protein-containing complex,cellcom,0.5700000000000001,0.4804111287586365,0.24174239769557684
protein-containing complex,cellcom,0.58,0.413485604341932,0.20554278578011304
protein-containing complex,cellcom,0.59,0.3832468291902008,0.18524321662496107
protein-containing complex,cellcom,0.6,0.3382592396875027,0.15660770272168584
protein-containing complex,cellcom,0.61,0.311503852849819,0.1441423779362978
protein-containing complex,cellcom,0.62,0.30357358583698757,0.12577242562098917
protein-containing complex,cellcom,0.63,0.2602165185238436,0.11450346327630403
protein-containing complex,cellcom,0.64,0.2411690547640521,0.09586336460341734
protein-containing complex,cellcom,0.65,0.21745236837053747,0.09254442363888679
protein-containing complex,cellcom,0.66,0.20611282768863828,0.07903710575998338
protein-containing complex,cellcom,0.67,0.18973349114811722,0.07606549582662463
protein-containing complex,cellcom,0.68,0.17446587428229215,0.06498949516592384
protein-containing complex,cellcom,0.6900000000000001,0.15571486910241963,0.058776128941628265
protein-containing complex,cellcom,0.7000000000000001,0.13814969824222437,0.05017003783592751
protein-containing complex,cellcom,0.71,0.12384557176113432,0.047815905291318066
protein-containing complex,cellcom,0.72,0.12347499853623566,0.04025180727913216
protein-containing complex,cellcom,0.73,0.09605257989373434,0.037203012672179674
protein-containing complex,cellcom,0.74,0.0990912803379034,0.033498148339680456
protein-containing complex,cellcom,0.75,0.08434246598693648,0.02987046868077497
protein-containing complex,cellcom,0.76,0.07744980400382129,0.027825074830541027
protein-containing complex,cellcom,0.77,0.06470208506730717,0.02554812695952588
protein-containing complex,cellcom,0.78,0.059217601338806894,0.01945053774562091
protein-containing complex,cellcom,0.79,0.061441040688198896,0.019180391388042842
protein-containing complex,cellcom,0.8,0.05847645488900956,0.015514119392340488
protein-containing complex,cellcom,0.81,0.048470977816745565,0.012851248153356674
protein-containing complex,cellcom,0.8200000000000001,0.03698320784488691,0.013082802174137875
protein-containing complex,cellcom,0.8300000000000001,0.03661263461998865,0.011963624407028868
protein-containing complex,cellcom,0.84,0.03609383210513011,0.011732070386247533
protein-containing complex,cellcom,0.85,0.03416685133565704,0.01003400756718539
protein-containing complex,cellcom,0.86,0.032313985211163715,0.009184976157654318
protein-containing complex,cellcom,0.87,0.024680176778251184,0.011809255059841267
protein-containing complex,cellcom,0.88,0.017713400150156256,0.009570899525622987
protein-containing complex,cellcom,0.89,0.01941803698469012,0.007293951654607841
protein-containing complex,cellcom,0.9,0.01600876331562239,0.005132780793983296
protein-containing complex,cellcom,0.91,0.017046368345338653,0.005364334814764497
protein-containing complex,cellcom,0.92,0.015267616865825057,0.003666271995702354
protein-containing complex,cellcom,0.93,0.009560789202385594,0.0020839861870308118
protein-containing complex,cellcom,0.9400000000000001,0.004669222633723197,0.0009262160831248052
protein-containing complex,cellcom,0.9500000000000001,0.002816356509229896,0.0027786482493744468
protein-containing complex,cellcom,0.96,0.003186929734128531,0.001775247492655877
protein-containing complex,cellcom,0.97,0.0004446878698783997,0.002662871238983815
protein-containing complex,cellcom,0.98,7.41146449797333e-05,0.0
protein-containing complex,cellcom,0.99,0.0,0.0
receptor complex,cellcom,0.0,0.0,0.0
receptor complex,cellcom,0.01,0.0,0.0
receptor complex,cellcom,0.02,0.0,0.0
receptor complex,cellcom,0.03,0.0,0.0008566802498079607
receptor complex,cellcom,0.04,0.0,0.001947000567745365
receptor complex,cellcom,0.05,0.01018445173701483,0.004958361445858201
receptor complex,cellcom,0.06,0.018105691976915226,0.012382923610860514
receptor complex,cellcom,0.07,0.030553355211044488,0.03187888929588414
receptor complex,cellcom,0.08,0.1686092565350233,0.07286974124881658
receptor complex,cellcom,0.09,0.29761231187054404,0.1453500823840839
receptor complex,cellcom,0.1,0.6042774697295465,0.23919550974941076
receptor complex,cellcom,0.11,1.086341518614915,0.346254580967836
receptor complex,cellcom,0.12,1.587642865225754,0.4776122192717227
receptor complex,cellcom,0.13,1.9429670702727153,0.601389535365188
receptor complex,cellcom,0.14,2.5676134434762976,0.7287752925108766
receptor complex,cellcom,0.15,2.9761231187054404,0.865999892525568
receptor complex,cellcom,0.16,2.969333484214097,1.0008621318513968
receptor complex,cellcom,0.17,3.081362453321269,1.1715491816237436
receptor complex,cellcom,0.18,2.8131718909132033,1.369883639458068
receptor complex,cellcom,0.19,3.0304401946361863,1.6084561090258
receptor complex,cellcom,0.2,2.7769605069593806,1.887006990251242
receptor complex,cellcom,0.21,2.765644449473801,2.182951076548532
receptor complex,cellcom,0.22,3.170759307457279,2.547299782792614
receptor complex,cellcom,0.23,3.204707479914004,2.922447852185799
receptor complex,cellcom,0.24,3.3269209007581733,3.2675601928205493
receptor complex,cellcom,0.25,3.5826637999321003,3.6226930963773034
receptor complex,cellcom,0.26,3.5566368677152846,3.88888701399945
receptor complex,cellcom,0.27,3.5736109539436427,4.134001405474806
receptor complex,cellcom,0.28,3.7942740749123183,4.33963062543631
receptor complex,cellcom,0.29,3.8451963335973716,4.4779715057764875
receptor complex,cellcom,0.3,3.9628833314473204,4.474259224693986
receptor complex,cellcom,0.31,3.808984949643541,4.44313317561763
receptor complex,cellcom,0.32,3.7048772207762783,4.311879377344023
receptor complex,cellcom,0.33,3.580400588434986,4.151316730523955
receptor complex,cellcom,0.34,3.397080457168719,3.902619858003947
receptor complex,cellcom,0.35000000000000003,2.8154351024103335,3.655324825892736
receptor complex,cellcom,0.36,2.5687450492248476,3.3827187864007953
receptor complex,cellcom,0.37,2.413715061672511,3.084490219437345
receptor complex,cellcom,0.38,1.8637546678737111,2.8060431782421884
receptor complex,cellcom,0.39,1.7924635057146074,2.526453896713954
receptor complex,cellcom,0.4,1.62159103768247,2.3062091924905985
receptor complex,cellcom,0.41000000000000003,1.5718003847459618,2.0564998796753744
receptor complex,cellcom,0.42,1.2470295349100362,1.821328171099293
receptor complex,cellcom,0.43,1.1972388819735194,1.640724398435233
receptor complex,cellcom,0.44,0.9381011655539202,1.4609773060209812
receptor complex,cellcom,0.45,0.7875976009958124,1.3009598193598821
receptor complex,cellcom,0.46,0.8068348987212849,1.1509628956207794
receptor complex,cellcom,0.47000000000000003,0.6982007468597974,1.0213964978392236
receptor complex,cellcom,0.48,0.49338010637093993,0.8990210221545292
receptor complex,cellcom,0.49,0.5431707593074568,0.8111983165454284
receptor complex,cellcom,0.5,0.443589453434423,0.7392890955766996
receptor complex,cellcom,0.51,0.3858775602580058,0.6499347495209724
receptor complex,cellcom,0.52,0.3632454452868617,0.5768832882191663
receptor complex,cellcom,0.53,0.3281656670815885,0.5042471870384794
receptor complex,cellcom,0.54,0.3304288785787029,0.444305529559492
receptor complex,cellcom,0.55,0.2896910716306436,0.40959699943848465
receptor complex,cellcom,0.56,0.2659273509109424,0.3644006262592223
receptor complex,cellcom,0.5700000000000001,0.16860925653502493,0.32701821535851494
receptor complex,cellcom,0.58,0.1437139300667646,0.27979696158879375
receptor complex,cellcom,0.59,0.14258232431820742,0.2555762745260414
receptor complex,cellcom,0.6,0.09505488287880494,0.2216465446321322
receptor complex,cellcom,0.61,0.0656331334163177,0.2045648596511129
receptor complex,cellcom,0.62,0.07808079665044691,0.1891446151545696
receptor complex,cellcom,0.63,0.037342989702387655,0.1673122487882516
receptor complex,cellcom,0.64,0.03621138395383045,0.1481278031940673
receptor complex,cellcom,0.65,0.046395835690845266,0.13735440005254293
receptor complex,cellcom,0.66,0.04526422994228806,0.12432247625243396
receptor complex,cellcom,0.67,0.027158537965372837,0.1170017541177114
receptor complex,cellcom,0.68,0.024895326468258438,0.10425539040087176
receptor complex,cellcom,0.6900000000000001,0.03847459545094486,0.0931964271760781
receptor complex,cellcom,0.7000000000000001,0.005658028742786071,0.08200766391343563
receptor complex,cellcom,0.71,0.010184451737014814,0.07530998196039068
receptor complex,cellcom,0.72,0.0033948172456716046,0.07024778048425273
receptor complex,cellcom,0.73,0.006789634491343209,0.058513857062640666
receptor complex,cellcom,0.74,0.005658028742786008,0.057112016653864006
receptor complex,cellcom,0.75,0.006789634491343209,0.049479774428302176
receptor complex,cellcom,0.76,0.005658028742786008,0.04571557333066115
receptor complex,cellcom,0.77,0.0033948172456716046,0.039770731597145295
receptor complex,cellcom,0.78,0.0,0.03382588986362945
receptor complex,cellcom,0.79,0.0,0.03442297003773803
receptor complex,cellcom,0.8,0.0,0.03091836901579638
receptor complex,cellcom,0.81,0.0,0.02562252747152899
receptor complex,cellcom,0.8200000000000001,0.0011316057485572016,0.02172852633603826
receptor complex,cellcom,0.8300000000000001,0.0,0.02087184608623053
receptor complex,cellcom,0.84,0.0,0.0205343659878211
receptor complex,cellcom,0.85,0.0,0.01871716545792543
receptor complex,cellcom,0.86,0.0,0.017497045102138335
receptor complex,cellcom,0.87,0.0,0.0165884448371905
receptor complex,cellcom,0.88,0.0,0.012642523686559895
receptor complex,cellcom,0.89,0.0,0.01170796341404212
receptor complex,cellcom,0.9,0.0,0.009060042641908427
receptor complex,cellcom,0.91,0.0,0.009579242793307189
receptor complex,cellcom,0.92,0.0,0.007813962278551394
receptor complex,cellcom,0.93,0.0,0.0047506813852986884
receptor complex,cellcom,0.9400000000000001,0.0,0.002258520658584622
receptor complex,cellcom,0.9500000000000001,0.0,0.002855600832693232
receptor complex,cellcom,0.96,0.0,0.0023104406737244985
receptor complex,cellcom,0.97,0.0,0.001947000567745364
receptor complex,cellcom,0.98,0.0,2.5960007569938185e-05
receptor complex,cellcom,0.99,0.0,0.0
ribonucleoprotein complex,cellcom,0.0,0.0,0.0
ribonucleoprotein complex,cellcom,0.01,0.0,0.0
ribonucleoprotein complex,cellcom,0.02,0.0,0.0
ribonucleoprotein complex,cellcom,0.03,0.0,0.0008623516853095776
ribonucleoprotein complex,cellcom,0.04,0.0,0.0019598901938854035
ribonucleoprotein complex,cellcom,0.05,0.0,0.00522637385036108
ribonucleoprotein complex,cellcom,0.06,0.0017589530711320607,0.012830747802636433
ribonucleoprotein complex,cellcom,0.07,0.0017589530711320633,0.03274323217251216
ribonucleoprotein complex,cellcom,0.08,0.0017589530711320633,0.07719354176983316
ribonucleoprotein complex,cellcom,0.09,0.050130162527263725,0.15169550100673015
ribonucleoprotein complex,cellcom,0.1,0.031661155280377135,0.25379271417353405
ribonucleoprotein complex,cellcom,0.11,0.029022725673679042,0.372771114877004
ribonucleoprotein complex,cellcom,0.12,0.0897066066277351,0.5147716923913138
ribonucleoprotein complex,cellcom,0.13,0.16094420600858356,0.6454571705195924
ribonucleoprotein complex,cellcom,0.14,0.26736086681207394,0.7849490885857316
ribonucleoprotein complex,cellcom,0.15,0.232181805389432,0.9335610290207466
ribonucleoprotein complex,cellcom,0.16,0.29462463941462014,1.0673039358514864
ribonucleoprotein complex,cellcom,0.17,0.4819531414901859,1.2361419430874043
ribonucleoprotein complex,cellcom,0.18,0.5637444592978255,1.427165907318098
ribonucleoprotein complex,cellcom,0.19,0.7871314993315972,1.6656976098485774
ribonucleoprotein complex,cellcom,0.2,1.0949482867797107,1.931092873969918
ribonucleoprotein complex,cellcom,0.21,1.4845563920354592,2.217158446669426
ribonucleoprotein complex,cellcom,0.22,1.6885949482867781,2.5872118471442414
ribonucleoprotein complex,cellcom,0.23,2.068528811651309,2.954338478262863
ribonucleoprotein complex,cellcom,0.24,2.322697530429886,3.297005679761779
ribonucleoprotein complex,cellcom,0.25,2.6305143178779966,3.6512492993392525
ribonucleoprotein complex,cellcom,0.26,2.880285653978749,3.9111830027869603
ribonucleoprotein complex,cellcom,0.27,2.964715401393088,4.15580343085311
ribonucleoprotein complex,cellcom,0.28,3.174910293393387,4.361644164949605
ribonucleoprotein complex,cellcom,0.29,3.3323365932596887,4.4973992257127104
ribonucleoprotein complex,cellcom,0.3,3.502955041159499,4.49131050017704
ribonucleoprotein complex,cellcom,0.31,3.5011960880883666,4.4564767184643825
ribonucleoprotein complex,cellcom,0.32,3.5161471891929894,4.321505613778808
ribonucleoprotein complex,cellcom,0.33,3.5495672975444985,4.156012485807125
ribonucleoprotein complex,cellcom,0.34,3.6427918103144976,3.898665837415346
ribonucleoprotein complex,cellcom,0.35000000000000003,3.4809681277703675,3.641110134069572
ribonucleoprotein complex,cellcom,0.36,3.219763596707237,3.3687637927272367
ribonucleoprotein complex,cellcom,0.37,3.0614578203053515,3.069684549140324
ribonucleoprotein complex,cellcom,0.38,3.0825652571589366,2.776066866227039
ribonucleoprotein complex,cellcom,0.39,2.83807078027158,2.5002449862742333
ribonucleoprotein complex,cellcom,0.4,2.713185112221203,2.2783070207186507
ribonucleoprotein complex,cellcom,0.41000000000000003,2.5003517906142383,2.0321186804974034
ribonucleoprotein complex,cellcom,0.42,2.1986913389150757,1.7968534616233884
ribonucleoprotein complex,cellcom,0.43,2.088756771969322,1.6171707286479748
ribonucleoprotein complex,cellcom,0.44,1.9559558150988514,1.4341953801468337
ribonucleoprotein complex,cellcom,0.45,1.712340814747061,1.2768815272509653
ribonucleoprotein complex,cellcom,0.46,1.6367058326883823,1.12858316924697
ribonucleoprotein complex,cellcom,0.47000000000000003,1.518855976922543,0.9991520208427835
ribonucleoprotein complex,cellcom,0.48,1.368465489340743,0.8757050704972495
ribonucleoprotein complex,cellcom,0.49,1.2866741715331025,0.7908810229058892
ribonucleoprotein complex,cellcom,0.5,1.2611693520016876,0.7169539647925319
ribonucleoprotein complex,cellcom,0.51,1.2541335397171594,0.6258844004499902
ribonucleoprotein complex,cellcom,0.52,1.0316259762189537,0.5584380459110806
ribonucleoprotein complex,cellcom,0.53,1.0536128896081043,0.4838576910664281
ribonucleoprotein complex,cellcom,0.54,0.9850137198339539,0.42560975450415395
ribonucleoprotein complex,cellcom,0.55,0.9208119327376338,0.39163832447680696
ribonucleoprotein complex,cellcom,0.56,0.8302258495743325,0.3482855533880619
ribonucleoprotein complex,cellcom,0.5700000000000001,0.8953071132062288,0.3064745625851767
ribonucleoprotein complex,cellcom,0.58,0.7361218602687674,0.2630956596271764
ribonucleoprotein complex,cellcom,0.59,0.7308450010553712,0.238845284961501
ribonucleoprotein complex,cellcom,0.6,0.6983043692394281,0.20456027250313238
ribonucleoprotein complex,cellcom,0.61,0.6288257229297117,0.1887504916057901
ribonucleoprotein complex,cellcom,0.62,0.6235488637163156,0.17367240304749845
ribonucleoprotein complex,cellcom,0.63,0.5822134665447121,0.1519829515685
ribonucleoprotein complex,cellcom,0.64,0.5312038274818823,0.13416101673876873
ribonucleoprotein complex,cellcom,0.65,0.6024414268627308,0.12143479641313952
ribonucleoprotein complex,cellcom,0.66,0.5487933581932029,0.10988451020384156
ribonucleoprotein complex,cellcom,0.67,0.5461549285865048,0.10217560877455896
ribonucleoprotein complex,cellcom,0.68,0.463484134243298,0.09174899294308864
ribonucleoprotein complex,cellcom,0.6900000000000001,0.4485330331386755,0.08137464085012189
ribonucleoprotein complex,cellcom,0.7000000000000001,0.3649827622599066,0.07183650857321373
ribonucleoprotein complex,cellcom,0.71,0.36674171533103467,0.06514675004475076
ribonucleoprotein complex,cellcom,0.72,0.3561879969042423,0.06020782675615956
ribonucleoprotein complex,cellcom,0.73,0.2735172025610354,0.05093101317176865
ribonucleoprotein complex,cellcom,0.74,0.30781678744811064,0.04847461746209895
ribonucleoprotein complex,cellcom,0.75,0.30253992823471443,0.040974770986830805
ribonucleoprotein complex,cellcom,0.76,0.3095757405192427,0.03695046312205279
ribonucleoprotein complex,cellcom,0.77,0.23130232885386598,0.03323973768829642
ribonucleoprotein complex,cellcom,0.78,0.24009709420952627,0.026915825329359523
ribonucleoprotein complex,cellcom,0.79,0.3139731231970728,0.025321781304999395
ribonucleoprotein complex,cellcom,0.8,0.27615563216773353,0.022917649333833303
ribonucleoprotein complex,cellcom,0.81,0.2515302891718847,0.01831844034551556
ribonucleoprotein complex,cellcom,0.8200000000000001,0.18117216632660224,0.016515341367140987
ribonucleoprotein complex,cellcom,0.8300000000000001,0.2057975093224534,0.014895165473529221
ribonucleoprotein complex,cellcom,0.84,0.21371279814254537,0.014320264349989339
ribonucleoprotein complex,cellcom,0.85,0.21107436853584727,0.01256942911011838
ribonucleoprotein complex,cellcom,0.86,0.21107436853584727,0.011341231255283527
ribonucleoprotein complex,cellcom,0.87,0.15126996411735721,0.012203582940593104
ribonucleoprotein complex,cellcom,0.88,0.10465770773235761,0.009616527884664374
ribonucleoprotein complex,cellcom,0.89,0.1565468233307534,0.007134000305742864
ribonucleoprotein complex,cellcom,0.9,0.11169352001688586,0.005801274973900791
ribonucleoprotein complex,cellcom,0.91,0.14599310490396103,0.005304769458116488
ribonucleoprotein complex,cellcom,0.92,0.1389572926194328,0.003736857303008167
ribonucleoprotein complex,cellcom,0.93,0.08091184127207479,0.002378000101914288
ribonucleoprotein complex,cellcom,0.9400000000000001,0.03342010835150915,0.0012804615933384627
ribonucleoprotein complex,cellcom,0.9500000000000001,0.03254063181594348,0.0019076264553818127
ribonucleoprotein complex,cellcom,0.96,0.037817491029339304,0.0012020659855830468
ribonucleoprotein complex,cellcom,0.97,0.004397382677830151,0.0018292308476263754
ribonucleoprotein complex,cellcom,0.98,0.0008794765355660303,0.0
ribonucleoprotein complex,cellcom,0.99,0.0,0.0
sarcolemma,cellcom,0.0,0.0,0.0
sarcolemma,cellcom,0.01,0.0,0.0
sarcolemma,cellcom,0.02,0.0,0.0
sarcolemma,cellcom,0.03,0.010829542993285682,0.0007429205436231414
sarcolemma,cellcom,0.04,0.0,0.001921346233508124
sarcolemma,cellcom,0.05,0.0,0.0051235899560216685
sarcolemma,cellcom,0.06,0.0,0.012629649241593394
sarcolemma,cellcom,0.07,0.0,0.03215052697403597
sarcolemma,cellcom,0.08,0.0,0.07572665955000027
sarcolemma,cellcom,0.09,0.010829542993285673,0.15006994981187446
sarcolemma,cellcom,0.1,0.06768464370803556,0.2490833257119934
sarcolemma,cellcom,0.11,0.1461988304093568,0.36490207666786323
sarcolemma,cellcom,0.12,0.22200563136235632,0.5051603517139557
sarcolemma,cellcom,0.13,0.23012778860732058,0.6352739186471257
sarcolemma,cellcom,0.14,0.30864197530864257,0.774379385953116
sarcolemma,cellcom,0.15,0.5414771496642837,0.9168408046802962
sarcolemma,cellcom,0.16,0.7228719948018186,1.0480559434540109
sarcolemma,cellcom,0.17,1.0802469135802488,1.215648570915483
sarcolemma,cellcom,0.18,1.2535196014728167,1.4036587043516944
sarcolemma,cellcom,0.19,1.5296729478016013,1.6413932783110994
sarcolemma,cellcom,0.2,1.6596274637210342,1.9093057971114773
sarcolemma,cellcom,0.21,2.239008013861813,2.1956120038539626
sarcolemma,cellcom,0.22,2.6315789473684186,2.5606165523209454
sarcolemma,cellcom,0.23,2.948343079922033,2.9285927829624296
sarcolemma,cellcom,0.24,3.346328784925273,3.268158707297757
sarcolemma,cellcom,0.25,3.706411089452022,3.6209947296191882
sarcolemma,cellcom,0.26,4.380550140784055,3.8767131043242298
sarcolemma,cellcom,0.27,4.521334199696769,4.117649922006148
sarcolemma,cellcom,0.28,4.708143816330973,4.323797563886703
sarcolemma,cellcom,0.29,5.100714749837552,4.4577538232868665
sarcolemma,cellcom,0.3,4.851635260991983,4.459111574625212
sarcolemma,cellcom,0.31,4.551115442928304,4.4277552040943595
sarcolemma,cellcom,0.32,4.800194931773875,4.293517147246591
sarcolemma,cellcom,0.33,4.61880008663634,4.133968556016077
sarcolemma,cellcom,0.34,4.39137968377734,3.8865503970397914
sarcolemma,cellcom,0.35000000000000003,3.7524366471735067,3.63539201739563
sarcolemma,cellcom,0.36,3.476283300844701,3.3634062445801995
sarcolemma,cellcom,0.37,3.3138401559454165,3.067134655373247
sarcolemma,cellcom,0.38,2.8427550357374893,2.7843637257004117
sarcolemma,cellcom,0.39,2.5720164609053473,2.509406270710509
sarcolemma,cellcom,0.4,2.5070392029456334,2.2888101051539964
sarcolemma,cellcom,0.41000000000000003,2.2335932423651825,2.043851269356612
sarcolemma,cellcom,0.42,1.9763915962746357,1.8068596159408188
sarcolemma,cellcom,0.43,1.7949967511371003,1.6292247521655479
sarcolemma,cellcom,0.44,1.6975308641975293,1.4469018035805172
sarcolemma,cellcom,0.45,1.4267922893653875,1.288147368793186
sarcolemma,cellcom,0.46,1.3482781026640664,1.1413052806536053
sarcolemma,cellcom,0.47000000000000003,1.0504656703487163,1.0138047445980118
sarcolemma,cellcom,0.48,0.9015594541910323,0.8898138676622819
sarcolemma,cellcom,0.49,0.8122157244964255,0.8051209256892439
sarcolemma,cellcom,0.5,0.679553822828676,0.7331601047569196
sarcolemma,cellcom,0.51,0.43859649122806976,0.6459566037054308
sarcolemma,cellcom,0.52,0.44130387697639123,0.5733297160788239
sarcolemma,cellcom,0.53,0.2923976608187132,0.5022655233888035
sarcolemma,cellcom,0.54,0.2951050465670346,0.44313929529631346
sarcolemma,cellcom,0.55,0.34654537578514155,0.4074791092024027
sarcolemma,cellcom,0.56,0.232835174355642,0.3634162355806164
sarcolemma,cellcom,0.5700000000000001,0.13536928741607243,0.3252454904082587
sarcolemma,cellcom,0.58,0.15702837340264225,0.2778779012648348
sarcolemma,cellcom,0.59,0.11912497292614242,0.25430938746713516
sarcolemma,cellcom,0.6,0.10017327268789249,0.21993009886222978
sarcolemma,cellcom,0.61,0.08122157244964255,0.20258674686109648
sarcolemma,cellcom,0.62,0.05414771496642837,0.1879076616370944
sarcolemma,cellcom,0.63,0.06226987221139263,0.16536386583059912
sarcolemma,cellcom,0.64,0.03519601472817844,0.14666276249112006
sarcolemma,cellcom,0.65,0.029781243231535606,0.13631311077995628
sarcolemma,cellcom,0.66,0.021659085986571347,0.12350413588990214
sarcolemma,cellcom,0.67,0.010829542993285673,0.1159724586545503
sarcolemma,cellcom,0.68,0.024366471734892765,0.10321471966405636
sarcolemma,cellcom,0.6900000000000001,0.010829542993285673,0.09273697820399206
sarcolemma,cellcom,0.7000000000000001,0.0054147714966428975,0.08100395720470335
sarcolemma,cellcom,0.71,0.021659085986571347,0.0743432902618743
sarcolemma,cellcom,0.72,0.0027073857483214184,0.06937340800453329
sarcolemma,cellcom,0.73,0.010829542993285673,0.05779409470392433
sarcolemma,cellcom,0.74,0.008122157244964255,0.05641072541579849
sarcolemma,cellcom,0.75,0.013536928741607092,0.04885343023066654
sarcolemma,cellcom,0.76,0.0,0.04524129931167127
sarcolemma,cellcom,0.77,0.013536928741607092,0.0391954631635657
sarcolemma,cellcom,0.78,0.0,0.03338018856348112
sarcolemma,cellcom,0.79,0.0,0.03396940140842361
sarcolemma,cellcom,0.8,0.008122157244964255,0.03043412433876867
sarcolemma,cellcom,0.81,0.0,0.025284916432966896
sarcolemma,cellcom,0.8200000000000001,0.008122157244964255,0.021390988066390434
sarcolemma,cellcom,0.8300000000000001,0.0,0.020596831623207305
sarcolemma,cellcom,0.84,0.008122157244964255,0.020186944426725344
sarcolemma,cellcom,0.85,0.008122157244964255,0.018393687942117765
sarcolemma,cellcom,0.86,0.01624431448992851,0.01711279045311235
sarcolemma,cellcom,0.87,0.01624431448992851,0.016216162210808557
sarcolemma,cellcom,0.88,0.0,0.012475941542912745
sarcolemma,cellcom,0.89,0.0,0.011553695350828844
sarcolemma,cellcom,0.9,0.005414771496642837,0.008889428573697582
sarcolemma,cellcom,0.91,0.0,0.009453023468859964
sarcolemma,cellcom,0.92,0.0,0.0077110028838126
sarcolemma,cellcom,0.93,0.0,0.00468808480975982
sarcolemma,cellcom,0.9400000000000001,0.0,0.002228761630869423
sarcolemma,cellcom,0.9500000000000001,0.0,0.002817974475811945
sarcolemma,cellcom,0.96,0.0,0.002279997530429639
sarcolemma,cellcom,0.97,0.0,0.001921346233508123
sarcolemma,cellcom,0.98,0.0,2.5617949780108306e-05
sarcolemma,cellcom,0.99,0.0,0.0
spindle,cellcom,0.0,0.0,0.0
spindle,cellcom,0.01,0.0,0.0
spindle,cellcom,0.02,0.0,0.0
spindle,cellcom,0.03,0.0,0.0008635490452680259
spindle,cellcom,0.04,0.003361062095622216,0.001857938854970601
spindle,cellcom,0.05,0.0008402655239055547,0.005207462424495069
spindle,cellcom,0.06,0.014284513906394408,0.012456040774169092
spindle,cellcom,0.07,0.025207965717166637,0.03205598728646462
spindle,cellcom,0.08,0.014284513906394429,0.07690820133462818
spindle,cellcom,0.09,0.02184690362154439,0.15271734024800593
spindle,cellcom,0.1,0.04369380724308884,0.2537264103914783
spindle,cellcom,0.11,0.06049911772119993,0.3722681429691801
spindle,cellcom,0.12,0.09999159734476085,0.5150415851201597
spindle,cellcom,0.13,0.12183850096630525,0.647347766116376
spindle,cellcom,0.14,0.24283673640870562,0.786431498710304
spindle,cellcom,0.15,0.3663557684228213,0.9303563395883061
spindle,cellcom,0.16,0.5176035627258209,1.0614326173988375
spindle,cellcom,0.17,0.7948911856146557,1.2274433793133972
spindle,cellcom,0.18,0.9889925216368364,1.415121371818311
spindle,cellcom,0.19,1.2763633308125355,1.6516814739159762
spindle,cellcom,0.2,1.492311570456267,1.9198788728539207
spindle,cellcom,0.21,1.8695907906898563,2.2061846335895963
spindle,cellcom,0.22,2.2611545248298444,2.5706284988455894
spindle,cellcom,0.23,2.673724897067478,2.9367209577334665
spindle,cellcom,0.24,2.956894378623643,3.2786078752009358
spindle,cellcom,0.25,3.55264263507268,3.623948988849485
spindle,cellcom,0.26,3.956810352071251,3.8790884794968563
spindle,cellcom,0.27,4.0072262835055845,4.124990612175148
spindle,cellcom,0.28,4.285354171918346,4.328709682399765
spindle,cellcom,0.29,4.542475422233422,4.461329881230601
spindle,cellcom,0.3,4.797075875976804,4.452380372943278
spindle,cellcom,0.31,4.9491639358037105,4.412709453166722
spindle,cellcom,0.32,5.042433408957225,4.275091137134463
spindle,cellcom,0.33,4.939080749516844,4.113581297516456
spindle,cellcom,0.34,4.613897991765394,3.868778227259414
spindle,cellcom,0.35000000000000003,4.250903285438219,3.617354614322004
spindle,cellcom,0.36,4.185362574573562,3.3388992994523763
spindle,cellcom,0.37,3.8509368960591512,3.045109446991039
spindle,cellcom,0.38,3.4971851104949137,2.762728909188395
spindle,cellcom,0.39,3.091336862448531,2.4918885268088777
spindle,cellcom,0.4,2.6955718006890153,2.278251726640146
spindle,cellcom,0.41000000000000003,2.404839929417707,2.034443046192818
spindle,cellcom,0.42,1.9384925636501118,1.8043988141639822
spindle,cellcom,0.43,1.7990084866817897,1.6255394891819532
spindle,cellcom,0.44,1.3662717418704298,1.4518352903186458
spindle,cellcom,0.45,1.322577934627341,1.2884151755398936
spindle,cellcom,0.46,1.0915049155533139,1.1448566888023062
spindle,cellcom,0.47000000000000003,1.0049575665910475,1.0144346148139531
spindle,cellcom,0.48,0.8385849928577424,0.8915228007041319
spindle,cellcom,0.49,0.7343920678934537,0.8073921891727167
spindle,cellcom,0.5,0.6033106461641874,0.7366858400722863
spindle,cellcom,0.51,0.5940677254012263,0.6455683317200661
spindle,cellcom,0.52,0.4167716998571545,0.5769292666977016
spindle,cellcom,0.53,0.385681875472649,0.5038677838374492
spindle,cellcom,0.54,0.3411478027056547,0.44488476723035447
spindle,cellcom,0.55,0.36047390975548244,0.4083540258002283
spindle,cellcom,0.56,0.3092177127972437,0.36384199773959464
spindle,cellcom,0.5700000000000001,0.2369548777413687,0.3261598575824481
spindle,cellcom,0.58,0.22939248802621606,0.2782198014936256
spindle,cellcom,0.59,0.21426770859591612,0.2542497734492162
spindle,cellcom,0.6,0.15376859087471628,0.22083304221263228
spindle,cellcom,0.61,0.15965044954205512,0.20275084856777756
spindle,cellcom,0.62,0.11259558020334415,0.18896023199637604
spindle,cellcom,0.63,0.11847743887068303,0.16582758484434776
spindle,cellcom,0.64,0.10755398705991084,0.1468033376955643
spindle,cellcom,0.65,0.1100747836316275,0.13610056316481817
spindle,cellcom,0.66,0.08822788001008311,0.12361835423776216
spindle,cellcom,0.67,0.09242920762961088,0.11568940391302847
spindle,cellcom,0.68,0.09663053524913863,0.10265766377534737
spindle,cellcom,0.6900000000000001,0.06722124191244427,0.09273993383120853
spindle,cellcom,0.7000000000000001,0.05125619695823933,0.08119977840808218
spindle,cellcom,0.71,0.03865221409965546,0.07494558986810983
spindle,cellcom,0.72,0.02184690362154439,0.07020915419557915
spindle,cellcom,0.73,0.039492479623561005,0.05791012233873151
spindle,cellcom,0.74,0.04285354171918322,0.05636620131840383
spindle,cellcom,0.75,0.02940929333669437,0.0491176229687298
spindle,cellcom,0.76,0.013444248382488855,0.04579426755209225
spindle,cellcom,0.77,0.02940929333669437,0.03925222933036478
spindle,cellcom,0.78,0.028569027812788816,0.033207386013488605
spindle,cellcom,0.79,0.027728762288883265,0.033835421682774446
spindle,cellcom,0.8,0.030249558860599924,0.030224216584380882
spindle,cellcom,0.81,0.021006638097638836,0.02517376307720728
spindle,cellcom,0.8200000000000001,0.018485841525922177,0.021353212755718443
spindle,cellcom,0.8300000000000001,0.02436770019326132,0.020280318487355363
spindle,cellcom,0.84,0.02688849676497771,0.019861628041164578
spindle,cellcom,0.85,0.028569027812788816,0.017977521033307072
spindle,cellcom,0.86,0.02688849676497771,0.016799954153396128
spindle,cellcom,0.87,0.01680531047811107,0.0161980866369972
spindle,cellcom,0.88,0.014284513906394408,0.012299031856847631
spindle,cellcom,0.89,0.014284513906394408,0.011356978352918878
spindle,cellcom,0.9,0.01932610704982773,0.008530817841132613
spindle,cellcom,0.91,0.014284513906394408,0.00921118981619227
spindle,cellcom,0.92,0.012603982858583301,0.007484091725656218
spindle,cellcom,0.93,0.006722124191244428,0.004579426755209225
spindle,cellcom,0.9400000000000001,0.0,0.0022766293011611577
spindle,cellcom,0.9500000000000001,0.0,0.0028784968175601163
spindle,cellcom,0.96,0.0,0.0023289656069349772
spindle,cellcom,0.97,0.0,0.0019626114665182394
spindle,cellcom,0.98,0.0,2.6168152886909856e-05
spindle,cellcom,0.99,0.0,0.0
spindle pole,cellcom,0.0,0.0,0.0
spindle pole,cellcom,0.01,0.0,0.0
spindle pole,cellcom,0.02,0.0,0.0
spindle pole,cellcom,0.03,0.0,0.0008491609646365629
spindle pole,cellcom,0.04,0.007371913011426464,0.0018269826814907865
spindle pole,cellcom,0.05,0.0,0.005146430088706445
spindle pole,cellcom,0.06,0.007371913011426459,0.01258302156688724
spindle pole,cellcom,0.07,0.036859565057132344,0.0317792057977623
spindle pole,cellcom,0.08,0.01290084776999632,0.07588411165797654
spindle pole,cellcom,0.09,0.025801695539992606,0.15048161579377625
spindle pole,cellcom,0.1,0.036859565057132344,0.25032235951468146
spindle pole,cellcom,0.11,0.05160339107998528,0.36719778682920484
spindle pole,cellcom,0.12,0.08109104312569106,0.5083900963128655
spindle pole,cellcom,0.13,0.1271654994471064,0.6385175811058077
spindle pole,cellcom,0.14,0.315149281238482,0.7763647110318118
spindle pole,cellcom,0.15,0.4515296719498706,0.9197699854536145
spindle pole,cellcom,0.16,0.6892738665683739,1.0499746666978873
spindle pole,cellcom,0.17,1.008109104312571,1.2172593767312936
spindle pole,cellcom,0.18,1.1942499078510862,1.4051555392699622
spindle pole,cellcom,0.19,1.5001842978252844,1.642303037757555
spindle pole,cellcom,0.2,1.551787688905274,1.9119245101048905
spindle pole,cellcom,0.21,2.005160339107997,2.198683594647608
spindle pole,cellcom,0.22,2.3313674898636174,2.5644918453528613
spindle pole,cellcom,0.23,2.6446737928492494,2.932744650350259
spindle pole,cellcom,0.24,3.134906008109102,3.2707621785764895
spindle pole,cellcom,0.25,3.7873203096203434,3.6194842813872374
spindle pole,cellcom,0.26,4.002948765204567,3.879739250973122
spindle pole,cellcom,0.27,4.321784002948761,4.118636535690875
spindle pole,cellcom,0.28,4.421304828603043,4.326089132566655
spindle pole,cellcom,0.29,4.629561371175816,4.461465976050055
spindle pole,cellcom,0.3,4.701437523037224,4.459458868315459
spindle pole,cellcom,0.31,4.9299668263914445,4.421915660818345
spindle pole,cellcom,0.32,4.835974935495757,4.290758890007662
spindle pole,cellcom,0.33,4.767784740140062,4.129727092532037
spindle pole,cellcom,0.34,4.336527828971614,3.8850658061149335
spindle pole,cellcom,0.35000000000000003,4.084039808330281,3.630240320272654
spindle pole,cellcom,0.36,4.050866199778839,3.354880578376396
spindle pole,cellcom,0.37,3.6841135274603727,3.0608650274085973
spindle pole,cellcom,0.38,3.2657574640619216,2.7781973547863963
spindle pole,cellcom,0.39,3.151492812384811,2.5010363623591108
spindle pole,cellcom,0.4,2.7515665315149254,2.284423119925457
spindle pole,cellcom,0.41000000000000003,2.4198304460007485,2.040405137269453
spindle pole,cellcom,0.42,1.9756726870622907,1.8061139074810806
spindle pole,cellcom,0.43,1.8061186877994824,1.6283304800667169
spindle pole,cellcom,0.44,1.4172502764467365,1.4496978916877166
spindle pole,cellcom,0.45,1.3656468853667514,1.288383040557213
spindle pole,cellcom,0.46,1.148175451529671,1.143176515604361
spindle pole,cellcom,0.47000000000000003,1.0210099520825702,1.014052584678722
spindle pole,cellcom,0.48,0.851455952819756,0.8904610660984313
spindle pole,cellcom,0.49,0.6634721710283813,0.8071660951127176
spindle pole,cellcom,0.5,0.578695171396977,0.7348072880655052
spindle pole,cellcom,0.51,0.4607445632141537,0.6465717441946333
spindle pole,cellcom,0.52,0.30593438997419803,0.5758083304749199
spindle pole,cellcom,0.53,0.29671949870991493,0.5031407376223849
spindle pole,cellcom,0.54,0.3022484334684848,0.4436994700978255
spindle pole,cellcom,0.55,0.3409509767784737,0.40782885237954164
spindle pole,cellcom,0.56,0.25801695539992603,0.3636467500679969
spindle pole,cellcom,0.5700000000000001,0.18982676004423343,0.32533157805758106
spindle pole,cellcom,0.58,0.19719867305565777,0.2778557604892606
spindle pole,cellcom,0.59,0.2137854773313673,0.2535903426210097
spindle pole,cellcom,0.6,0.16586804275709532,0.21954670758421663
spindle pole,cellcom,0.61,0.16955399926280856,0.20189445237995354
spindle pole,cellcom,0.62,0.09399189089568735,0.1879476268395591
spindle pole,cellcom,0.63,0.10136380390711382,0.16527760229880725
spindle pole,cellcom,0.64,0.06450423884998151,0.14675045397946407
spindle pole,cellcom,0.65,0.10320678215997042,0.13576282574007584
spindle pole,cellcom,0.66,0.06634721710283813,0.12333419707584978
spindle pole,cellcom,0.67,0.03501658680427568,0.11610346280121724
spindle pole,cellcom,0.68,0.05897530409141167,0.10308299467678995
spindle pole,cellcom,0.6900000000000001,0.04423147806855875,0.09263574159671588
spindle pole,cellcom,0.7000000000000001,0.012900847769996447,0.08123639895023202
spindle pole,cellcom,0.71,0.02764467379284922,0.07449457553402569
spindle pole,cellcom,0.72,0.020272760781422764,0.06942534189664984
spindle pole,cellcom,0.73,0.022115739034279373,0.05784587419706036
spindle pole,cellcom,0.74,0.02395871728713599,0.05640487377222255
spindle pole,cellcom,0.75,0.018429782528566144,0.04894255014359822
spindle pole,cellcom,0.76,0.009214891264283072,0.04531431693106019
spindle pole,cellcom,0.77,0.018429782528566144,0.03924152942638658
spindle pole,cellcom,0.78,0.020272760781422764,0.033245938373043585
spindle pole,cellcom,0.79,0.01658680427570953,0.03388924213413189
spindle pole,cellcom,0.8,0.025801695539992606,0.030286741072037385
spindle pole,cellcom,0.81,0.012900847769996303,0.025217507434661543
spindle pole,cellcom,0.8200000000000001,0.005528934758569843,0.021486345620349376
spindle pole,cellcom,0.8300000000000001,0.009214891264283176,0.020559988204382446
spindle pole,cellcom,0.84,0.005528934758569843,0.020276934549503363
spindle pole,cellcom,0.85,0.0,0.01855288046978671
spindle pole,cellcom,0.86,0.011057869517139687,0.0171890764962795
spindle pole,cellcom,0.87,0.005528934758569843,0.01636564768208647
spindle pole,cellcom,0.88,0.007371913011426459,0.012428628664226046
spindle pole,cellcom,0.89,0.005528934758569843,0.011528003398702422
spindle pole,cellcom,0.9,0.022115739034279373,0.008671734699470348
spindle pole,cellcom,0.91,0.02764467379284922,0.009109181257010395
spindle pole,cellcom,0.92,0.011057869517139687,0.007590984380841995
spindle pole,cellcom,0.93,0.009214891264283072,0.00458032277894873
spindle pole,cellcom,0.9400000000000001,0.0,0.0022386970885873007
spindle pole,cellcom,0.9500000000000001,0.0,0.002830536548788572
spindle pole,cellcom,0.96,0.0,0.002290161389474365
spindle pole,cellcom,0.97,0.0,0.0019299112832649142
spindle pole,cellcom,0.98,0.0,2.5732150443532188e-05
spindle pole,cellcom,0.99,0.0,0.0
synapse,cellcom,0.0,0.0,0.0
synapse,cellcom,0.01,0.0,0.0
synapse,cellcom,0.02,0.0,0.0
synapse,cellcom,0.03,0.0006589937823936631,0.0008523611503686049
synapse,cellcom,0.04,0.0,0.002062164073472431
synapse,cellcom,0.05,0.0019769813471809906,0.005334131070048692
synapse,cellcom,0.06,0.005930944041542963,0.013060372465325387
synapse,cellcom,0.07,0.01713383834223525,0.03307711173849782
synapse,cellcom,0.08,0.057002962177051884,0.07652003488631705
synapse,cellcom,0.09,0.11730089326607195,0.15139033851385597
synapse,cellcom,0.1,0.1825412777230448,0.2527938198867406
synapse,cellcom,0.11,0.2649155005222527,0.37102456009916
synapse,cellcom,0.12,0.374967462181994,0.5131489080428794
synapse,cellcom,0.13,0.46788558549950043,0.6451274087451149
synapse,cellcom,0.14,0.5881519507863455,0.7851895926153645
synapse,cellcom,0.15,0.7074298253995966,0.9305034209927195
synapse,cellcom,0.16,0.7683867502710106,1.0680910079748
synapse,cellcom,0.17,0.9094114197032568,1.2398280320135873
synapse,cellcom,0.18,1.0939296787734798,1.4279798820772083
synapse,cellcom,0.19,1.2988767450979088,1.668840645858788
synapse,cellcom,0.2,1.474828084997021,1.9430259810676878
synapse,cellcom,0.21,1.7710457901829681,2.2314814916650056
synapse,cellcom,0.22,2.165124072054378,2.5943398820332146
synapse,cellcom,0.23,2.421143156514323,2.971138501538105
synapse,cellcom,0.24,2.8079725067793957,3.3073537320770416
synapse,cellcom,0.25,3.2550997881334958,3.6523950248504486
synapse,cellcom,0.26,3.4570813824371536,3.9168469456325528
synapse,cellcom,0.27,3.8524776518733517,4.143877462361377
synapse,cellcom,0.28,4.175714102137466,4.3400580045510795
synapse,cellcom,0.29,4.456115956545946,4.464420245941932
synapse,cellcom,0.3,4.499609546183928,4.4597185118544145
synapse,cellcom,0.31,4.5533175394490115,4.418530221426925
synapse,cellcom,0.32,4.538819676236351,4.278193082346882
synapse,cellcom,0.33,4.443924571571664,4.11302748782223
synapse,cellcom,0.34,4.099929817162171,3.8738714463413872
synapse,cellcom,0.35000000000000003,4.035348426487615,3.603205537817906
synapse,cellcom,0.36,3.837650291769494,3.324978361024986
synapse,cellcom,0.37,3.576359257050407,3.027146877773608
synapse,cellcom,0.38,3.1160521000484334,2.757278339358516
synapse,cellcom,0.39,2.8949596860553592,2.477868855163492
synapse,cellcom,0.4,2.653767961699279,2.260571752861457
synapse,cellcom,0.41000000000000003,2.3601862316429156,2.0193810428281327
synapse,cellcom,0.42,2.0290418559900867,1.7900409023370079
synapse,cellcom,0.43,1.835956677748744,1.6136571352526659
synapse,cellcom,0.44,1.6464959653105657,1.432791598248644
synapse,cellcom,0.45,1.5226051342205573,1.2699906185282408
synapse,cellcom,0.46,1.411564681887225,1.1208549127347145
synapse,cellcom,0.47000000000000003,1.2194679943194793,0.9970150862424557
synapse,cellcom,0.48,1.1097455295509278,0.8715805195333672
synapse,cellcom,0.49,0.9759697917250141,0.7909361565001055
synapse,cellcom,0.5,0.8375810974223451,0.7239020763517616
synapse,cellcom,0.51,0.7604788248822866,0.6342941734791397
synapse,cellcom,0.52,0.6965564279901013,0.5617059980929101
synapse,cellcom,0.53,0.56047421192581,0.4952768194061183
synapse,cellcom,0.54,0.5660756590761561,0.4313772286494526
synapse,cellcom,0.55,0.4711805544114687,0.40154458838655144
synapse,cellcom,0.56,0.3907833129594419,0.3598063875394695
synapse,cellcom,0.5700000000000001,0.3235659471552919,0.3234573088043991
synapse,cellcom,0.58,0.3034666367922816,0.2745152814606498
synapse,cellcom,0.59,0.2744709103669605,0.25125407071188083
synapse,cellcom,0.6,0.22900033938179773,0.21795699480554598
synapse,cellcom,0.61,0.19769813471809877,0.20176213294854248
synapse,cellcom,0.62,0.15354555129772335,0.18941664402868758
synapse,cellcom,0.63,0.13575271917309448,0.1667878302624501
synapse,cellcom,0.64,0.12586781243718953,0.14726601036691112
synapse,cellcom,0.65,0.12224334663402439,0.1364052795799563
synapse,cellcom,0.66,0.10939296787734798,0.12364735784540687
synapse,cellcom,0.67,0.10313252694460819,0.11597610749208945
synapse,cellcom,0.68,0.0863281854935698,0.10382308721909192
synapse,cellcom,0.6900000000000001,0.06754686269535042,0.09400718622936316
synapse,cellcom,0.7000000000000001,0.03756264559643918,0.08386133898787974
synapse,cellcom,0.71,0.05865044663303597,0.0751177633163557
synapse,cellcom,0.72,0.05239000570029617,0.0701135784980626
synapse,cellcom,0.73,0.038880633161226086,0.058895405938372586
synapse,cellcom,0.74,0.024712266839762347,0.05856545968661699
synapse,cellcom,0.75,0.024712266839762347,0.050509272039584704
synapse,cellcom,0.76,0.01614534766864473,0.04720980952202882
synapse,cellcom,0.77,0.025371260622156007,0.04008846958830403
synapse,cellcom,0.78,0.020428807254203537,0.0341219415357238
synapse,cellcom,0.79,0.017133838342235225,0.03502929372805167
synapse,cellcom,0.8,0.017133838342235225,0.0313173983958013
synapse,cellcom,0.81,0.0105439005182986,0.026258222535548936
synapse,cellcom,0.8200000000000001,0.011861888083085926,0.02205140782566518
synapse,cellcom,0.8300000000000001,0.012520881865479727,0.021061569070398647
synapse,cellcom,0.84,0.00757842849752712,0.021116560112357678
synapse,cellcom,0.85,0.005930944041542963,0.019329351248681573
synapse,cellcom,0.86,0.008896416062314444,0.01778960207382216
synapse,cellcom,0.87,0.006589937823936625,0.01701972748639245
synapse,cellcom,0.88,0.006589937823936625,0.012840408297488327
synapse,cellcom,0.89,0.00790792538872395,0.011740587458303033
synapse,cellcom,0.9,0.005930944041542963,0.009101017444258322
synapse,cellcom,0.91,0.005601447150346131,0.009678423384830603
synapse,cellcom,0.92,0.0029654720207714816,0.008028692126052658
synapse,cellcom,0.93,0.003624465803165144,0.004729229608496772
synapse,cellcom,0.9400000000000001,0.001317987564787325,0.0022821282413094885
synapse,cellcom,0.9500000000000001,0.0,0.003024507307759597
synapse,cellcom,0.96,0.0,0.0024471013671872833
synapse,cellcom,0.97,0.0,0.0020621640734724295
synapse,cellcom,0.98,0.0,2.7495520979632394e-05
synapse,cellcom,0.99,0.0,0.0
trans-Golgi network,cellcom,0.0,0.0,0.0
trans-Golgi network,cellcom,0.01,0.0,0.0
trans-Golgi network,cellcom,0.02,0.0,0.0
trans-Golgi network,cellcom,0.03,0.0,0.0008475233569732423
trans-Golgi network,cellcom,0.04,0.0,0.0019261894476664595
trans-Golgi network,cellcom,0.05,0.0,0.00513650519377723
trans-Golgi network,cellcom,0.06,0.006416975037967097,0.012584437724754195
trans-Golgi network,cellcom,0.07,0.05561378366238158,0.031563824415761076
trans-Golgi network,cellcom,0.08,0.1753973177044342,0.07381157963457878
trans-Golgi network,cellcom,0.09,0.1946482428183353,0.14821385736644177
trans-Golgi network,cellcom,0.1,0.19250925113901315,0.2480418358075024
trans-Golgi network,cellcom,0.11,0.26095698487732893,0.36407548813493
trans-Golgi network,cellcom,0.12,0.4299373275437955,0.5033775089901678
trans-Golgi network,cellcom,0.13,0.509080019678723,0.6329458525031981
trans-Golgi network,cellcom,0.14,0.823511796539113,0.7693714304499233
trans-Golgi network,cellcom,0.15,0.8791255802014922,0.91373290892103
trans-Golgi network,cellcom,0.16,1.0673568479818605,1.044739473888318
trans-Golgi network,cellcom,0.17,1.1358045817201794,1.2153228113736632
trans-Golgi network,cellcom,0.18,1.5293790507154914,1.4007249663430485
trans-Golgi network,cellcom,0.19,1.8523667942931688,1.6378003635618361
trans-Golgi network,cellcom,0.2,2.1518256293983056,1.9040254277553148
trans-Golgi network,cellcom,0.21,2.849136916857391,2.1881768950750655
trans-Golgi network,cellcom,0.22,3.11009390173472,2.5546922231770393
trans-Golgi network,cellcom,0.23,3.3261320613462875,2.9240069466096297
trans-Golgi network,cellcom,0.24,3.762486363928041,3.2629649243469805
trans-Golgi network,cellcom,0.25,4.245898483454896,3.614301879601342
trans-Golgi network,cellcom,0.26,3.987080490256889,3.8801673884312513
trans-Golgi network,cellcom,0.27,4.271566383606764,4.1196312605651455
trans-Golgi network,cellcom,0.28,4.1090030159782875,4.330022513302285
trans-Golgi network,cellcom,0.29,4.436268742914586,4.464110981385815
trans-Golgi network,cellcom,0.3,4.427712776197297,4.463212092976904
trans-Golgi network,cellcom,0.31,4.3421531090244025,4.429953221847197
trans-Golgi network,cellcom,0.32,3.9378836816324747,4.3025935755674904
trans-Golgi network,cellcom,0.33,4.42129580115933,4.135117823724384
trans-Golgi network,cellcom,0.34,3.8972428397253496,3.8912108745978724
trans-Golgi network,cellcom,0.35000000000000003,3.5271972792026003,3.6378013908628932
trans-Golgi network,cellcom,0.36,3.2234604607388047,3.366157313689965
trans-Golgi network,cellcom,0.37,2.844858933498746,3.0721437563981566
trans-Golgi network,cellcom,0.38,2.6480716990010884,2.786554067624143
trans-Golgi network,cellcom,0.39,2.397809672520372,2.5113401193415594
trans-Golgi network,cellcom,0.4,2.100489829094563,2.2931413787099033
trans-Golgi network,cellcom,0.41000000000000003,1.8031699856687642,2.048541001382243
trans-Golgi network,cellcom,0.42,1.7154713268165371,1.8095650972417463
trans-Golgi network,cellcom,0.43,1.621355692926353,1.6308917640762057
trans-Golgi network,cellcom,0.44,1.3197578661418994,1.4508058919823765
trans-Golgi network,cellcom,0.45,1.1657504652306891,1.2909321678260604
trans-Golgi network,cellcom,0.46,1.1486385317961103,1.1431805959270587
trans-Golgi network,cellcom,0.47000000000000003,1.0438279395093202,1.013792030095816
trans-Golgi network,cellcom,0.48,0.8213728048597884,0.890747048178877
trans-Golgi network,cellcom,0.49,0.6994502791384135,0.8064569979489927
trans-Golgi network,cellcom,0.5,0.6759213706658674,0.733338846515574
trans-Golgi network,cellcom,0.51,0.7379521293662161,0.6428849900531571
trans-Golgi network,cellcom,0.52,0.6395585121173873,0.5712821076519027
trans-Golgi network,cellcom,0.53,0.48982909456482165,0.5004240185037458
trans-Golgi network,cellcom,0.54,0.4663001860922757,0.4414569388791833
trans-Golgi network,cellcom,0.55,0.34009967701225613,0.40771009975606703
trans-Golgi network,cellcom,0.56,0.34009967701225613,0.3624574889988897
trans-Golgi network,cellcom,0.5700000000000001,0.22459412632885087,0.3246528107726929
trans-Golgi network,cellcom,0.58,0.17111933434578924,0.27801334361319213
trans-Golgi network,cellcom,0.59,0.15614639259053267,0.2542056420400347
trans-Golgi network,cellcom,0.6,0.16470235930782215,0.2194571844041318
trans-Golgi network,cellcom,0.61,0.15614639259053267,0.20199306674528927
trans-Golgi network,cellcom,0.62,0.16470235930782215,0.1869174240015531
trans-Golgi network,cellcom,0.63,0.17753630938375634,0.1642397535710267
trans-Golgi network,cellcom,0.64,0.11978353404205248,0.1459281125552109
trans-Golgi network,cellcom,0.65,0.07486470877628279,0.13604034005718973
trans-Golgi network,cellcom,0.66,0.05775277534170387,0.12332748970259111
trans-Golgi network,cellcom,0.67,0.03208487518983548,0.11598228727548968
trans-Golgi network,cellcom,0.68,0.04705781694509204,0.10314102429104663
trans-Golgi network,cellcom,0.6900000000000001,0.04064084190712495,0.09258550611783442
trans-Golgi network,cellcom,0.7000000000000001,0.021389916793223895,0.08100268690586769
trans-Golgi network,cellcom,0.71,0.02352890847254602,0.07445364278380084
trans-Golgi network,cellcom,0.72,0.01925092511390129,0.0693428201159925
trans-Golgi network,cellcom,0.73,0.01925092511390129,0.05781136595596263
trans-Golgi network,cellcom,0.74,0.03208487518983548,0.05624473187186058
trans-Golgi network,cellcom,0.75,0.027806891831190752,0.04877111681491472
trans-Golgi network,cellcom,0.76,0.021389916793223655,0.04509851560136401
trans-Golgi network,cellcom,0.77,0.027806891831190752,0.03908880452464466
trans-Golgi network,cellcom,0.78,0.004277983358644731,0.03341296628552083
trans-Golgi network,cellcom,0.79,0.021389916793223655,0.03379820417505412
trans-Golgi network,cellcom,0.8,0.017111933434578924,0.03038242822119227
trans-Golgi network,cellcom,0.81,0.0,0.025348653131290592
trans-Golgi network,cellcom,0.8200000000000001,0.0,0.021521956761926562
trans-Golgi network,cellcom,0.8300000000000001,0.008555966717289558,0.020546020775109117
trans-Golgi network,cellcom,0.84,0.0021389916793223655,0.020289195515420026
trans-Golgi network,cellcom,0.85,0.004277983358644731,0.018465736171629114
trans-Golgi network,cellcom,0.86,0.0,0.017310022503029238
trans-Golgi network,cellcom,0.87,0.0,0.016411134094118224
trans-Golgi network,cellcom,0.88,0.004277983358644731,0.012456025094909763
trans-Golgi network,cellcom,0.89,0.0,0.011582819211967636
trans-Golgi network,cellcom,0.9,0.0,0.008963201563141253
trans-Golgi network,cellcom,0.91,0.0,0.009476852082518973
trans-Golgi network,cellcom,0.92,0.0,0.007730440316634719
trans-Golgi network,cellcom,0.93,0.0,0.004699902252306158
trans-Golgi network,cellcom,0.9400000000000001,0.0,0.002234379759293092
trans-Golgi network,cellcom,0.9500000000000001,0.0,0.0028250778565775034
trans-Golgi network,cellcom,0.96,0.0,0.002285744811230864
trans-Golgi network,cellcom,0.97,0.0,0.0019261894476664584
trans-Golgi network,cellcom,0.98,0.0,2.5682525968886113e-05
trans-Golgi network,cellcom,0.99,0.0,0.0
transcription regulator complex,cellcom,0.0,0.0,0.0
transcription regulator complex,cellcom,0.01,0.0,0.0
transcription regulator complex,cellcom,0.02,0.0,0.0
transcription regulator complex,cellcom,0.03,0.0,0.000869708679218232
transcription regulator complex,cellcom,0.04,0.0,0.0019766106345868906
transcription regulator complex,cellcom,0.05,0.0013691596782474764,0.0052182520753093955
transcription regulator complex,cellcom,0.06,0.0,0.012992920571351152
transcription regulator complex,cellcom,0.07,0.0,0.03307528461875399
transcription regulator complex,cellcom,0.08,0.0034228991956186906,0.07777303976887892
transcription regulator complex,cellcom,0.09,0.011637857265103533,0.15404385545547158
transcription regulator complex,cellcom,0.1,0.042443950025671764,0.2552726747547818
transcription regulator complex,cellcom,0.11,0.05613554680814652,0.3746599570838301
transcription regulator complex,cellcom,0.12,0.09310285812082826,0.5182673083886823
transcription regulator complex,cellcom,0.13,0.10884819442067421,0.6515962843936833
transcription regulator complex,cellcom,0.14,0.1773061783330484,0.7928317029370341
transcription regulator complex,cellcom,0.15,0.26561697758001,0.9382575360257046
transcription regulator complex,cellcom,0.16,0.33202122197501255,1.0724562207099237
transcription regulator complex,cellcom,0.17,0.46072223173027643,1.2433935083890015
transcription regulator complex,cellcom,0.18,0.5846311826116716,1.4337279350954848
transcription regulator complex,cellcom,0.19,0.7591990415882245,1.6742682719204787
transcription regulator complex,cellcom,0.2,0.9009070682868408,1.9456964442619558
transcription regulator complex,cellcom,0.21,1.1870614410405604,2.2348614026977818
transcription regulator complex,cellcom,0.22,1.5615266130412446,2.5997700806509823
transcription regulator complex,cellcom,0.23,2.0051343487934314,2.9643361460941966
transcription regulator complex,cellcom,0.24,2.3309943522163254,3.3049984002631234
transcription regulator complex,cellcom,0.25,2.3754920417593683,3.6697753041740184
transcription regulator complex,cellcom,0.26,2.5877117918877266,3.9312413589171724
transcription regulator complex,cellcom,0.27,2.9786068800273804,4.165430186903027
transcription regulator complex,cellcom,0.28,3.401677220605869,4.363038540744817
transcription regulator complex,cellcom,0.29,3.87061441040561,4.486616237619166
transcription regulator complex,cellcom,0.3,3.811055964401845,4.487881268425301
transcription regulator complex,cellcom,0.31,4.0390210508300495,4.443921447912089
transcription regulator complex,cellcom,0.32,4.101317816190309,4.305848606384079
transcription regulator complex,cellcom,0.33,3.9116892007530346,4.147245369064827
transcription regulator complex,cellcom,0.34,3.8329625192538046,3.8935276280092546
transcription regulator complex,cellcom,0.35000000000000003,3.750128358719853,3.6321142828830433
transcription regulator complex,cellcom,0.36,3.5461235666609587,3.3574708239092903
transcription regulator complex,cellcom,0.37,3.5057333561526582,3.0526511092475306
transcription regulator complex,cellcom,0.38,3.2729762108505875,2.766121631657815
transcription regulator complex,cellcom,0.39,3.0415882252267643,2.489527916857956
transcription regulator complex,cellcom,0.4,2.8122539791203125,2.270783006630341
transcription regulator complex,cellcom,0.41000000000000003,2.814992298476823,2.0160110732363323
transcription regulator complex,cellcom,0.42,2.558274858805406,1.7795820865312681
transcription regulator complex,cellcom,0.43,2.252952250556219,1.6068263170683739
transcription regulator complex,cellcom,0.44,2.3248331336642116,1.4155431172572854
transcription regulator complex,cellcom,0.45,2.0475782988190976,1.2602605858041394
transcription regulator complex,cellcom,0.46,1.8298819099777495,1.1168113633500536
transcription regulator complex,cellcom,0.47000000000000003,1.8497347253123484,0.981980163262772
transcription regulator complex,cellcom,0.48,1.6457299332534643,0.8608271087668209
transcription regulator complex,cellcom,0.49,1.5478350162587697,0.7765971409249581
transcription regulator complex,cellcom,0.5,1.4061269895601562,0.706730543694427
transcription regulator complex,cellcom,0.51,1.2000684579839114,0.6226059950864089
transcription regulator complex,cellcom,0.52,1.0782132466198862,0.5526076238135719
transcription regulator complex,cellcom,0.53,1.0857436248502472,0.4777599677838817
transcription regulator complex,cellcom,0.54,0.9467739175081286,0.4223094507816042
transcription regulator complex,cellcom,0.55,0.885846311826116,0.3884698767174766
transcription regulator complex,cellcom,0.56,0.8386103029265781,0.34385118599273523
transcription regulator complex,cellcom,0.5700000000000001,0.7530378230361192,0.30692809933865556
transcription regulator complex,cellcom,0.58,0.7270237891494089,0.2594103796831833
transcription regulator complex,cellcom,0.59,0.6236522334417245,0.2387745646580962
transcription regulator complex,cellcom,0.6,0.5106965599863079,0.20757047144008453
transcription regulator complex,cellcom,0.61,0.5278110559644014,0.18888491224112317
transcription regulator complex,cellcom,0.62,0.5011124422385757,0.17454789643825291
transcription regulator complex,cellcom,0.63,0.4600376518911514,0.15301601792548641
transcription regulator complex,cellcom,0.64,0.44634605510867664,0.13404055583345226
transcription regulator complex,cellcom,0.65,0.3943179873352726,0.12534346904126994
transcription regulator complex,cellcom,0.66,0.33886702036624994,0.11422173987066103
transcription regulator complex,cellcom,0.67,0.31832962519253777,0.10715865120307055
transcription regulator complex,cellcom,0.68,0.31832962519253777,0.09416573063171942
transcription regulator complex,cellcom,0.6900000000000001,0.24371042272805046,0.08612751405106606
transcription regulator complex,cellcom,0.7000000000000001,0.22796508642820704,0.07461046275354061
transcription regulator complex,cellcom,0.71,0.19578983398938885,0.06915501740207997
transcription regulator complex,cellcom,0.72,0.20195105254150247,0.06362050762523667
transcription regulator complex,cellcom,0.73,0.15882252267670702,0.053447551559229485
transcription regulator complex,cellcom,0.74,0.15129214444634592,0.05228793998693851
transcription regulator complex,cellcom,0.75,0.11295567345541664,0.04604185038164394
transcription regulator complex,cellcom,0.76,0.1047407153859318,0.042510306047848695
transcription regulator complex,cellcom,0.77,0.08967995892520958,0.03700215107946657
transcription regulator complex,cellcom,0.78,0.10063323635118937,0.030466158581099252
transcription regulator complex,cellcom,0.79,0.09036453876433331,0.03146764130262328
transcription regulator complex,cellcom,0.8,0.06914256375149745,0.028726741222662788
transcription regulator complex,cellcom,0.81,0.05682012664727019,0.023824746848887305
transcription regulator complex,cellcom,0.8200000000000001,0.04107479034742423,0.02050404098278133
transcription regulator complex,cellcom,0.8300000000000001,0.036282731473558476,0.01979246115433027
transcription regulator complex,cellcom,0.84,0.03628273147355807,0.019449848644334987
transcription regulator complex,cellcom,0.85,0.019852815334588377,0.0182375274551217
transcription regulator complex,cellcom,0.86,0.03149067259969191,0.016550819713607553
transcription regulator complex,cellcom,0.87,0.03902105083005302,0.015338498524394261
transcription regulator complex,cellcom,0.88,0.016429916138969693,0.012202276317516395
transcription regulator complex,cellcom,0.89,0.006161218552113635,0.011648825339832069
transcription regulator complex,cellcom,0.9,0.004792058873866161,0.009013344493716215
transcription regulator complex,cellcom,0.91,0.004792058873866161,0.009540440662939386
transcription regulator complex,cellcom,0.92,0.004792058873866161,0.007748313687580606
transcription regulator complex,cellcom,0.93,0.0013691596782474745,0.004770220331469693
transcription regulator complex,cellcom,0.9400000000000001,0.0,0.0022928683361207918
transcription regulator complex,cellcom,0.9500000000000001,0.0,0.00289902893072747
transcription regulator complex,cellcom,0.96,0.0,0.0023455779530431086
transcription regulator complex,cellcom,0.97,0.0,0.0019766106345868893
transcription regulator complex,cellcom,0.98,0.0,2.6354808461158525e-05
transcription regulator complex,cellcom,0.99,0.0,0.0
