GO_term,category,bin_edge,with_term_hist,without_term_hist
ALL_IDRs,molfunc,0.0,0.0,0.0
ALL_IDRs,molfunc,0.01,0.0,0.0
ALL_IDRs,molfunc,0.02,0.0,0.0
ALL_IDRs,molfunc,0.03,0.0008374680144318578,0.0
ALL_IDRs,molfunc,0.04,0.0019033363964360403,0.0
ALL_IDRs,molfunc,0.05,0.005075563723829444,0.0
ALL_IDRs,molfunc,0.06,0.012511264579239564,0.0
ALL_IDRs,molfunc,0.07,0.03184916236702976,0.0
ALL_IDRs,molfunc,0.08,0.0750168318381992,0.0
ALL_IDRs,molfunc,0.09,0.1487647727454408,0.0
ALL_IDRs,molfunc,0.1,0.2473829758994471,0.0
ALL_IDRs,molfunc,0.11,0.36285205061656695,0.0
ALL_IDRs,molfunc,0.12,0.5025061864777334,0.0
ALL_IDRs,molfunc,0.13,0.6314762607002394,0.0
ALL_IDRs,molfunc,0.14,0.7700137725421661,0.0
ALL_IDRs,molfunc,0.15,0.9133223142844881,0.0
ALL_IDRs,molfunc,0.16,1.0450078150992428,0.0
ALL_IDRs,molfunc,0.17,1.2143793765634345,0.0
ALL_IDRs,molfunc,0.18,1.4022513678009778,0.0
ALL_IDRs,molfunc,0.19,1.6403460620858168,0.0
ALL_IDRs,molfunc,0.2,1.9069654244985823,0.0
ALL_IDRs,molfunc,0.21,2.1960187785706635,0.0
ALL_IDRs,molfunc,0.22,2.561281721956049,0.0
ALL_IDRs,molfunc,0.23,2.9287779133799274,0.0
ALL_IDRs,molfunc,0.24,3.26889143851373,0.0
ALL_IDRs,molfunc,0.25,3.6217953842315906,0.0
ALL_IDRs,molfunc,0.26,3.8814358465240857,0.0
ALL_IDRs,molfunc,0.27,4.1214338772053605,0.0
ALL_IDRs,molfunc,0.28,4.327400253118383,0.0
ALL_IDRs,molfunc,0.29,4.4637806503776565,0.0
ALL_IDRs,molfunc,0.3,4.462790915451509,0.0
ALL_IDRs,molfunc,0.31,4.4289115275949476,0.0
ALL_IDRs,molfunc,0.32,4.298266517343579,0.0
ALL_IDRs,molfunc,0.33,4.138513149136046,0.0
ALL_IDRs,molfunc,0.34,3.891282440148315,0.0
ALL_IDRs,molfunc,0.35000000000000003,3.636489141212097,0.0
ALL_IDRs,molfunc,0.36,3.3644643034334383,0.0
ALL_IDRs,molfunc,0.37,3.069447161985852,0.0
ALL_IDRs,molfunc,0.38,2.7849110596279743,0.0
ALL_IDRs,molfunc,0.39,2.5099931505267525,0.0
ALL_IDRs,molfunc,0.4,2.2908556867504166,0.0
ALL_IDRs,molfunc,0.41000000000000003,2.0456298254336085,0.0
ALL_IDRs,molfunc,0.42,1.8084487326190477,0.0
ALL_IDRs,molfunc,0.43,1.6307786244663982,0.0
ALL_IDRs,molfunc,0.44,1.4492510878836384,0.0
ALL_IDRs,molfunc,0.45,1.2894469640388686,0.0
ALL_IDRs,molfunc,0.46,1.1432453509739617,0.0
ALL_IDRs,molfunc,0.47000000000000003,1.0141483876583655,0.0
ALL_IDRs,molfunc,0.48,0.8899239655176343,0.0
ALL_IDRs,molfunc,0.49,0.8051874291483019,0.0
ALL_IDRs,molfunc,0.5,0.7326576235347793,0.0
ALL_IDRs,molfunc,0.51,0.6440129030980981,0.0
ALL_IDRs,molfunc,0.52,0.572092165131435,0.0
ALL_IDRs,molfunc,0.53,0.5002983162578676,0.0
ALL_IDRs,molfunc,0.54,0.44175168870349507,0.0
ALL_IDRs,molfunc,0.55,0.406907943739406,0.0
ALL_IDRs,molfunc,0.56,0.3621922273324687,0.0
ALL_IDRs,molfunc,0.5700000000000001,0.32346567611965366,0.0
ALL_IDRs,molfunc,0.58,0.2767451120418001,0.0
ALL_IDRs,molfunc,0.59,0.2530422294515166,0.0
ALL_IDRs,molfunc,0.6,0.21880755213428701,0.0
ALL_IDRs,molfunc,0.61,0.20144912419879038,0.0
ALL_IDRs,molfunc,0.62,0.18665385594382755,0.0
ALL_IDRs,molfunc,0.63,0.16439750901483546,0.0
ALL_IDRs,molfunc,0.64,0.14561792323666656,0.0
ALL_IDRs,molfunc,0.65,0.1353145288772928,0.0
ALL_IDRs,molfunc,0.66,0.12254948611186177,0.0
ALL_IDRs,molfunc,0.67,0.1149868961633559,0.0
ALL_IDRs,molfunc,0.68,0.10247563158411634,0.0
ALL_IDRs,molfunc,0.6900000000000001,0.09196921467578939,0.0
ALL_IDRs,molfunc,0.7000000000000001,0.08029541811098259,0.0
ALL_IDRs,molfunc,0.71,0.07384945218171832,0.0
ALL_IDRs,molfunc,0.72,0.06874851063926973,0.0
ALL_IDRs,molfunc,0.73,0.05735387007927264,0.0
ALL_IDRs,molfunc,0.74,0.055958090055219546,0.0
ALL_IDRs,molfunc,0.75,0.04852238919980942,0.0
ALL_IDRs,molfunc,0.76,0.04481722768141393,0.0
ALL_IDRs,molfunc,0.77,0.03895495158039093,0.0
ALL_IDRs,molfunc,0.78,0.033067297660748785,0.0
ALL_IDRs,molfunc,0.79,0.03365098748898917,0.0
ALL_IDRs,molfunc,0.8,0.0302249819754043,0.0
ALL_IDRs,molfunc,0.81,0.025047906977098272,0.0
ALL_IDRs,molfunc,0.8200000000000001,0.021266612002845343,0.0
ALL_IDRs,molfunc,0.8300000000000001,0.020403766169794564,0.0
ALL_IDRs,molfunc,0.84,0.020073854527745422,0.0
ALL_IDRs,molfunc,0.85,0.01829740722440512,0.0
ALL_IDRs,molfunc,0.86,0.017104649749305204,0.0
ALL_IDRs,molfunc,0.87,0.016216426097635052,0.0
ALL_IDRs,molfunc,0.88,0.01235899766752468,0.0
ALL_IDRs,molfunc,0.89,0.01144539619723538,0.0
ALL_IDRs,molfunc,0.9,0.008856858698082368,0.0
ALL_IDRs,molfunc,0.91,0.009364415070465312,0.0
ALL_IDRs,molfunc,0.92,0.007638723404363303,0.0
ALL_IDRs,molfunc,0.93,0.004644140807303935,0.0
ALL_IDRs,molfunc,0.9400000000000001,0.0022078702198658055,0.0
ALL_IDRs,molfunc,0.9500000000000001,0.0027915600481062215,0.0
ALL_IDRs,molfunc,0.96,0.0022586258571040997,0.0
ALL_IDRs,molfunc,0.97,0.001903336396436039,0.0
ALL_IDRs,molfunc,0.98,2.537781861914719e-05,0.0
ALL_IDRs,molfunc,0.99,0.0,0.0
ATP binding,molfunc,0.0,0.0,0.0
ATP binding,molfunc,0.01,0.0,0.0
ATP binding,molfunc,0.02,0.0,0.0
ATP binding,molfunc,0.03,0.004189242026476009,0.0005024579966050587
ATP binding,molfunc,0.04,0.0016756968105904036,0.0019260889869860585
ATP binding,molfunc,0.05,0.0002792828017650675,0.005554952295800376
ATP binding,molfunc,0.06,0.005027090431771207,0.013259308243744595
ATP binding,molfunc,0.07,0.00893704965648216,0.03413922943599929
ATP binding,molfunc,0.08,0.030162542590627284,0.07950002079617823
ATP binding,molfunc,0.09,0.049433055912416875,0.15869298392776426
ATP binding,molfunc,0.1,0.08266770932245997,0.26384627688394546
ATP binding,molfunc,0.11,0.1519298441601967,0.3839337380725546
ATP binding,molfunc,0.12,0.23348042227559607,0.5293953280897185
ATP binding,molfunc,0.13,0.29324694185332045,0.6652823018382419
ATP binding,molfunc,0.14,0.43903256437468663,0.8030953645737539
ATP binding,molfunc,0.15,0.5683405015919115,0.9478032675960085
ATP binding,molfunc,0.16,0.6593866949673234,1.0835506696788084
ATP binding,molfunc,0.17,0.881416522370554,1.2476590342366527
ATP binding,molfunc,0.18,1.0922750377031774,1.4332335209827842
ATP binding,molfunc,0.19,1.403954644472992,1.6639733987570848
ATP binding,molfunc,0.2,1.7516617326705055,1.9224880380103928
ATP binding,molfunc,0.21,2.2390102217505428,2.191721781191265
ATP binding,molfunc,0.22,2.6453666983187154,2.5528774234177227
ATP binding,molfunc,0.23,3.041110428419824,2.9175502716204242
ATP binding,molfunc,0.24,3.479863709992735,3.247804747055663
ATP binding,molfunc,0.25,3.794615427581966,3.6045220103121096
ATP binding,molfunc,0.26,4.112718538792377,3.8583191272639534
ATP binding,molfunc,0.27,4.408479025861584,4.092743697013358
ATP binding,molfunc,0.28,4.5690666368765225,4.303245683257757
ATP binding,molfunc,0.29,4.7304920962967065,4.437122825019836
ATP binding,molfunc,0.3,4.751438306429086,4.433940591041337
ATP binding,molfunc,0.31,4.673797687538397,4.4044351409073625
ATP binding,molfunc,0.32,4.672959839133102,4.26081589687775
ATP binding,molfunc,0.33,4.446461486901633,4.107733693912076
ATP binding,molfunc,0.34,4.171926492766572,3.8632320498974253
ATP binding,molfunc,0.35000000000000003,3.8222644249567286,3.617920890221598
ATP binding,molfunc,0.36,3.51868401943808,3.349050033371582
ATP binding,molfunc,0.37,3.2743115678936463,3.0489709520657837
ATP binding,molfunc,0.38,2.9207395408590715,2.771334994608344
ATP binding,molfunc,0.39,2.7037368038876144,2.490628460504985
ATP binding,molfunc,0.4,2.474445623638494,2.2725058613121
ATP binding,molfunc,0.41000000000000003,2.140144109925721,2.0361831169088656
ATP binding,molfunc,0.42,1.9373847958442703,1.7955615652013208
ATP binding,molfunc,0.43,1.6773725074009926,1.6261215630128372
ATP binding,molfunc,0.44,1.4321622074512639,1.450959122529685
ATP binding,molfunc,0.45,1.2838630397140132,1.290005077617198
ATP binding,molfunc,0.46,1.132771043959112,1.144292258601731
ATP binding,molfunc,0.47000000000000003,0.9984360163101204,1.015718840137131
ATP binding,molfunc,0.48,0.8627045746522921,0.8926445453020309
ATP binding,molfunc,0.49,0.7501536055409701,0.8106880631891169
ATP binding,molfunc,0.5,0.6079986594425509,0.7451172946321568
ATP binding,molfunc,0.51,0.5568899067195437,0.6527208519231156
ATP binding,molfunc,0.52,0.48846562028710233,0.5804506434114213
ATP binding,molfunc,0.53,0.4326090599340889,0.507063861573938
ATP binding,molfunc,0.54,0.3923923364799192,0.44668515898189687
ATP binding,molfunc,0.55,0.35999553147517144,0.41159684221897697
ATP binding,molfunc,0.56,0.31223817237334495,0.36718513818571874
ATP binding,molfunc,0.5700000000000001,0.28012065017036536,0.3277980141185148
ATP binding,molfunc,0.58,0.21839915098028242,0.28257679442405587
ATP binding,molfunc,0.59,0.19214656761436613,0.25912875458248646
ATP binding,molfunc,0.6,0.19884935485672775,0.22080237517477844
ATP binding,molfunc,0.61,0.18432664916494426,0.2031605166273119
ATP binding,molfunc,0.62,0.17008322627492584,0.18831009139431798
ATP binding,molfunc,0.63,0.13377646204546711,0.16745808453520805
ATP binding,molfunc,0.64,0.1304250684242863,0.14713645000584794
ATP binding,molfunc,0.65,0.1262358263978103,0.13622194574626026
ATP binding,molfunc,0.66,0.10528961626543028,0.12427461116031777
ATP binding,molfunc,0.67,0.08881193096129132,0.11760308553872839
ATP binding,molfunc,0.68,0.08015416410657425,0.10470666362586521
ATP binding,molfunc,0.6900000000000001,0.08238842652069478,0.09292681503879108
ATP binding,molfunc,0.7000000000000001,0.0664693068200867,0.08167733878146761
ATP binding,molfunc,0.71,0.054460146344188075,0.07578741448792964
ATP binding,molfunc,0.72,0.058649388370664086,0.06975791852866893
ATP binding,molfunc,0.73,0.057811539965368884,0.05730812594612138
ATP binding,molfunc,0.74,0.04691951069653127,0.05686149661580577
ATP binding,molfunc,0.75,0.03602748142769365,0.04977125599704551
ATP binding,molfunc,0.76,0.030162542590627242,0.04628196435395482
ATP binding,molfunc,0.77,0.030441825392392312,0.03980583906437851
ATP binding,molfunc,0.78,0.023180472546500568,0.034055486436565065
ATP binding,molfunc,0.79,0.017315533709434158,0.035283717094932984
ATP binding,molfunc,0.8,0.022063341339440296,0.031040738456934714
ATP binding,molfunc,0.81,0.015081271295313621,0.026044072824028857
ATP binding,molfunc,0.8200000000000001,0.013405574484723218,0.022052323184333117
ATP binding,molfunc,0.8300000000000001,0.0058649388370664735,0.02185692285232028
ATP binding,molfunc,0.84,0.008657766854717079,0.02121489318999135
ATP binding,molfunc,0.85,0.00949561526001228,0.019177146870426393
ATP binding,molfunc,0.86,0.005306373233536274,0.01828388820979518
ATP binding,molfunc,0.87,0.006144221638831476,0.01722314355029561
ATP binding,molfunc,0.88,0.006702787242361609,0.01292433624600789
ATP binding,molfunc,0.89,0.005585656035301341,0.012031077585376675
ATP binding,molfunc,0.9,0.0036306764229458717,0.009379215936627756
ATP binding,molfunc,0.91,0.005027090431771207,0.009797930933798639
ATP binding,molfunc,0.92,0.0025135452158856035,0.008150985278259837
ATP binding,molfunc,0.93,0.003072110819415738,0.00480126530089278
ATP binding,molfunc,0.9400000000000001,0.0008378484052952011,0.002344803984156939
ATP binding,molfunc,0.9500000000000001,0.0,0.003070576645919835
ATP binding,molfunc,0.96,0.0,0.0024843756498805665
ATP binding,molfunc,0.97,0.0,0.0020935749858544098
ATP binding,molfunc,0.98,0.0,2.7914333144725464e-05
ATP binding,molfunc,0.99,0.0,0.0
ATP hydrolysis activity,molfunc,0.0,0.0,0.0
ATP hydrolysis activity,molfunc,0.01,0.0,0.0
ATP hydrolysis activity,molfunc,0.02,0.0,0.0
ATP hydrolysis activity,molfunc,0.03,0.0,0.0008598427634199958
ATP hydrolysis activity,molfunc,0.04,0.0,0.0019541880986818083
ATP hydrolysis activity,molfunc,0.05,0.0,0.005211168263151493
ATP hydrolysis activity,molfunc,0.06,0.000975248200667069,0.012819473927352654
ATP hydrolysis activity,molfunc,0.07,0.014628723010006053,0.032309243231539254
ATP hydrolysis activity,molfunc,0.08,0.028282197819345038,0.07626544753122211
ATP hydrolysis activity,molfunc,0.09,0.04486141723068517,0.15154077309244524
ATP hydrolysis activity,molfunc,0.1,0.060465388441358354,0.2523768789844268
ATP hydrolysis activity,molfunc,0.11,0.11605453587938136,0.3694457740161251
ATP hydrolysis activity,molfunc,0.12,0.15799020850806517,0.5117106676001602
ATP hydrolysis activity,molfunc,0.13,0.17164368331740415,0.6437616713884188
ATP hydrolysis activity,molfunc,0.14,0.2876982191967861,0.7828998640145657
ATP hydrolysis activity,molfunc,0.15,0.3803467982601569,0.9275618949996487
ATP hydrolysis activity,molfunc,0.16,0.4925003413368698,1.0597692338358018
ATP hydrolysis activity,molfunc,0.17,0.6582925354502733,1.2292364257534918
ATP hydrolysis activity,molfunc,0.18,0.9567184848543946,1.4141547315714187
ATP hydrolysis activity,molfunc,0.19,1.2824513838771956,1.649907983796392
ATP hydrolysis activity,molfunc,0.2,1.6930308763580362,1.9126811434658109
ATP hydrolysis activity,molfunc,0.21,2.3006105053736157,2.193224386912566
ATP hydrolysis activity,molfunc,0.22,2.786284109305816,2.5552703019950154
ATP hydrolysis activity,molfunc,0.23,3.0866605551112816,2.9245597409632533
ATP hydrolysis activity,molfunc,0.24,3.5752599036454744,3.260706149777832
ATP hydrolysis activity,molfunc,0.25,3.8180967056115747,3.616550774627131
ATP hydrolysis activity,molfunc,0.26,4.151631590239712,3.8742169893986564
ATP hydrolysis activity,molfunc,0.27,4.521250658292532,4.110751916863102
ATP hydrolysis activity,molfunc,0.28,4.819676607696682,4.314248037539191
ATP hydrolysis activity,molfunc,0.29,4.816750863094653,4.454350296293995
ATP hydrolysis activity,molfunc,0.3,4.847958805515999,4.452500331560577
ATP hydrolysis activity,molfunc,0.31,4.856736039322003,4.417481280832199
ATP hydrolysis activity,molfunc,0.32,4.806998381087983,4.284674657645783
ATP hydrolysis activity,molfunc,0.33,4.46858725545651,4.129694513499658
ATP hydrolysis activity,molfunc,0.34,4.121398896019033,3.8851343869099586
ATP hydrolysis activity,molfunc,0.35000000000000003,3.7205718855448886,3.6342426908805505
ATP hydrolysis activity,molfunc,0.36,3.502116288595445,3.3607866362716563
ATP hydrolysis activity,molfunc,0.37,3.112992256529284,3.0682837616609633
ATP hydrolysis activity,molfunc,0.38,2.7443484366771322,2.7859947768460476
ATP hydrolysis activity,molfunc,0.39,2.6399968792057558,2.506519822893233
ATP hydrolysis activity,molfunc,0.4,2.4429967426710073,2.286790913077451
ATP hydrolysis activity,molfunc,0.41000000000000003,2.088006397628206,2.0444976446822336
ATP hydrolysis activity,molfunc,0.42,1.8627240632741016,1.8069986510890934
ATP hydrolysis activity,molfunc,0.43,1.6637734303380196,1.6298970976658902
ATP hydrolysis activity,molfunc,0.44,1.3682732255358978,1.4514145846529518
ATP hydrolysis activity,molfunc,0.45,1.275624646472526,1.2898162568126241
ATP hydrolysis activity,molfunc,0.46,1.0727730207337758,1.1451281699862232
ATP hydrolysis activity,molfunc,0.47000000000000003,0.9762234488677414,1.0151616335032307
ATP hydrolysis activity,molfunc,0.48,0.877723380600362,0.890249930235484
ATP hydrolysis activity,molfunc,0.49,0.7138816828882945,0.8076268574232173
ATP hydrolysis activity,molfunc,0.5,0.5773469347949048,0.7368070807269886
ATP hydrolysis activity,molfunc,0.51,0.5412627513702232,0.6467580931397309
ATP hydrolysis activity,molfunc,0.52,0.43983693850084804,0.5756256463477132
ATP hydrolysis activity,molfunc,0.53,0.41545573348417136,0.5025650672983293
ATP hydrolysis activity,molfunc,0.54,0.3920497766681617,0.4430795815744551
ATP hydrolysis activity,molfunc,0.55,0.3315843882268034,0.40892037360949707
ATP hydrolysis activity,molfunc,0.56,0.32865864362480224,0.3630881487350798
ATP hydrolysis activity,molfunc,0.5700000000000001,0.31988140981880214,0.32356143745907934
ATP hydrolysis activity,molfunc,0.58,0.22625758255475997,0.278093994363079
ATP hydrolysis activity,molfunc,0.59,0.2321090717587624,0.2536015035262671
ATP hydrolysis activity,molfunc,0.6,0.2379605609627648,0.21829583854341575
ATP hydrolysis activity,molfunc,0.61,0.2321090717587624,0.2006299781313322
ATP hydrolysis activity,molfunc,0.62,0.21748034874875638,0.185830260263982
ATP hydrolysis activity,molfunc,0.63,0.1784704207220736,0.16402152108269302
ATP hydrolysis activity,molfunc,0.64,0.19017339913007844,0.14442752841324344
ATP hydrolysis activity,molfunc,0.65,0.1599407049093993,0.1346565879198344
ATP hydrolysis activity,molfunc,0.66,0.14921297470206155,0.12183711399248175
ATP hydrolysis activity,molfunc,0.67,0.13263375529072136,0.11451542258275389
ATP hydrolysis activity,molfunc,0.68,0.13360900349138843,0.10164383697276973
ATP hydrolysis activity,molfunc,0.6900000000000001,0.16189120131073345,0.0901010992698892
ATP hydrolysis activity,molfunc,0.7000000000000001,0.13068325888938867,0.07894919918674588
ATP hydrolysis activity,molfunc,0.71,0.0906980826620374,0.07339930498648868
ATP hydrolysis activity,molfunc,0.72,0.1004505646687081,0.06790152246886386
ATP hydrolysis activity,molfunc,0.73,0.11507928767871413,0.05581161209835241
ATP hydrolysis activity,molfunc,0.74,0.08387134525736793,0.05521232774809
ATP hydrolysis activity,molfunc,0.75,0.06046538844135827,0.048203306434151244
ATP hydrolysis activity,molfunc,0.76,0.062415884842692414,0.04434704191941915
ATP hydrolysis activity,molfunc,0.77,0.04778716183268637,0.03871898019521554
ATP hydrolysis activity,molfunc,0.78,0.05363865103668879,0.03251768996206527
ATP hydrolysis activity,molfunc,0.79,0.03803467982601569,0.033533867773379814
ATP hydrolysis activity,molfunc,0.8,0.05363865103668879,0.02959943573470044
ATP hydrolysis activity,molfunc,0.81,0.020480212214008447,0.025169942711021676
ATP hydrolysis activity,molfunc,0.8200000000000001,0.03608418342468155,0.020870728893921702
ATP hydrolysis activity,molfunc,0.8300000000000001,0.010727730207337876,0.020662282163395874
ATP hydrolysis activity,molfunc,0.84,0.011702978408004825,0.020297500384975038
ATP hydrolysis activity,molfunc,0.85,0.02340595681600965,0.01816092139708293
ATP hydrolysis activity,molfunc,0.86,0.007801985605336552,0.017353190316294446
ATP hydrolysis activity,molfunc,0.87,0.01755446761200724,0.016180677457085364
ATP hydrolysis activity,molfunc,0.88,0.019504964013341376,0.012168077894458718
ATP hydrolysis activity,molfunc,0.89,0.01657921941134017,0.011308235131038725
ATP hydrolysis activity,molfunc,0.9,0.000975248200667069,0.009067432777883586
ATP hydrolysis activity,molfunc,0.91,0.0029257446020012064,0.00953643792156722
ATP hydrolysis activity,molfunc,0.92,0.0029257446020012064,0.007764640712095715
ATP hydrolysis activity,molfunc,0.93,0.005851489204002413,0.004611883912889065
ATP hydrolysis activity,molfunc,0.9400000000000001,0.0029257446020012064,0.002188690670523624
ATP hydrolysis activity,molfunc,0.9500000000000001,0.0,0.002866142544733349
ATP hydrolysis activity,molfunc,0.96,0.0,0.0023189698771024113
ATP hydrolysis activity,molfunc,0.97,0.0,0.0019541880986818074
ATP hydrolysis activity,molfunc,0.98,0.0,2.605584131575743e-05
ATP hydrolysis activity,molfunc,0.99,0.0,0.0
DNA binding,molfunc,0.0,0.0,0.0
DNA binding,molfunc,0.01,0.0,0.0
DNA binding,molfunc,0.02,0.0,0.0
DNA binding,molfunc,0.03,0.0003765405214082113,0.000954282853254836
DNA binding,molfunc,0.04,0.0026357836498574786,0.0017177091358587047
DNA binding,molfunc,0.05,0.0064011888639395964,0.004739604837832355
DNA binding,molfunc,0.06,0.019454593606090902,0.01075158681333781
DNA binding,molfunc,0.07,0.041544970862039336,0.029391911880248967
DNA binding,molfunc,0.08,0.08886356305233792,0.0715075951372291
DNA binding,molfunc,0.09,0.16869015359087855,0.1437149977001782
DNA binding,molfunc,0.1,0.25918539223598563,0.24439183871856365
DNA binding,molfunc,0.11,0.366624954344462,0.3618958673826758
DNA binding,molfunc,0.12,0.5186218114862426,0.4984219342550005
DNA binding,molfunc,0.13,0.65317229113611,0.6259777423067301
DNA binding,molfunc,0.14,0.7514493672236552,0.7747186297007193
DNA binding,molfunc,0.15,0.8941582248373652,0.9181791519733606
DNA binding,molfunc,0.16,1.0197972454805715,1.0513970382877358
DNA binding,molfunc,0.17,1.1784463185005676,1.2234860461580277
DNA binding,molfunc,0.18,1.3630766874977238,1.4121795756749471
DNA binding,molfunc,0.19,1.4675039254349345,1.6841501888525752
DNA binding,molfunc,0.2,1.7128828318859566,1.9561526114586503
DNA binding,molfunc,0.21,2.0245328701048146,2.2394791905900058
DNA binding,molfunc,0.22,2.351997610222822,2.6143214953485048
DNA binding,molfunc,0.23,2.7356924015377966,2.9777124058679543
DNA binding,molfunc,0.24,3.034540062028772,3.3282841167253308
DNA binding,molfunc,0.25,3.3342663170697087,3.6946651135183037
DNA binding,molfunc,0.26,3.5627009000573566,3.962214216142518
DNA binding,molfunc,0.27,3.8752295328261717,4.183830504096733
DNA binding,molfunc,0.28,4.083832981686344,4.3891285552603145
DNA binding,molfunc,0.29,4.192653192373294,4.532493649247607
DNA binding,molfunc,0.3,4.218885515364732,4.524604910994034
DNA binding,molfunc,0.31,4.155626707768153,4.4981712759588754
DNA binding,molfunc,0.32,4.045300334995547,4.362376825940712
DNA binding,molfunc,0.33,3.906231369088781,4.197381320612951
DNA binding,molfunc,0.34,3.738419810047855,3.9300230745593883
DNA binding,molfunc,0.35000000000000003,3.528310199102093,3.663905396215077
DNA binding,molfunc,0.36,3.2897090220364036,3.3834098562150188
DNA binding,molfunc,0.37,3.0114455767157353,3.084146753434302
DNA binding,molfunc,0.38,2.8219201809402694,2.7755316786916886
DNA binding,molfunc,0.39,2.603526678523507,2.486288545870148
DNA binding,molfunc,0.4,2.4147543637908573,2.2594555116514736
DNA binding,molfunc,0.41000000000000003,2.203389617773727,2.0056480821141403
DNA binding,molfunc,0.42,1.9651649812294532,1.7687314590793954
DNA binding,molfunc,0.43,1.7535492081980388,1.5996643469110803
DNA binding,molfunc,0.44,1.6285377550905127,1.4038136959947465
DNA binding,molfunc,0.45,1.4431543050505369,1.2504922509051362
DNA binding,molfunc,0.46,1.2979351772941032,1.1040416423589607
DNA binding,molfunc,0.47000000000000003,1.1744298862722167,0.9735275574621466
DNA binding,molfunc,0.48,1.0516776762931335,0.8489300262555015
DNA binding,molfunc,0.49,0.9899250307821867,0.7583685834816175
DNA binding,molfunc,0.5,0.9601783295909381,0.6749960715355868
DNA binding,molfunc,0.51,0.7581015831018648,0.615098917779625
DNA binding,molfunc,0.52,0.6649705608069006,0.5485535934793211
DNA binding,molfunc,0.53,0.6122548878097511,0.47192468036295787
DNA binding,molfunc,0.54,0.5230147842360051,0.42115683256980063
DNA binding,molfunc,0.55,0.4997947854158321,0.38336723158090913
DNA binding,molfunc,0.56,0.4537313282968942,0.3389930789045593
DNA binding,molfunc,0.5700000000000001,0.4218508974843371,0.2985314859265576
DNA binding,molfunc,0.58,0.3734026837298092,0.2522487675436948
DNA binding,molfunc,0.59,0.3470448472312345,0.22921874135181144
DNA binding,molfunc,0.6,0.30286409271933773,0.19750474119530906
DNA binding,molfunc,0.61,0.27675728323503507,0.18236345325699904
DNA binding,molfunc,0.62,0.2721132834710005,0.16499550532776103
DNA binding,molfunc,0.63,0.22780701545196763,0.14832736482424325
DNA binding,molfunc,0.64,0.2098585839315096,0.129337136044472
DNA binding,molfunc,0.65,0.1865130716042005,0.12233906178726989
DNA binding,molfunc,0.66,0.1727065858192328,0.10983795640963155
DNA binding,molfunc,0.67,0.16517577539106856,0.10226731244047652
DNA binding,molfunc,0.68,0.14923555998478763,0.09062506163076753
DNA binding,molfunc,0.6900000000000001,0.14547015477070552,0.07841024110910563
DNA binding,molfunc,0.7000000000000001,0.13065956092865066,0.06753141658200126
DNA binding,molfunc,0.71,0.11371523746527971,0.063746094597423
DNA binding,molfunc,0.72,0.12112053438630788,0.05547564320254776
DNA binding,molfunc,0.73,0.09990875168031199,0.04656900323883597
DNA binding,molfunc,0.74,0.10379967040153017,0.04383339239283877
DNA binding,molfunc,0.75,0.08196032015985392,0.040048070408261256
DNA binding,molfunc,0.76,0.0736764286888733,0.03750331613291503
DNA binding,molfunc,0.77,0.06363534811798766,0.032700092438199026
DNA binding,molfunc,0.78,0.06489048318934837,0.025002210755276685
DNA binding,molfunc,0.79,0.05259015949001347,0.028851151596737852
DNA binding,molfunc,0.8,0.05673210522550379,0.023507167618510773
DNA binding,molfunc,0.81,0.04167048436917535,0.020835175629397237
DNA binding,molfunc,0.8200000000000001,0.032382484841106146,0.018449468496260148
DNA binding,molfunc,0.8300000000000001,0.03188043081256222,0.017495185643005506
DNA binding,molfunc,0.84,0.03326107939105864,0.016731759360401447
DNA binding,molfunc,0.85,0.032131457826834006,0.014791384225449946
DNA binding,molfunc,0.86,0.0342651874481472,0.012755580805172965
DNA binding,molfunc,0.87,0.029119133655568317,0.012946437375823933
DNA binding,molfunc,0.88,0.02610680948430263,0.008874830535269967
DNA binding,molfunc,0.89,0.017195350477641636,0.009988160530733942
DNA binding,molfunc,0.9,0.01807394502759413,0.006520932830574708
DNA binding,molfunc,0.91,0.015438161377736652,0.00782511939668965
DNA binding,molfunc,0.92,0.015438161377736652,0.005662078262645357
DNA binding,molfunc,0.93,0.007279783413892079,0.003976178555228481
DNA binding,molfunc,0.9400000000000001,0.0042674592426263916,0.0016858997074168758
DNA binding,molfunc,0.9500000000000001,0.008660431992388948,0.001304186566114956
DNA binding,molfunc,0.96,0.007656323935300291,0.0008906639963711797
DNA binding,molfunc,0.97,0.009287999528069205,3.1809428441827846e-05
DNA binding,molfunc,0.98,0.00012551350713607034,0.0
DNA binding,molfunc,0.99,0.0,0.0
"DNA-binding transcription activator activity, RNA polymerase II-specific",molfunc,0.0,0.0,0.0
"DNA-binding transcription activator activity, RNA polymerase II-specific",molfunc,0.01,0.0,0.0
"DNA-binding transcription activator activity, RNA polymerase II-specific",molfunc,0.02,0.0,0.0
"DNA-binding transcription activator activity, RNA polymerase II-specific",molfunc,0.03,0.000664072357324054,0.0008443576984181222
"DNA-binding transcription activator activity, RNA polymerase II-specific",molfunc,0.04,0.001328144714648108,0.001926190999516341
"DNA-binding transcription activator activity, RNA polymerase II-specific",molfunc,0.05,0.007968868287888653,0.004960601478206471
"DNA-binding transcription activator activity, RNA polymerase II-specific",molfunc,0.06,0.013281447146481069,0.012480662229742858
"DNA-binding transcription activator activity, RNA polymerase II-specific",molfunc,0.07,0.031211400794230557,0.03187450311528413
"DNA-binding transcription activator activity, RNA polymerase II-specific",molfunc,0.08,0.11289230074508923,0.0735118921185278
"DNA-binding transcription activator activity, RNA polymerase II-specific",molfunc,0.09,0.17797139176284632,0.14760428015471788
"DNA-binding transcription activator activity, RNA polymerase II-specific",molfunc,0.1,0.2842229689346953,0.24591917966427823
"DNA-binding transcription activator activity, RNA polymerase II-specific",molfunc,0.11,0.5212968004993827,0.35655642433512785
"DNA-binding transcription activator activity, RNA polymerase II-specific",molfunc,0.12,0.6873148898303953,0.49516301776607713
"DNA-binding transcription activator activity, RNA polymerase II-specific",molfunc,0.13,0.8679425710225378,0.622080534309551
"DNA-binding transcription activator activity, RNA polymerase II-specific",molfunc,0.14,0.9436468197574825,0.763114656123455
"DNA-binding transcription activator activity, RNA polymerase II-specific",molfunc,0.15,1.0718127847210221,0.9070248713475914
"DNA-binding transcription activator activity, RNA polymerase II-specific",molfunc,0.16,1.1866973025380836,1.039377940574632
"DNA-binding transcription activator activity, RNA polymerase II-specific",molfunc,0.17,1.1056804749445521,1.218698406776184
"DNA-binding transcription activator activity, RNA polymerase II-specific",molfunc,0.18,1.1966583878979444,1.4104203766732453
"DNA-binding transcription activator activity, RNA polymerase II-specific",molfunc,0.19,1.2484560317692204,1.655917377488314
"DNA-binding transcription activator activity, RNA polymerase II-specific",molfunc,0.2,1.369981273159526,1.9283018937623904
"DNA-binding transcription activator activity, RNA polymerase II-specific",molfunc,0.21,1.6269772754439311,2.218629011127841
"DNA-binding transcription activator activity, RNA polymerase II-specific",molfunc,0.22,1.9756152630390589,2.584552528679794
"DNA-binding transcription activator activity, RNA polymerase II-specific",molfunc,0.23,2.374058677433498,2.950819066546738
"DNA-binding transcription activator activity, RNA polymerase II-specific",molfunc,0.24,2.793088334904969,3.287796946749787
"DNA-binding transcription activator activity, RNA polymerase II-specific",molfunc,0.25,3.1131712111351626,3.642005001236189
"DNA-binding transcription activator activity, RNA polymerase II-specific",molfunc,0.26,3.2247353671656036,3.907529111210613
"DNA-binding transcription activator activity, RNA polymerase II-specific",molfunc,0.27,3.624506926274684,4.141178718069753
"DNA-binding transcription activator activity, RNA polymerase II-specific",molfunc,0.28,3.9439257301475754,4.342637187676725
"DNA-binding transcription activator activity, RNA polymerase II-specific",molfunc,0.29,4.101310878833353,4.478182984450886
"DNA-binding transcription activator activity, RNA polymerase II-specific",molfunc,0.3,4.029591064242356,4.480003630738099
"DNA-binding transcription activator activity, RNA polymerase II-specific",molfunc,0.31,4.208226528362527,4.437680201104891
"DNA-binding transcription activator activity, RNA polymerase II-specific",molfunc,0.32,4.125881556054344,4.305116042453245
"DNA-binding transcription activator activity, RNA polymerase II-specific",molfunc,0.33,3.8323615741171126,4.150677742176956
"DNA-binding transcription activator activity, RNA polymerase II-specific",molfunc,0.34,3.6610309059275066,3.9004312293082855
"DNA-binding transcription activator activity, RNA polymerase II-specific",molfunc,0.35000000000000003,3.5747014994754,3.638944204579444
"DNA-binding transcription activator activity, RNA polymerase II-specific",molfunc,0.36,3.3289947272654796,3.365873647675388
"DNA-binding transcription activator activity, RNA polymerase II-specific",molfunc,0.37,3.0852801721275522,3.0688180549006625
"DNA-binding transcription activator activity, RNA polymerase II-specific",molfunc,0.38,2.82762009748582,2.783214063410733
"DNA-binding transcription activator activity, RNA polymerase II-specific",molfunc,0.39,2.668242731728047,2.503705279056259
"DNA-binding transcription activator activity, RNA polymerase II-specific",molfunc,0.4,2.4610521562429417,2.284093118933321
"DNA-binding transcription activator activity, RNA polymerase II-specific",molfunc,0.41000000000000003,2.2518693636858775,2.0374351262829387
"DNA-binding transcription activator activity, RNA polymerase II-specific",molfunc,0.42,2.084523129640204,1.7974792228637273
"DNA-binding transcription activator activity, RNA polymerase II-specific",molfunc,0.43,1.825534910283823,1.6230401996061585
"DNA-binding transcription activator activity, RNA polymerase II-specific",molfunc,0.44,1.8049486672067774,1.4351178393519755
"DNA-binding transcription activator activity, RNA polymerase II-specific",molfunc,0.45,1.5599059673542015,1.2787005757200183
"DNA-binding transcription activator activity, RNA polymerase II-specific",molfunc,0.46,1.3586920430850133,1.1346848157835774
"DNA-binding transcription activator activity, RNA polymerase II-specific",molfunc,0.47000000000000003,1.32416028050417,1.0018304091731067
"DNA-binding transcription activator activity, RNA polymerase II-specific",molfunc,0.48,1.2159164862603418,0.8769710145195214
"DNA-binding transcription activator activity, RNA polymerase II-specific",molfunc,0.49,1.070484640006374,0.7946461389237546
"DNA-binding transcription activator activity, RNA polymerase II-specific",molfunc,0.5,0.9688815693357941,0.7232715272293477
"DNA-binding transcription activator activity, RNA polymerase II-specific",molfunc,0.51,0.8765755116677505,0.6347722859638983
"DNA-binding transcription activator activity, RNA polymerase II-specific",molfunc,0.52,0.8181371442232338,0.5623158409683934
"DNA-binding transcription activator activity, RNA polymerase II-specific",molfunc,0.53,0.7596987767787171,0.48999132686326613
"DNA-binding transcription activator activity, RNA polymerase II-specific",molfunc,0.54,0.7138777841233575,0.4309390603301488
"DNA-binding transcription activator activity, RNA polymerase II-specific",molfunc,0.55,0.671377153254618,0.3963995532292325
"DNA-binding transcription activator activity, RNA polymerase II-specific",molfunc,0.56,0.5737585167279822,0.35378587563719294
"DNA-binding transcription activator activity, RNA polymerase II-specific",molfunc,0.5700000000000001,0.5830555297305254,0.3131511614008243
"DNA-binding transcription activator activity, RNA polymerase II-specific",molfunc,0.58,0.5279375240726225,0.26676426034397527
"DNA-binding transcription activator activity, RNA polymerase II-specific",molfunc,0.59,0.4495769859083842,0.24523313903431315
"DNA-binding transcription activator activity, RNA polymerase II-specific",molfunc,0.6,0.3546146388110445,0.2134114082751802
"DNA-binding transcription activator activity, RNA polymerase II-specific",molfunc,0.61,0.3619194347416091,0.19507301451266162
"DNA-binding transcription activator activity, RNA polymerase II-specific",molfunc,0.62,0.3453176258085078,0.18034952714649563
"DNA-binding transcription activator activity, RNA polymerase II-specific",molfunc,0.63,0.29684034372385193,0.15913503997374032
"DNA-binding transcription activator activity, RNA polymerase II-specific",molfunc,0.64,0.25766007464173274,0.14116605270427968
"DNA-binding transcription activator activity, RNA polymerase II-specific",molfunc,0.65,0.22578460149017818,0.13171980095322694
"DNA-binding transcription activator activity, RNA polymerase II-specific",molfunc,0.66,0.19855763483989197,0.11952938668231532
"DNA-binding transcription activator activity, RNA polymerase II-specific",molfunc,0.67,0.16336179990171715,0.11306477305380157
"DNA-binding transcription activator activity, RNA polymerase II-specific",molfunc,0.68,0.15207256982720824,0.10050495228983201
"DNA-binding transcription activator activity, RNA polymerase II-specific",molfunc,0.6900000000000001,0.11886895196100558,0.09090038347032589
"DNA-binding transcription activator activity, RNA polymerase II-specific",molfunc,0.7000000000000001,0.11820487960368282,0.07878912773364183
"DNA-binding transcription activator activity, RNA polymerase II-specific",molfunc,0.71,0.08632940645212694,0.07335357505007431
"DNA-binding transcription activator activity, RNA polymerase II-specific",molfunc,0.72,0.0956264194546637,0.06768054676382755
"DNA-binding transcription activator activity, RNA polymerase II-specific",molfunc,0.73,0.0796886828788864,0.05646642108171187
"DNA-binding transcription activator activity, RNA polymerase II-specific",molfunc,0.74,0.06906352516170156,0.05543736013676479
"DNA-binding transcription activator activity, RNA polymerase II-specific",molfunc,0.75,0.04316470322606347,0.04873527090557095
"DNA-binding transcription activator activity, RNA polymerase II-specific",molfunc,0.76,0.04250063086873942,0.044909275084613835
"DNA-binding transcription activator activity, RNA polymerase II-specific",molfunc,0.77,0.03187547315155456,0.039236246798367076
"DNA-binding transcription activator activity, RNA polymerase II-specific",molfunc,0.78,0.020586243077045655,0.03356321851212033
"DNA-binding transcription activator activity, RNA polymerase II-specific",molfunc,0.79,0.02125031543436971,0.034143714429782784
"DNA-binding transcription activator activity, RNA polymerase II-specific",molfunc,0.8,0.011953302431832962,0.030950986882639267
"DNA-binding transcription activator activity, RNA polymerase II-specific",molfunc,0.81,0.0099610853598608,0.02564736508945044
"DNA-binding transcription activator activity, RNA polymerase II-specific",molfunc,0.8200000000000001,0.004648506501268374,0.021926913980795593
"DNA-binding transcription activator activity, RNA polymerase II-specific",molfunc,0.8300000000000001,0.005976651215916547,0.02097701157007544
"DNA-binding transcription activator activity, RNA polymerase II-specific",molfunc,0.84,0.01527366421845323,0.020264584762034913
"DNA-binding transcription activator activity, RNA polymerase II-specific",molfunc,0.85,0.004648506501268374,0.018839731145954337
"DNA-binding transcription activator activity, RNA polymerase II-specific",molfunc,0.86,0.01527366421845323,0.01717740192719366
"DNA-binding transcription activator activity, RNA polymerase II-specific",molfunc,0.87,0.0006640723573240534,0.016834381612211298
"DNA-binding transcription activator activity, RNA polymerase II-specific",molfunc,0.88,0.0,0.012850068722800785
"DNA-binding transcription activator activity, RNA polymerase II-specific",molfunc,0.89,0.0,0.011900166312080398
"DNA-binding transcription activator activity, RNA polymerase II-specific",molfunc,0.9,0.0,0.009208776148372637
"DNA-binding transcription activator activity, RNA polymerase II-specific",molfunc,0.91,0.0,0.009736499709883963
"DNA-binding transcription activator activity, RNA polymerase II-specific",molfunc,0.92,0.0,0.007942239600745455
"DNA-binding transcription activator activity, RNA polymerase II-specific",molfunc,0.93,0.0,0.004828670587828632
"DNA-binding transcription activator activity, RNA polymerase II-specific",molfunc,0.9400000000000001,0.0,0.0022955974925742677
"DNA-binding transcription activator activity, RNA polymerase II-specific",molfunc,0.9500000000000001,0.0,0.002902479588312325
"DNA-binding transcription activator activity, RNA polymerase II-specific",molfunc,0.96,0.0,0.0023483698487254006
"DNA-binding transcription activator activity, RNA polymerase II-specific",molfunc,0.97,0.0,0.0019789633556674723
"DNA-binding transcription activator activity, RNA polymerase II-specific",molfunc,0.98,0.0,2.6386178075566298e-05
"DNA-binding transcription activator activity, RNA polymerase II-specific",molfunc,0.99,0.0,0.0
DNA-binding transcription factor activity,molfunc,0.0,0.0,0.0
DNA-binding transcription factor activity,molfunc,0.01,0.0,0.0
DNA-binding transcription factor activity,molfunc,0.02,0.0,0.0
DNA-binding transcription factor activity,molfunc,0.03,0.0004379482126238572,0.0008898395820165141
DNA-binding transcription factor activity,molfunc,0.04,0.0015328187441835,0.0019519061799071924
DNA-binding transcription factor activity,molfunc,0.05,0.009196912465101006,0.0045353114180196556
DNA-binding transcription factor activity,molfunc,0.06,0.029123556139486483,0.010333620952449834
DNA-binding transcription factor activity,molfunc,0.07,0.06437838725570705,0.027585027042511954
DNA-binding transcription factor activity,molfunc,0.08,0.14671265122899224,0.06561849304805653
DNA-binding transcription factor activity,molfunc,0.09,0.260141238298571,0.13416484536597367
DNA-binding transcription factor activity,molfunc,0.1,0.4018174850823892,0.2271387294353768
DNA-binding transcription factor activity,molfunc,0.11,0.5756829254940606,0.3349528413726036
DNA-binding transcription factor activity,molfunc,0.12,0.783270378277768,0.4657018509237392
DNA-binding transcription factor activity,molfunc,0.13,0.972464006131274,0.5867774430832764
DNA-binding transcription factor activity,molfunc,0.14,1.070783379865333,0.7305870013382052
DNA-binding transcription factor activity,molfunc,0.15,1.263918541632451,0.867363956444935
DNA-binding transcription factor activity,molfunc,0.16,1.4399737231072414,0.9932332005463032
DNA-binding transcription factor activity,molfunc,0.17,1.555373077133632,1.1696797783093875
DNA-binding transcription factor activity,molfunc,0.18,1.7320851809273539,1.3590146777603815
DNA-binding transcription factor activity,molfunc,0.19,1.8411342858706943,1.614025479264727
DNA-binding transcription factor activity,molfunc,0.2,2.036678162807252,1.8899618631977884
DNA-binding transcription factor activity,molfunc,0.21,2.365577270487763,2.1737919853584056
DNA-binding transcription factor activity,molfunc,0.22,2.6931625335304075,2.543993955979921
DNA-binding transcription factor activity,molfunc,0.23,3.0614769803470794,2.911382885342166
DNA-binding transcription factor activity,molfunc,0.24,3.3327858980675504,3.260515751021734
DNA-binding transcription factor activity,molfunc,0.25,3.5835112497947086,3.6268139092834346
DNA-binding transcription factor activity,molfunc,0.26,3.71993211802704,3.902606770703263
DNA-binding transcription factor activity,molfunc,0.27,3.9890512946844,4.138787418472033
DNA-binding transcription factor activity,molfunc,0.28,4.143209065528021,4.35154519208194
DNA-binding transcription factor activity,molfunc,0.29,4.240214594624182,4.493087094627834
DNA-binding transcription factor activity,molfunc,0.3,4.158099304757209,4.502731807516787
DNA-binding transcription factor activity,molfunc,0.31,4.066349154212511,4.4764384830933315
DNA-binding transcription factor activity,molfunc,0.32,3.9207313735150784,4.347756197732685
DNA-binding transcription factor activity,molfunc,0.33,3.730004926917389,4.1920629753824405
DNA-binding transcription factor activity,molfunc,0.34,3.521979525921057,3.939692988121499
DNA-binding transcription factor activity,molfunc,0.35000000000000003,3.3435156292768538,3.6748939512149925
DNA-binding transcription factor activity,molfunc,0.36,3.0610390321344476,3.4042391957687235
DNA-binding transcription factor activity,molfunc,0.37,2.7971752340285736,3.1051382782005925
DNA-binding transcription factor activity,molfunc,0.38,2.5979087972847186,2.809424491944653
DNA-binding transcription factor activity,molfunc,0.39,2.4095910658564605,2.523154487059147
DNA-binding transcription factor activity,molfunc,0.4,2.17791646137844,2.3056604705127235
DNA-binding transcription factor activity,molfunc,0.41000000000000003,2.0005474352657893,2.0515395085904062
DNA-binding transcription factor activity,molfunc,0.42,1.7798215361033543,1.8122013655305982
DNA-binding transcription factor activity,molfunc,0.43,1.541577708435976,1.6424716413866098
DNA-binding transcription factor activity,molfunc,0.44,1.4909946898779207,1.443779074073116
DNA-binding transcription factor activity,molfunc,0.45,1.2709257130344327,1.2918748460721035
DNA-binding transcription factor activity,molfunc,0.46,1.134942793014725,1.1443337024732363
DNA-binding transcription factor activity,molfunc,0.47000000000000003,1.0650900531012257,1.007470633858573
DNA-binding transcription factor activity,molfunc,0.48,0.963486067772485,0.8802809826354974
DNA-binding transcription factor activity,molfunc,0.49,0.8815897520118239,0.7951721322910148
DNA-binding transcription factor activity,molfunc,0.5,0.7878688345103185,0.7254201908619783
DNA-binding transcription factor activity,molfunc,0.51,0.6871407456068314,0.6383594343375886
DNA-binding transcription factor activity,molfunc,0.52,0.6216674878195648,0.5655935201307543
DNA-binding transcription factor activity,molfunc,0.53,0.5561942300322982,0.49297112843714846
DNA-binding transcription factor activity,molfunc,0.54,0.48677943833141685,0.4358491681722174
DNA-binding transcription factor activity,molfunc,0.55,0.44626922866371016,0.401748219029133
DNA-binding transcription factor activity,molfunc,0.56,0.3849564788963702,0.3592081461082145
DNA-binding transcription factor activity,molfunc,0.5700000000000001,0.36568675754092456,0.3179310713037101
DNA-binding transcription factor activity,molfunc,0.58,0.3096293863250668,0.2724344346102816
DNA-binding transcription factor activity,molfunc,0.59,0.2798489078666445,0.24952824149901778
DNA-binding transcription factor activity,molfunc,0.6,0.22882794109596521,0.2174940165464233
DNA-binding transcription factor activity,molfunc,0.61,0.2196310286308642,0.1990657258478878
DNA-binding transcription factor activity,molfunc,0.62,0.2021131001259099,0.1846273610171037
DNA-binding transcription factor activity,molfunc,0.63,0.16204083867082703,0.1647064361809921
DNA-binding transcription factor activity,molfunc,0.64,0.1456177806974324,0.14561794192160557
DNA-binding transcription factor activity,molfunc,0.65,0.12306344774730377,0.13692047761996032
DNA-binding transcription factor activity,molfunc,0.66,0.10226090764767057,0.12520904054051715
DNA-binding transcription factor activity,molfunc,0.67,0.08539990146165208,0.1188653454558188
DNA-binding transcription factor activity,molfunc,0.68,0.07904965237860617,0.10554645622821678
DNA-binding transcription factor activity,molfunc,0.6900000000000001,0.0700717140198171,0.09483967674137292
DNA-binding transcription factor activity,molfunc,0.7000000000000001,0.06853889527563435,0.08183653704287445
DNA-binding transcription factor activity,molfunc,0.71,0.057371215853725246,0.07600952300579766
DNA-binding transcription factor activity,molfunc,0.72,0.06218864619258767,0.06960841891580791
DNA-binding transcription factor activity,molfunc,0.73,0.051677889089615105,0.05809791335488462
DNA-binding transcription factor activity,molfunc,0.74,0.04357584715607375,0.05758123230726213
DNA-binding transcription factor activity,molfunc,0.75,0.032189193627853475,0.050663447169649885
DNA-binding transcription factor activity,molfunc,0.76,0.02255433295012863,0.04773558789978909
DNA-binding transcription factor activity,molfunc,0.77,0.02189741063119284,0.04119096129657087
DNA-binding transcription factor activity,molfunc,0.78,0.013576394591339563,0.035622287783306235
DNA-binding transcription factor activity,molfunc,0.79,0.01248152405977992,0.03642601385738566
DNA-binding transcription factor activity,molfunc,0.8,0.00985383478403678,0.032895360031965304
DNA-binding transcription factor activity,molfunc,0.81,0.008977938358789066,0.02715445950282651
DNA-binding transcription factor activity,molfunc,0.8200000000000001,0.00547435265779821,0.02333676065094921
DNA-binding transcription factor activity,molfunc,0.8300000000000001,0.004379482126238617,0.02250433007422433
DNA-binding transcription factor activity,molfunc,0.84,0.006569223189357852,0.02184412651337312
DNA-binding transcription factor activity,molfunc,0.85,0.0021897410631192844,0.020408901381088425
DNA-binding transcription factor activity,molfunc,0.86,0.005036404445174354,0.018686631222346782
DNA-binding transcription factor activity,molfunc,0.87,0.00043794821262385685,0.018284768185307068
DNA-binding transcription factor activity,molfunc,0.88,0.0,0.01397909278845297
DNA-binding transcription factor activity,molfunc,0.89,0.0,0.012945730693207985
DNA-binding transcription factor activity,molfunc,0.9,0.0,0.0100178714233472
DNA-binding transcription factor activity,molfunc,0.91,0.0,0.01059196147626108
DNA-binding transcription factor activity,molfunc,0.92,0.0,0.00864005529635389
DNA-binding transcription factor activity,molfunc,0.93,0.0,0.005252923984162
DNA-binding transcription factor activity,molfunc,0.9400000000000001,0.0,0.0024972917301753768
DNA-binding transcription factor activity,molfunc,0.9500000000000001,0.0,0.0031574952910263733
DNA-binding transcription factor activity,molfunc,0.96,0.0,0.0025547007354667648
DNA-binding transcription factor activity,molfunc,0.97,0.0,0.0021528376984270487
DNA-binding transcription factor activity,molfunc,0.98,0.0,2.8704502645693983e-05
DNA-binding transcription factor activity,molfunc,0.99,0.0,0.0
"DNA-binding transcription factor activity, RNA polymerase II-specific",molfunc,0.0,0.0,0.0
"DNA-binding transcription factor activity, RNA polymerase II-specific",molfunc,0.01,0.0,0.0
"DNA-binding transcription factor activity, RNA polymerase II-specific",molfunc,0.02,0.0,0.0
"DNA-binding transcription factor activity, RNA polymerase II-specific",molfunc,0.03,0.0004526781571472222,0.0008860601023142174
"DNA-binding transcription factor activity, RNA polymerase II-specific",molfunc,0.04,0.0015843735500152777,0.0019436157083021542
"DNA-binding transcription factor activity, RNA polymerase II-specific",molfunc,0.05,0.00950624130009167,0.004516048263407949
"DNA-binding transcription factor activity, RNA polymerase II-specific",molfunc,0.06,0.030103097450290255,0.010289730220423163
"DNA-binding transcription factor activity, RNA polymerase II-specific",molfunc,0.07,0.0665436891006417,0.027467863171740756
"DNA-binding transcription factor activity, RNA polymerase II-specific",molfunc,0.08,0.14938379185858341,0.06562561273914337
"DNA-binding transcription factor activity, RNA polymerase II-specific",molfunc,0.09,0.26662743455971366,0.13388082320128358
"DNA-binding transcription factor activity, RNA polymerase II-specific",molfunc,0.1,0.40582596788248493,0.22737445528740655
"DNA-binding transcription factor activity, RNA polymerase II-specific",molfunc,0.11,0.5753539377341198,0.33601685686470795
"DNA-binding transcription factor activity, RNA polymerase II-specific",molfunc,0.12,0.7858492808075772,0.46672501324802723
"DNA-binding transcription factor activity, RNA polymerase II-specific",molfunc,0.13,0.9689575953736284,0.5888583944476611
"DNA-binding transcription factor activity, RNA polymerase II-specific",molfunc,0.14,1.066283399160284,0.7326002091101855
"DNA-binding transcription factor activity, RNA polymerase II-specific",molfunc,0.15,1.2654617883050587,0.8688533867789535
"DNA-binding transcription factor activity, RNA polymerase II-specific",molfunc,0.16,1.433858062763825,0.9959029724172339
"DNA-binding transcription factor activity, RNA polymerase II-specific",molfunc,0.17,1.5542704525649904,1.1714572030112347
"DNA-binding transcription factor activity, RNA polymerase II-specific",molfunc,0.18,1.735794393581022,1.3601308396362681
"DNA-binding transcription factor activity, RNA polymerase II-specific",molfunc,0.19,1.8294987721104972,1.6164594524605875
"DNA-binding transcription factor activity, RNA polymerase II-specific",molfunc,0.2,2.0415784887339763,1.8899661982362295
"DNA-binding transcription factor activity, RNA polymerase II-specific",molfunc,0.21,2.355510790715569,2.17587778544426
"DNA-binding transcription factor activity, RNA polymerase II-specific",molfunc,0.22,2.688002897140203,2.5452791003574515
"DNA-binding transcription factor activity, RNA polymerase II-specific",molfunc,0.23,3.0698369226938933,2.91096467935772
"DNA-binding transcription factor activity, RNA polymerase II-specific",molfunc,0.24,3.345517920396543,3.2592148821511455
"DNA-binding transcription factor activity, RNA polymerase II-specific",molfunc,0.25,3.5777418150130678,3.6273585633707297
"DNA-binding transcription factor activity, RNA polymerase II-specific",molfunc,0.26,3.695890814028493,3.904866870898753
"DNA-binding transcription factor activity, RNA polymerase II-specific",molfunc,0.27,3.9534646854452618,4.142645386742365
"DNA-binding transcription factor activity, RNA polymerase II-specific",molfunc,0.28,4.123898011611214,4.353098952333989
"DNA-binding transcription factor activity, RNA polymerase II-specific",molfunc,0.29,4.22665595328361,4.493725265346415
"DNA-binding transcription factor activity, RNA polymerase II-specific",molfunc,0.3,4.146758258547126,4.502700196705338
"DNA-binding transcription factor activity, RNA polymerase II-specific",molfunc,0.31,4.0578070006676965,4.475775402628565
"DNA-binding transcription factor activity, RNA polymerase II-specific",molfunc,0.32,3.9140816857734535,4.346782201281982
"DNA-binding transcription factor activity, RNA polymerase II-specific",molfunc,0.33,3.710602854135778,4.192550578311417
"DNA-binding transcription factor activity, RNA polymerase II-specific",molfunc,0.34,3.5071240224981013,3.9397947884803
"DNA-binding transcription factor activity, RNA polymerase II-specific",molfunc,0.35000000000000003,3.3219786562249056,3.676206199333814
"DNA-binding transcription factor activity, RNA polymerase II-specific",molfunc,0.36,3.046523997600803,3.4046144866825134
"DNA-binding transcription factor activity, RNA polymerase II-specific",molfunc,0.37,2.7970983330126837,3.1038399558227554
"DNA-binding transcription factor activity, RNA polymerase II-specific",molfunc,0.38,2.60629448977513,2.807467142890623
"DNA-binding transcription factor activity, RNA polymerase II-specific",molfunc,0.39,2.4252232269162413,2.5206980781642185
"DNA-binding transcription factor activity, RNA polymerase II-specific",molfunc,0.4,2.1785136312710054,2.305042482294516
"DNA-binding transcription factor activity, RNA polymerase II-specific",molfunc,0.41000000000000003,1.9974423684121274,2.0517150407844986
"DNA-binding transcription factor activity, RNA polymerase II-specific",molfunc,0.42,1.7808358702171707,1.811935744064682
"DNA-binding transcription factor activity, RNA polymerase II-specific",molfunc,0.43,1.5415954641648641,1.6420408650919174
"DNA-binding transcription factor activity, RNA polymerase II-specific",molfunc,0.44,1.5031178208073501,1.4424486813996535
"DNA-binding transcription factor activity, RNA polymerase II-specific",molfunc,0.45,1.2865113226124045,1.2898176831300434
"DNA-binding transcription factor activity, RNA polymerase II-specific",molfunc,0.46,1.1432386858753087,1.1432461926569044
"DNA-binding transcription factor activity, RNA polymerase II-specific",molfunc,0.47000000000000003,1.0678677727103023,1.0073645885794331
"DNA-binding transcription factor activity, RNA polymerase II-specific",molfunc,0.48,0.9741633941808213,0.8792860299191048
"DNA-binding transcription factor activity, RNA polymerase II-specific",molfunc,0.49,0.8867965098514076,0.7948816595276893
"DNA-binding transcription factor activity, RNA polymerase II-specific",molfunc,0.5,0.7903760623790494,0.7253688153719416
"DNA-binding transcription factor activity, RNA polymerase II-specific",molfunc,0.51,0.6971243620067216,0.6373058742354868
"DNA-binding transcription factor activity, RNA polymerase II-specific",molfunc,0.52,0.6237905005488718,0.5655635885319809
"DNA-binding transcription factor activity, RNA polymerase II-specific",molfunc,0.53,0.5619999320982759,0.49250650396697637
"DNA-binding transcription factor activity, RNA polymerase II-specific",molfunc,0.54,0.4954562429976343,0.4349697624844435
"DNA-binding transcription factor activity, RNA polymerase II-specific",molfunc,0.55,0.4535835134615163,0.40101365275704715
"DNA-binding transcription factor activity, RNA polymerase II-specific",molfunc,0.56,0.39631972658239273,0.3578825335831067
"DNA-binding transcription factor activity, RNA polymerase II-specific",molfunc,0.5700000000000001,0.37232778425359414,0.31729526438032996
"DNA-binding transcription factor activity, RNA polymerase II-specific",molfunc,0.58,0.3166483709244817,0.2717060429870627
"DNA-binding transcription factor activity, RNA polymerase II-specific",molfunc,0.59,0.28790330794563307,0.24863989774294745
"DNA-binding transcription factor activity, RNA polymerase II-specific",molfunc,0.6,0.23471362448083455,0.21679889922752688
"DNA-binding transcription factor activity, RNA polymerase II-specific",molfunc,0.61,0.22294399239500676,0.19873470617389513
"DNA-binding transcription factor activity, RNA polymerase II-specific",molfunc,0.62,0.20777927413057481,0.18398609285795525
"DNA-binding transcription factor activity, RNA polymerase II-specific",molfunc,0.63,0.16568020551588322,0.16423552735153193
"DNA-binding transcription factor activity, RNA polymerase II-specific",molfunc,0.64,0.148931113701436,0.14519952644374906
"DNA-binding transcription factor activity, RNA polymerase II-specific",molfunc,0.65,0.1262972058440749,0.1364532557563894
"DNA-binding transcription factor activity, RNA polymerase II-specific",molfunc,0.66,0.10479499337958186,0.12479156150657646
"DNA-binding transcription factor activity, RNA polymerase II-specific",molfunc,0.67,0.08623518893654576,0.11861772337432257
"DNA-binding transcription factor activity, RNA polymerase II-specific",molfunc,0.68,0.08102939012935272,0.1051839089198812
"DNA-binding transcription factor activity, RNA polymerase II-specific",molfunc,0.6900000000000001,0.07107047067211383,0.09460835286000185
"DNA-binding transcription factor activity, RNA polymerase II-specific",molfunc,0.7000000000000001,0.06971243620067294,0.08163185974869132
"DNA-binding transcription factor activity, RNA polymerase II-specific",molfunc,0.71,0.058621821350565234,0.07577243003983834
"DNA-binding transcription factor activity, RNA polymerase II-specific",molfunc,0.72,0.062243246607743004,0.06957000932363883
"DNA-binding transcription factor activity, RNA polymerase II-specific",molfunc,0.73,0.052737005307651345,0.057936897657771526
"DNA-binding transcription factor activity, RNA polymerase II-specific",molfunc,0.74,0.045041476636148575,0.05733666339491351
"DNA-binding transcription factor activity, RNA polymerase II-specific",molfunc,0.75,0.032366488236026364,0.05056259099980159
"DNA-binding transcription factor activity, RNA polymerase II-specific",molfunc,0.76,0.023312925093081926,0.04753283710156588
"DNA-binding transcription factor activity, RNA polymerase II-specific",molfunc,0.77,0.022633907857361094,0.04101600796196455
"DNA-binding transcription factor activity, RNA polymerase II-specific",molfunc,0.78,0.014033022871563878,0.035470986676514285
"DNA-binding transcription factor activity, RNA polymerase II-specific",molfunc,0.79,0.012901327478695821,0.036271299026991645
"DNA-binding transcription factor activity, RNA polymerase II-specific",molfunc,0.8,0.010185258535812492,0.0327556412016804
"DNA-binding transcription factor activity, RNA polymerase II-specific",molfunc,0.81,0.009279902221518048,0.027039124412556417
"DNA-binding transcription factor activity, RNA polymerase II-specific",molfunc,0.8200000000000001,0.005658476964340273,0.023237640747788973
"DNA-binding transcription factor activity, RNA polymerase II-specific",molfunc,0.8300000000000001,0.0045267815714722685,0.022408745813366247
"DNA-binding transcription factor activity, RNA polymerase II-specific",molfunc,0.84,0.006790172357208328,0.021751346382616738
"DNA-binding transcription factor activity, RNA polymerase II-specific",molfunc,0.85,0.002263390785736109,0.020322217185335747
"DNA-binding transcription factor activity, RNA polymerase II-specific",molfunc,0.86,0.005205798807193052,0.01860726214859855
"DNA-binding transcription factor activity, RNA polymerase II-specific",molfunc,0.87,0.00045267815714722186,0.018207105973359873
"DNA-binding transcription factor activity, RNA polymerase II-specific",molfunc,0.88,0.0,0.013919718381516889
"DNA-binding transcription factor activity, RNA polymerase II-specific",molfunc,0.89,0.0,0.01289074535947457
"DNA-binding transcription factor activity, RNA polymerase II-specific",molfunc,0.9,0.0,0.009975321797021344
"DNA-binding transcription factor activity, RNA polymerase II-specific",molfunc,0.91,0.0,0.01054697347593374
"DNA-binding transcription factor activity, RNA polymerase II-specific",molfunc,0.92,0.0,0.00860335776763159
"DNA-binding transcription factor activity, RNA polymerase II-specific",molfunc,0.93,0.0,0.005230612862048441
"DNA-binding transcription factor activity, RNA polymerase II-specific",molfunc,0.9400000000000001,0.0,0.002486684803268931
"DNA-binding transcription factor activity, RNA polymerase II-specific",molfunc,0.9500000000000001,0.0,0.0031440842340182233
"DNA-binding transcription factor activity, RNA polymerase II-specific",molfunc,0.96,0.0,0.002543849971160171
"DNA-binding transcription factor activity, RNA polymerase II-specific",molfunc,0.97,0.0,0.0021436937959214922
"DNA-binding transcription factor activity, RNA polymerase II-specific",molfunc,0.98,0.0,2.8582583945619895e-05
"DNA-binding transcription factor activity, RNA polymerase II-specific",molfunc,0.99,0.0,0.0
DNA-binding transcription factor binding,molfunc,0.0,0.0,0.0
DNA-binding transcription factor binding,molfunc,0.01,0.0,0.0
DNA-binding transcription factor binding,molfunc,0.02,0.0,0.0
DNA-binding transcription factor binding,molfunc,0.03,0.001292390405293631,0.0008188716635272183
DNA-binding transcription factor binding,molfunc,0.04,0.0038771712158808926,0.001822649831721873
DNA-binding transcription factor binding,molfunc,0.05,0.0019385856079404478,0.0052037973456407136
DNA-binding transcription factor binding,molfunc,0.06,0.0019385856079404448,0.012943455326720537
DNA-binding transcription factor binding,molfunc,0.07,0.0025847808105872636,0.03304543390556615
DNA-binding transcription factor binding,molfunc,0.08,0.013570099255583133,0.07752865588556088
DNA-binding transcription factor binding,molfunc,0.09,0.02843258891645986,0.15368372059359203
DNA-binding transcription factor binding,molfunc,0.1,0.06591191066997522,0.2548011634317275
DNA-binding transcription factor binding,molfunc,0.11,0.07172766749379657,0.37475265453098877
DNA-binding transcription factor binding,molfunc,0.12,0.15508684863523559,0.5167080196856744
DNA-binding transcription factor binding,molfunc,0.13,0.1983819272125722,0.6491803226724161
DNA-binding transcription factor binding,molfunc,0.14,0.31340467328370614,0.7886790728365227
DNA-binding transcription factor binding,molfunc,0.15,0.3709160463192718,0.9354948375424649
DNA-binding transcription factor binding,molfunc,0.16,0.40774917287014023,1.0710577206786482
DNA-binding transcription factor binding,molfunc,0.17,0.5486197270471475,1.241594348411933
DNA-binding transcription factor binding,molfunc,0.18,0.7062913564929687,1.4307008722568118
DNA-binding transcription factor binding,molfunc,0.19,0.9860938792390396,1.6670906308666527
DNA-binding transcription factor binding,molfunc,0.2,1.022280810587264,1.9431296271201879
DNA-binding transcription factor binding,molfunc,0.21,1.2284170802315952,2.2355724718592094
DNA-binding transcription factor binding,molfunc,0.22,1.5489299007444155,2.602664714053975
DNA-binding transcription factor binding,molfunc,0.23,1.915968775847812,2.970179599687989
DNA-binding transcription factor binding,molfunc,0.24,2.211279983457401,3.3121245572479756
DNA-binding transcription factor binding,molfunc,0.25,2.609982423490486,3.6631563487516265
DNA-binding transcription factor binding,molfunc,0.26,2.9072322167080205,3.9212594140524155
DNA-binding transcription factor binding,molfunc,0.27,3.482345947063686,4.147558560550405
DNA-binding transcription factor binding,molfunc,0.28,3.7511631513647816,4.350955715684608
DNA-binding transcription factor binding,molfunc,0.29,3.908188585607937,4.486492183605815
DNA-binding transcription factor binding,molfunc,0.3,4.001886889991725,4.481631784054557
DNA-binding transcription factor binding,molfunc,0.31,4.2422715053763405,4.436541012130656
DNA-binding transcription factor binding,molfunc,0.32,4.24421009098428,4.300476239910375
DNA-binding transcription factor binding,molfunc,0.33,4.065214019851113,4.141509476326284
DNA-binding transcription factor binding,molfunc,0.34,3.920466294458226,3.8900894604084764
DNA-binding transcription factor binding,molfunc,0.35000000000000003,3.8054435483871147,3.629582610547031
DNA-binding transcription factor binding,molfunc,0.36,3.625801282051279,3.3537813512280534
DNA-binding transcription factor binding,molfunc,0.37,3.506901364764265,3.051564876956605
DNA-binding transcription factor binding,molfunc,0.38,3.232914598842015,2.7665975380491337
DNA-binding transcription factor binding,molfunc,0.39,3.0157930107526854,2.489317026692837
DNA-binding transcription factor binding,molfunc,0.4,2.8238730355665815,2.269066964418968
DNA-binding transcription factor binding,molfunc,0.41000000000000003,2.725005169561634,2.0178582702207906
DNA-binding transcription factor binding,molfunc,0.42,2.4070771298593856,1.783977957031425
DNA-binding transcription factor binding,molfunc,0.43,2.1356751447477236,1.6101394274290823
DNA-binding transcription factor binding,molfunc,0.44,2.0109594706368883,1.4262895313597457
DNA-binding transcription factor binding,molfunc,0.45,1.9469861455748534,1.262568029084207
DNA-binding transcription factor binding,molfunc,0.46,1.7473118279569877,1.1185522771632268
DNA-binding transcription factor binding,molfunc,0.47000000000000003,1.6910928453267242,0.9864762024007778
DNA-binding transcription factor binding,molfunc,0.48,1.508865798180313,0.864622815824932
DNA-binding transcription factor binding,molfunc,0.49,1.3731648056244818,0.7819696082385879
DNA-binding transcription factor binding,molfunc,0.5,1.344732216708022,0.7076371933622785
DNA-binding transcription factor binding,molfunc,0.51,1.0881927212572364,0.6258556878693666
DNA-binding transcription factor binding,molfunc,0.52,0.9595998759305201,0.5562515964695532
DNA-binding transcription factor binding,molfunc,0.53,0.9570150951199329,0.4816286142287664
DNA-binding transcription factor binding,molfunc,0.54,0.7818961952026462,0.427847236585495
DNA-binding transcription factor binding,molfunc,0.55,0.6920750620347388,0.3952508613341212
DNA-binding transcription factor binding,molfunc,0.56,0.6655810587262194,0.3497902764008844
DNA-binding transcription factor binding,molfunc,0.5700000000000001,0.6345636889991794,0.31074858870110633
DNA-binding transcription factor binding,molfunc,0.58,0.5835142679900739,0.2642049799548139
DNA-binding transcription factor binding,molfunc,0.59,0.5208333333333328,0.24209544503957903
DNA-binding transcription factor binding,molfunc,0.6,0.43359698097601285,0.21002737408725508
DNA-binding transcription factor binding,molfunc,0.61,0.454275227460711,0.19111408018127157
DNA-binding transcription factor binding,molfunc,0.62,0.4148573200992552,0.17732533797607136
DNA-binding transcription factor binding,molfunc,0.63,0.3825475599669145,0.1554799552103614
DNA-binding transcription factor binding,molfunc,0.64,0.328267162944582,0.13815157420152735
DNA-binding transcription factor binding,molfunc,0.65,0.2875568651778327,0.129091155472823
DNA-binding transcription factor binding,molfunc,0.66,0.22616832092638525,0.1183137477722067
DNA-binding transcription factor binding,molfunc,0.67,0.2242297353184448,0.1105212593612219
DNA-binding transcription factor binding,molfunc,0.68,0.21453680727874258,0.09789478661393124
DNA-binding transcription factor binding,molfunc,0.6900000000000001,0.20613626964433399,0.08730228541798239
DNA-binding transcription factor binding,molfunc,0.7000000000000001,0.21712158808933224,0.07470222788564508
DNA-binding transcription factor binding,molfunc,0.71,0.17382650951199322,0.06976258268952845
DNA-binding transcription factor binding,molfunc,0.72,0.1809346567411082,0.06416255711960038
DNA-binding transcription factor binding,molfunc,0.73,0.15250206782464834,0.05346439506384157
DNA-binding transcription factor binding,molfunc,0.74,0.17253411910669958,0.051192686577927346
DNA-binding transcription factor binding,molfunc,0.75,0.164133581472291,0.0437964263912299
DNA-binding transcription factor binding,molfunc,0.76,0.13247001654259707,0.04123415054083828
DNA-binding transcription factor binding,molfunc,0.77,0.11437655086848626,0.03587186190548263
DNA-binding transcription factor binding,molfunc,0.78,0.10597601323407765,0.030086929830887125
DNA-binding transcription factor binding,molfunc,0.79,0.08077440033085187,0.031724673157941564
DNA-binding transcription factor binding,molfunc,0.8,0.07625103391232417,0.028343525644022725
DNA-binding transcription factor binding,molfunc,0.81,0.07108147229114965,0.023166143513334514
DNA-binding transcription factor binding,molfunc,0.8200000000000001,0.06268093465674104,0.01957367427979575
DNA-binding transcription factor binding,molfunc,0.8300000000000001,0.05040322580645213,0.019177446055508602
DNA-binding transcription factor binding,molfunc,0.84,0.06332712985938786,0.01830574396207619
DNA-binding transcription factor binding,molfunc,0.85,0.04975703060380475,0.017011398429404134
DNA-binding transcription factor binding,molfunc,0.86,0.06526571546732832,0.015135918167777282
DNA-binding transcription factor binding,molfunc,0.87,0.04458746898263023,0.015056672522919808
DNA-binding transcription factor binding,molfunc,0.88,0.04200268817204297,0.011147220709951156
DNA-binding transcription factor binding,molfunc,0.89,0.019385856079404448,0.011120805494998666
DNA-binding transcription factor binding,molfunc,0.9,0.027786393713813046,0.008083055775462214
DNA-binding transcription factor binding,molfunc,0.91,0.022616832092638525,0.008822681794131959
DNA-binding transcription factor binding,molfunc,0.92,0.009692928039702224,0.007554751476412395
DNA-binding transcription factor binding,molfunc,0.93,0.0038771712158808896,0.0046754930465908884
DNA-binding transcription factor binding,molfunc,0.9400000000000001,0.0019385856079404448,0.002218878056009235
DNA-binding transcription factor binding,molfunc,0.9500000000000001,0.0,0.0029056736447740303
DNA-binding transcription factor binding,molfunc,0.96,0.0,0.0023509541307716896
DNA-binding transcription factor binding,molfunc,0.97,0.0,0.001981141121436817
DNA-binding transcription factor binding,molfunc,0.98,0.0,2.6415214952490893e-05
DNA-binding transcription factor binding,molfunc,0.99,0.0,0.0
"DNA-binding transcription repressor activity, RNA polymerase II-specific",molfunc,0.0,0.0,0.0
"DNA-binding transcription repressor activity, RNA polymerase II-specific",molfunc,0.01,0.0,0.0
"DNA-binding transcription repressor activity, RNA polymerase II-specific",molfunc,0.02,0.0,0.0
"DNA-binding transcription repressor activity, RNA polymerase II-specific",molfunc,0.03,0.0,0.0008627638194501998
"DNA-binding transcription repressor activity, RNA polymerase II-specific",molfunc,0.04,0.0008655610566769378,0.0019346825042216597
"DNA-binding transcription repressor activity, RNA polymerase II-specific",molfunc,0.05,0.005193366340061631,0.005072005484040572
"DNA-binding transcription repressor activity, RNA polymerase II-specific",molfunc,0.06,0.012983415850154058,0.012497003202945308
"DNA-binding transcription repressor activity, RNA polymerase II-specific",molfunc,0.07,0.025101270643631213,0.0320529831104832
"DNA-binding transcription repressor activity, RNA polymerase II-specific",molfunc,0.08,0.06578264030744732,0.07529575151565383
"DNA-binding transcription repressor activity, RNA polymerase II-specific",molfunc,0.09,0.14714537963507934,0.14881368667607678
"DNA-binding transcription repressor activity, RNA polymerase II-specific",molfunc,0.1,0.25880275594640456,0.247038040302574
"DNA-binding transcription repressor activity, RNA polymerase II-specific",molfunc,0.11,0.3851746702212376,0.362177793661928
"DNA-binding transcription repressor activity, RNA polymerase II-specific",molfunc,0.12,0.606758300730533,0.4993572409545092
"DNA-binding transcription repressor activity, RNA polymerase II-specific",molfunc,0.13,0.7227434823252425,0.6287195251557086
"DNA-binding transcription repressor activity, RNA polymerase II-specific",molfunc,0.14,0.8776789114704168,0.7667617362677427
"DNA-binding transcription repressor activity, RNA polymerase II-specific",molfunc,0.15,1.0049163868019242,0.910555706176107
"DNA-binding transcription repressor activity, RNA polymerase II-specific",molfunc,0.16,1.1494650832669726,1.0418526728815283
"DNA-binding transcription repressor activity, RNA polymerase II-specific",molfunc,0.17,1.3788387632863648,1.2094118643620262
"DNA-binding transcription repressor activity, RNA polymerase II-specific",molfunc,0.18,1.7198698196170743,1.3926576707416123
"DNA-binding transcription repressor activity, RNA polymerase II-specific",molfunc,0.19,1.844510611778553,1.6341792514713376
"DNA-binding transcription repressor activity, RNA polymerase II-specific",molfunc,0.2,2.020219506283977,1.9035445736469612
"DNA-binding transcription repressor activity, RNA polymerase II-specific",molfunc,0.21,2.3534605131045923,2.1912632352545147
"DNA-binding transcription repressor activity, RNA polymerase II-specific",molfunc,0.22,2.642557906034689,2.5588267666984645
"DNA-binding transcription repressor activity, RNA polymerase II-specific",molfunc,0.23,2.9861856455354414,2.9270439070965515
"DNA-binding transcription repressor activity, RNA polymerase II-specific",molfunc,0.24,3.4103105633071324,3.264619859725058
"DNA-binding transcription repressor activity, RNA polymerase II-specific",molfunc,0.25,3.7833673787348925,3.6169150860005557
"DNA-binding transcription repressor activity, RNA polymerase II-specific",molfunc,0.26,3.817124259945293,3.8833783844198417
"DNA-binding transcription repressor activity, RNA polymerase II-specific",molfunc,0.27,4.003219887130835,4.125004542582228
"DNA-binding transcription repressor activity, RNA polymerase II-specific",molfunc,0.28,4.036976768341257,4.3361725234822295
"DNA-binding transcription repressor activity, RNA polymerase II-specific",molfunc,0.29,4.451580514489488,4.4641491567006515
"DNA-binding transcription repressor activity, RNA polymerase II-specific",molfunc,0.3,4.2395180556036385,4.469534894482674
"DNA-binding transcription repressor activity, RNA polymerase II-specific",molfunc,0.31,4.215282346016685,4.435364218360813
"DNA-binding transcription repressor activity, RNA polymerase II-specific",molfunc,0.32,4.113146141328806,4.30385809679007
"DNA-binding transcription repressor activity, RNA polymerase II-specific",molfunc,0.33,4.124398435065606,4.138939485484256
"DNA-binding transcription repressor activity, RNA polymerase II-specific",molfunc,0.34,3.8482844579856628,3.892581198493977
"DNA-binding transcription repressor activity, RNA polymerase II-specific",molfunc,0.35000000000000003,3.717584738427466,3.634039640598754
"DNA-binding transcription repressor activity, RNA polymerase II-specific",molfunc,0.36,3.225080497178268,3.368674405222385
"DNA-binding transcription repressor activity, RNA polymerase II-specific",molfunc,0.37,3.0684139459197426,3.0694783703803217
"DNA-binding transcription repressor activity, RNA polymerase II-specific",molfunc,0.38,2.8347124606169696,2.783406803337168
"DNA-binding transcription repressor activity, RNA polymerase II-specific",molfunc,0.39,2.688432642038567,2.5046033678639277
"DNA-binding transcription repressor activity, RNA polymerase II-specific",molfunc,0.4,2.2790222622303755,2.291213116519912
"DNA-binding transcription repressor activity, RNA polymerase II-specific",molfunc,0.41000000000000003,2.13707024893537,2.0428678583090916
"DNA-binding transcription repressor activity, RNA polymerase II-specific",molfunc,0.42,1.857494027628707,1.8069673145848637
"DNA-binding transcription repressor activity, RNA polymerase II-specific",molfunc,0.43,1.5926323442855643,1.631930836669134
"DNA-binding transcription repressor activity, RNA polymerase II-specific",molfunc,0.44,1.4982861891077783,1.4477699777537645
"DNA-binding transcription repressor activity, RNA polymerase II-specific",molfunc,0.45,1.254197971124882,1.2905116633903417
"DNA-binding transcription repressor activity, RNA polymerase II-specific",molfunc,0.46,1.1537928885503574,1.1429267615480274
"DNA-binding transcription repressor activity, RNA polymerase II-specific",molfunc,0.47000000000000003,1.0767579545061159,1.0122572594385755
"DNA-binding transcription repressor activity, RNA polymerase II-specific",molfunc,0.48,1.018765363708755,0.8860322982171893
"DNA-binding transcription repressor activity, RNA polymerase II-specific",molfunc,0.49,0.841325347089983,0.8040958797275856
"DNA-binding transcription repressor activity, RNA polymerase II-specific",molfunc,0.5,0.7694837793857973,0.7315452858192734
"DNA-binding transcription repressor activity, RNA polymerase II-specific",molfunc,0.51,0.5877159574836404,0.6457133579630611
"DNA-binding transcription repressor activity, RNA polymerase II-specific",molfunc,0.52,0.5444379046497935,0.5729274648312626
"DNA-binding transcription repressor activity, RNA polymerase II-specific",molfunc,0.53,0.509815462382716,0.5000108499086381
"DNA-binding transcription repressor activity, RNA polymerase II-specific",molfunc,0.54,0.4544195547553921,0.44136905454418973
"DNA-binding transcription repressor activity, RNA polymerase II-specific",molfunc,0.55,0.43364608939514554,0.4061003153793922
"DNA-binding transcription repressor activity, RNA polymerase II-specific",molfunc,0.56,0.34535886161409796,0.36270068082523066
"DNA-binding transcription repressor activity, RNA polymerase II-specific",molfunc,0.5700000000000001,0.3141986635737317,0.3237455871591495
"DNA-binding transcription repressor activity, RNA polymerase II-specific",molfunc,0.58,0.2492815843229579,0.27757465063947767
"DNA-binding transcription repressor activity, RNA polymerase II-specific",molfunc,0.59,0.23889485164283467,0.25346955241120245
"DNA-binding transcription repressor activity, RNA polymerase II-specific",molfunc,0.6,0.179171138732126,0.22000477395980078
"DNA-binding transcription repressor activity, RNA polymerase II-specific",molfunc,0.61,0.14541425752172546,0.20314166294327415
"DNA-binding transcription repressor activity, RNA polymerase II-specific",molfunc,0.62,0.13589308589827914,0.18818709007280404
"DNA-binding transcription repressor activity, RNA polymerase II-specific",molfunc,0.63,0.08742166672437066,0.16672257201920967
"DNA-binding transcription repressor activity, RNA polymerase II-specific",molfunc,0.64,0.0882872277810476,0.14734960261882796
"DNA-binding transcription repressor activity, RNA polymerase II-specific",molfunc,0.65,0.06837932347747804,0.1373363134415726
"DNA-binding transcription repressor activity, RNA polymerase II-specific",molfunc,0.66,0.055395907627323986,0.12457786665697572
"DNA-binding transcription repressor activity, RNA polymerase II-specific",molfunc,0.67,0.04674029706055461,0.11704829150541034
"DNA-binding transcription repressor activity, RNA polymerase II-specific",molfunc,0.68,0.018176782190215682,0.10502188674943787
"DNA-binding transcription repressor activity, RNA polymerase II-specific",molfunc,0.6900000000000001,0.02856351487033893,0.09388439017108076
"DNA-binding transcription repressor activity, RNA polymerase II-specific",molfunc,0.7000000000000001,0.03548800332375482,0.08164883054978793
"DNA-binding transcription repressor activity, RNA polymerase II-specific",molfunc,0.71,0.024235709586954243,0.07534804023198406
"DNA-binding transcription repressor activity, RNA polymerase II-specific",molfunc,0.72,0.024235709586954243,0.07009302424078738
"DNA-binding transcription repressor activity, RNA polymerase II-specific",molfunc,0.73,0.023370148530277305,0.058380351782796804
"DNA-binding transcription repressor activity, RNA polymerase II-specific",molfunc,0.74,0.013848976906830996,0.05723000002352987
"DNA-binding transcription repressor activity, RNA polymerase II-specific",molfunc,0.75,0.01990790430356956,0.04938669257398261
"DNA-binding transcription repressor activity, RNA polymerase II-specific",molfunc,0.76,0.012983415850154058,0.045778771147190866
"DNA-binding transcription repressor activity, RNA polymerase II-specific",molfunc,0.77,0.007790049510092435,0.03989629056003041
"DNA-binding transcription repressor activity, RNA polymerase II-specific",molfunc,0.78,0.006058927396738561,0.033883088182044184
"DNA-binding transcription repressor activity, RNA polymerase II-specific",molfunc,0.79,0.006924488453415498,0.034458264061677644
"DNA-binding transcription repressor activity, RNA polymerase II-specific",molfunc,0.8,0.007790049510092435,0.030902631351216223
"DNA-binding transcription repressor activity, RNA polymerase II-specific",molfunc,0.81,0.0017311221133538746,0.025752192792680186
"DNA-binding transcription repressor activity, RNA polymerase II-specific",molfunc,0.8200000000000001,0.005193366340061623,0.02175210599341108
"DNA-binding transcription repressor activity, RNA polymerase II-specific",molfunc,0.8300000000000001,0.0077900495100925215,0.020784764741300484
"DNA-binding transcription repressor activity, RNA polymerase II-specific",molfunc,0.84,0.006058927396738561,0.020497176801483517
"DNA-binding transcription repressor activity, RNA polymerase II-specific",molfunc,0.85,0.0008655610566769373,0.018823937878913434
"DNA-binding transcription repressor activity, RNA polymerase II-specific",molfunc,0.86,0.0,0.017621297403316187
"DNA-binding transcription repressor activity, RNA polymerase II-specific",molfunc,0.87,0.0,0.016706244867535674
"DNA-binding transcription repressor activity, RNA polymerase II-specific",molfunc,0.88,0.0,0.012732302426431726
"DNA-binding transcription repressor activity, RNA polymerase II-specific",molfunc,0.89,0.0,0.011791105532486053
"DNA-binding transcription repressor activity, RNA polymerase II-specific",molfunc,0.9,0.0,0.009124380999639985
"DNA-binding transcription repressor activity, RNA polymerase II-specific",molfunc,0.91,0.0,0.009647268162943133
"DNA-binding transcription repressor activity, RNA polymerase II-specific",molfunc,0.92,0.0,0.007869451807712423
"DNA-binding transcription repressor activity, RNA polymerase II-specific",molfunc,0.93,0.0,0.004784417544223832
"DNA-binding transcription repressor activity, RNA polymerase II-specific",molfunc,0.9400000000000001,0.0,0.002274559160368707
"DNA-binding transcription repressor activity, RNA polymerase II-specific",molfunc,0.9500000000000001,0.0,0.0028758793981673624
"DNA-binding transcription repressor activity, RNA polymerase II-specific",molfunc,0.96,0.0,0.002326847876699022
"DNA-binding transcription repressor activity, RNA polymerase II-specific",molfunc,0.97,0.0,0.001960826862386816
"DNA-binding transcription repressor activity, RNA polymerase II-specific",molfunc,0.98,0.0,2.614435816515755e-05
"DNA-binding transcription repressor activity, RNA polymerase II-specific",molfunc,0.99,0.0,0.0
G protein-coupled receptor activity,molfunc,0.0,0.0,0.0
G protein-coupled receptor activity,molfunc,0.01,0.0,0.0
G protein-coupled receptor activity,molfunc,0.02,0.0,0.0
G protein-coupled receptor activity,molfunc,0.03,0.0,0.0008492166876740571
G protein-coupled receptor activity,molfunc,0.04,0.0,0.0019300379265319479
G protein-coupled receptor activity,molfunc,0.05,0.007337430065119696,0.005043832448003494
G protein-coupled receptor activity,molfunc,0.06,0.0036687150325598428,0.012635314959029144
G protein-coupled receptor activity,molfunc,0.07,0.009171787581399618,0.03216729877553249
G protein-coupled receptor activity,molfunc,0.08,0.03485279280931855,0.07558028520299113
G protein-coupled receptor activity,molfunc,0.09,0.1192332385581949,0.14917906480140927
G protein-coupled receptor activity,molfunc,0.1,0.3246812803815465,0.24629857326449714
G protein-coupled receptor activity,molfunc,0.11,0.49160781436301965,0.36104576145657663
G protein-coupled receptor activity,molfunc,0.12,0.8823259653306421,0.49717776987462947
G protein-coupled receptor activity,molfunc,0.13,1.0877740071539934,0.6250749498061464
G protein-coupled receptor activity,molfunc,0.14,1.4161240025681032,0.7609496198339976
G protein-coupled receptor activity,molfunc,0.15,2.0141245528753537,0.897879377261682
G protein-coupled receptor activity,molfunc,0.16,2.1792167293405464,1.0290962224268339
G protein-coupled receptor activity,molfunc,0.17,2.4066770613592636,1.197652868010627
G protein-coupled receptor activity,molfunc,0.18,2.3828304136476177,1.3884950181861029
G protein-coupled receptor activity,molfunc,0.19,2.4892231495918535,1.6284373332125543
G protein-coupled receptor activity,molfunc,0.2,2.892781803173444,1.8931356013766611
G protein-coupled receptor activity,molfunc,0.21,3.2413097312666213,2.1813545984054263
G protein-coupled receptor activity,molfunc,0.22,3.5806658717784066,2.5469809832076384
G protein-coupled receptor activity,molfunc,0.23,4.105292121434475,2.912272828102593
G protein-coupled receptor activity,molfunc,0.24,3.8429789966064356,3.2608376776342545
G protein-coupled receptor activity,molfunc,0.25,4.011739888104188,3.6163249298624183
G protein-coupled receptor activity,molfunc,0.26,4.136476199211223,3.8778579358270076
G protein-coupled receptor activity,molfunc,0.27,4.228194075025218,4.119936159492155
G protein-coupled receptor activity,molfunc,0.28,4.316243235806679,4.327556772708975
G protein-coupled receptor activity,molfunc,0.29,4.574887645602123,4.462221952302841
G protein-coupled receptor activity,molfunc,0.3,4.406126754104371,4.463585845770923
G protein-coupled receptor activity,molfunc,0.31,4.332752453453175,4.430260524239471
G protein-coupled receptor activity,molfunc,0.32,4.378611391360172,4.297139374986807
G protein-coupled receptor activity,molfunc,0.33,3.558653581583047,4.146647884395357
G protein-coupled receptor activity,molfunc,0.34,3.5348069338714083,3.8962833645656327
G protein-coupled receptor activity,molfunc,0.35000000000000003,3.0010088966339676,3.64540416795552
G protein-coupled receptor activity,molfunc,0.36,2.6047876731174884,3.3751216567239664
G protein-coupled receptor activity,molfunc,0.37,2.4855544345592935,3.077638477647842
G protein-coupled receptor activity,molfunc,0.38,2.1608731541777475,2.793665564057442
G protein-coupled receptor activity,molfunc,0.39,2.2269100247638245,2.5139644677444317
G protein-coupled receptor activity,molfunc,0.4,2.1113455012381896,2.2933739996613407
G protein-coupled receptor activity,molfunc,0.41000000000000003,1.6582591947170582,2.051064171445021
G protein-coupled receptor activity,molfunc,0.42,1.4491424378611377,1.8134893696084373
G protein-coupled receptor activity,molfunc,0.43,1.2051728881959083,1.636749363216152
G protein-coupled receptor activity,molfunc,0.44,0.9557002659818391,1.4561750148098231
G protein-coupled receptor activity,molfunc,0.45,0.7502522241584878,1.2970112204684885
G protein-coupled receptor activity,molfunc,0.46,0.7575896542236075,1.148655638515733
G protein-coupled receptor activity,molfunc,0.47000000000000003,0.5759882601118985,1.020295249481854
G protein-coupled receptor activity,molfunc,0.48,0.5282949646886174,0.8949971872913942
G protein-coupled receptor activity,molfunc,0.49,0.45125194900486065,0.8101527200410499
G protein-coupled receptor activity,molfunc,0.5,0.29900027515362715,0.7387413167593679
G protein-coupled receptor activity,molfunc,0.51,0.3393561405117854,0.6482868726025707
G protein-coupled receptor activity,molfunc,0.52,0.27515362744198824,0.5762578571843985
G protein-coupled receptor activity,molfunc,0.53,0.20361368430707127,0.50446044631741
G protein-coupled receptor activity,molfunc,0.54,0.14307988626983387,0.44594169638496134
G protein-coupled receptor activity,molfunc,0.55,0.13390809868843426,0.4107378046050187
G protein-coupled receptor activity,molfunc,0.56,0.0770430156837567,0.36619252926066137
G protein-coupled receptor activity,molfunc,0.5700000000000001,0.10272402091167673,0.32656241716920903
G protein-coupled receptor activity,molfunc,0.58,0.0770430156837567,0.27954669327888715
G protein-coupled receptor activity,molfunc,0.59,0.09171787581399607,0.2553054169216459
G protein-coupled receptor activity,molfunc,0.6,0.06053379803723741,0.22102794334643852
G protein-coupled receptor activity,molfunc,0.61,0.05503072548839764,0.20350319897352845
G protein-coupled receptor activity,molfunc,0.62,0.042190222874438195,0.1886805076977631
G protein-coupled receptor activity,molfunc,0.63,0.022012290195359056,0.16639500310607422
G protein-coupled receptor activity,molfunc,0.64,0.005503072548839764,0.14758356678214285
G protein-coupled receptor activity,molfunc,0.65,0.02384664771163898,0.13687828974964567
G protein-coupled receptor activity,molfunc,0.66,0.029349720260478742,0.12385696720531013
G protein-coupled receptor activity,molfunc,0.67,0.01284050261395945,0.11641988772840701
G protein-coupled receptor activity,molfunc,0.68,0.020177932679079136,0.10363016973525532
G protein-coupled receptor activity,molfunc,0.6900000000000001,0.0073374300651196855,0.09315649725394194
G protein-coupled receptor activity,molfunc,0.7000000000000001,0.007337430065119767,0.08131893130454691
G protein-coupled receptor activity,molfunc,0.71,0.011006145097679528,0.07473106851531698
G protein-coupled receptor activity,molfunc,0.72,0.0036687150325598428,0.06966150222829307
G protein-coupled receptor activity,molfunc,0.73,0.0,0.058158476186162655
G protein-coupled receptor activity,molfunc,0.74,0.0018343575162799214,0.0567173812010188
G protein-coupled receptor activity,molfunc,0.75,0.009171787581399606,0.049074431011952295
G protein-coupled receptor activity,molfunc,0.76,0.0,0.04544595971007224
G protein-coupled receptor activity,molfunc,0.77,0.0036687150325598428,0.039449975218312984
G protein-coupled receptor activity,molfunc,0.78,0.005503072548839764,0.033453990726553744
G protein-coupled receptor activity,molfunc,0.79,0.0,0.034123070541084814
G protein-coupled receptor activity,molfunc,0.8,0.0018343575162799214,0.030623268434306888
G protein-coupled receptor activity,molfunc,0.81,0.0036687150325598428,0.025347831435119567
G protein-coupled receptor activity,molfunc,0.8200000000000001,0.0018343575162799214,0.021539223260096524
G protein-coupled receptor activity,molfunc,0.8300000000000001,0.011006145097679651,0.02053560353830014
G protein-coupled receptor activity,molfunc,0.84,0.0036687150325598428,0.020303998987116077
G protein-coupled receptor activity,molfunc,0.85,0.0018343575162799214,0.01852836409470669
G protein-coupled receptor activity,molfunc,0.86,0.0,0.017344607499767094
G protein-coupled receptor activity,molfunc,0.87,0.0,0.016443923134052185
G protein-coupled receptor activity,molfunc,0.88,0.0,0.01253237960294744
G protein-coupled receptor activity,molfunc,0.89,0.0,0.011605961398212105
G protein-coupled receptor activity,molfunc,0.9,0.0,0.008981109818128658
G protein-coupled receptor activity,molfunc,0.91,0.0,0.009495786598537176
G protein-coupled receptor activity,molfunc,0.92,0.0,0.007745885545148212
G protein-coupled receptor activity,molfunc,0.93,0.0,0.00470929254073795
G protein-coupled receptor activity,molfunc,0.9400000000000001,0.0,0.002238843994777058
G protein-coupled receptor activity,molfunc,0.9500000000000001,0.0,0.0028307222922468863
G protein-coupled receptor activity,molfunc,0.96,0.0,0.00229031167281791
G protein-coupled receptor activity,molfunc,0.97,0.0,0.0019300379265319468
G protein-coupled receptor activity,molfunc,0.98,0.0,2.5733839020425956e-05
G protein-coupled receptor activity,molfunc,0.99,0.0,0.0
GTP binding,molfunc,0.0,0.0,0.0
GTP binding,molfunc,0.01,0.0,0.0
GTP binding,molfunc,0.02,0.0,0.0
GTP binding,molfunc,0.03,0.0,0.000843519685576759
GTP binding,molfunc,0.04,0.0,0.001917090194492634
GTP binding,molfunc,0.05,0.03183586841174391,0.004882189695307911
GTP binding,molfunc,0.06,0.0495224619738238,0.012243816042159614
GTP binding,molfunc,0.07,0.08489564909798378,0.03146584039227245
GTP binding,molfunc,0.08,0.07782101167315178,0.0749965684085519
GTP binding,molfunc,0.09,0.13795542978422343,0.14884288270040802
GTP binding,molfunc,0.1,0.1521047046338876,0.248071471167347
GTP binding,molfunc,0.11,0.2334630350194554,0.36378703530692247
GTP binding,molfunc,0.12,0.4032543332154223,0.5032233954530194
GTP binding,molfunc,0.13,0.4704633887513261,0.6326397641825687
GTP binding,molfunc,0.14,0.6084188185355512,0.7711814822379052
GTP binding,molfunc,0.15,0.8666430845419164,0.9136596254925955
GTP binding,molfunc,0.16,0.948001414927484,1.045708798089248
GTP binding,molfunc,0.17,1.2133003183586863,1.21438717400201
GTP binding,molfunc,0.18,1.460912628227802,1.4018274726181996
GTP binding,molfunc,0.19,1.680226388397593,1.6400578807871506
GTP binding,molfunc,0.2,2.285107888220733,1.9042329095882407
GTP binding,molfunc,0.21,2.561018747789174,2.193381233322911
GTP binding,molfunc,0.22,2.8404669260700364,2.559264287242478
GTP binding,molfunc,0.23,3.282631765122044,2.9262209116709696
GTP binding,molfunc,0.24,3.724796604174033,3.2655969985013438
GTP binding,molfunc,0.25,3.714184648036785,3.621127765370651
GTP binding,molfunc,0.26,4.184648036788111,3.879244789157139
GTP binding,molfunc,0.27,3.813229571984432,4.123661008353653
GTP binding,molfunc,0.28,4.067916519278406,4.32927532201366
GTP binding,molfunc,0.29,4.449946940219309,4.463880614869613
GTP binding,molfunc,0.3,4.425185709232398,4.4630626563866285
GTP binding,molfunc,0.31,4.651574106827021,4.427302533958692
GTP binding,molfunc,0.32,4.368588609833742,4.297758359216178
GTP binding,molfunc,0.33,4.446409621506894,4.136288242434711
GTP binding,molfunc,0.34,4.043155288291471,3.8901849838670435
GTP binding,molfunc,0.35000000000000003,3.8769013088079416,3.6347518863528654
GTP binding,molfunc,0.36,3.834453484258928,3.361068090187077
GTP binding,molfunc,0.37,3.484258931729746,3.066449669097449
GTP binding,molfunc,0.38,2.8369296073576202,2.784535165696659
GTP binding,molfunc,0.39,2.617615847187829,2.5092154525649235
GTP binding,molfunc,0.4,2.483197736116022,2.289465793870882
GTP binding,molfunc,0.41000000000000003,2.065794128050947,2.045484115118464
GTP binding,molfunc,0.42,1.5387336399009537,1.8103977348684692
GTP binding,molfunc,0.43,1.467987265652634,1.6319549795650952
GTP binding,molfunc,0.44,1.0470463388751317,1.4521574805242796
GTP binding,molfunc,0.45,1.0859568447117076,1.2909174145661524
GTP binding,molfunc,0.46,1.0364343827378837,1.1440171832628303
GTP binding,molfunc,0.47000000000000003,1.1460912628227857,1.0131949483906586
GTP binding,molfunc,0.48,1.1637778563848593,0.887945055683801
GTP binding,molfunc,0.49,0.7994340290060127,0.8052290040920922
GTP binding,molfunc,0.5,0.6897771489211172,0.7329674843610167
GTP binding,molfunc,0.51,0.5305978068623979,0.6448324578195419
GTP binding,molfunc,0.52,0.4598514326140781,0.5729032337221784
GTP binding,molfunc,0.53,0.34665723381676655,0.5014085500688998
GTP binding,molfunc,0.54,0.44923947647683016,0.44169758081110255
GTP binding,molfunc,0.55,0.2865228157056948,0.4077778649698796
GTP binding,molfunc,0.56,0.25114962858153494,0.3629946380265317
GTP binding,molfunc,0.5700000000000001,0.18040325433321724,0.32449946692112325
GTP binding,molfunc,0.58,0.21223912274495912,0.2772112421236347
GTP binding,molfunc,0.59,0.15564202334630337,0.25374605814304485
GTP binding,molfunc,0.6,0.0990449239476476,0.21967297508626246
GTP binding,molfunc,0.61,0.06720905553590373,0.20241916333582877
GTP binding,molfunc,0.62,0.028298549699327886,0.18779815545249828
GTP binding,molfunc,0.63,0.035373187124159856,0.16532985837304465
GTP binding,molfunc,0.64,0.0742836929607357,0.1461333952255251
GTP binding,molfunc,0.65,0.05659709939865577,0.1358833529856378
GTP binding,molfunc,0.66,0.06367173682348774,0.12297494567605409
GTP binding,molfunc,0.67,0.04598514326140781,0.11548551331623619
GTP binding,molfunc,0.68,0.010611956137247957,0.10313945246370364
GTP binding,molfunc,0.6900000000000001,0.014149274849663943,0.09253155338751107
GTP binding,molfunc,0.7000000000000001,0.0282985496993282,0.08067115538425088
GTP binding,molfunc,0.71,0.014149274849663943,0.07428085473594122
GTP binding,molfunc,0.72,0.0247612309869119,0.06906636940692125
GTP binding,molfunc,0.73,0.017686593562079928,0.05764051184774516
GTP binding,molfunc,0.74,0.0,0.0563624517180834
GTP binding,molfunc,0.75,0.0247612309869119,0.04869409094011287
GTP binding,molfunc,0.76,0.0,0.045141083779653195
GTP binding,molfunc,0.77,0.010611956137247957,0.03915976237283617
GTP binding,molfunc,0.78,0.0,0.03330624697898534
GTP binding,molfunc,0.79,0.0,0.03389415463862975
GTP binding,molfunc,0.8,0.010611956137247957,0.030366708680763303
GTP binding,molfunc,0.81,0.0,0.025228906959523047
GTP binding,molfunc,0.8200000000000001,0.014149274849663943,0.021318042962758077
GTP binding,molfunc,0.8300000000000001,0.00707463742483205,0.020500084479774777
GTP binding,molfunc,0.84,0.021223912274495913,0.020065544035689557
GTP binding,molfunc,0.85,0.0,0.01842962706972251
GTP binding,molfunc,0.86,0.0,0.01722825054784046
GTP binding,molfunc,0.87,0.0,0.01633360845707723
GTP binding,molfunc,0.88,0.007074637424831972,0.012397183257719024
GTP binding,molfunc,0.89,0.0,0.01152810236954903
GTP binding,molfunc,0.9,0.0,0.008920859705039051
GTP binding,molfunc,0.91,0.0,0.009432083756903752
GTP binding,molfunc,0.92,0.0,0.007693921980563766
GTP binding,molfunc,0.93,0.0,0.004677700074562024
GTP binding,molfunc,0.9400000000000001,0.0,0.0022238246256114542
GTP binding,molfunc,0.9500000000000001,0.0,0.0028117322852558926
GTP binding,molfunc,0.96,0.0,0.0022749470307979244
GTP binding,molfunc,0.97,0.0,0.0019170901944926327
GTP binding,molfunc,0.98,0.0,2.5561202593235104e-05
GTP binding,molfunc,0.99,0.0,0.0
GTPase activator activity,molfunc,0.0,0.0,0.0
GTPase activator activity,molfunc,0.01,0.0,0.0
GTPase activator activity,molfunc,0.02,0.0,0.0
GTPase activator activity,molfunc,0.03,0.0,0.000856542609880141
GTPase activator activity,molfunc,0.04,0.0,0.001946687749727593
GTPase activator activity,molfunc,0.05,0.0,0.005191167332606919
GTPase activator activity,molfunc,0.06,0.0,0.012796227474876036
GTPase activator activity,molfunc,0.07,0.0011395881528415638,0.03254861917544538
GTPase activator activity,molfunc,0.08,0.005697940764207818,0.07659567399261509
GTPase activator activity,molfunc,0.09,0.023931351209672803,0.15160804194878486
GTPase activator activity,molfunc,0.1,0.16865904662055142,0.24917603196513208
GTPase activator activity,molfunc,0.11,0.19600916228874893,0.36665214870202667
GTPase activator activity,molfunc,0.12,0.09458581668584964,0.5117971873217154
GTPase activator activity,molfunc,0.13,0.18689245706601618,0.6416023264735512
GTPase activator activity,molfunc,0.14,0.24729062916661965,0.7819195794739182
GTPase activator activity,molfunc,0.15,0.3327597406297361,0.9265455013603445
GTPase activator activity,molfunc,0.16,0.6347506011327501,1.0543520410891267
GTPase activator activity,molfunc,0.17,0.7828970610021553,1.2242070362120283
GTPase activator activity,molfunc,0.18,1.0769108044352762,1.4096614891694068
GTPase activator activity,molfunc,0.19,1.285455436405282,1.6484292306326618
GTPase activator activity,molfunc,0.2,1.6296110585634382,1.9132825879422717
GTPase activator activity,molfunc,0.21,1.9794646214857934,2.2009511256786785
GTPase activator activity,molfunc,0.22,2.3749017105218155,2.5655268074476614
GTPase activator activity,molfunc,0.23,2.943556198789763,2.9284413156702187
GTPase activator activity,molfunc,0.24,3.4381374571229926,3.265036605516443
GTPase activator activity,molfunc,0.25,3.799386901573768,3.6177504699304195
GTPase activator activity,molfunc,0.26,3.977162653417052,3.879255524310493
GTPase activator activity,molfunc,0.27,4.232430399653561,4.11890576422029
GTPase activator activity,molfunc,0.28,4.364622625383207,4.326552457524591
GTPase activator activity,molfunc,0.29,4.602796549327069,4.460614353889141
GTPase activator activity,molfunc,0.3,4.8147599457556,4.454774290639958
GTPase activator activity,molfunc,0.31,4.978860639764784,4.41638560821533
GTPase activator activity,molfunc,0.32,4.916183291358498,4.284192532090495
GTPase activator activity,molfunc,0.33,4.746384656585106,4.124667959959484
GTPase activator activity,molfunc,0.34,4.221034518125146,3.8837718398898606
GTPase activator activity,molfunc,0.35000000000000003,4.329295392645118,3.6207094353100255
GTPase activator activity,molfunc,0.36,3.749245022848739,3.355700342980423
GTPase activator activity,molfunc,0.37,3.4210436348303688,3.0614390227315997
GTPase activator activity,molfunc,0.38,3.2512450000569766,2.774289601728449
GTPase activator activity,molfunc,0.39,2.643844514592424,2.5069444840991926
GTPase activator activity,molfunc,0.4,2.406810178801379,2.2882146485398005
GTPase activator activity,molfunc,0.41000000000000003,2.308805597657017,2.0396356008179297
GTPase activator activity,molfunc,0.42,1.8301785734635485,1.807953802763672
GTPase activator activity,molfunc,0.43,1.772059577668629,1.6275607379555819
GTPase activator activity,molfunc,0.44,1.4427186014974176,1.4493998751005128
GTPase activator activity,molfunc,0.45,1.3276201980604199,1.2885775111363504
GTPase activator activity,molfunc,0.46,1.214800970929105,1.141615563950249
GTPase activator activity,molfunc,0.47000000000000003,0.9606728128454421,1.0153663744212544
GTPase activator activity,molfunc,0.48,1.0358856309329798,0.8865994687359343
GTPase activator activity,molfunc,0.49,0.8717849369237949,0.803670570597539
GTPase activator activity,molfunc,0.5,0.7168009481373425,0.733018783200759
GTPase activator activity,molfunc,0.51,0.6279130722157007,0.6443796009964958
GTPase activator activity,molfunc,0.52,0.45127690852525854,0.5748439145762264
GTPase activator activity,molfunc,0.53,0.41025173502296236,0.5023492627763708
GTPase activator activity,molfunc,0.54,0.4159496757871702,0.4423393684114349
GTPase activator activity,molfunc,0.55,0.3817620312019233,0.4074806797729795
GTPase activator activity,molfunc,0.56,0.3532723273808842,0.3623953914892885
GTPase activator activity,molfunc,0.5700000000000001,0.2700823922234532,0.3246815608179029
GTPase activator activity,molfunc,0.58,0.2564073343893515,0.27720833556120905
GTPase activator activity,molfunc,0.59,0.2404531002495696,0.2533289658312173
GTPase activator activity,molfunc,0.6,0.1834736926074915,0.2196123340059354
GTPase activator activity,molfunc,0.61,0.15726316509213556,0.20245552597166955
GTPase activator activity,molfunc,0.62,0.0660961128648106,0.18939974013016314
GTPase activator activity,molfunc,0.63,0.07065446547617685,0.1665326480300297
GTPase activator activity,molfunc,0.64,0.0843295233102756,0.14701385885942775
GTPase activator activity,molfunc,0.65,0.03988558534945467,0.13748806680409406
GTPase activator activity,molfunc,0.66,0.054700231336394976,0.12409485508596822
GTPase activator activity,molfunc,0.67,0.08546911146311716,0.11565920817048199
GTPase activator activity,molfunc,0.68,0.06723570101765215,0.1032782740822145
GTPase activator activity,molfunc,0.6900000000000001,0.0421647616551378,0.09310358611030496
GTPase activator activity,molfunc,0.7000000000000001,0.046723114266504565,0.08106007789865782
GTPase activator activity,molfunc,0.71,0.04900229057218717,0.07441538371292009
GTPase activator activity,molfunc,0.72,0.04558352611366248,0.06927612805363924
GTPase activator activity,molfunc,0.73,0.054700231336394976,0.05741431069863244
GTPase activator activity,molfunc,0.74,0.03418764458524686,0.05645394474210016
GTPase activator activity,molfunc,0.75,0.030768880126722176,0.048926752109820136
GTPase activator activity,molfunc,0.76,0.036466820890929987,0.04500742077370192
GTPase activator activity,molfunc,0.77,0.012535469681257183,0.03955669507446466
GTPase activator activity,molfunc,0.78,0.018233410445464993,0.033405161785325474
GTPase activator activity,molfunc,0.79,0.018233410445464993,0.03400214602857527
GTPase activator activity,molfunc,0.8,0.018233410445464993,0.030498108079065604
GTPase activator activity,molfunc,0.81,0.006837528917049372,0.0254626757664369
GTPase activator activity,molfunc,0.8200000000000001,0.010256293375574058,0.021517388593655647
GTPase activator activity,molfunc,0.8300000000000001,0.007977117069891022,0.02068680182043877
GTPase activator activity,molfunc,0.84,0.006837528917049372,0.020375331780482127
GTPase activator activity,molfunc,0.85,0.002279176305683124,0.018662246560721848
GTPase activator activity,molfunc,0.86,0.0,0.017494233910885292
GTPase activator activity,molfunc,0.87,0.001139588152841562,0.016559823791016046
GTPase activator activity,molfunc,0.88,0.002279176305683124,0.01258858078157176
GTPase activator activity,molfunc,0.89,0.0,0.011706082335028584
GTPase activator activity,molfunc,0.9,0.0,0.00905858699539906
GTPase activator activity,molfunc,0.91,0.0,0.00957770372865975
GTPase activator activity,molfunc,0.92,0.0,0.007812706835573401
GTPase activator activity,molfunc,0.93,0.0,0.004749918109335324
GTPase activator activity,molfunc,0.9400000000000001,0.0,0.0022581577896840068
GTPase activator activity,molfunc,0.9500000000000001,0.0,0.002855142032933833
GTPase activator activity,molfunc,0.96,0.0,0.0023100694630100757
GTPase activator activity,molfunc,0.97,0.0,0.0019466877497275918
GTPase activator activity,molfunc,0.98,0.0,2.5955836663034557e-05
GTPase activator activity,molfunc,0.99,0.0,0.0
GTPase activity,molfunc,0.0,0.0,0.0
GTPase activity,molfunc,0.01,0.0,0.0
GTPase activity,molfunc,0.02,0.0,0.0
GTPase activity,molfunc,0.03,0.0,0.0008427704469518141
GTPase activity,molfunc,0.04,0.0,0.001915387379435941
GTPase activity,molfunc,0.05,0.036302032913843194,0.004877853192963534
GTPase activity,molfunc,0.06,0.06050338818973857,0.012207402231605055
GTPase activity,molfunc,0.07,0.11293965795417882,0.031335737527572016
GTPase activity,molfunc,0.08,0.10083898031623109,0.07485333878835664
GTPase activity,molfunc,0.09,0.15327525008067105,0.14873621463779885
GTPase activity,molfunc,0.1,0.1573088092933205,0.24795328089258084
GTPase activity,molfunc,0.11,0.26218134882220084,0.3634894476201569
GTPase activity,molfunc,0.12,0.42352371732817,0.5030062643382702
GTPase activity,molfunc,0.13,0.6131010003226842,0.631592603744403
GTPase activity,molfunc,0.14,0.6736043885124247,0.7706241889930618
GTPase activity,molfunc,0.15,0.6897386253630198,0.9147379354218198
GTPase activity,molfunc,0.16,1.1213294611164881,1.0445245842523991
GTPase activity,molfunc,0.17,1.165698612455633,1.2146875990414914
GTPase activity,molfunc,0.18,1.609390125847046,1.4009398678178389
GTPase activity,molfunc,0.19,1.7666989351403664,1.639546058298772
GTPase activity,molfunc,0.2,2.282994514359475,1.9045845946159263
GTPase activity,molfunc,0.21,2.629880606647303,2.1932717804445057
GTPase activity,molfunc,0.22,2.892061955469504,2.559187385411948
GTPase activity,molfunc,0.23,2.9525653436592503,2.92862730315756
GTPase activity,molfunc,0.24,3.3115521135850243,3.2686213322566275
GTPase activity,molfunc,0.25,3.5939012584704715,3.6219719960149694
GTPase activity,molfunc,0.26,4.094062600838977,3.8800895992677567
GTPase activity,molfunc,0.27,3.5979348176831207,4.1247484138677075
GTPase activity,molfunc,0.28,4.1505324298160895,4.328520092541323
GTPase activity,molfunc,0.29,4.4691836076153555,4.4637464415294765
GTPase activity,molfunc,0.3,4.307841239109386,4.463771980027869
GTPase activity,molfunc,0.31,4.654727331397221,4.427481773812156
GTPase activity,molfunc,0.32,4.380445304937072,4.297746201978361
GTPase activity,molfunc,0.33,4.364311068086476,4.1370835085912745
GTPase activity,molfunc,0.34,3.662471765085508,3.892731155972034
GTPase activity,molfunc,0.35000000000000003,3.702807357212021,3.6360692471276383
GTPase activity,molfunc,0.36,3.6907066795740526,3.362398698353811
GTPase activity,molfunc,0.37,3.5172636334301357,3.066611809972117
GTPase activity,molfunc,0.38,2.8557599225556607,2.784462479732007
GTPase activity,molfunc,0.39,2.7186189093255866,2.508672235591624
GTPase activity,molfunc,0.4,2.4120684091642444,2.2900882278503945
GTPase activity,molfunc,0.41000000000000003,2.23862536302034,2.0444078733147557
GTPase activity,molfunc,0.42,1.6053565666343967,1.8097346115862532
GTPase activity,molfunc,0.43,1.5972894482090982,1.6309906613372913
GTPase activity,molfunc,0.44,1.1132623426911896,1.4513784021429852
GTPase activity,molfunc,0.45,0.9962891255243618,1.2913030942189256
GTPase activity,molfunc,0.46,1.1293965795417866,1.1433330345329011
GTPase activity,molfunc,0.47000000000000003,1.0325911584382108,1.0140316171717847
GTPase activity,molfunc,0.48,0.9882220070990634,0.8893015910229105
GTPase activity,molfunc,0.49,0.6978057437883183,0.805867316774681
GTPase activity,molfunc,0.5,0.48402710551790856,0.7342318287837769
GTPase activity,molfunc,0.51,0.508228460793804,0.6448726229084921
GTPase activity,molfunc,0.52,0.4517586318167147,0.5728540574417009
GTPase activity,molfunc,0.53,0.47192642787996086,0.5004779529974148
GTPase activity,molfunc,0.54,0.5848660858341396,0.44084555925097585
GTPase activity,molfunc,0.55,0.3751210067763791,0.40710920287451086
GTPase activity,molfunc,0.56,0.3589867699257822,0.36221252270053245
GTPase activity,molfunc,0.5700000000000001,0.29848338173604694,0.32362385162949997
GTPase activity,molfunc,0.58,0.3670538883510807,0.27617332161627
GTPase activity,molfunc,0.59,0.25814778960955126,0.2530099035742914
GTPase activity,molfunc,0.6,0.21781219748305886,0.21881385422676175
GTPase activity,molfunc,0.61,0.13714101323007408,0.20185629129415555
GTPase activity,molfunc,0.62,0.09277186189093249,0.18724827021365745
GTPase activity,molfunc,0.63,0.052436269764440095,0.165106392107378
GTPase activity,molfunc,0.64,0.04840271055179086,0.1462334417953359
GTPase activity,molfunc,0.65,0.04840271055179086,0.13586481144798931
GTPase activity,molfunc,0.66,0.04840271055179086,0.1230189467565723
GTPase activity,molfunc,0.67,0.06453694740238781,0.11530632024204357
GTPase activity,molfunc,0.68,0.02420135527589543,0.10297122551847612
GTPase activity,molfunc,0.6900000000000001,0.05646982897708934,0.09219397919684989
GTPase activity,molfunc,0.7000000000000001,0.060503388189739236,0.08042073143791788
GTPase activity,molfunc,0.71,0.03226847370119391,0.07411272233497464
GTPase activity,molfunc,0.72,0.04436915133914162,0.06890286866290887
GTPase activity,molfunc,0.73,0.052436269764440095,0.057385005887900756
GTPase activity,molfunc,0.74,0.02016779606324619,0.056184696463454226
GTPase activity,molfunc,0.75,0.02823491448854467,0.048650839437672865
GTPase activity,molfunc,0.76,0.03226847370119391,0.04489668017397843
GTPase activity,molfunc,0.77,0.012100677637947714,0.03912497953727813
GTPase activity,molfunc,0.78,0.04033559212649238,0.0330212784214756
GTPase activity,molfunc,0.79,0.012100677637947714,0.03378743337324998
GTPase activity,molfunc,0.8,0.06050338818973857,0.030033274109555533
GTPase activity,molfunc,0.81,0.012100677637947714,0.02512988241819953
GTPase activity,molfunc,0.8200000000000001,0.016134236850596954,0.02129910765932765
GTPase activity,molfunc,0.8300000000000001,0.008067118425298565,0.02048187571076854
GTPase activity,molfunc,0.84,0.02420135527589543,0.02004772123809617
GTPase activity,molfunc,0.85,0.0,0.018413257340977502
GTPase activity,molfunc,0.86,0.0,0.01721294791653098
GTPase activity,molfunc,0.87,0.0,0.016319100472794206
GTPase activity,molfunc,0.88,0.008067118425298477,0.01238617172035241
GTPase activity,molfunc,0.89,0.0,0.011517862775008117
GTPase activity,molfunc,0.9,0.0,0.00891293593897524
GTPase activity,molfunc,0.91,0.0,0.009423705906824823
GTPase activity,molfunc,0.92,0.0,0.007687088016136238
GTPase activity,molfunc,0.93,0.0,0.0046735452058236935
GTPase activity,molfunc,0.9400000000000001,0.0,0.0022218493601456903
GTPase activity,molfunc,0.9500000000000001,0.0,0.002809234823172743
GTPase activity,molfunc,0.96,0.0,0.0022729263569306484
GTPase activity,molfunc,0.97,0.0,0.0019153873794359399
GTPase activity,molfunc,0.98,0.0,2.55384983924792e-05
GTPase activity,molfunc,0.99,0.0,0.0
RNA binding,molfunc,0.0,0.0,0.0
RNA binding,molfunc,0.01,0.0,0.0
RNA binding,molfunc,0.02,0.0,0.0
RNA binding,molfunc,0.03,0.0,0.0009274816175953942
RNA binding,molfunc,0.04,0.0,0.0021079127672622593
RNA binding,molfunc,0.05,0.001045951253441834,0.005508678698445375
RNA binding,molfunc,0.06,0.002091902506883665,0.013631169228295935
RNA binding,molfunc,0.07,0.0023533903202441263,0.03501945744011702
RNA binding,molfunc,0.08,0.0036608293870464183,0.08268639148380763
RNA binding,molfunc,0.09,0.02065753725547619,0.16253412710770185
RNA binding,molfunc,0.1,0.0434069770178361,0.2693069351454264
RNA binding,molfunc,0.11,0.07190914867412608,0.3941234764709158
RNA binding,molfunc,0.12,0.1349277116939964,0.5420146362220353
RNA binding,molfunc,0.13,0.18199551809887884,0.6797878146902964
RNA binding,molfunc,0.14,0.26593310618758664,0.8241938919995452
RNA binding,molfunc,0.15,0.2635797158673418,0.9831586201546806
RNA binding,molfunc,0.16,0.3119549613390265,1.1237985599864184
RNA binding,molfunc,0.17,0.46937062498202364,1.2944551776239743
RNA binding,molfunc,0.18,0.5954077510217631,1.488973367786932
RNA binding,molfunc,0.19,0.7899546841619439,1.731748707568417
RNA binding,molfunc,0.2,1.022940325866115,2.001983124331444
RNA binding,molfunc,0.21,1.2737071388787915,2.2951516320022733
RNA binding,molfunc,0.22,1.5477463672805514,2.6702195770571375
RNA binding,molfunc,0.23,1.9031083056374194,3.039019994817351
RNA binding,molfunc,0.24,2.198066559108011,3.383986945555702
RNA binding,molfunc,0.25,2.4935477882053285,3.743062859082937
RNA binding,molfunc,0.26,2.727317893349578,4.005483945855306
RNA binding,molfunc,0.27,2.9584731203602233,4.246432427905164
RNA binding,molfunc,0.28,3.3436446694401964,4.433137288077497
RNA binding,molfunc,0.29,3.6310197763233214,4.553288315811422
RNA binding,molfunc,0.3,3.712342486278424,4.543451389564198
RNA binding,molfunc,0.31,3.6791335339816458,4.509499941259493
RNA binding,molfunc,0.32,3.69299238808975,4.363323217225747
RNA binding,molfunc,0.33,3.662921289553297,4.189631205203336
RNA binding,molfunc,0.34,3.684886265875576,3.9134665271884175
RNA binding,molfunc,0.35000000000000003,3.625005556616051,3.637723431726971
RNA binding,molfunc,0.36,3.494000162122441,3.3505413963151405
RNA binding,molfunc,0.37,3.459483770758861,3.0275248438598723
RNA binding,molfunc,0.38,3.251862446950657,2.7347217077353627
RNA binding,molfunc,0.39,3.056008074743674,2.4513058098010614
RNA binding,molfunc,0.4,2.937292607478026,2.221374685148094
RNA binding,molfunc,0.41000000000000003,2.6593310618758736,1.9796673545020331
RNA binding,molfunc,0.42,2.4702753728162476,1.7373135972739895
RNA binding,molfunc,0.43,2.3361321245623325,1.5549650901540224
RNA binding,molfunc,0.44,2.0871957262431766,1.3806828625567789
RNA binding,molfunc,0.45,1.9031083056374138,1.2234887811261415
RNA binding,molfunc,0.46,1.7705339842636618,1.0758224654035295
RNA binding,molfunc,0.47000000000000003,1.6392671019567209,0.9469587315649021
RNA binding,molfunc,0.48,1.4776676332999488,0.826751492823821
RNA binding,molfunc,0.49,1.367058288248475,0.7447958444326644
RNA binding,molfunc,0.5,1.288350456426977,0.6729300718208031
RNA binding,molfunc,0.51,1.182709379829352,0.5861121713131616
RNA binding,molfunc,0.52,1.1429632321985623,0.5107332107558633
RNA binding,molfunc,0.53,1.0111733742648914,0.4453879149707333
RNA binding,molfunc,0.54,0.9034403951603828,0.39212798571790697
RNA binding,molfunc,0.55,0.8571570521955817,0.3585138034559648
RNA binding,molfunc,0.56,0.7938770013623507,0.31579343803944976
RNA binding,molfunc,0.5700000000000001,0.7962303916826037,0.2726514900694852
RNA binding,molfunc,0.58,0.6984339494857836,0.23142071634183242
RNA binding,molfunc,0.59,0.6665324362558077,0.20859904744827304
RNA binding,molfunc,0.6,0.6087436295031464,0.17689603942864868
RNA binding,molfunc,0.61,0.553046725257369,0.16365834725024173
RNA binding,molfunc,0.62,0.5648136768585895,0.14600809101236573
RNA binding,molfunc,0.63,0.5017951138387191,0.12813299074598178
RNA binding,molfunc,0.64,0.4345927458050814,0.11455803252481285
RNA binding,molfunc,0.65,0.4267481114042676,0.10399036318493805
RNA binding,molfunc,0.66,0.4236102576439421,0.09019056093526114
RNA binding,molfunc,0.67,0.42151835513705843,0.08203996490184709
RNA binding,molfunc,0.68,0.3671288899580832,0.0740298963862505
RNA binding,molfunc,0.6900000000000001,0.35928425555726945,0.06323738301786773
RNA binding,molfunc,0.7000000000000001,0.3205840591799252,0.05446846590605735
RNA binding,molfunc,0.71,0.2920818875236317,0.050393167889349715
RNA binding,molfunc,0.72,0.2761311309086438,0.04645839739046016
RNA binding,molfunc,0.73,0.2259254707434358,0.039235282974641496
RNA binding,molfunc,0.74,0.2544276423997257,0.034625980390228024
RNA binding,molfunc,0.75,0.21415851914221518,0.03071931539490197
RNA binding,molfunc,0.76,0.21154364100861062,0.02689696691026641
RNA binding,molfunc,0.77,0.17179749337782096,0.024676632128750167
RNA binding,molfunc,0.78,0.16892112743085594,0.01846531584121738
RNA binding,molfunc,0.79,0.18068807903207657,0.01784699476282045
RNA binding,molfunc,0.8,0.1778117130851115,0.014361912320946852
RNA binding,molfunc,0.81,0.14198788265472875,0.012478843582192568
RNA binding,molfunc,0.8200000000000001,0.11453166225188066,0.011242201425398708
RNA binding,molfunc,0.8300000000000001,0.11845397945228885,0.009865031750787475
RNA binding,molfunc,0.84,0.12577563822638035,0.008712706104683998
RNA binding,molfunc,0.85,0.1228992722794153,0.00705448139443769
RNA binding,molfunc,0.86,0.10747149129114827,0.007391747437199651
RNA binding,molfunc,0.87,0.08681395403567209,0.008628389593993509
RNA binding,molfunc,0.88,0.07190914867412597,0.0059583667554613156
RNA binding,molfunc,0.89,0.0774003927546956,0.004356353052341999
RNA binding,molfunc,0.9,0.058311782379382164,0.0035412934490005933
RNA binding,molfunc,0.91,0.06720236803363773,0.0031478163991116386
RNA binding,molfunc,0.92,0.057788806752661244,0.0022484402850797415
RNA binding,molfunc,0.93,0.03713126949718505,0.0011523256461033677
RNA binding,molfunc,0.9400000000000001,0.020134561628755272,0.0002810550356349677
RNA binding,molfunc,0.9500000000000001,0.028502171656290248,2.8105503563497083e-05
RNA binding,molfunc,0.96,0.023272415389080772,0.0
RNA binding,molfunc,0.97,0.01961158600203436,0.0
RNA binding,molfunc,0.98,0.0002614878133604581,0.0
RNA binding,molfunc,0.99,0.0,0.0
RNA polymerase II cis-regulatory region sequence-specific DNA binding,molfunc,0.0,0.0,0.0
RNA polymerase II cis-regulatory region sequence-specific DNA binding,molfunc,0.01,0.0,0.0
RNA polymerase II cis-regulatory region sequence-specific DNA binding,molfunc,0.02,0.0,0.0
RNA polymerase II cis-regulatory region sequence-specific DNA binding,molfunc,0.03,0.0005103134345114769,0.000873600442774521
RNA polymerase II cis-regulatory region sequence-specific DNA binding,molfunc,0.04,0.0015309403035344306,0.0019444655016594178
RNA polymerase II cis-regulatory region sequence-specific DNA binding,molfunc,0.05,0.00918564182120659,0.004621628148871662
RNA polymerase II cis-regulatory region sequence-specific DNA binding,molfunc,0.06,0.03189458965696728,0.01037048267551689
RNA polymerase II cis-regulatory region sequence-specific DNA binding,molfunc,0.07,0.06914747037630517,0.027729768893229974
RNA polymerase II cis-regulatory region sequence-specific DNA binding,molfunc,0.08,0.1566662243950235,0.06599910441864289
RNA polymerase II cis-regulatory region sequence-specific DNA binding,molfunc,0.09,0.25796344114555136,0.13670437896449028
RNA polymerase II cis-regulatory region sequence-specific DNA binding,molfunc,0.1,0.38350054603537514,0.23234953711857842
RNA polymerase II cis-regulatory region sequence-specific DNA binding,molfunc,0.11,0.5590483675073233,0.3411832438926172
RNA polymerase II cis-regulatory region sequence-specific DNA binding,molfunc,0.12,0.7315343083722016,0.4772112870304429
RNA polymerase II cis-regulatory region sequence-specific DNA binding,molfunc,0.13,0.9303013911144216,0.5984726646194352
RNA polymerase II cis-regulatory region sequence-specific DNA binding,molfunc,0.14,1.0305779809959297,0.7412358853644605
RNA polymerase II cis-regulatory region sequence-specific DNA binding,molfunc,0.15,1.1966850039294123,0.8820264599483779
RNA polymerase II cis-regulatory region sequence-specific DNA binding,molfunc,0.16,1.3538615417589472,1.0108966155873418
RNA polymerase II cis-regulatory region sequence-specific DNA binding,molfunc,0.17,1.4304085569356726,1.1905201388855644
RNA polymerase II cis-regulatory region sequence-specific DNA binding,molfunc,0.18,1.5613039528878623,1.384684882457059
RNA polymerase II cis-regulatory region sequence-specific DNA binding,molfunc,0.19,1.6546913114034625,1.6387617080072228
RNA polymerase II cis-regulatory region sequence-specific DNA binding,molfunc,0.2,1.8440175956072256,1.913917666821758
RNA polymerase II cis-regulatory region sequence-specific DNA binding,molfunc,0.21,2.177762581777726,2.198035075339582
RNA polymerase II cis-regulatory region sequence-specific DNA binding,molfunc,0.22,2.492625970871307,2.568864372967644
RNA polymerase II cis-regulatory region sequence-specific DNA binding,molfunc,0.23,2.848314434725814,2.9376646631157213
RNA polymerase II cis-regulatory region sequence-specific DNA binding,molfunc,0.24,3.1557782790189703,3.28138416635832
RNA polymerase II cis-regulatory region sequence-specific DNA binding,molfunc,0.25,3.369854764796535,3.649620843317503
RNA polymerase II cis-regulatory region sequence-specific DNA binding,molfunc,0.26,3.485951071147896,3.9251149700453642
RNA polymerase II cis-regulatory region sequence-specific DNA binding,molfunc,0.27,3.800814460241477,4.156844532656168
RNA polymerase II cis-regulatory region sequence-specific DNA binding,molfunc,0.28,3.9990712295492075,4.363662392318198
RNA polymerase II cis-regulatory region sequence-specific DNA binding,molfunc,0.29,4.139917737474353,4.499549532158778
RNA polymerase II cis-regulatory region sequence-specific DNA binding,molfunc,0.3,4.065922289470189,4.506622877679307
RNA polymerase II cis-regulatory region sequence-specific DNA binding,molfunc,0.31,4.025862684861038,4.473426060853876
RNA polymerase II cis-regulatory region sequence-specific DNA binding,molfunc,0.32,3.9087457516406543,4.341286948719368
RNA polymerase II cis-regulatory region sequence-specific DNA binding,molfunc,0.33,3.6770634523724444,4.189477736292712
RNA polymerase II cis-regulatory region sequence-specific DNA binding,molfunc,0.34,3.4930954592310566,3.9352600074453266
RNA polymerase II cis-regulatory region sequence-specific DNA binding,molfunc,0.35000000000000003,3.307086212351642,3.6728698873591035
RNA polymerase II cis-regulatory region sequence-specific DNA binding,molfunc,0.36,3.0001326814929707,3.4047027320867493
RNA polymerase II cis-regulatory region sequence-specific DNA binding,molfunc,0.37,2.840149419773623,3.094771839517905
RNA polymerase II cis-regulatory region sequence-specific DNA binding,molfunc,0.38,2.662305187846373,2.7984522054606766
RNA polymerase II cis-regulatory region sequence-specific DNA binding,molfunc,0.39,2.482930015615589,2.512982125289519
RNA polymerase II cis-regulatory region sequence-specific DNA binding,molfunc,0.4,2.2698741567070475,2.293172981623672
RNA polymerase II cis-regulatory region sequence-specific DNA binding,molfunc,0.41000000000000003,2.101470723318272,2.0394625046462957
RNA polymerase II cis-regulatory region sequence-specific DNA binding,molfunc,0.42,1.921330080935709,1.7959816070471923
RNA polymerase II cis-regulatory region sequence-specific DNA binding,molfunc,0.43,1.663111483072902,1.6272076376350437
RNA polymerase II cis-regulatory region sequence-specific DNA binding,molfunc,0.44,1.635554557609282,1.428674891849673
RNA polymerase II cis-regulatory region sequence-specific DNA binding,molfunc,0.45,1.386266444850426,1.2787537836057876
RNA polymerase II cis-regulatory region sequence-specific DNA binding,molfunc,0.46,1.2727217056716222,1.1289453979996793
RNA polymerase II cis-regulatory region sequence-specific DNA binding,molfunc,0.47000000000000003,1.1650455709897074,0.9974826216918418
RNA polymerase II cis-regulatory region sequence-specific DNA binding,molfunc,0.48,1.06451382439094,0.8706414735328648
RNA polymerase II cis-regulatory region sequence-specific DNA binding,molfunc,0.49,1.0101654436154677,0.78254873210986
RNA polymerase II cis-regulatory region sequence-specific DNA binding,molfunc,0.5,1.0132273242225367,0.7016702395046059
RNA polymerase II cis-regulatory region sequence-specific DNA binding,molfunc,0.51,0.7840965921268835,0.6285414282465454
RNA polymerase II cis-regulatory region sequence-specific DNA binding,molfunc,0.52,0.6868818828524473,0.5594142706295808
RNA polymerase II cis-regulatory region sequence-specific DNA binding,molfunc,0.53,0.6108451811102373,0.48808902157595785
RNA polymerase II cis-regulatory region sequence-specific DNA binding,molfunc,0.54,0.5598138376590897,0.4287123721267348
RNA polymerase II cis-regulatory region sequence-specific DNA binding,molfunc,0.55,0.5082721807734306,0.3957128199174134
RNA polymerase II cis-regulatory region sequence-specific DNA binding,molfunc,0.56,0.4488206656528436,0.3526245916270185
RNA polymerase II cis-regulatory region sequence-specific DNA binding,molfunc,0.5700000000000001,0.43172516559671387,0.3115090094977308
RNA polymerase II cis-regulatory region sequence-specific DNA binding,molfunc,0.58,0.3771216281039811,0.2656590765817872
RNA polymerase II cis-regulatory region sequence-specific DNA binding,molfunc,0.59,0.34191000112268927,0.24322727166409308
RNA polymerase II cis-regulatory region sequence-specific DNA binding,molfunc,0.6,0.2745486277671743,0.21265125616698485
RNA polymerase II cis-regulatory region sequence-specific DNA binding,molfunc,0.61,0.2735280008981514,0.1934884077448341
RNA polymerase II cis-regulatory region sequence-specific DNA binding,molfunc,0.62,0.2515845232141579,0.17948262000099743
RNA polymerase II cis-regulatory region sequence-specific DNA binding,molfunc,0.63,0.21126976188775126,0.15922072586051744
RNA polymerase II cis-regulatory region sequence-specific DNA binding,molfunc,0.64,0.18983659763826924,0.1407342132650308
RNA polymerase II cis-regulatory region sequence-specific DNA binding,molfunc,0.65,0.1640657691954397,0.1321391121345073
RNA polymerase II cis-regulatory region sequence-specific DNA binding,molfunc,0.66,0.14110166464242324,0.12050049978399513
RNA polymerase II cis-regulatory region sequence-specific DNA binding,molfunc,0.67,0.12987476908317078,0.11334261228513294
RNA polymerase II cis-regulatory region sequence-specific DNA binding,molfunc,0.68,0.11099317200624614,0.10153491597795475
RNA polymerase II cis-regulatory region sequence-specific DNA binding,molfunc,0.6900000000000001,0.11201379887526909,0.08975540033022089
RNA polymerase II cis-regulatory region sequence-specific DNA binding,molfunc,0.7000000000000001,0.10206268690229643,0.07789134270415489
RNA polymerase II cis-regulatory region sequence-specific DNA binding,molfunc,0.71,0.08573265699792805,0.07253701740972954
RNA polymerase II cis-regulatory region sequence-specific DNA binding,molfunc,0.72,0.0913461047775543,0.06625273035364186
RNA polymerase II cis-regulatory region sequence-specific DNA binding,molfunc,0.73,0.07246450770062966,0.05568498306201459
RNA polymerase II cis-regulatory region sequence-specific DNA binding,molfunc,0.74,0.06583043305198047,0.05486774393812875
RNA polymerase II cis-regulatory region sequence-specific DNA binding,molfunc,0.75,0.04771430612682305,0.04861163754148541
RNA polymerase II cis-regulatory region sequence-specific DNA binding,molfunc,0.76,0.040825074760918116,0.045258139067609025
RNA polymerase II cis-regulatory region sequence-specific DNA binding,molfunc,0.77,0.03980444789189516,0.03886112937374399
RNA polymerase II cis-regulatory region sequence-specific DNA binding,molfunc,0.78,0.03214974637422302,0.03316863616598744
RNA polymerase II cis-regulatory region sequence-specific DNA binding,molfunc,0.79,0.02475020157380661,0.03463403045709308
RNA polymerase II cis-regulatory region sequence-specific DNA binding,molfunc,0.8,0.032660059808734494,0.02995604098933275
RNA polymerase II cis-regulatory region sequence-specific DNA binding,molfunc,0.81,0.01990222394594758,0.025616219434904483
RNA polymerase II cis-regulatory region sequence-specific DNA binding,molfunc,0.8200000000000001,0.016330029904367247,0.02181183040991867
RNA polymerase II cis-regulatory region sequence-specific DNA binding,molfunc,0.8300000000000001,0.01148205227650835,0.021389120518253816
RNA polymerase II cis-regulatory region sequence-specific DNA binding,molfunc,0.84,0.012757835862786912,0.02088186864825547
RNA polymerase II cis-regulatory region sequence-specific DNA binding,molfunc,0.85,0.00586860449688198,0.01967010029214888
RNA polymerase II cis-regulatory region sequence-specific DNA binding,molfunc,0.86,0.011992365711019696,0.017669273471600782
RNA polymerase II cis-regulatory region sequence-specific DNA binding,molfunc,0.87,0.006123761214137717,0.017331105558268712
RNA polymerase II cis-regulatory region sequence-specific DNA binding,molfunc,0.88,0.005358291062370503,0.013132187301062146
RNA polymerase II cis-regulatory region sequence-specific DNA binding,molfunc,0.89,0.00586860449688198,0.01206132224217725
RNA polymerase II cis-regulatory region sequence-specific DNA binding,molfunc,0.9,0.006889231365904933,0.009074172341077276
RNA polymerase II cis-regulatory region sequence-specific DNA binding,molfunc,0.91,0.0066340746486491945,0.009665966189408404
RNA polymerase II cis-regulatory region sequence-specific DNA binding,molfunc,0.92,0.003572194041580336,0.0080878492605254
RNA polymerase II cis-regulatory region sequence-specific DNA binding,molfunc,0.93,0.002806723889813121,0.004847073424426371
RNA polymerase II cis-regulatory region sequence-specific DNA binding,molfunc,0.9400000000000001,0.0007654701517672147,0.002367175393324507
RNA polymerase II cis-regulatory region sequence-specific DNA binding,molfunc,0.9500000000000001,0.0,0.003099872538877365
RNA polymerase II cis-regulatory region sequence-specific DNA binding,molfunc,0.96,0.0,0.002508078690546204
RNA polymerase II cis-regulatory region sequence-specific DNA binding,molfunc,0.97,0.0005103134345114765,0.002057188139436774
RNA polymerase II cis-regulatory region sequence-specific DNA binding,molfunc,0.98,0.0,2.818065944433937e-05
RNA polymerase II cis-regulatory region sequence-specific DNA binding,molfunc,0.99,0.0,0.0
RNA polymerase II transcription regulatory region sequence-specific DNA binding,molfunc,0.0,0.0,0.0
RNA polymerase II transcription regulatory region sequence-specific DNA binding,molfunc,0.01,0.0,0.0
RNA polymerase II transcription regulatory region sequence-specific DNA binding,molfunc,0.02,0.0,0.0
RNA polymerase II transcription regulatory region sequence-specific DNA binding,molfunc,0.03,0.0004359558987012873,0.0008903729714934167
RNA polymerase II transcription regulatory region sequence-specific DNA binding,molfunc,0.04,0.0015258456454545057,0.0019530761955339464
RNA polymerase II transcription regulatory region sequence-specific DNA binding,molfunc,0.05,0.00871911797402575,0.004595473401256347
RNA polymerase II transcription regulatory region sequence-specific DNA binding,molfunc,0.06,0.028991067263635588,0.010339815152826767
RNA polymerase II transcription regulatory region sequence-specific DNA binding,molfunc,0.07,0.06408551710908927,0.027601562116295934
RNA polymerase II transcription regulatory region sequence-specific DNA binding,molfunc,0.08,0.1453912922168794,0.06574399134672362
RNA polymerase II transcription regulatory region sequence-specific DNA binding,molfunc,0.09,0.25481622279090227,0.13479097920060004
RNA polymerase II transcription regulatory region sequence-specific DNA binding,molfunc,0.1,0.3975917796155743,0.22759082019722057
RNA polymerase II transcription regulatory region sequence-specific DNA binding,molfunc,0.11,0.5721921170454399,0.33526850633040844
RNA polymerase II transcription regulatory region sequence-specific DNA binding,molfunc,0.12,0.7653205801701094,0.4678766356654112
RNA polymerase II transcription regulatory region sequence-specific DNA binding,molfunc,0.13,0.9523456607129613,0.5891971334585786
RNA polymerase II transcription regulatory region sequence-specific DNA binding,molfunc,0.14,1.040626730199975,0.7343566495207653
RNA polymerase II transcription regulatory region sequence-specific DNA binding,molfunc,0.15,1.2365889066662006,0.8707273227030452
RNA polymerase II transcription regulatory region sequence-specific DNA binding,molfunc,0.16,1.408791486653209,0.9970741195288366
RNA polymerase II transcription regulatory region sequence-specific DNA binding,molfunc,0.17,1.509061343354509,1.1755508177501333
RNA polymerase II transcription regulatory region sequence-specific DNA binding,molfunc,0.18,1.676468408455799,1.3661193553584787
RNA polymerase II transcription regulatory region sequence-specific DNA binding,molfunc,0.19,1.7789180446506017,1.622087223808457
RNA polymerase II transcription regulatory region sequence-specific DNA binding,molfunc,0.2,1.9711745959778746,1.898504948894031
RNA polymerase II transcription regulatory region sequence-specific DNA binding,molfunc,0.21,2.2920381374220162,2.1833668563544033
RNA polymerase II transcription regulatory region sequence-specific DNA binding,molfunc,0.22,2.6214028188908385,2.5533599085730545
RNA polymerase II transcription regulatory region sequence-specific DNA binding,molfunc,0.23,2.9627562875739546,2.9243007771807226
RNA polymerase II transcription regulatory region sequence-specific DNA binding,molfunc,0.24,3.2317410770726402,3.2737865293462596
RNA polymerase II transcription regulatory region sequence-specific DNA binding,molfunc,0.25,3.474350534699907,3.6412233494854616
RNA polymerase II transcription regulatory region sequence-specific DNA binding,molfunc,0.26,3.6110227089427602,3.9170666403958734
RNA polymerase II transcription regulatory region sequence-specific DNA binding,molfunc,0.27,3.889816506162233,4.151952774617588
RNA polymerase II transcription regulatory region sequence-specific DNA binding,molfunc,0.28,4.051556144580433,4.363746654998014
RNA polymerase II transcription regulatory region sequence-specific DNA binding,molfunc,0.29,4.192587877810277,4.499514172296357
RNA polymerase II transcription regulatory region sequence-specific DNA binding,molfunc,0.3,4.112371992449241,4.508963614477691
RNA polymerase II transcription regulatory region sequence-specific DNA binding,molfunc,0.31,4.017987540380411,4.483056633178108
RNA polymerase II transcription regulatory region sequence-specific DNA binding,molfunc,0.32,3.8858929030739215,4.352602631999943
RNA polymerase II transcription regulatory region sequence-specific DNA binding,molfunc,0.33,3.7021374917713294,4.196011875852133
RNA polymerase II transcription regulatory region sequence-specific DNA binding,molfunc,0.34,3.5039955358115944,3.9423130223940253
RNA polymerase II transcription regulatory region sequence-specific DNA binding,molfunc,0.35000000000000003,3.302365932662267,3.6805146470662238
RNA polymerase II transcription regulatory region sequence-specific DNA binding,molfunc,0.36,2.993491178432387,3.4133453122006627
RNA polymerase II transcription regulatory region sequence-specific DNA binding,molfunc,0.37,2.8012346271051194,3.1047879950150574
RNA polymerase II transcription regulatory region sequence-specific DNA binding,molfunc,0.38,2.5963353547155146,2.8097586026544
RNA polymerase II transcription regulatory region sequence-specific DNA binding,molfunc,0.39,2.4095282521220134,2.523230836086068
RNA polymerase II transcription regulatory region sequence-specific DNA binding,molfunc,0.4,2.203975045884356,2.3023034523206687
RNA polymerase II transcription regulatory region sequence-specific DNA binding,molfunc,0.41000000000000003,2.0363500028337227,2.0468525746283435
RNA polymerase II transcription regulatory region sequence-specific DNA binding,molfunc,0.42,1.83254062019086,1.805274282266038
RNA polymerase II transcription regulatory region sequence-specific DNA binding,molfunc,0.43,1.6139087369921643,1.6330014731364408
RNA polymerase II transcription regulatory region sequence-specific DNA binding,molfunc,0.44,1.5496052419337247,1.4360279944750907
RNA polymerase II transcription regulatory region sequence-specific DNA binding,molfunc,0.45,1.3209463730648996,1.2852964669138829
RNA polymerase II transcription regulatory region sequence-specific DNA binding,molfunc,0.46,1.1999686111752925,1.1357712511205047
RNA polymerase II transcription regulatory region sequence-specific DNA binding,molfunc,0.47000000000000003,1.104930225258418,1.00218658368774
RNA polymerase II transcription regulatory region sequence-specific DNA binding,molfunc,0.48,1.0127255526830896,0.8737431021226196
RNA polymerase II transcription regulatory region sequence-specific DNA binding,molfunc,0.49,0.9534355504597146,0.7856536213622872
RNA polymerase II transcription regulatory region sequence-specific DNA binding,molfunc,0.5,0.9394849617012734,0.7054051670928483
RNA polymerase II transcription regulatory region sequence-specific DNA binding,molfunc,0.51,0.7232508359454352,0.6335721734894602
RNA polymerase II transcription regulatory region sequence-specific DNA binding,molfunc,0.52,0.6436888844324502,0.5626582745663232
RNA polymerase II transcription regulatory region sequence-specific DNA binding,molfunc,0.53,0.5730640288428418,0.4907103941279036
RNA polymerase II transcription regulatory region sequence-specific DNA binding,molfunc,0.54,0.5218392107454406,0.43119901358163404
RNA polymerase II transcription regulatory region sequence-specific DNA binding,molfunc,0.55,0.48107733421687016,0.39713506699482143
RNA polymerase II transcription regulatory region sequence-specific DNA binding,molfunc,0.56,0.42091542019609257,0.35445460778065313
RNA polymerase II transcription regulatory region sequence-specific DNA binding,molfunc,0.5700000000000001,0.3954120001220717,0.31398572014084297
RNA polymerase II transcription regulatory region sequence-specific DNA binding,molfunc,0.58,0.33873773329089996,0.26857669859467526
RNA polymerase II transcription regulatory region sequence-specific DNA binding,molfunc,0.59,0.30996464397661505,0.24554188817087785
RNA polymerase II transcription regulatory region sequence-specific DNA binding,molfunc,0.6,0.24980272995583744,0.21472349467370253
RNA polymerase II transcription regulatory region sequence-specific DNA binding,molfunc,0.61,0.24718699456362972,0.1954225063884259
RNA polymerase II transcription regulatory region sequence-specific DNA binding,molfunc,0.62,0.22996673656492891,0.18094676517446842
RNA polymerase II transcription regulatory region sequence-specific DNA binding,molfunc,0.63,0.19007677183376115,0.16101389929651905
RNA polymerase II transcription regulatory region sequence-specific DNA binding,molfunc,0.64,0.17220257998700836,0.14211501493385234
RNA polymerase II transcription regulatory region sequence-specific DNA binding,molfunc,0.65,0.14887893940648952,0.13352722401525455
RNA polymerase II transcription regulatory region sequence-specific DNA binding,molfunc,0.66,0.13100474755973673,0.12143538462819882
RNA polymerase II transcription regulatory region sequence-specific DNA binding,molfunc,0.67,0.11749011469999683,0.11465706136134571
RNA polymerase II transcription regulatory region sequence-specific DNA binding,molfunc,0.68,0.10201368029610115,0.10253650026553211
RNA polymerase II transcription regulatory region sequence-specific DNA binding,molfunc,0.6900000000000001,0.09939794490389342,0.09099037334487554
RNA polymerase II transcription regulatory region sequence-specific DNA binding,molfunc,0.7000000000000001,0.09220467257532322,0.07872620370527356
RNA polymerase II transcription regulatory region sequence-specific DNA binding,molfunc,0.71,0.07803610586753038,0.07329780075003864
RNA polymerase II transcription regulatory region sequence-specific DNA binding,molfunc,0.72,0.08675522384155611,0.06637586893939627
RNA polymerase II transcription regulatory region sequence-specific DNA binding,molfunc,0.73,0.06604731865324498,0.05620838403911662
RNA polymerase II transcription regulatory region sequence-specific DNA binding,molfunc,0.74,0.05820011247662181,0.055662671572717426
RNA polymerase II transcription regulatory region sequence-specific DNA binding,molfunc,0.75,0.043159633971427414,0.049229008810958555
RNA polymerase II transcription regulatory region sequence-specific DNA binding,molfunc,0.76,0.035312427794804244,0.04606962084759482
RNA polymerase II transcription regulatory region sequence-specific DNA binding,molfunc,0.77,0.034222538048051025,0.039578514668320235
RNA polymerase II transcription regulatory region sequence-specific DNA binding,molfunc,0.78,0.02746522161818108,0.03380545120799196
RNA polymerase II transcription regulatory region sequence-specific DNA binding,molfunc,0.79,0.021361839036363062,0.03527025835464242
RNA polymerase II transcription regulatory region sequence-specific DNA binding,molfunc,0.8,0.02790117751688237,0.03053117640959682
RNA polymerase II transcription regulatory region sequence-specific DNA binding,molfunc,0.81,0.017002280049350192,0.026108033260887585
RNA polymerase II transcription regulatory region sequence-specific DNA binding,molfunc,0.8200000000000001,0.013950588758441185,0.02223060257857755
RNA polymerase II transcription regulatory region sequence-specific DNA binding,molfunc,0.8300000000000001,0.009809007720779066,0.021799776947210008
RNA polymerase II transcription regulatory region sequence-specific DNA binding,molfunc,0.84,0.010898897467532174,0.02128278618956843
RNA polymerase II transcription regulatory region sequence-specific DNA binding,molfunc,0.85,0.005013492835064801,0.020047752712980788
RNA polymerase II transcription regulatory region sequence-specific DNA binding,molfunc,0.86,0.010244963619480244,0.018008511391173286
RNA polymerase II transcription regulatory region sequence-specific DNA binding,molfunc,0.87,0.005231470784415443,0.01766385088607906
RNA polymerase II transcription regulatory region sequence-specific DNA binding,molfunc,0.88,0.004577536936363514,0.013384316281159093
RNA polymerase II transcription regulatory region sequence-specific DNA binding,molfunc,0.89,0.005013492835064801,0.012292891348360712
RNA polymerase II transcription regulatory region sequence-specific DNA binding,molfunc,0.9,0.005885404632467375,0.009248390220028387
RNA polymerase II transcription regulatory region sequence-specific DNA binding,molfunc,0.91,0.005667426683116731,0.009851546103943282
RNA polymerase II transcription regulatory region sequence-specific DNA binding,molfunc,0.92,0.003051691290909009,0.00824313041350356
RNA polymerase II transcription regulatory region sequence-specific DNA binding,molfunc,0.93,0.0023977574428570786,0.004940133906350567
RNA polymerase II transcription regulatory region sequence-specific DNA binding,molfunc,0.9400000000000001,0.0006539338480519304,0.0024126235356595792
RNA polymerase II transcription regulatory region sequence-specific DNA binding,molfunc,0.9500000000000001,0.0,0.0031593879633637694
RNA polymerase II transcription regulatory region sequence-specific DNA binding,molfunc,0.96,0.0,0.0025562320794488397
RNA polymerase II transcription regulatory region sequence-specific DNA binding,molfunc,0.97,0.000435955898701287,0.0020966847393232057
RNA polymerase II transcription regulatory region sequence-specific DNA binding,molfunc,0.98,0.0,2.8721708757852133e-05
RNA polymerase II transcription regulatory region sequence-specific DNA binding,molfunc,0.99,0.0,0.0
RNA polymerase II-specific DNA-binding transcription factor binding,molfunc,0.0,0.0,0.0
RNA polymerase II-specific DNA-binding transcription factor binding,molfunc,0.01,0.0,0.0
RNA polymerase II-specific DNA-binding transcription factor binding,molfunc,0.02,0.0,0.0
RNA polymerase II-specific DNA-binding transcription factor binding,molfunc,0.03,0.001700868293263711,0.0008109107783644818
RNA polymerase II-specific DNA-binding transcription factor binding,molfunc,0.04,0.0051026048797911325,0.0018049304421661047
RNA polymerase II-specific DNA-binding transcription factor binding,molfunc,0.05,0.002551302439895568,0.005153207204445258
RNA polymerase II-specific DNA-binding transcription factor binding,molfunc,0.06,0.002551302439895564,0.012817621980599863
RNA polymerase II-specific DNA-binding transcription factor binding,molfunc,0.07,0.003401736586527424,0.032724173668837654
RNA polymerase II-specific DNA-binding transcription factor binding,molfunc,0.08,0.016158248786005264,0.07682725664698338
RNA polymerase II-specific DNA-binding transcription factor binding,molfunc,0.09,0.029765195132114917,0.15242506792031718
RNA polymerase II-specific DNA-binding transcription factor binding,molfunc,0.1,0.05867995611759806,0.2531872717351556
RNA polymerase II-specific DNA-binding transcription factor binding,molfunc,0.11,0.06633386343728477,0.3719726215594496
RNA polymerase II-specific DNA-binding transcription factor binding,molfunc,0.12,0.16158248786005242,0.512992621758253
RNA polymerase II-specific DNA-binding transcription factor binding,molfunc,0.13,0.16668509273984353,0.6457727221123853
RNA polymerase II-specific DNA-binding transcription factor binding,molfunc,0.14,0.28574587326830403,0.7849093166324094
RNA polymerase II-specific DNA-binding transcription factor binding,molfunc,0.15,0.3367719220662145,0.9310563656234508
RNA polymerase II-specific DNA-binding transcription factor binding,molfunc,0.16,0.38184493183770285,1.0654059707099017
RNA polymerase II-specific DNA-binding transcription factor binding,molfunc,0.17,0.494102239193109,1.2365343033570162
RNA polymerase II-specific DNA-binding transcription factor binding,molfunc,0.18,0.6539838587598963,1.4252672474182944
RNA polymerase II-specific DNA-binding transcription factor binding,molfunc,0.19,0.9397297320281995,1.661896244227491
RNA polymerase II-specific DNA-binding transcription factor binding,molfunc,0.2,1.0205209759582285,1.9342314736969355
RNA polymerase II-specific DNA-binding transcription factor binding,molfunc,0.21,1.2008130150441791,2.226630205327839
RNA polymerase II-specific DNA-binding transcription factor binding,molfunc,0.22,1.5375849371103933,2.5927695009655047
RNA polymerase II-specific DNA-binding transcription factor binding,molfunc,0.23,1.8386386250180753,2.9623093901898683
RNA polymerase II-specific DNA-binding transcription factor binding,molfunc,0.24,2.2009235714832402,3.301740946965909
RNA polymerase II-specific DNA-binding transcription factor binding,molfunc,0.25,2.594674581373789,3.6533884822418354
RNA polymerase II-specific DNA-binding transcription factor binding,molfunc,0.26,2.7749666204597423,3.9154696141267946
RNA polymerase II-specific DNA-binding transcription factor binding,molfunc,0.27,3.3949331133543645,4.143780235854704
RNA polymerase II-specific DNA-binding transcription factor binding,molfunc,0.28,3.687482459795743,4.347083415514366
RNA polymerase II-specific DNA-binding transcription factor binding,molfunc,0.29,3.8975396940137905,4.481197594890944
RNA polymerase II-specific DNA-binding transcription factor binding,molfunc,0.3,4.093989981885749,4.474134823595512
RNA polymerase II-specific DNA-binding transcription factor binding,molfunc,0.31,4.177332528255671,4.436649818905308
RNA polymerase II-specific DNA-binding transcription factor binding,molfunc,0.32,4.196042079481572,4.301410827803877
RNA polymerase II-specific DNA-binding transcription factor binding,molfunc,0.33,4.025104816008569,4.1420014638247435
RNA polymerase II-specific DNA-binding transcription factor binding,molfunc,0.34,3.894137957427263,3.891194607600271
RNA polymerase II-specific DNA-binding transcription factor binding,molfunc,0.35000000000000003,3.785282386658407,3.6319124258213
RNA polymerase II-specific DNA-binding transcription factor binding,molfunc,0.36,3.6288025036781244,3.3563335532383824
RNA polymerase II-specific DNA-binding transcription factor binding,molfunc,0.37,3.4391556889792207,3.058075337273485
RNA polymerase II-specific DNA-binding transcription factor binding,molfunc,0.38,3.187427181576192,2.7725301096403663
RNA polymerase II-specific DNA-binding transcription factor binding,molfunc,0.39,3.079422044953946,2.492478148570362
RNA polymerase II-specific DNA-binding transcription factor binding,molfunc,0.4,2.781770093632797,2.2757557034494034
RNA polymerase II-specific DNA-binding transcription factor binding,molfunc,0.41000000000000003,2.7120344936090004,2.0251319561103793
RNA polymerase II-specific DNA-binding transcription factor binding,molfunc,0.42,2.378664308129298,1.7909095332240592
RNA polymerase II-specific DNA-binding transcription factor binding,molfunc,0.43,2.129487103166164,1.6154389041508677
RNA polymerase II-specific DNA-binding transcription factor binding,molfunc,0.44,2.050396727529402,1.4307605139814086
RNA polymerase II-specific DNA-binding transcription factor binding,molfunc,0.45,1.9202803030947282,1.2700432293920092
RNA polymerase II-specific DNA-binding transcription factor binding,molfunc,0.46,1.757847381088044,1.124340873408456
RNA polymerase II-specific DNA-binding transcription factor binding,molfunc,0.47000000000000003,1.6991674249704554,0.9930779609622366
RNA polymerase II-specific DNA-binding transcription factor binding,molfunc,0.48,1.5137727810047017,0.8707350670780157
RNA polymerase II-specific DNA-binding transcription factor binding,molfunc,0.49,1.3496389907047535,0.7884407022801234
RNA polymerase II-specific DNA-binding transcription factor binding,molfunc,0.5,1.34793812241149,0.71373227702177
RNA polymerase II-specific DNA-binding transcription factor binding,molfunc,0.51,1.0494357369437088,0.631542545872699
RNA polymerase II-specific DNA-binding transcription factor binding,molfunc,0.52,0.9805505710665285,0.559528437071492
RNA polymerase II-specific DNA-binding transcription factor binding,molfunc,0.53,0.9873540442395834,0.4853170216450393
RNA polymerase II-specific DNA-binding transcription factor binding,molfunc,0.54,0.8155663466199488,0.43025356395287057
RNA polymerase II-specific DNA-binding transcription factor binding,molfunc,0.55,0.7288220636634996,0.3970062220399268
RNA polymerase II-specific DNA-binding transcription factor binding,molfunc,0.56,0.7143646831707581,0.3513597927416681
RNA polymerase II-specific DNA-binding transcription factor binding,molfunc,0.5700000000000001,0.6420777807070575,0.31366552075382587
RNA polymerase II-specific DNA-binding transcription factor binding,molfunc,0.58,0.5825473904428206,0.2673389727382257
RNA polymerase II-specific DNA-binding transcription factor binding,molfunc,0.59,0.5493804587241782,0.243927193814477
RNA polymerase II-specific DNA-binding transcription factor binding,molfunc,0.6,0.4660379123542564,0.21120302014563938
RNA polymerase II-specific DNA-binding transcription factor binding,molfunc,0.61,0.48644833187342096,0.19268286430428283
RNA polymerase II-specific DNA-binding transcription factor binding,molfunc,0.62,0.4558327025946741,0.17837421282798055
RNA polymerase II-specific DNA-binding transcription factor binding,molfunc,0.63,0.4082083903832903,0.15689815640742444
RNA polymerase II-specific DNA-binding transcription factor binding,molfunc,0.64,0.3758918928112798,0.13853495103929975
RNA polymerase II-specific DNA-binding transcription factor binding,molfunc,0.65,0.3265667123066322,0.12943182359185332
RNA polymerase II-specific DNA-binding transcription factor binding,molfunc,0.66,0.263634585455875,0.1182098647557771
RNA polymerase II-specific DNA-binding transcription factor binding,molfunc,0.67,0.25513024398955647,0.11067624204064903
RNA polymerase II-specific DNA-binding transcription factor binding,molfunc,0.68,0.2525789415496609,0.09785862006004915
RNA polymerase II-specific DNA-binding transcription factor binding,molfunc,0.6900000000000001,0.2466259025232379,0.08721214629248969
RNA polymerase II-specific DNA-binding transcription factor binding,molfunc,0.7000000000000001,0.2610832830159823,0.07473458367055963
RNA polymerase II-specific DNA-binding transcription factor binding,molfunc,0.71,0.20495462933827702,0.0698168021759613
RNA polymerase II-specific DNA-binding transcription factor binding,molfunc,0.72,0.22706591715070523,0.06387884260535688
RNA polymerase II-specific DNA-binding transcription factor binding,molfunc,0.73,0.1862450781123762,0.05338931931102923
RNA polymerase II-specific DNA-binding transcription factor binding,molfunc,0.74,0.20240332689838145,0.051453596807836594
RNA polymerase II-specific DNA-binding transcription factor binding,molfunc,0.75,0.19985202445848588,0.0438676572682979
RNA polymerase II-specific DNA-binding transcription factor binding,molfunc,0.76,0.16838596103310724,0.04101639033791956
RNA polymerase II-specific DNA-binding transcription factor binding,molfunc,0.77,0.13436859516783306,0.036020133606706146
RNA polymerase II-specific DNA-binding transcription factor binding,molfunc,0.78,0.1335181610212012,0.029977540387280496
RNA polymerase II-specific DNA-binding transcription factor binding,molfunc,0.79,0.09950079515592701,0.03162552035621477
RNA polymerase II-specific DNA-binding transcription factor binding,molfunc,0.8,0.09609905856939958,0.028198768357319697
RNA polymerase II-specific DNA-binding transcription factor binding,molfunc,0.81,0.08419298051655362,0.02322867003831159
RNA polymerase II-specific DNA-binding transcription factor binding,molfunc,0.8200000000000001,0.07398777075697137,0.01964496756618469
RNA polymerase II-specific DNA-binding transcription factor binding,molfunc,0.8300000000000001,0.06548342929065354,0.01901716567325756
RNA polymerase II-specific DNA-binding transcription factor binding,molfunc,0.84,0.06633386343728467,0.01865094790238307
RNA polymerase II-specific DNA-binding transcription factor binding,molfunc,0.85,0.05867995611759798,0.01705528475785941
RNA polymerase II-specific DNA-binding transcription factor binding,molfunc,0.86,0.07483820490360323,0.015328829552309225
RNA polymerase II-specific DNA-binding transcription factor binding,molfunc,0.87,0.04167127318496088,0.015433463201130449
RNA polymerase II-specific DNA-binding transcription factor binding,molfunc,0.88,0.04762431221138387,0.01127427566048682
RNA polymerase II-specific DNA-binding transcription factor binding,molfunc,0.89,0.023812156105691935,0.011065008362844372
RNA polymerase II-specific DNA-binding transcription factor binding,molfunc,0.9,0.03231649757201049,0.008135266195850118
RNA polymerase II-specific DNA-binding transcription factor binding,molfunc,0.91,0.015307814639373387,0.009181602684062352
RNA polymerase II-specific DNA-binding transcription factor binding,molfunc,0.92,0.005102604879791128,0.007716731600565224
RNA polymerase II-specific DNA-binding transcription factor binding,molfunc,0.93,0.005102604879791128,0.004630038960339135
RNA polymerase II-specific DNA-binding transcription factor binding,molfunc,0.9400000000000001,0.002551302439895564,0.002197306625245691
RNA polymerase II-specific DNA-binding transcription factor binding,molfunc,0.9500000000000001,0.0,0.002877425342583675
RNA polymerase II-specific DNA-binding transcription factor binding,molfunc,0.96,0.0,0.0023280986862722203
RNA polymerase II-specific DNA-binding transcription factor binding,molfunc,0.97,0.0,0.0019618809153979385
RNA polymerase II-specific DNA-binding transcription factor binding,molfunc,0.98,0.0,2.6158412205305844e-05
RNA polymerase II-specific DNA-binding transcription factor binding,molfunc,0.99,0.0,0.0
SH3 domain binding,molfunc,0.0,0.0,0.0
SH3 domain binding,molfunc,0.01,0.0,0.0
SH3 domain binding,molfunc,0.02,0.0,0.0
SH3 domain binding,molfunc,0.03,0.0,0.0008468967265901704
SH3 domain binding,molfunc,0.04,0.0,0.0019247652877049325
SH3 domain binding,molfunc,0.05,0.006838386140870759,0.0050557168223716266
SH3 domain binding,molfunc,0.06,0.002279462046956916,0.012626460287344349
SH3 domain binding,molfunc,0.07,0.0,0.03220773914759589
SH3 domain binding,molfunc,0.08,0.0,0.07586141587274381
SH3 domain binding,molfunc,0.09,0.009117848187827664,0.15033700073833983
SH3 domain binding,molfunc,0.1,0.027353544563483035,0.2498601978812698
SH3 domain binding,molfunc,0.11,0.18691588785046737,0.3648328444001779
SH3 domain binding,molfunc,0.12,0.23706405288351928,0.5054946916256537
SH3 domain binding,molfunc,0.13,0.4217004786870294,0.6338380410098186
SH3 domain binding,molfunc,0.14,0.410303168452246,0.7740636081034172
SH3 domain binding,molfunc,0.15,0.49236380214269393,0.9180617151609134
SH3 domain binding,molfunc,0.16,0.5653065876453152,1.0504085763435045
SH3 domain binding,molfunc,0.17,0.6587645315705506,1.2206348183881321
SH3 domain binding,molfunc,0.18,0.5972190563027121,1.411314899556764
SH3 domain binding,molfunc,0.19,0.7431046273079547,1.6504477389012244
SH3 domain binding,molfunc,0.2,0.9528151356279936,1.9177078149833517
SH3 domain binding,molfunc,0.21,1.030316845224526,2.2091429430790424
SH3 domain binding,molfunc,0.22,1.2559835878732608,2.575977543378433
SH3 domain binding,molfunc,0.23,1.5523136539776643,2.9442749652964877
SH3 domain binding,molfunc,0.24,1.793936630955093,3.2854973555008096
SH3 domain binding,molfunc,0.25,2.199680875313424,3.63780639376232
SH3 domain binding,molfunc,0.26,2.637337588329152,3.8954426434059175
SH3 domain binding,molfunc,0.27,3.273307499430132,4.130982587546662
SH3 domain binding,molfunc,0.28,3.9252336448598317,4.331928083583081
SH3 domain binding,molfunc,0.29,4.023250512878957,4.4687404002331235
SH3 domain binding,molfunc,0.3,4.260314565762476,4.465070514417899
SH3 domain binding,molfunc,0.31,4.786870298609524,4.424881415210621
SH3 domain binding,molfunc,0.32,4.727604285388645,4.293432777828959
SH3 domain binding,molfunc,0.33,4.121267380898104,4.138707312234652
SH3 domain binding,molfunc,0.34,3.9867791201276463,3.89020728182336
SH3 domain binding,molfunc,0.35000000000000003,3.872806017779822,3.6338285455010833
SH3 domain binding,molfunc,0.36,4.091634374287665,3.3562773910140122
SH3 domain binding,molfunc,0.37,3.756553453384998,3.0617113113836494
SH3 domain binding,molfunc,0.38,3.2755869614770887,2.7793867389830904
SH3 domain binding,molfunc,0.39,3.441987690904943,2.4995002026136235
SH3 domain binding,molfunc,0.4,3.152496010941415,2.2811548283763763
SH3 domain binding,molfunc,0.41000000000000003,2.956462274903137,2.035375132905053
SH3 domain binding,molfunc,0.42,2.475495782995211,1.8009387208625807
SH3 domain binding,molfunc,0.43,2.2931388192386577,1.6233213801131696
SH3 domain binding,molfunc,0.44,2.1130613175290613,1.4417775181768406
SH3 domain binding,molfunc,0.45,1.9512195121951204,1.2819963357601618
SH3 domain binding,molfunc,0.46,1.6389332117620228,1.1376646027194615
SH3 domain binding,molfunc,0.47000000000000003,1.6229769774333334,1.0072938338989197
SH3 domain binding,molfunc,0.48,1.709596535217687,0.8806956050422683
SH3 domain binding,molfunc,0.49,1.3950307727376328,0.7985466225630219
SH3 domain binding,molfunc,0.5,1.24914520173239,0.7268426997117209
SH3 domain binding,molfunc,0.51,1.3517209938454513,0.6360451052063869
SH3 domain binding,molfunc,0.52,0.9368589012992925,0.5679854046331405
SH3 domain binding,molfunc,0.53,0.9550945976749479,0.49517794968355533
SH3 domain binding,molfunc,0.54,0.7499430134488254,0.4382818877789975
SH3 domain binding,molfunc,0.55,0.6428082972418503,0.40425203749237437
SH3 domain binding,molfunc,0.56,0.6222931388192381,0.3592638568344178
SH3 domain binding,molfunc,0.5700000000000001,0.549350353316623,0.3209225323033391
SH3 domain binding,molfunc,0.58,0.3669933895600635,0.2757290433480238
SH3 domain binding,molfunc,0.59,0.4536129473444263,0.25078408521936785
SH3 domain binding,molfunc,0.6,0.40346478231137417,0.21672857139557528
SH3 domain binding,molfunc,0.61,0.36015500341919277,0.19966231917792487
SH3 domain binding,molfunc,0.62,0.2963300661043991,0.18541905604890838
SH3 domain binding,molfunc,0.63,0.3077273763391837,0.16278381626549837
SH3 domain binding,molfunc,0.64,0.25529974925917465,0.14438306011503926
SH3 domain binding,molfunc,0.65,0.2507408251652608,0.13401499109860202
SH3 domain binding,molfunc,0.66,0.27581490768178685,0.12082393299353089
SH3 domain binding,molfunc,0.67,0.20515158422612248,0.11397176856930133
SH3 domain binding,molfunc,0.68,0.21654889446090703,0.10119132705894059
SH3 domain binding,molfunc,0.6900000000000001,0.16412126738089797,0.09115688402570556
SH3 domain binding,molfunc,0.7000000000000001,0.14588557100524427,0.07955696522513804
SH3 domain binding,molfunc,0.71,0.13448826077045806,0.07316674446995679
SH3 domain binding,molfunc,0.72,0.09345794392523356,0.06847031716795676
SH3 domain binding,molfunc,0.73,0.05926601322087982,0.05733234203643755
SH3 domain binding,molfunc,0.74,0.06382493731479366,0.0558695204177818
SH3 domain binding,molfunc,0.75,0.09117848187827664,0.04804214158111508
SH3 domain binding,molfunc,0.76,0.06382493731479366,0.04460322760041561
SH3 domain binding,molfunc,0.77,0.05014816503305216,0.03882893173730081
SH3 domain binding,molfunc,0.78,0.01139731023478458,0.03331127124588001
SH3 domain binding,molfunc,0.79,0.004558924093913832,0.03397852321228439
SH3 domain binding,molfunc,0.8,0.004558924093913832,0.030513945694415512
SH3 domain binding,molfunc,0.81,0.006838386140870748,0.025252920574688698
SH3 domain binding,molfunc,0.8200000000000001,0.004558924093913832,0.021454717073617634
SH3 domain binding,molfunc,0.8300000000000001,0.01367677228174165,0.020479502661180697
SH3 domain binding,molfunc,0.84,0.0,0.020299857900994676
SH3 domain binding,molfunc,0.85,0.006838386140870748,0.018426419687628544
SH3 domain binding,molfunc,0.86,0.0,0.017297224052174983
SH3 domain binding,molfunc,0.87,0.0,0.016399000251246014
SH3 domain binding,molfunc,0.88,0.0,0.012498142601497354
SH3 domain binding,molfunc,0.89,0.0,0.011574255263398985
SH3 domain binding,molfunc,0.9,0.0,0.00895657447212028
SH3 domain binding,molfunc,0.91,0.0,0.009469845215508262
SH3 domain binding,molfunc,0.92,0.0,0.0077247246879891245
SH3 domain binding,molfunc,0.93,0.0,0.004696427302000033
SH3 domain binding,molfunc,0.9400000000000001,0.0,0.00223272773373772
SH3 domain binding,molfunc,0.9500000000000001,0.0,0.0028229890886339306
SH3 domain binding,molfunc,0.96,0.0,0.0022840548080765187
SH3 domain binding,molfunc,0.97,0.0,0.0019247652877049314
SH3 domain binding,molfunc,0.98,0.0,2.5663537169399085e-05
SH3 domain binding,molfunc,0.99,0.0,0.0
actin binding,molfunc,0.0,0.0,0.0
actin binding,molfunc,0.01,0.0,0.0
actin binding,molfunc,0.02,0.0,0.0
actin binding,molfunc,0.03,0.0,0.0008718635369759967
actin binding,molfunc,0.04,0.000643281248994873,0.0019550879314007195
actin binding,molfunc,0.05,0.0,0.005284021436218166
actin binding,molfunc,0.06,0.0,0.013025112840277759
actin binding,molfunc,0.07,0.0032164062449743665,0.03302513397636353
actin binding,molfunc,0.08,0.009005937485928227,0.07772795532676921
actin binding,molfunc,0.09,0.014152187477887195,0.15429342593757023
actin binding,molfunc,0.1,0.030877499951753925,0.256275039656581
actin binding,molfunc,0.11,0.044386406180646265,0.37593170507974133
actin binding,molfunc,0.12,0.07848031237737445,0.5199212892166856
actin binding,molfunc,0.13,0.12286671855802063,0.6523652865154937
actin binding,molfunc,0.14,0.16596656224067755,0.7948225044359375
actin binding,molfunc,0.15,0.21614249966227717,0.9419560813274299
actin binding,molfunc,0.16,0.317780937003467,1.0748756405554976
actin binding,molfunc,0.17,0.40912687436074,1.2474517806623862
actin binding,molfunc,0.18,0.4689520305172621,1.4405827641561564
actin binding,molfunc,0.19,0.7275510926132007,1.6778353266423516
actin binding,molfunc,0.2,1.0041620296809988,1.944044326599028
actin binding,molfunc,0.21,1.3560368728811913,2.23051754876359
actin binding,molfunc,0.22,1.7870353097077558,2.593080679609699
actin binding,molfunc,0.23,2.2109576527953827,2.958259401066744
actin binding,molfunc,0.24,2.643885933368926,3.2945609453748403
actin binding,molfunc,0.25,3.107048432645234,3.642936478664703
actin binding,molfunc,0.26,3.500736557030096,3.897071489639616
actin binding,molfunc,0.27,4.021151087466948,4.125552576541689
actin binding,molfunc,0.28,4.462442024277455,4.321853972897218
actin binding,molfunc,0.29,4.634841399008057,4.456755040163843
actin binding,molfunc,0.3,5.040751867123821,4.439053568352512
actin binding,molfunc,0.31,5.225373585585349,4.396200154504783
actin binding,molfunc,0.32,5.252391398043134,4.2590797982349216
actin binding,molfunc,0.33,5.1082963982682825,4.098683327538519
actin binding,molfunc,0.34,4.8143168674776256,3.8533726323620914
actin binding,molfunc,0.35000000000000003,4.681800930184708,3.593557298343265
actin binding,molfunc,0.36,4.241153274623194,3.3284579428881798
actin binding,molfunc,0.37,3.970331868796353,3.0324470620312387
actin binding,molfunc,0.38,3.743896869150158,2.7455246980445924
actin binding,molfunc,0.39,3.3566415572552444,2.475220581474853
actin binding,molfunc,0.4,2.8947656204769263,2.266052592922157
actin binding,molfunc,0.41000000000000003,2.421953902465708,2.0301738760093895
actin binding,molfunc,0.42,2.0810148404984123,1.797254211100882
actin binding,molfunc,0.43,1.8352814033823712,1.622379521669242
actin binding,molfunc,0.44,1.6371507786919504,1.4415338880146757
actin binding,molfunc,0.45,1.543231716338699,1.2790238087437862
actin binding,molfunc,0.46,1.3586099978771708,1.1344001420344951
actin binding,molfunc,0.47000000000000003,1.2228776543392592,1.005575699419502
actin binding,molfunc,0.48,1.089718435797314,0.881718236954543
actin binding,molfunc,0.49,0.9192489048136728,0.8005028274798698
actin binding,molfunc,0.5,0.802171717496606,0.7298026206632708
actin binding,molfunc,0.51,0.6831646864325546,0.6424049061082225
actin binding,molfunc,0.52,0.5918187490752826,0.5712819775767262
actin binding,molfunc,0.53,0.5139817179469031,0.4997363273303323
actin binding,molfunc,0.54,0.47409828050922104,0.4404231867087835
actin binding,molfunc,0.55,0.40269406187079015,0.40708101144624687
actin binding,molfunc,0.56,0.36988671817205165,0.3618762080594006
actin binding,molfunc,0.5700000000000001,0.2721079683248341,0.3255749807925854
actin binding,molfunc,0.58,0.24573343711604126,0.2780187878666184
actin binding,molfunc,0.59,0.161463593497713,0.2568034418002025
actin binding,molfunc,0.6,0.20584999967835918,0.21933972981741573
actin binding,molfunc,0.61,0.1820485934655489,0.20224592047124998
actin binding,molfunc,0.62,0.1775456247225848,0.1870279387349417
actin binding,molfunc,0.63,0.14795468726882066,0.16507282966745523
actin binding,molfunc,0.64,0.13058609354595913,0.14623529324733753
actin binding,molfunc,0.65,0.13251593729294373,0.13542946941027137
actin binding,molfunc,0.66,0.126083124802995,0.12240435656999363
actin binding,molfunc,0.67,0.11064437482711807,0.11516524720237474
actin binding,molfunc,0.68,0.07783703112837957,0.10348755982833262
actin binding,molfunc,0.6900000000000001,0.0887728123612924,0.0921004936332825
actin binding,molfunc,0.7000000000000001,0.06111171865451356,0.08108330893876853
actin binding,molfunc,0.71,0.039240156188687224,0.07527088535892766
actin binding,molfunc,0.72,0.0186551562208513,0.07080588724532332
actin binding,molfunc,0.73,0.025731249959794898,0.05865263794202155
actin binding,molfunc,0.74,0.024444687461805156,0.05725237226142374
actin binding,molfunc,0.75,0.027017812457784646,0.04940560042863977
actin binding,molfunc,0.76,0.016725312473866685,0.045970986495097975
actin binding,molfunc,0.77,0.019298437469846174,0.03976226130754163
actin binding,molfunc,0.78,0.009005937485928215,0.034055518156426025
actin binding,molfunc,0.79,0.009005937485928215,0.034663180621591114
actin binding,molfunc,0.8,0.009005937485928215,0.03109646615214386
actin binding,molfunc,0.81,0.01029249998391796,0.025653924072839156
actin binding,molfunc,0.8200000000000001,0.006432812489948724,0.02187584874594317
actin binding,molfunc,0.8300000000000001,0.008362656236933434,0.020898304780243047
actin binding,molfunc,0.84,0.00514624999195898,0.020686943922794087
actin binding,molfunc,0.85,0.0006432812489948725,0.01902247717038537
actin binding,molfunc,0.86,0.004502968742964107,0.017622211489787556
actin binding,molfunc,0.87,0.003216406244974362,0.01675034795281156
actin binding,molfunc,0.88,0.00257312499597949,0.01276091176846685
actin binding,molfunc,0.89,0.0019298437469846173,0.011836208017128674
actin binding,molfunc,0.9,0.007719374987938469,0.008903576120027595
actin binding,molfunc,0.91,0.009649218734923087,0.00935271794210614
actin binding,molfunc,0.92,0.0038596874939692345,0.007793931618421783
actin binding,molfunc,0.93,0.003216406244974362,0.004702779078234161
actin binding,molfunc,0.9400000000000001,0.0,0.0022985493247548987
actin binding,molfunc,0.9500000000000001,0.0,0.0029062117899200193
actin binding,molfunc,0.96,0.0,0.0023513895391170806
actin binding,molfunc,0.97,0.0,0.001981508038581809
actin binding,molfunc,0.98,0.0,2.642010718109079e-05
actin binding,molfunc,0.99,0.0,0.0
actin filament binding,molfunc,0.0,0.0,0.0
actin filament binding,molfunc,0.01,0.0,0.0
actin filament binding,molfunc,0.02,0.0,0.0
actin filament binding,molfunc,0.03,0.0,0.0008557183638976052
actin filament binding,molfunc,0.04,0.0011899095668729176,0.0019188836038915992
actin filament binding,molfunc,0.05,0.0,0.005186171902409732
actin filament binding,molfunc,0.06,0.0,0.01278391373943997
actin filament binding,molfunc,0.07,0.0,0.032543228687621065
actin filament binding,molfunc,0.08,0.008329366968110428,0.0764701047010315
actin filament binding,molfunc,0.09,0.011899095668729166,0.15174738986450856
actin filament binding,molfunc,0.1,0.04045692527367922,0.25189236930004066
actin filament binding,molfunc,0.11,0.059495478343645915,0.36946288632766927
actin filament binding,molfunc,0.12,0.051166111375535415,0.5123419222390566
actin filament binding,molfunc,0.13,0.09162303664921458,0.6432409010558781
actin filament binding,molfunc,0.14,0.11542122798667323,0.7842788459419127
actin filament binding,molfunc,0.15,0.21775345073774377,0.9284803556884129
actin filament binding,molfunc,0.16,0.3426939552594,1.060312845447668
actin filament binding,molfunc,0.17,0.41527843883864907,1.2317936194008492
actin filament binding,molfunc,0.18,0.5057115659209895,1.421789027045626
actin filament binding,molfunc,0.19,0.8472156116135167,1.657630194307708
actin filament binding,molfunc,0.2,1.1542122798667325,1.9233696425871878
actin filament binding,molfunc,0.21,1.712279866730127,2.2065605593182656
actin filament binding,molfunc,0.22,2.0882912898619685,2.5715892686693738
actin filament binding,molfunc,0.23,2.405997144217044,2.940170505773641
actin filament binding,molfunc,0.24,2.810566396953829,3.278879392720012
actin filament binding,molfunc,0.25,3.3210376011423106,3.6283495863638913
actin filament binding,molfunc,0.26,3.5352213231794347,3.888980655319492
actin filament binding,molfunc,0.27,4.1694431223227,4.120387645605014
actin filament binding,molfunc,0.28,4.639457401237528,4.320599811897566
actin filament binding,molfunc,0.29,4.873869585911467,4.454843871591417
actin filament binding,molfunc,0.3,5.315326035221318,4.444212219191477
actin filament binding,molfunc,0.31,5.396239885768677,4.407831223296073
actin filament binding,molfunc,0.32,5.3688719657306,4.274935568296824
actin filament binding,molfunc,0.33,5.422417896239881,4.110533918990435
actin filament binding,molfunc,0.34,5.074964302712989,3.865487296601576
actin filament binding,molfunc,0.35000000000000003,4.861970490242764,3.6097830909532846
actin filament binding,molfunc,0.36,4.303902903379339,3.343991780954766
actin filament binding,molfunc,0.37,3.913612565445023,3.0510508610471527
actin filament binding,molfunc,0.38,3.6613517372679643,2.765811406414618
actin filament binding,molfunc,0.39,3.285340314136123,2.4930965569264023
actin filament binding,molfunc,0.4,2.723702998572106,2.28142295072955
actin filament binding,molfunc,0.41000000000000003,2.228700618752985,2.0416402928216475
actin filament binding,molfunc,0.42,2.010947168015229,1.8040358271127346
actin filament binding,molfunc,0.43,1.6313660161827688,1.6307658238532257
actin filament binding,molfunc,0.44,1.4231318419800083,1.4498202861781506
actin filament binding,molfunc,0.45,1.3564969062351249,1.287985791963455
actin filament binding,molfunc,0.46,1.1613517372679667,1.1428507712745188
actin filament binding,molfunc,0.47000000000000003,1.0149928605426035,1.0141299846567151
actin filament binding,molfunc,0.48,0.9031413612565437,0.8896359281393641
actin filament binding,molfunc,0.49,0.7603522132317937,0.8061644913700796
actin filament binding,molfunc,0.5,0.7020466444550209,0.733324707000735
actin filament binding,molfunc,0.51,0.6056639695383146,0.6448486143456251
actin filament binding,molfunc,0.52,0.5104712041884812,0.5734350272494433
actin filament binding,molfunc,0.53,0.4152784388386479,0.5021510944508216
actin filament binding,molfunc,0.54,0.37720133269871453,0.44315838906091093
actin filament binding,molfunc,0.55,0.29866730128510205,0.4092667556786634
actin filament binding,molfunc,0.56,0.24512137077582083,0.36474346989647594
actin filament binding,molfunc,0.5700000000000001,0.20942408376963562,0.32595090406645477
actin filament binding,molfunc,0.58,0.18919562113279373,0.2786530163164745
actin filament binding,molfunc,0.59,0.12375059495478333,0.25585979080538374
actin filament binding,molfunc,0.6,0.15825797239409792,0.22012706639778076
actin filament binding,molfunc,0.61,0.12613041408852915,0.2030904916983648
actin filament binding,molfunc,0.62,0.12494050452165624,0.1879987314623525
actin filament binding,molfunc,0.63,0.1368396001903854,0.16499805907516538
actin filament binding,molfunc,0.64,0.10352213231794374,0.14653528710258676
actin filament binding,molfunc,0.65,0.07615421227986667,0.13660376790947212
actin filament binding,molfunc,0.66,0.07020466444550208,0.12369019987247193
actin filament binding,molfunc,0.67,0.0642551166111375,0.11609245803544167
actin filament binding,molfunc,0.68,0.04164683484055208,0.10380123062673063
actin filament binding,molfunc,0.6900000000000001,0.047596382674916664,0.09293620049118227
actin filament binding,molfunc,0.7000000000000001,0.041646834840552545,0.08113765941320104
actin filament binding,molfunc,0.71,0.015468824369347916,0.07512170000640486
actin filament binding,molfunc,0.72,0.01070918610185625,0.07001332068253129
actin filament binding,molfunc,0.73,0.013089005235602084,0.05831850304259735
actin filament binding,molfunc,0.74,0.014278914802474998,0.05686637490992262
actin filament binding,molfunc,0.75,0.013089005235602084,0.049294563932404424
actin filament binding,molfunc,0.76,0.008329366968110416,0.045612381881693524
actin filament binding,molfunc,0.77,0.0023798191337458335,0.03975200763197053
actin filament binding,molfunc,0.78,0.0035697287006187495,0.033710117365663206
actin filament binding,molfunc,0.79,0.0035697287006187495,0.03430652713444032
actin filament binding,molfunc,0.8,0.0,0.030883653678849907
actin filament binding,molfunc,0.81,0.0023798191337458335,0.025541896619367892
actin filament binding,molfunc,0.8200000000000001,0.004759638267491667,0.02162633683304855
actin filament binding,molfunc,0.8300000000000001,0.0035697287006187894,0.020770618469151174
actin filament binding,molfunc,0.84,0.0,0.020511309874030458
actin filament binding,molfunc,0.85,0.0,0.018696149708187056
actin filament binding,molfunc,0.86,0.0,0.017477399311120773
actin filament binding,molfunc,0.87,0.0,0.01656981922819907
actin filament binding,molfunc,0.88,0.0,0.012628328582367678
actin filament binding,molfunc,0.89,0.0,0.011694817639933927
actin filament binding,molfunc,0.9,0.0,0.00904986996970497
actin filament binding,molfunc,0.91,0.0,0.00956848715994594
actin filament binding,molfunc,0.92,0.0,0.007805188713126635
actin filament binding,molfunc,0.93,0.0,0.004745347290704898
actin filament binding,molfunc,0.9400000000000001,0.0,0.00225598477754823
actin filament binding,molfunc,0.9500000000000001,0.0,0.00285239454632538
actin filament binding,molfunc,0.96,0.0,0.0023078464965723276
actin filament binding,molfunc,0.97,0.0,0.0019448144634036466
actin filament binding,molfunc,0.98,0.0,2.5930859512048622e-05
actin filament binding,molfunc,0.99,0.0,0.0
cadherin binding,molfunc,0.0,0.0,0.0
cadherin binding,molfunc,0.01,0.0,0.0
cadherin binding,molfunc,0.02,0.0,0.0
cadherin binding,molfunc,0.03,0.0,0.0008554974134165325
cadherin binding,molfunc,0.04,0.0,0.0019443123032193918
cadherin binding,molfunc,0.05,0.0,0.005184832808585049
cadherin binding,molfunc,0.06,0.0,0.012780612873162128
cadherin binding,molfunc,0.07,0.0012041809161408416,0.03250890170982825
cadherin binding,molfunc,0.08,0.01565435190983094,0.076294814778329
cadherin binding,molfunc,0.09,0.059004864890901156,0.15069716558152424
cadherin binding,molfunc,0.1,0.12041809161408416,0.25011633468614275
cadherin binding,molfunc,0.11,0.24204036414430918,0.36545294051311716
cadherin binding,molfunc,0.12,0.31188285728047754,0.5066100137268444
cadherin binding,molfunc,0.13,0.38895043591349127,0.6366974688942431
cadherin binding,molfunc,0.14,0.5165936130244217,0.7754695190160239
cadherin binding,molfunc,0.15,0.6719329512065887,0.918519056204883
cadherin binding,molfunc,0.16,0.6370117046385043,1.0537913441808668
cadherin binding,molfunc,0.17,0.783921776407689,1.2236464669901161
cadherin binding,molfunc,0.18,0.6647078657097436,1.4181295456401377
cadherin binding,molfunc,0.19,0.8405182794663063,1.657565124740595
cadherin binding,molfunc,0.2,0.822455565724196,1.9303132546362163
cadherin binding,molfunc,0.21,1.2354896199605019,2.2166974948184057
cadherin binding,molfunc,0.22,1.7099369009199927,2.5796098672553156
cadherin binding,molfunc,0.23,1.8387842589470678,2.952243801208331
cadherin binding,molfunc,0.24,2.091662251336639,3.294235373262592
cadherin binding,molfunc,0.25,2.587784788786665,3.644056042857825
cadherin binding,molfunc,0.26,3.0814989644044095,3.8986572579233933
cadherin binding,molfunc,0.27,3.3199267858002957,4.138689092796837
cadherin binding,molfunc,0.28,3.745002649198033,4.33993837826209
cadherin binding,molfunc,0.29,4.003901546168293,4.473681140559517
cadherin binding,molfunc,0.3,4.22908337748663,4.467822279485817
cadherin binding,molfunc,0.31,4.414527238572319,4.429221199225901
cadherin binding,molfunc,0.32,4.5493955011800935,4.292860096360114
cadherin binding,molfunc,0.33,4.323009488945615,4.1345412265499695
cadherin binding,molfunc,0.34,4.255575357641729,3.883439773630196
cadherin binding,molfunc,0.35000000000000003,4.208612301912259,3.6241722090369213
cadherin binding,molfunc,0.36,3.7751071721015332,3.355623793716239
cadherin binding,molfunc,0.37,3.652280718655167,3.0568996514496116
cadherin binding,molfunc,0.38,3.494533018640718,2.7696339896899573
cadherin binding,molfunc,0.39,3.1429121911275923,2.496367376513483
cadherin binding,molfunc,0.4,2.905688550647847,2.2776192803192803
cadherin binding,molfunc,0.41000000000000003,2.8334376956794123,2.0286695330150804
cadherin binding,molfunc,0.42,2.4348538124367782,1.7949631941680984
cadherin binding,molfunc,0.43,2.4143827368623842,1.6139088324923088
cadherin binding,molfunc,0.44,1.9290978276576256,1.4389207252025638
cadherin binding,molfunc,0.45,1.8809305910119918,1.2767132307859805
cadherin binding,molfunc,0.46,1.6148066085448665,1.1330933619881751
cadherin binding,molfunc,0.47000000000000003,1.523288858918171,1.0031873759690824
cadherin binding,molfunc,0.48,1.4727132604402473,0.8773774078687608
cadherin binding,molfunc,0.49,1.1909349260632907,0.7968828785154779
cadherin binding,molfunc,0.5,1.2162227253022484,0.7222472102358963
cadherin binding,molfunc,0.51,1.0018785222291788,0.6363086064335992
cadherin binding,molfunc,0.52,0.9657530947449536,0.563617250457237
cadherin binding,molfunc,0.53,0.8790520687828133,0.49214433019089215
cadherin binding,molfunc,0.54,0.7694716054139967,0.4346963826717699
cadherin binding,molfunc,0.55,0.6598911420451803,0.4014616043687398
cadherin binding,molfunc,0.56,0.5394730504310963,0.35837564372939806
cadherin binding,molfunc,0.5700000000000001,0.525022879437412,0.31912645936841283
cadherin binding,molfunc,0.58,0.44073021530754747,0.27321476484838875
cadherin binding,molfunc,0.59,0.38413371224892795,0.25022003134231413
cadherin binding,molfunc,0.6,0.38895043591349127,0.2151446373922363
cadherin binding,molfunc,0.61,0.2914117817060833,0.1995123664743524
cadherin binding,molfunc,0.62,0.2444487259765905,0.1854096212350011
cadherin binding,molfunc,0.63,0.22036510765377373,0.16319261265021417
cadherin binding,molfunc,0.64,0.18303549925340767,0.14481238034378022
cadherin binding,molfunc,0.65,0.17701459467270347,0.1344167905625672
cadherin binding,molfunc,0.66,0.1721978710081401,0.12148063270514753
cadherin binding,molfunc,0.67,0.15172679543374584,0.11419594260908554
cadherin binding,molfunc,0.68,0.12282645344636567,0.10203750967295362
cadherin binding,molfunc,0.6900000000000001,0.0963344732912672,0.09187523736812694
cadherin binding,molfunc,0.7000000000000001,0.090313568710564,0.08007974272859686
cadherin binding,molfunc,0.71,0.04575887481335192,0.0744541991312812
cadherin binding,molfunc,0.72,0.07225085496845039,0.06867311054970887
cadherin binding,molfunc,0.73,0.03732960840036604,0.05778496165168029
cadherin binding,molfunc,0.74,0.04575887481335192,0.05617766348101892
cadherin binding,molfunc,0.75,0.036125427484225196,0.04878927672878524
cadherin binding,molfunc,0.76,0.046963055729492754,0.044771031302131836
cadherin binding,molfunc,0.77,0.04937141756177444,0.038730701080130256
cadherin binding,molfunc,0.78,0.03251288473580268,0.03307923331877256
cadherin binding,molfunc,0.79,0.03973797023264772,0.033519944107502295
cadherin binding,molfunc,0.8,0.03492124656808435,0.03012387861787909
cadherin binding,molfunc,0.81,0.00963344732912672,0.02537975659802378
cadherin binding,molfunc,0.8200000000000001,0.0240836183228168,0.02120596618711282
cadherin binding,molfunc,0.8300000000000001,0.013245990077549384,0.020557862086039918
cadherin binding,molfunc,0.84,0.00240836183228168,0.02045416542986799
cadherin binding,molfunc,0.85,0.020471075574394277,0.018250611486219346
cadherin binding,molfunc,0.86,0.007225085496845039,0.01731734158067404
cadherin binding,molfunc,0.87,0.007225085496845039,0.016409995839171656
cadherin binding,molfunc,0.88,0.007225085496845039,0.012469522904647024
cadherin binding,molfunc,0.89,0.00120418091614084,0.011665873819316344
cadherin binding,molfunc,0.9,0.007225085496845039,0.008891988266723347
cadherin binding,molfunc,0.91,0.0036125427484225195,0.009488244039710627
cadherin binding,molfunc,0.92,0.0,0.007803173376920488
cadherin binding,molfunc,0.93,0.0,0.0047441220198553135
cadherin binding,molfunc,0.9400000000000001,0.0,0.002255402271734493
cadherin binding,molfunc,0.9500000000000001,0.0,0.002851658044721805
cadherin binding,molfunc,0.96,0.0,0.002307250599820344
cadherin binding,molfunc,0.97,0.0,0.0019443123032193907
cadherin binding,molfunc,0.98,0.0,2.592416404292521e-05
cadherin binding,molfunc,0.99,0.0,0.0
calcium ion binding,molfunc,0.0,0.0,0.0
calcium ion binding,molfunc,0.01,0.0,0.0
calcium ion binding,molfunc,0.02,0.0,0.0
calcium ion binding,molfunc,0.03,0.0,0.0008763106154674664
calcium ion binding,molfunc,0.04,0.0,0.0019916150351533325
calcium ion binding,molfunc,0.05,0.005152838927980491,0.005071979622857158
calcium ion binding,molfunc,0.06,0.009160602538631971,0.012666671623575187
calcium ion binding,molfunc,0.07,0.03148957122654744,0.03186584056245335
calcium ion binding,molfunc,0.08,0.1574478561327372,0.07119359878994784
calcium ion binding,molfunc,0.09,0.3521106600786663,0.13933338785932706
calcium ion binding,molfunc,0.1,0.772353301538409,0.22303432907003806
calcium ion binding,molfunc,0.11,1.2057643091474348,0.323756940114526
calcium ion binding,molfunc,0.12,1.6374577037804647,0.44986600414043454
calcium ion binding,molfunc,0.13,2.0519749686535613,0.5655921151164107
calcium ion binding,molfunc,0.14,2.389772187265622,0.6948877631985669
calcium ion binding,molfunc,0.15,2.6588648868379297,0.8323623103584156
calcium ion binding,molfunc,0.16,2.609054110534118,0.9724657893646687
calcium ion binding,molfunc,0.17,2.6720332529872204,1.1467719372412915
calcium ion binding,molfunc,0.18,2.674323403621871,1.343251399175948
calcium ion binding,molfunc,0.19,2.6497042842992973,1.5935310219268835
calcium ion binding,molfunc,0.2,2.826045883167971,1.8643375569734708
calcium ion binding,molfunc,0.21,2.7865407847201125,2.1686297794777594
calcium ion binding,molfunc,0.22,2.847229776538549,2.548019166240901
calcium ion binding,molfunc,0.23,3.063076473855074,2.922549012318277
calcium ion binding,molfunc,0.24,3.231975083161092,3.2706036558616653
calcium ion binding,molfunc,0.25,3.4043089184191055,3.6318826232384795
calcium ion binding,molfunc,0.26,3.455264770040246,3.901202085725481
calcium ion binding,molfunc,0.27,3.720349706001909,4.140036560741069
calcium ion binding,molfunc,0.28,3.7037461139006593,4.356325953558744
calcium ion binding,molfunc,0.29,3.956807759030347,4.487294558270404
calcium ion binding,molfunc,0.3,3.7724506329403784,4.4948095856697154
calcium ion binding,molfunc,0.31,3.7615724174257528,4.4598633805195576
calcium ion binding,molfunc,0.32,3.4810289646801484,4.336170809402968
calcium ion binding,molfunc,0.33,3.1884622211025904,4.182577457891943
calcium ion binding,molfunc,0.34,2.9668901471994293,3.9341566758404847
calcium ion binding,molfunc,0.35000000000000003,2.8844447243517575,3.671369710668807
calcium ion binding,molfunc,0.36,2.490538815190567,3.4049978384338124
calcium ion binding,molfunc,0.37,2.374313670481674,3.1016881460135273
calcium ion binding,molfunc,0.38,2.062853184168187,2.8184008234133175
calcium ion binding,molfunc,0.39,1.909985629304766,2.537822097260916
calcium ion binding,molfunc,0.4,1.7273461161907908,2.316991822163115
calcium ion binding,molfunc,0.41000000000000003,1.6042505195779326,2.0661014374680775
calcium ion binding,molfunc,0.42,1.362067089962841,1.8291523580190903
calcium ion binding,molfunc,0.43,1.258437773744567,1.648048164155814
calcium ion binding,molfunc,0.44,1.0992723046358364,1.465483452600092
calcium ion binding,molfunc,0.45,1.0162543441294842,1.302117909983248
calcium ion binding,molfunc,0.46,0.8290345297461934,1.1578187619696054
calcium ion binding,molfunc,0.47000000000000003,0.7162446109892912,1.027965461677614
calcium ion binding,molfunc,0.48,0.7420088056291896,0.8967844180288421
calcium ion binding,molfunc,0.49,0.6389520270695799,0.8128975927481837
calcium ion binding,molfunc,0.5,0.6160505207229999,0.7380659771606892
calcium ion binding,molfunc,0.51,0.6091800688190261,0.6456284846624393
calcium ion binding,molfunc,0.52,0.5519263029525762,0.5730274779143165
calcium ion binding,molfunc,0.53,0.4288307063397091,0.503613055222439
calcium ion binding,molfunc,0.54,0.3784473923772333,0.4446878050490358
calcium ion binding,molfunc,0.55,0.3423775198813699,0.40990092910169096
calcium ion binding,molfunc,0.56,0.29600196952954555,0.36526219744712096
calcium ion binding,molfunc,0.5700000000000001,0.2662300112789946,0.3261203232895778
calcium ion binding,molfunc,0.58,0.23531297771110873,0.2786667757186541
calcium ion binding,molfunc,0.59,0.18721981438329088,0.256095138653583
calcium ion binding,molfunc,0.6,0.15859293145006598,0.22160036624472734
calcium ion binding,molfunc,0.61,0.15229501720475652,0.2037289406626181
calcium ion binding,molfunc,0.62,0.11737022002622212,0.18986730001795094
calcium ion binding,molfunc,0.63,0.14656964061811154,0.16522438331632036
calcium ion binding,molfunc,0.64,0.08931587475166171,0.14822926834967862
calcium ion binding,molfunc,0.65,0.0904609500689907,0.13739488255844448
calcium ion binding,molfunc,0.66,0.06698690606374628,0.12512653394189996
calcium ion binding,molfunc,0.67,0.04523047503449535,0.11822226848670174
calcium ion binding,molfunc,0.68,0.05897137884244331,0.10449340217771146
calcium ion binding,molfunc,0.6900000000000001,0.046948088010488845,0.09405733939350801
calcium ion binding,molfunc,0.7000000000000001,0.030917033567883244,0.08258563679102573
calcium ion binding,molfunc,0.71,0.029771958250553905,0.07589381027290962
calcium ion binding,molfunc,0.72,0.016031054442605948,0.07119359878994776
calcium ion binding,molfunc,0.73,0.026909269957231412,0.05876592097059096
calcium ion binding,molfunc,0.74,0.020038818053257433,0.05762406168376972
calcium ion binding,molfunc,0.75,0.01545851678394145,0.05005592455018706
calcium ion binding,molfunc,0.76,0.005152838927980483,0.04665690155685871
calcium ion binding,molfunc,0.77,0.013168366149283458,0.04015095910869116
calcium ion binding,molfunc,0.78,0.009160602538631971,0.034176114003231166
calcium ion binding,molfunc,0.79,0.009160602538631971,0.03478687594734486
calcium ion binding,molfunc,0.8,0.014885979125276953,0.03093642021271508
calcium ion binding,molfunc,0.81,0.011450753173289963,0.025678556519910287
calcium ion binding,molfunc,0.8200000000000001,0.017176129759934943,0.021456332645385223
calcium ion binding,molfunc,0.8300000000000001,0.014313441466612613,0.0206862414984595
calcium ion binding,molfunc,0.84,0.02175643102925093,0.019995814952939447
calcium ion binding,molfunc,0.85,0.022328968687915427,0.018110419386327625
calcium ion binding,molfunc,0.86,0.021183893370586432,0.01691545036523563
calcium ion binding,molfunc,0.87,0.01545851678394145,0.016251578686851186
calcium ion binding,molfunc,0.88,0.006870451903973978,0.012613561889304431
calcium ion binding,molfunc,0.89,0.014313441466612453,0.011312373399670922
calcium ion binding,molfunc,0.9,0.01259582849061896,0.008683441553268525
calcium ion binding,molfunc,0.91,0.006870451903973978,0.009480087567329858
calcium ion binding,molfunc,0.92,0.0022901506346579927,0.007886795539207193
calcium ion binding,molfunc,0.93,0.0,0.004859540685774129
calcium ion binding,molfunc,0.9400000000000001,0.0,0.0023102734407778646
calcium ion binding,molfunc,0.9500000000000001,0.0,0.0029210353848915854
calcium ion binding,molfunc,0.96,0.0,0.00236338317504862
calcium ion binding,molfunc,0.97,0.0,0.0019916150351533316
calcium ion binding,molfunc,0.98,0.0,2.655486713537775e-05
calcium ion binding,molfunc,0.99,0.0,0.0
calmodulin binding,molfunc,0.0,0.0,0.0
calmodulin binding,molfunc,0.01,0.0,0.0
calmodulin binding,molfunc,0.02,0.0,0.0
calmodulin binding,molfunc,0.03,0.0,0.0008537928843348668
calmodulin binding,molfunc,0.04,0.0,0.0019404383734883334
calmodulin binding,molfunc,0.05,0.0026545266315384326,0.0051227573060092044
calmodulin binding,molfunc,0.06,0.0,0.01275514824172997
calmodulin binding,molfunc,0.07,0.0013272633157692163,0.03244412960472496
calmodulin binding,molfunc,0.08,0.01061810652615373,0.07627216433391482
calmodulin binding,molfunc,0.09,0.026545266315384286,0.15114721303891782
calmodulin binding,molfunc,0.1,0.07299948236730688,0.2507822553896324
calmodulin binding,molfunc,0.11,0.19643497073384397,0.3660960397981325
calmodulin binding,molfunc,0.12,0.18847139083922843,0.5086277064587617
calmodulin binding,molfunc,0.13,0.18979865415499764,0.6400859381346844
calmodulin binding,molfunc,0.14,0.3026160359953817,0.7791248157230373
calmodulin binding,molfunc,0.15,0.41543341783576404,0.9230277255009298
calmodulin binding,molfunc,0.16,0.6039048086749924,1.0536062917808713
calmodulin binding,molfunc,0.17,1.0127019099319132,1.2183107009225644
calmodulin binding,molfunc,0.18,1.2555910967176767,1.405110235010371
calmodulin binding,molfunc,0.19,1.5170619699242118,1.6427492544835756
calmodulin binding,molfunc,0.2,1.7493330501838293,1.9100381723036868
calmodulin binding,molfunc,0.21,2.1886572077034345,2.196162278602448
calmodulin binding,molfunc,0.22,2.4302191311734314,2.5638365416110167
calmodulin binding,molfunc,0.23,2.7434532736949735,2.932390470015575
calmodulin binding,molfunc,0.24,3.123050582004961,3.271734332771207
calmodulin binding,molfunc,0.25,3.444248304421111,3.6252563319091347
calmodulin binding,molfunc,0.26,3.5756473726822633,3.887396619911585
calmodulin binding,molfunc,0.27,4.147697861778794,4.120921910032994
calmodulin binding,molfunc,0.28,4.368023572196508,4.326608377622781
calmodulin binding,molfunc,0.29,4.8484928925049395,4.456281405995071
calmodulin binding,molfunc,0.3,5.042273336607245,4.451494991340467
calmodulin binding,molfunc,0.31,5.124563662184936,4.41535109257029
calmodulin binding,molfunc,0.32,5.098018395869552,4.282676852846982
calmodulin binding,molfunc,0.33,4.667985081560327,4.128192085805663
calmodulin binding,molfunc,0.34,4.263169770250716,3.8840331933975385
calmodulin binding,molfunc,0.35000000000000003,4.0494803764118945,3.6284386508416757
calmodulin binding,molfunc,0.36,3.5451203164195713,3.3609427529283775
calmodulin binding,molfunc,0.37,3.300903866318036,3.0649353471806435
calmodulin binding,molfunc,0.38,3.188086484477653,2.7770519100899147
calmodulin binding,molfunc,0.39,3.0633237327953466,2.499207007518032
calmodulin binding,molfunc,0.4,2.7381442204318893,2.282136634803804
calmodulin binding,molfunc,0.41000000000000003,2.2603294267549843,2.0414446589563227
calmodulin binding,molfunc,0.42,1.92585907118113,1.8061600380429395
calmodulin binding,molfunc,0.43,1.7015515708161326,1.6293990384739758
calmodulin binding,molfunc,0.44,1.4573351207145973,1.44909350480944
calmodulin binding,molfunc,0.45,1.2861181529803687,1.2895118529737595
calmodulin binding,molfunc,0.46,1.1467555048246012,1.1431769271010928
calmodulin binding,molfunc,0.47000000000000003,0.9848293803007625,1.0147199067761707
calmodulin binding,molfunc,0.48,0.8826301049865275,0.8900661456632746
calmodulin binding,molfunc,0.49,0.7260130337257602,0.8067307856498624
calmodulin binding,molfunc,0.5,0.638413654884992,0.7344947331328036
calmodulin binding,molfunc,0.51,0.46586942383499425,0.6474854764655866
calmodulin binding,molfunc,0.52,0.4194152077830717,0.5750683163670022
calmodulin binding,molfunc,0.53,0.3397794088369189,0.503427331617813
calmodulin binding,molfunc,0.54,0.35172477867884183,0.44350659464449316
calmodulin binding,molfunc,0.55,0.32119772241614986,0.4085787039217032
calmodulin binding,molfunc,0.56,0.25748908325922754,0.3642332189595832
calmodulin binding,molfunc,0.5700000000000001,0.19510770741807668,0.3259677742343969
calmodulin binding,molfunc,0.58,0.16590791447115177,0.2789056755493896
calmodulin binding,molfunc,0.59,0.14201717478730594,0.25520645488118543
calmodulin binding,molfunc,0.6,0.12476275168230613,0.2206407793214466
calmodulin binding,molfunc,0.61,0.14201717478730594,0.2026076387038284
calmodulin binding,molfunc,0.62,0.15661707126076727,0.18723936678580078
calmodulin binding,molfunc,0.63,0.16458065115538256,0.1643939390019315
calmodulin binding,molfunc,0.64,0.14732622805038278,0.14558462303491793
calmodulin binding,molfunc,0.65,0.0836175888934605,0.13632226386546695
calmodulin binding,molfunc,0.66,0.08627211552499893,0.12325664548397886
calmodulin binding,molfunc,0.67,0.07299948236730679,0.11580536212978365
calmodulin binding,molfunc,0.68,0.051763269314999354,0.10346417407439787
calmodulin binding,molfunc,0.6900000000000001,0.04512695273615328,0.09288231681097484
calmodulin binding,molfunc,0.7000000000000001,0.09556295873538449,0.0799978060110132
calmodulin binding,molfunc,0.71,0.037163372841538006,0.07456457856524498
calmodulin binding,molfunc,0.72,0.03583610952576879,0.06939007623594276
calmodulin binding,molfunc,0.73,0.04247242610461486,0.057643955948426716
calmodulin binding,molfunc,0.74,0.04778147936769171,0.056117477761282564
calmodulin binding,molfunc,0.75,0.04114516278884564,0.04866619440708737
calmodulin binding,molfunc,0.76,0.03450884620999957,0.045018170264929304
calmodulin binding,molfunc,0.77,0.04114516278884564,0.03891225751635268
calmodulin binding,molfunc,0.78,0.01592715978923057,0.033401412535645825
calmodulin binding,molfunc,0.79,0.04910874268346093,0.0333496675123528
calmodulin binding,molfunc,0.8,0.0278725296311535,0.03027083862641798
calmodulin binding,molfunc,0.81,0.026545266315384286,0.025018718762176227
calmodulin binding,molfunc,0.8200000000000001,0.04114516278884564,0.020879116898734455
calmodulin binding,molfunc,0.8300000000000001,0.02521800299961535,0.020309921642511435
calmodulin binding,molfunc,0.84,0.02256347636807664,0.020025324014399586
calmodulin binding,molfunc,0.85,0.0278725296311535,0.018110758152557766
calmodulin binding,molfunc,0.86,0.011945369841922928,0.01720522024492988
calmodulin binding,molfunc,0.87,0.018581686420769003,0.016170319779069433
calmodulin binding,molfunc,0.88,0.014599896473461358,0.012315315543739281
calmodulin binding,molfunc,0.89,0.019908949736538215,0.011280415077878837
calmodulin binding,molfunc,0.9,0.011945369841922928,0.008796653959813772
calmodulin binding,molfunc,0.91,0.03185431957846114,0.008926016518046328
calmodulin binding,molfunc,0.92,0.007963579894615285,0.007632390935720773
calmodulin binding,molfunc,0.93,0.011945369841922928,0.004501817026492931
calmodulin binding,molfunc,0.9400000000000001,0.007963579894615285,0.0020956734433673985
calmodulin binding,molfunc,0.9500000000000001,0.011945369841923062,0.0026131236762976496
calmodulin binding,molfunc,0.96,0.0,0.0023026535365394877
calmodulin binding,molfunc,0.97,0.0,0.0019404383734883321
calmodulin binding,molfunc,0.98,0.0,2.5872511646511097e-05
calmodulin binding,molfunc,0.99,0.0,0.0
carbohydrate binding,molfunc,0.0,0.0,0.0
carbohydrate binding,molfunc,0.01,0.0,0.0
carbohydrate binding,molfunc,0.02,0.0,0.0
carbohydrate binding,molfunc,0.03,0.0,0.0008450888175542872
carbohydrate binding,molfunc,0.04,0.0,0.0019206564035324709
carbohydrate binding,molfunc,0.05,0.0028142061124556777,0.0050961416573728265
carbohydrate binding,molfunc,0.06,0.0,0.0126251147592201
carbohydrate binding,molfunc,0.07,0.01125682444982271,0.03203654881092163
carbohydrate binding,molfunc,0.08,0.019699442787189745,0.07552020978689682
carbohydrate binding,molfunc,0.09,0.20825125232171987,0.14822345684861246
carbohydrate binding,molfunc,0.1,0.4502729779929084,0.24553671462759125
carbohydrate binding,molfunc,0.11,0.830190803174425,0.35859935491553613
carbohydrate binding,molfunc,0.12,1.010299994371587,0.49788535729971034
carbohydrate binding,molfunc,0.13,1.4493161479146721,0.6240340698837229
carbohydrate binding,molfunc,0.14,1.5534417740755362,0.762884723483099
carbohydrate binding,molfunc,0.15,2.0656272865424645,0.9028365534204962
carbohydrate binding,molfunc,0.16,2.1162829965666665,1.0352594102560482
carbohydrate binding,molfunc,0.17,2.1866381493780644,1.205532002617217
carbohydrate binding,molfunc,0.18,2.1106545843417552,1.3958050303271634
carbohydrate binding,molfunc,0.19,2.2288512410648935,1.6349907744470735
carbohydrate binding,molfunc,0.2,2.817020318568137,1.8986840942760634
carbohydrate binding,molfunc,0.21,2.859233410254965,2.189983648811816
carbohydrate binding,molfunc,0.22,2.859233410254965,2.55857041702572
carbohydrate binding,molfunc,0.23,2.8395339674677826,2.9295900166841076
carbohydrate binding,molfunc,0.24,2.8704902347047874,3.27251681534681
carbohydrate binding,molfunc,0.25,3.2588506782236704,3.625098113531277
carbohydrate binding,molfunc,0.26,3.5008724038948578,3.884898903049103
carbohydrate binding,molfunc,0.27,3.6190690606179965,4.126005303572545
carbohydrate binding,molfunc,0.28,4.173467664771787,4.32880101103355
carbohydrate binding,molfunc,0.29,4.3479484437440155,4.46483470190772
carbohydrate binding,molfunc,0.3,4.2410086114707,4.464809093155673
carbohydrate binding,molfunc,0.31,4.435188833230142,4.4288544052815455
carbohydrate binding,molfunc,0.32,4.862948162323405,4.293128019431917
carbohydrate binding,molfunc,0.33,3.832948725164628,4.141293728544664
carbohydrate binding,molfunc,0.34,3.680981595092021,3.893196138712363
carbohydrate binding,molfunc,0.35000000000000003,3.4755445488827768,3.6379537070589416
carbohydrate binding,molfunc,0.36,3.07029886868914,3.3671411541608434
carbohydrate binding,molfunc,0.37,2.5918838295716755,3.073792899461317
carbohydrate binding,molfunc,0.38,2.6791242190578015,2.7858737001957765
carbohydrate binding,molfunc,0.39,2.1613102943659572,2.5131660996462126
carbohydrate binding,molfunc,0.4,2.0149715765182625,2.293366180825957
carbohydrate binding,molfunc,0.41000000000000003,1.666010018573768,2.049084295048685
carbohydrate binding,molfunc,0.42,1.4268024990150265,1.8119216423404847
carbohydrate binding,molfunc,0.43,1.120054032757358,1.6354261232318743
carbohydrate binding,molfunc,0.44,0.9371306354477393,1.4539112887220325
carbohydrate binding,molfunc,0.45,0.9652726965722961,1.2923968895609752
carbohydrate binding,molfunc,0.46,0.7964203298249557,1.1464013941404605
carbohydrate binding,molfunc,0.47000000000000003,0.7204367647886565,1.0168211087821422
carbohydrate binding,molfunc,0.48,0.7063657342263742,0.8915943112718194
carbohydrate binding,molfunc,0.49,0.7542072381381205,0.8056513394017533
carbohydrate binding,molfunc,0.5,0.5853548713907801,0.7339980511739687
carbohydrate binding,molfunc,0.51,0.5966116958406028,0.6444442452652612
carbohydrate binding,molfunc,0.52,0.4249451229808068,0.5734311758386541
carbohydrate binding,molfunc,0.53,0.3348905273822252,0.5018034963629165
carbohydrate binding,molfunc,0.54,0.24483593178364363,0.44354358545576494
carbohydrate binding,molfunc,0.55,0.2476501378960993,0.4083571601430501
carbohydrate binding,molfunc,0.56,0.21106545843417554,0.36356745281267294
carbohydrate binding,molfunc,0.5700000000000001,0.17166657285979803,0.324847019717462
carbohydrate binding,molfunc,0.58,0.21669387065908688,0.2772915671659944
carbohydrate binding,molfunc,0.59,0.1857376034220745,0.25365468902652144
carbohydrate binding,molfunc,0.6,0.09286880171103724,0.2199535713325384
carbohydrate binding,molfunc,0.61,0.12382506894804965,0.2021554886598042
carbohydrate binding,molfunc,0.62,0.039398885574379434,0.1879938487777581
carbohydrate binding,molfunc,0.63,0.04502729779929078,0.16548375572835758
carbohydrate binding,molfunc,0.64,0.030956267237012412,0.14666132297373938
carbohydrate binding,molfunc,0.65,0.05909832836156915,0.13600808212214593
carbohydrate binding,molfunc,0.66,0.025327855012101063,0.12343418486702006
carbohydrate binding,molfunc,0.67,0.019699442787189717,0.11585399426107856
carbohydrate binding,molfunc,0.68,0.011256824449822695,0.10330570575799976
carbohydrate binding,molfunc,0.6900000000000001,0.03658467946192376,0.09247320364207663
carbohydrate binding,molfunc,0.7000000000000001,0.01125682444982282,0.0809236564688356
carbohydrate binding,molfunc,0.71,0.028142061124556736,0.07426538093658883
carbohydrate binding,molfunc,0.72,0.025327855012101063,0.0691436305271689
carbohydrate binding,molfunc,0.73,0.0028142061124556738,0.057850170874397984
carbohydrate binding,molfunc,0.74,0.03658467946192376,0.056134384487242305
carbohydrate binding,molfunc,0.75,0.02251364889964539,0.048759063897677625
carbohydrate binding,molfunc,0.76,0.0,0.04522505611517789
carbohydrate binding,molfunc,0.77,0.03377047334946808,0.03900212936773268
carbohydrate binding,molfunc,0.78,0.025327855012101063,0.033137725148946875
carbohydrate binding,molfunc,0.79,0.06754094669893616,0.033342595165323674
carbohydrate binding,molfunc,0.8,0.061912534474024825,0.029936631143059427
carbohydrate binding,molfunc,0.81,0.03377047334946808,0.024968533245922103
carbohydrate binding,molfunc,0.8200000000000001,0.05909832836156915,0.02092235042248037
carbohydrate binding,molfunc,0.8300000000000001,0.05346991613665839,0.020102870356973404
carbohydrate binding,molfunc,0.84,0.0534699161366578,0.019769956580360886
carbohydrate binding,molfunc,0.85,0.01688523667473404,0.018310257713676212
carbohydrate binding,molfunc,0.86,0.019699442787189717,0.01708103761541543
carbohydrate binding,molfunc,0.87,0.019699442787189717,0.016184731293766942
carbohydrate binding,molfunc,0.88,0.028142061124556736,0.012215374726466506
carbohydrate binding,molfunc,0.89,0.04502729779929078,0.011139807140488324
carbohydrate binding,molfunc,0.9,0.011256824449822695,0.00883501945624936
carbohydrate binding,molfunc,0.91,0.08442618337367021,0.008681366943966762
carbohydrate binding,molfunc,0.92,0.019699442787189717,0.007528973101847281
carbohydrate binding,molfunc,0.93,0.00844261833736702,0.004609575368477927
carbohydrate binding,molfunc,0.9400000000000001,0.0,0.0022279614280976646
carbohydrate binding,molfunc,0.9500000000000001,0.0,0.0028169627251809866
carbohydrate binding,molfunc,0.96,0.0,0.002279178932191864
carbohydrate binding,molfunc,0.97,0.0,0.0019206564035324696
carbohydrate binding,molfunc,0.98,0.0,2.5608752047099596e-05
carbohydrate binding,molfunc,0.99,0.0,0.0
chromatin binding,molfunc,0.0,0.0,0.0
chromatin binding,molfunc,0.01,0.0,0.0
chromatin binding,molfunc,0.02,0.0,0.0
chromatin binding,molfunc,0.03,0.0004682371340141501,0.0008586265945634983
chromatin binding,molfunc,0.04,0.0032776599380990503,0.001824581513447434
chromatin binding,molfunc,0.05,0.002341185670070752,0.005232255810621321
chromatin binding,molfunc,0.06,0.0009364742680282995,0.013174551810333666
chromatin binding,molfunc,0.07,0.011237691216339609,0.033030291809614594
chromatin binding,molfunc,0.08,0.01357887688641036,0.07853750132148005
chromatin binding,molfunc,0.09,0.019197722494580138,0.15618954396731624
chromatin binding,molfunc,0.1,0.043546053463315984,0.2590637428284557
chromatin binding,molfunc,0.11,0.10769454082325458,0.37747371663497814
chromatin binding,molfunc,0.12,0.18120777086347592,0.520918022089242
chromatin binding,molfunc,0.13,0.24395154682137202,0.6536831592736227
chromatin binding,molfunc,0.14,0.3333848394180755,0.7950345624036408
chromatin binding,molfunc,0.15,0.42843697762294697,0.9411084118037536
chromatin binding,molfunc,0.16,0.47900658809647517,1.077442215771789
chromatin binding,molfunc,0.17,0.6054306142802973,1.2492748630088122
chromatin binding,molfunc,0.18,0.7341958261341868,1.440533936947828
chromatin binding,molfunc,0.19,0.8226926444628611,1.6872012583172729
chromatin binding,molfunc,0.2,1.0891195737169153,1.9538316480103244
chromatin binding,molfunc,0.21,1.3330711205382844,2.245469537270027
chromatin binding,molfunc,0.22,1.6425758661216372,2.613927674662088
chromatin binding,molfunc,0.23,1.999840799374439,2.9820101629190354
chromatin binding,molfunc,0.24,2.402056497492588,3.318564955906838
chromatin binding,molfunc,0.25,2.74527431672496,3.672023959975118
chromatin binding,molfunc,0.26,2.997185894824572,3.9321073218846174
chromatin binding,molfunc,0.27,3.4265593467155475,4.161253294308751
chromatin binding,molfunc,0.28,3.877939943905209,4.353156338193717
chromatin binding,molfunc,0.29,4.016538135573376,4.489409645918488
chromatin binding,molfunc,0.3,3.9448978540692115,4.4924685031616205
chromatin binding,molfunc,0.31,4.026839352521687,4.451952060730655
chromatin binding,molfunc,0.32,4.085368994273456,4.310466497195239
chromatin binding,molfunc,0.33,3.9514531739454095,4.149232521984862
chromatin binding,molfunc,0.34,3.9102483061521642,3.8901956112374867
chromatin binding,molfunc,0.35000000000000003,3.70656515285603,3.632473472463057
chromatin binding,molfunc,0.36,3.7117157613301646,3.344565242473464
chromatin binding,molfunc,0.37,3.3567920137474396,3.0529810173759167
chromatin binding,molfunc,0.38,3.2561210299343974,2.7579086217379545
chromatin binding,molfunc,0.39,2.960195161237454,2.4841945626397597
chromatin binding,molfunc,0.4,2.912903210702025,2.255209582702107
chromatin binding,molfunc,0.41000000000000003,2.630556218891508,2.0121109281163276
chromatin binding,molfunc,0.42,2.3950329404823756,1.77483483512491
chromatin binding,molfunc,0.43,2.2250628608352394,1.5967234809151443
chromatin binding,molfunc,0.44,1.9595724058492165,1.4200073949215444
chromatin binding,molfunc,0.45,1.8209742141810281,1.2589880763598087
chromatin binding,molfunc,0.46,1.63836173191551,1.1148729688785415
chromatin binding,molfunc,0.47000000000000003,1.5241118712160657,0.9849252002075776
chromatin binding,molfunc,0.48,1.4075208248465338,0.8602633515093843
chromatin binding,molfunc,0.49,1.2909297784770108,0.7773522209718465
chromatin binding,molfunc,0.5,1.1537362982108648,0.7085279330013662
chromatin binding,molfunc,0.51,1.0376134889753557,0.6214578298964115
chromatin binding,molfunc,0.52,0.9533308048528089,0.5502454867098014
chromatin binding,molfunc,0.53,0.913530648461606,0.4766182562259815
chromatin binding,molfunc,0.54,0.8203514587927904,0.42005622930911113
chromatin binding,molfunc,0.55,0.785233673741729,0.3852281880671293
chromatin binding,molfunc,0.56,0.6929909583409415,0.3432359811767582
chromatin binding,molfunc,0.5700000000000001,0.6541272762177744,0.30451728817816387
chromatin binding,molfunc,0.58,0.568908117827192,0.26000286566625913
chromatin binding,molfunc,0.59,0.5267667757659185,0.23735658923464686
chromatin binding,molfunc,0.6,0.45184883432365447,0.20545324483039692
chromatin binding,molfunc,0.61,0.4401429059733007,0.1877709033986049
chromatin binding,molfunc,0.62,0.4270322662209045,0.17287909839914423
chromatin binding,molfunc,0.63,0.3708438101392066,0.1525672130215015
chromatin binding,molfunc,0.64,0.3343213136861029,0.13480437534646914
chromatin binding,molfunc,0.65,0.29733058009898505,0.1260302848332734
chromatin binding,molfunc,0.66,0.27532343480032,0.11379485586074355
chromatin binding,molfunc,0.67,0.27672814620236247,0.10571839945563065
chromatin binding,molfunc,0.68,0.262681032181938,0.09329514591554004
chromatin binding,molfunc,0.6900000000000001,0.262681032181938,0.08218666434837478
chromatin binding,molfunc,0.7000000000000001,0.22756324713087928,0.0718563131325335
chromatin binding,molfunc,0.71,0.17324773958523537,0.06815348594347762
chromatin binding,molfunc,0.72,0.18916780214171647,0.061847946889651936
chromatin binding,molfunc,0.73,0.17933482232741932,0.05036381618736516
chromatin binding,molfunc,0.74,0.18589014220361744,0.048512402592837615
chromatin binding,molfunc,0.75,0.15030412001854204,0.042689840998453896
chromatin binding,molfunc,0.76,0.1460899858124147,0.039013845890478925
chromatin binding,molfunc,0.77,0.11752752063755158,0.03445239210686034
chromatin binding,molfunc,0.78,0.12455107764776382,0.027824868080073346
chromatin binding,molfunc,0.79,0.09739332387494314,0.029998266647562197
chromatin binding,molfunc,0.8,0.10394864375114124,0.026000286566625914
chromatin binding,molfunc,0.81,0.06508496162796681,0.022753604755932688
chromatin binding,molfunc,0.8200000000000001,0.05806140461775457,0.01915810589119804
chromatin binding,molfunc,0.8300000000000001,0.03745897072113239,0.01942642670199935
chromatin binding,molfunc,0.84,0.04869666193747157,0.01843363970203509
chromatin binding,molfunc,0.85,0.037458970721131975,0.01719936397235006
chromatin binding,molfunc,0.86,0.036522496453103674,0.015991920323745145
chromatin binding,molfunc,0.87,0.04635547626740082,0.014489323783259022
chromatin binding,molfunc,0.88,0.04307781632930178,0.010598672026643174
chromatin binding,molfunc,0.89,0.028094228040848983,0.010491343702322737
chromatin binding,molfunc,0.9,0.03371307364901878,0.007432486459190276
chromatin binding,molfunc,0.91,0.023880093834721634,0.008532601783474758
chromatin binding,molfunc,0.92,0.020134196762608438,0.0069226769186682
chromatin binding,molfunc,0.93,0.020134196762608438,0.003756491351215302
chromatin binding,molfunc,0.9400000000000001,0.006087082742183946,0.0019855739999280883
chromatin binding,molfunc,0.9500000000000001,0.017793011092537885,0.0019319098377678912
chromatin binding,molfunc,0.96,0.0,0.002388055216129728
chromatin binding,molfunc,0.97,0.0009364742680282995,0.001958741918847979
chromatin binding,molfunc,0.98,0.0,2.68320810801093e-05
chromatin binding,molfunc,0.99,0.0,0.0
cysteine-type deubiquitinase activity,molfunc,0.0,0.0,0.0
cysteine-type deubiquitinase activity,molfunc,0.01,0.0,0.0
cysteine-type deubiquitinase activity,molfunc,0.02,0.0,0.0
cysteine-type deubiquitinase activity,molfunc,0.03,0.0,0.0008440135144466979
cysteine-type deubiquitinase activity,molfunc,0.04,0.0,0.001918212532833404
cysteine-type deubiquitinase activity,molfunc,0.05,0.0,0.005115233420889082
cysteine-type deubiquitinase activity,molfunc,0.06,0.0,0.012609050382491568
cysteine-type deubiquitinase activity,molfunc,0.07,0.0,0.032098089716078984
cysteine-type deubiquitinase activity,molfunc,0.08,0.0,0.07560314996074063
cysteine-type deubiquitinase activity,molfunc,0.09,0.01636179194345363,0.14979961073073655
cysteine-type deubiquitinase activity,molfunc,0.1,0.022906508720835116,0.2491374437644027
cysteine-type deubiquitinase activity,molfunc,0.11,0.07526424293988682,0.36509978541595817
cysteine-type deubiquitinase activity,molfunc,0.12,0.09162603488334035,0.5057175521561983
cysteine-type deubiquitinase activity,molfunc,0.13,0.16689027782322705,0.6351073815375874
cysteine-type deubiquitinase activity,molfunc,0.14,0.20288622009882562,0.7744463399226079
cysteine-type deubiquitinase activity,molfunc,0.15,0.17670735298929924,0.9190795648982444
cysteine-type deubiquitinase activity,molfunc,0.16,0.28796753820478393,1.0509247063216602
cysteine-type deubiquitinase activity,molfunc,0.17,0.44504074086194,1.2203923895557187
cysteine-type deubiquitinase activity,molfunc,0.18,0.7035570535685062,1.4077122374286732
cysteine-type deubiquitinase activity,molfunc,0.19,0.8802644065578054,1.6462867241789396
cysteine-type deubiquitinase activity,molfunc,0.2,1.4267482574691606,1.9107187158718055
cysteine-type deubiquitinase activity,molfunc,0.21,2.035406917765632,2.1972740921100065
cysteine-type deubiquitinase activity,molfunc,0.22,2.202297195588859,2.5640874807219616
cysteine-type deubiquitinase activity,molfunc,0.23,3.0891063189240544,2.9275248152761386
cysteine-type deubiquitinase activity,molfunc,0.24,3.2854478222454895,3.2687620367836407
cysteine-type deubiquitinase activity,molfunc,0.25,3.7108544127752836,3.62109931481448
cysteine-type deubiquitinase activity,molfunc,0.26,4.705651362937265,3.874993925660309
cysteine-type deubiquitinase activity,molfunc,0.27,4.794005039431915,4.116177181455229
cysteine-type deubiquitinase activity,molfunc,0.28,5.18668804607483,4.320684213622398
cysteine-type deubiquitinase activity,molfunc,0.29,4.735102588435482,4.461660046702077
cysteine-type deubiquitinase activity,molfunc,0.3,4.447135050230697,4.462913278890195
cysteine-type deubiquitinase activity,molfunc,0.31,4.859452207205728,4.425546498750601
cysteine-type deubiquitinase activity,molfunc,0.32,5.527013318498637,4.288662852407609
cysteine-type deubiquitinase activity,molfunc,0.33,5.209594554795636,4.130141768694256
cysteine-type deubiquitinase activity,molfunc,0.34,4.735102588435482,3.884687292992894
cysteine-type deubiquitinase activity,molfunc,0.35000000000000003,3.920285349651512,3.6342710408732897
cysteine-type deubiquitinase activity,molfunc,0.36,3.445793383291335,3.363828649910864
cysteine-type deubiquitinase activity,molfunc,0.37,3.337805556464541,3.067349720836133
cysteine-type deubiquitinase activity,molfunc,0.38,3.0694721685919015,2.7826869809636565
cysteine-type deubiquitinase activity,molfunc,0.39,2.954939624987726,2.5065155285698553
cysteine-type deubiquitinase activity,molfunc,0.4,2.6604273700055607,2.2879671806623696
cysteine-type deubiquitinase activity,molfunc,0.41000000000000003,2.4869923754049656,2.0421802147886607
cysteine-type deubiquitinase activity,molfunc,0.42,1.9176020157727658,1.8075956101066766
cysteine-type deubiquitinase activity,molfunc,0.43,1.5314637259072599,1.631554851926779
cysteine-type deubiquitinase activity,molfunc,0.44,1.2991262803102184,1.4504244364930972
cysteine-type deubiquitinase activity,molfunc,0.45,1.112601852154847,1.2908291537613579
cysteine-type deubiquitinase activity,molfunc,0.46,1.014431100494125,1.1442521400857815
cysteine-type deubiquitinase activity,molfunc,0.47000000000000003,1.2500409044798644,1.0123046939939535
cysteine-type deubiquitinase activity,molfunc,0.48,0.9784351582185272,0.8892321778873566
cysteine-type deubiquitinase activity,molfunc,0.49,0.6446546025720731,0.806442124970267
cysteine-type deubiquitinase activity,molfunc,0.5,0.7788212965083929,0.7322968165344799
cysteine-type deubiquitinase activity,molfunc,0.51,0.6642887529042175,0.6438544306873077
cysteine-type deubiquitinase activity,molfunc,0.52,0.5039431918583719,0.5726248053014275
cysteine-type deubiquitinase activity,molfunc,0.53,0.48430904152622756,0.5004232855655781
cysteine-type deubiquitinase activity,molfunc,0.54,0.4057724401976501,0.44203289606612933
cysteine-type deubiquitinase activity,molfunc,0.55,0.310874046925619,0.4076585274777548
cysteine-type deubiquitinase activity,molfunc,0.56,0.2617886710952581,0.3629769635462887
cysteine-type deubiquitinase activity,molfunc,0.5700000000000001,0.2094309368762088,0.3243569512185798
cysteine-type deubiquitinase activity,molfunc,0.58,0.21924801204227867,0.27719449907797894
cysteine-type deubiquitinase activity,molfunc,0.59,0.1832520697666807,0.25358769684057586
cysteine-type deubiquitinase activity,molfunc,0.6,0.1865244281553714,0.2190598712495746
cysteine-type deubiquitinase activity,molfunc,0.61,0.21597565365358795,0.20133558744619395
cysteine-type deubiquitinase activity,molfunc,0.62,0.16361791943453632,0.18683390069797343
cysteine-type deubiquitinase activity,molfunc,0.63,0.08835367649464962,0.1649918539907771
cysteine-type deubiquitinase activity,molfunc,0.64,0.06544716777381453,0.14624452350321865
cysteine-type deubiquitinase activity,molfunc,0.65,0.10471546843810325,0.13555368565356046
cysteine-type deubiquitinase activity,molfunc,0.66,0.08180895971726816,0.12286790676975556
cysteine-type deubiquitinase activity,molfunc,0.67,0.07526424293988672,0.11529736130683974
cysteine-type deubiquitinase activity,molfunc,0.68,0.09162603488334035,0.10256043008882594
cysteine-type deubiquitinase activity,molfunc,0.6900000000000001,0.05563009260774235,0.09225323474573445
cysteine-type deubiquitinase activity,molfunc,0.7000000000000001,0.0883536764946506,0.08023243620664602
cysteine-type deubiquitinase activity,molfunc,0.71,0.062174809385123805,0.07394069909895157
cysteine-type deubiquitinase activity,molfunc,0.72,0.026178867109525814,0.06908122734910695
cysteine-type deubiquitinase activity,molfunc,0.73,0.0032723583886907267,0.05777656148894209
cysteine-type deubiquitinase activity,molfunc,0.74,0.006544716777381453,0.05634429613109315
cysteine-type deubiquitinase activity,molfunc,0.75,0.0,0.04890163150369955
cysteine-type deubiquitinase activity,molfunc,0.76,0.0032723583886907267,0.04514193493934608
cysteine-type deubiquitinase activity,molfunc,0.77,0.013089433554762907,0.03915711183690586
cysteine-type deubiquitinase activity,molfunc,0.78,0.0032723583886907267,0.033300169569987874
cysteine-type deubiquitinase activity,molfunc,0.79,0.0,0.03391399758049456
cysteine-type deubiquitinase activity,molfunc,0.8,0.0,0.030461215021394438
cysteine-type deubiquitinase activity,molfunc,0.81,0.0,0.02524367693208758
cysteine-type deubiquitinase activity,molfunc,0.8200000000000001,0.0,0.021432828033525222
cysteine-type deubiquitinase activity,molfunc,0.8300000000000001,0.0,0.020563238351974305
cysteine-type deubiquitinase activity,molfunc,0.84,0.0,0.020230748179616287
cysteine-type deubiquitinase activity,molfunc,0.85,0.0,0.018440416482305114
cysteine-type deubiquitinase activity,molfunc,0.86,0.0,0.01723833662839618
cysteine-type deubiquitinase activity,molfunc,0.87,0.0,0.016343170779740592
cysteine-type deubiquitinase activity,molfunc,0.88,0.0,0.012455593379864896
cysteine-type deubiquitinase activity,molfunc,0.89,0.0,0.011534851364104861
cysteine-type deubiquitinase activity,molfunc,0.9,0.0,0.008926082319451434
cysteine-type deubiquitinase activity,molfunc,0.91,0.0,0.009437605661540342
cysteine-type deubiquitinase activity,molfunc,0.92,0.0,0.007698426298438057
cysteine-type deubiquitinase activity,molfunc,0.93,0.0,0.0046804385801135035
cysteine-type deubiquitinase activity,molfunc,0.9400000000000001,0.0,0.0022251265380867475
cysteine-type deubiquitinase activity,molfunc,0.9500000000000001,0.0,0.0028133783814890223
cysteine-type deubiquitinase activity,molfunc,0.96,0.0,0.002276278872295638
cysteine-type deubiquitinase activity,molfunc,0.97,0.0,0.001918212532833403
cysteine-type deubiquitinase activity,molfunc,0.98,0.0,2.5576167104445373e-05
cysteine-type deubiquitinase activity,molfunc,0.99,0.0,0.0
enzyme binding,molfunc,0.0,0.0,0.0
enzyme binding,molfunc,0.01,0.0,0.0
enzyme binding,molfunc,0.02,0.0,0.0
enzyme binding,molfunc,0.03,0.0011778655505736203,0.0007869304263151865
enzyme binding,molfunc,0.04,0.0013741764756692238,0.0019818988514604696
enzyme binding,molfunc,0.05,0.0007852437003824141,0.005712531983621358
enzyme binding,molfunc,0.06,0.002552042026242842,0.013989874245603304
enzyme binding,molfunc,0.07,0.007067193303441727,0.03552845146956344
enzyme binding,molfunc,0.08,0.0168827395582219,0.08364778976016987
enzyme binding,molfunc,0.09,0.045740445547275556,0.16406042110104377
enzyme binding,molfunc,0.1,0.10698945417710393,0.26822669308809877
enzyme binding,molfunc,0.11,0.18688800069101455,0.38897679517046246
enzyme binding,molfunc,0.12,0.29917784984569934,0.5326936074726909
enzyme binding,molfunc,0.13,0.37868377450941865,0.6690074446532881
enzyme binding,molfunc,0.14,0.5100157833983786,0.8086147313958733
enzyme binding,molfunc,0.15,0.6097417333469437,0.9583938225378614
enzyme binding,molfunc,0.16,0.7024004899920685,1.095873482572259
enzyme binding,molfunc,0.17,0.8761356587016796,1.2645971950885073
enzyme binding,molfunc,0.18,1.005897180189871,1.4610966370965401
enzyme binding,molfunc,0.19,1.2811250971739068,1.693678296429695
enzyme binding,molfunc,0.2,1.4664426104641604,1.9723682496306565
enzyme binding,molfunc,0.21,1.7505045190774942,2.2621626655140545
enzyme binding,molfunc,0.22,2.155297646624628,2.6215567057693345
enzyme binding,molfunc,0.23,2.562642816198012,2.9831366638754977
enzyme binding,molfunc,0.24,2.868887859347146,3.3282785197430615
enzyme binding,molfunc,0.25,3.2715215667182282,3.673799268038118
enzyme binding,molfunc,0.26,3.5697178619384493,3.9277154855958183
enzyme binding,molfunc,0.27,3.904820611076644,4.153593663519621
enzyme binding,molfunc,0.28,4.064814015029583,4.366385479909541
enzyme binding,molfunc,0.29,4.265836402327459,4.493168715260297
enzyme binding,molfunc,0.3,4.3781262514821435,4.475360771168497
enzyme binding,molfunc,0.31,4.45822110892115,4.424560040314151
enzyme binding,molfunc,0.32,4.538904899135443,4.262539809207257
enzyme binding,molfunc,0.33,4.320607150429132,4.111478312926086
enzyme binding,molfunc,0.34,4.155705973348825,3.8520244368128354
enzyme binding,molfunc,0.35000000000000003,3.9256295691367997,3.593561510125334
enzyme binding,molfunc,0.36,3.705761333029703,3.313793170784593
enzyme binding,molfunc,0.37,3.4148285420380184,3.018169640632188
enzyme binding,molfunc,0.38,3.1024978602109137,2.737760098721877
enzyme binding,molfunc,0.39,2.809601959968274,2.4655113167881675
enzyme binding,molfunc,0.4,2.5946414969885883,2.2457537088468156
enzyme binding,molfunc,0.41000000000000003,2.3376704960384567,2.002271605830639
enzyme binding,molfunc,0.42,2.055964318526253,1.7717009909202786
enzyme binding,molfunc,0.43,1.835703460568986,1.6003541769829832
enzyme binding,molfunc,0.44,1.6855256028708494,1.414172267231079
enzyme binding,molfunc,0.45,1.5223912241164033,1.2548625742592716
enzyme binding,molfunc,0.46,1.3945928118791655,1.1059287046862862
enzyme binding,molfunc,0.47000000000000003,1.2609050718890666,0.9775133173401914
enzyme binding,molfunc,0.48,1.1354623907529693,0.8534697656958365
enzyme binding,molfunc,0.49,1.0161053482948423,0.7738732103526228
enzyme binding,molfunc,0.5,0.9032265663648705,0.7073338709719721
enzyme binding,molfunc,0.51,0.809978876944459,0.6193725366527414
enzyme binding,molfunc,0.52,0.7381290783594682,0.5474412665732643
enzyme binding,molfunc,0.53,0.6387957502610929,0.47973610433881336
enzyme binding,molfunc,0.54,0.5889327752868097,0.4199002463675142
enzyme binding,molfunc,0.55,0.5233649263048783,0.38961799774005207
enzyme binding,molfunc,0.56,0.4762503042819335,0.34525843815295154
enzyme binding,molfunc,0.5700000000000001,0.39340709389159323,0.31308172738806744
enzyme binding,molfunc,0.58,0.35610801812342424,0.2649623890974576
enzyme binding,molfunc,0.59,0.3182200095799729,0.2433655207308075
enzyme binding,molfunc,0.6,0.2612898413022479,0.2125003606764452
enzyme binding,molfunc,0.61,0.26678654720492484,0.1917487138788003
enzyme binding,molfunc,0.62,0.24597758914479087,0.17784627634723202
enzyme binding,molfunc,0.63,0.22124241258274485,0.15595795226713186
enzyme binding,molfunc,0.64,0.19218839566859558,0.13870377403088777
enzyme binding,molfunc,0.65,0.16568642078068915,0.1308053241963909
enzyme binding,molfunc,0.66,0.13722133664182667,0.12037120965487845
enzyme binding,molfunc,0.67,0.1374176475669223,0.11165668382272138
enzyme binding,molfunc,0.68,0.10718576510219936,0.10177633513676405
enzyme binding,molfunc,0.6900000000000001,0.09324768942041153,0.09177940416542668
enzyme binding,molfunc,0.7000000000000001,0.0798985465139114,0.08035434019818487
enzyme binding,molfunc,0.71,0.07322397506066,0.07394231450228246
enzyme binding,molfunc,0.72,0.07126086580970399,0.06837551037538615
enzyme binding,molfunc,0.73,0.06969037840893916,0.055522313412238115
enzyme binding,molfunc,0.74,0.06890513470855675,0.054035889273642765
enzyme binding,molfunc,0.75,0.05732279012791615,0.04721582557891116
enzyme binding,molfunc,0.76,0.04161791612026789,0.0452922178701407
enzyme binding,molfunc,0.77,0.0363175211426866,0.039346521315759296
enzyme binding,molfunc,0.78,0.03435441189173057,0.03287620447716777
enzyme binding,molfunc,0.79,0.0367101429928778,0.03319680576196284
enzyme binding,molfunc,0.8,0.04161791612026789,0.02853351434676174
enzyme binding,molfunc,0.81,0.028465084138862472,0.024540571072495798
enzyme binding,molfunc,0.8200000000000001,0.028661395063958074,0.020168735370744765
enzyme binding,molfunc,0.8300000000000001,0.03062450431491445,0.018886330231564673
enzyme binding,molfunc,0.84,0.026305663962810834,0.019148640373669524
enzyme binding,molfunc,0.85,0.01943478158446472,0.018128545376594283
enzyme binding,molfunc,0.86,0.01884584880917791,0.01684614023741398
enzyme binding,molfunc,0.87,0.016686428633126277,0.016146646525133816
enzyme binding,molfunc,0.88,0.01334914290650102,0.012211994393557886
enzyme binding,molfunc,0.89,0.01393807568178783,0.011075317111102616
enzyme binding,molfunc,0.9,0.010404479030066973,0.00862708911812204
enzyme binding,molfunc,0.91,0.018453226958986702,0.008015032119876893
enzyme binding,molfunc,0.92,0.00844136977911094,0.007519557407011777
enzyme binding,molfunc,0.93,0.011189722730449384,0.0036723419894708676
enzyme binding,molfunc,0.9400000000000001,0.003926218501912064,0.0019527532801154612
enzyme binding,molfunc,0.9500000000000001,0.0037299075768165027,0.002652246992395656
enzyme binding,molfunc,0.96,0.0,0.002593955849705613
enzyme binding,molfunc,0.97,0.0,0.0021859178508755166
enzyme binding,molfunc,0.98,0.0,2.9145571345006885e-05
enzyme binding,molfunc,0.99,0.0,0.0
extracellular matrix structural constituent,molfunc,0.0,0.0,0.0
extracellular matrix structural constituent,molfunc,0.01,0.0,0.0
extracellular matrix structural constituent,molfunc,0.02,0.0,0.0
extracellular matrix structural constituent,molfunc,0.03,0.0,0.0008539985896083898
extracellular matrix structural constituent,molfunc,0.04,0.0,0.001940905885473613
extracellular matrix structural constituent,molfunc,0.05,0.005244250989852377,0.005072234047371046
extracellular matrix structural constituent,molfunc,0.06,0.006555313737315462,0.0126288276281483
extracellular matrix structural constituent,molfunc,0.07,0.02884338044418807,0.03190849275718622
extracellular matrix structural constituent,molfunc,0.08,0.06161994913076543,0.07528126961123659
extracellular matrix structural constituent,molfunc,0.09,0.13110627474630923,0.1491133294946527
extracellular matrix structural constituent,molfunc,0.1,0.2766342397147129,0.24680559239682479
extracellular matrix structural constituent,molfunc,0.11,0.5178697852479223,0.3597921936765288
extracellular matrix structural constituent,molfunc,0.12,0.7027296326402175,0.49855402511532176
extracellular matrix structural constituent,molfunc,0.13,0.9124996722343124,0.6259292086926699
extracellular matrix structural constituent,molfunc,0.14,0.9924744998295637,0.7656226749564928
extracellular matrix structural constituent,molfunc,0.15,1.0855599548994406,0.9099225578551687
extracellular matrix structural constituent,molfunc,0.16,1.1117812098487023,1.04368979148201
extracellular matrix structural constituent,molfunc,0.17,1.3857933240684925,1.2109958788098387
extracellular matrix structural constituent,molfunc,0.18,1.4644570889162742,1.401023504370272
extracellular matrix structural constituent,molfunc,0.19,1.519521724309724,1.6427309839745856
extracellular matrix structural constituent,molfunc,0.2,1.6493169363085747,1.9120510846429093
extracellular matrix structural constituent,molfunc,0.21,1.5706531714607848,2.2083627164918753
extracellular matrix structural constituent,molfunc,0.22,1.7555130188530808,2.577186592222141
extracellular matrix structural constituent,molfunc,0.23,1.9469281799826978,2.9481584037990056
extracellular matrix structural constituent,molfunc,0.24,2.3808899493929756,3.286419481519338
extracellular matrix structural constituent,molfunc,0.25,2.3926895141201436,3.6460564027250286
extracellular matrix structural constituent,molfunc,0.26,2.668012691087393,3.905387307769443
extracellular matrix structural constituent,molfunc,0.27,2.8069853423184807,4.147379453570292
extracellular matrix structural constituent,molfunc,0.28,3.0718200173060426,4.352183842605492
extracellular matrix structural constituent,molfunc,0.29,3.375986574717463,4.485252350113539
extracellular matrix structural constituent,molfunc,0.3,3.6421323124524707,4.478989693789744
extracellular matrix structural constituent,molfunc,0.31,3.5805123633217053,4.445657870049877
extracellular matrix structural constituent,molfunc,0.32,3.575268112331853,4.312537605051527
extracellular matrix structural constituent,molfunc,0.33,3.589689802553947,4.149346238200906
extracellular matrix structural constituent,molfunc,0.34,3.5372472926554233,3.8982706528560396
extracellular matrix structural constituent,molfunc,0.35000000000000003,3.3471431942732934,3.642200469699241
extracellular matrix structural constituent,molfunc,0.36,3.17539397435561,3.3681963161606263
extracellular matrix structural constituent,molfunc,0.37,3.225214358759207,3.0663725115969096
extracellular matrix structural constituent,molfunc,0.38,2.99315625245824,2.7808005589808924
extracellular matrix structural constituent,molfunc,0.39,2.936780554317327,2.5015688989240887
extracellular matrix structural constituent,molfunc,0.4,2.7597870834098095,2.2815995652370797
extracellular matrix structural constituent,molfunc,0.41000000000000003,2.657524189107703,2.0335517930735634
extracellular matrix structural constituent,molfunc,0.42,2.396622702362533,1.7968389112811902
extracellular matrix structural constituent,molfunc,0.43,2.3087814982825057,1.61739569248287
extracellular matrix structural constituent,molfunc,0.44,2.2642053648687606,1.4331649058337148
extracellular matrix structural constituent,molfunc,0.45,1.9901932506489741,1.2756151054235367
extracellular matrix structural constituent,molfunc,0.46,1.842043160185645,1.1294519528748042
extracellular matrix structural constituent,molfunc,0.47000000000000003,1.7555130188530903,0.9995147735286363
extracellular matrix structural constituent,molfunc,0.48,1.7633793953378594,0.8726830435992151
extracellular matrix structural constituent,molfunc,0.49,1.545742979258986,0.7905697852711114
extracellular matrix structural constituent,molfunc,0.5,1.5142774733198718,0.7172294215453486
extracellular matrix structural constituent,molfunc,0.51,1.3687495083514685,0.6297075054830585
extracellular matrix structural constituent,molfunc,0.52,1.2153551668982867,0.5593949549386346
extracellular matrix structural constituent,molfunc,0.53,1.0934263313842192,0.4885907082365572
extracellular matrix structural constituent,molfunc,0.54,0.9911634370820978,0.43090698532028143
extracellular matrix structural constituent,molfunc,0.55,0.9203660487190909,0.39677292048108553
extracellular matrix structural constituent,molfunc,0.56,0.7958150877100971,0.35363305233329206
extracellular matrix structural constituent,molfunc,0.5700000000000001,0.6175105540551233,0.31766159658918464
extracellular matrix structural constituent,molfunc,0.58,0.4916485302986596,0.2725031863204951
extracellular matrix structural constituent,molfunc,0.59,0.3644754437947397,0.2508426766386096
extracellular matrix structural constituent,molfunc,0.6,0.28974486718934345,0.21740733791818417
extracellular matrix structural constituent,molfunc,0.61,0.2281249180585781,0.20092257726422827
extracellular matrix structural constituent,molfunc,0.62,0.2084589768466317,0.18622345002490814
extracellular matrix structural constituent,molfunc,0.63,0.19534834937200077,0.16378657798883317
extracellular matrix structural constituent,molfunc,0.64,0.23074704355350428,0.14393758046672306
extracellular matrix structural constituent,molfunc,0.65,0.18223772189736984,0.13438832351019286
extracellular matrix structural constituent,molfunc,0.66,0.1363505257361616,0.12227707078483754
extracellular matrix structural constituent,molfunc,0.67,0.11799564727167833,0.11492750716517745
extracellular matrix structural constituent,molfunc,0.68,0.09439651781734265,0.10263510322384459
extracellular matrix structural constituent,molfunc,0.6900000000000001,0.047198258908671326,0.09285293756105759
extracellular matrix structural constituent,molfunc,0.7000000000000001,0.039331882423893204,0.08110398726765822
extracellular matrix structural constituent,molfunc,0.71,0.015732752969557107,0.07499660341470037
extracellular matrix structural constituent,molfunc,0.72,0.03277656868657731,0.06945855195481565
extracellular matrix structural constituent,molfunc,0.73,0.035398694181503494,0.05778723789683433
extracellular matrix structural constituent,molfunc,0.74,0.01048850197970474,0.056855603071806995
extracellular matrix structural constituent,molfunc,0.75,0.002622125494926185,0.04942840321672798
extracellular matrix structural constituent,molfunc,0.76,0.009177439232241647,0.045520712700641106
extracellular matrix structural constituent,molfunc,0.77,0.007866376484778554,0.03956860131852203
extracellular matrix structural constituent,molfunc,0.78,0.0,0.033720004916961546
extracellular matrix structural constituent,molfunc,0.79,0.01048850197970474,0.03410818609405627
extracellular matrix structural constituent,molfunc,0.8,0.003933188242389277,0.03074394922590201
extracellular matrix structural constituent,molfunc,0.81,0.01048850197970474,0.025335291491715543
extracellular matrix structural constituent,molfunc,0.8200000000000001,0.009177439232241647,0.021505237211047617
extracellular matrix structural constituent,molfunc,0.8300000000000001,0.0,0.020806511092277345
extracellular matrix structural constituent,molfunc,0.84,0.0,0.02047008740546169
extracellular matrix structural constituent,molfunc,0.85,0.0,0.018658575245686322
extracellular matrix structural constituent,molfunc,0.86,0.0,0.017442274224122856
extracellular matrix structural constituent,molfunc,0.87,0.0013110627474630925,0.01651063939909552
extracellular matrix structural constituent,molfunc,0.88,0.0,0.012602948883008652
extracellular matrix structural constituent,molfunc,0.89,0.0,0.011671314057981318
extracellular matrix structural constituent,molfunc,0.9,0.0,0.009031682053737207
extracellular matrix structural constituent,molfunc,0.91,0.0,0.009549256956530168
extracellular matrix structural constituent,molfunc,0.92,0.0,0.0077895022870340955
extracellular matrix structural constituent,molfunc,0.93,0.0,0.004735810360555613
extracellular matrix structural constituent,molfunc,0.9400000000000001,0.0,0.0022514508271493897
extracellular matrix structural constituent,molfunc,0.9500000000000001,0.0,0.002846661965361329
extracellular matrix structural constituent,molfunc,0.96,0.0,0.002303208317428686
extracellular matrix structural constituent,molfunc,0.97,0.0,0.0019409058854736117
extracellular matrix structural constituent,molfunc,0.98,0.0,2.5878745139648157e-05
extracellular matrix structural constituent,molfunc,0.99,0.0,0.0
growth factor activity,molfunc,0.0,0.0,0.0
growth factor activity,molfunc,0.01,0.0,0.0
growth factor activity,molfunc,0.02,0.0,0.0
growth factor activity,molfunc,0.03,0.0,0.000841271237318792
growth factor activity,molfunc,0.04,0.005613562366677893,0.001886487017017897
growth factor activity,molfunc,0.05,0.0,0.005098613559507833
growth factor activity,molfunc,0.06,0.0,0.012568082424186791
growth factor activity,molfunc,0.07,0.03368137420006738,0.031840841679126416
growth factor activity,molfunc,0.08,0.14033905916694742,0.0747201817145873
growth factor activity,molfunc,0.09,0.550129111934433,0.14694204278501558
growth factor activity,molfunc,0.1,0.7746716066015498,0.2449883815343514
growth factor activity,molfunc,0.11,1.1732345346356805,0.3591718321995293
growth factor activity,molfunc,0.12,1.1732345346356787,0.4994601842893867
growth factor activity,molfunc,0.13,1.3977770293027942,0.6279962321245789
growth factor activity,molfunc,0.14,1.936679016503877,0.7647155547227834
growth factor activity,molfunc,0.15,2.166835073537665,0.9076296927957856
growth factor activity,molfunc,0.16,2.7057370607387425,1.0374658870886524
growth factor activity,molfunc,0.17,2.7225777478387836,1.2075301423660394
growth factor activity,molfunc,0.18,2.599079375771862,1.3968161707627642
growth factor activity,molfunc,0.19,2.9190524306725023,1.6345390279748164
growth factor activity,molfunc,0.2,2.5653980015718023,1.903975261527013
growth factor activity,molfunc,0.21,2.7618726844055215,2.1934490463680643
growth factor activity,molfunc,0.22,3.166049174806329,2.5585352702966224
growth factor activity,molfunc,0.23,3.031323678006068,2.9283122186999355
growth factor activity,molfunc,0.24,3.6656562254406615,3.267089596661425
growth factor activity,molfunc,0.25,4.676097451442682,3.617007445250447
growth factor activity,molfunc,0.26,3.9126529695744887,3.881294079107535
growth factor activity,molfunc,0.27,3.8677444706410657,4.122585965811243
growth factor activity,molfunc,0.28,4.299988772875287,4.327524737835684
growth factor activity,molfunc,0.29,4.9567755697765765,4.4615417952473235
growth factor activity,molfunc,0.3,4.1484225889749595,4.464218567366065
growth factor activity,molfunc,0.31,4.1315819018749265,4.430261801059743
growth factor activity,molfunc,0.32,4.0698327158414696,4.299303911783785
growth factor activity,molfunc,0.33,3.5533849781071036,4.141170412235649
growth factor activity,molfunc,0.34,3.514090041540358,3.892995397226606
growth factor activity,molfunc,0.35000000000000003,3.1828898619063803,3.638549087539388
growth factor activity,molfunc,0.36,2.778713371505555,3.3671243946989686
growth factor activity,molfunc,0.37,2.6496014370719636,3.071353822111919
growth factor activity,molfunc,0.38,2.610306500505218,2.7857039974404936
growth factor activity,molfunc,0.39,1.8244077691703138,2.5131066234814075
growth factor activity,molfunc,0.4,1.4763669024362849,2.294554553253105
growth factor activity,molfunc,0.41000000000000003,1.13393959806894,2.0497701162611452
growth factor activity,molfunc,0.42,0.6792410463680245,1.8135768431169337
growth factor activity,molfunc,0.43,0.8701021668350727,1.634233111161246
growth factor activity,molfunc,0.44,0.6680139216346688,1.45279894764616
growth factor activity,molfunc,0.45,0.7971258560682603,1.2916827591657127
growth factor activity,molfunc,0.46,0.8813292915684285,1.1444347995671267
growth factor activity,molfunc,0.47000000000000003,0.5332884248344023,1.0163321338844982
growth factor activity,molfunc,0.48,0.5950376108678562,0.8912631432697655
growth factor activity,molfunc,0.49,0.3817222409340964,0.807110526470089
growth factor activity,molfunc,0.5,0.353654429100707,0.7343788040437098
growth factor activity,molfunc,0.51,0.2077018075670819,0.6459943379896416
growth factor activity,molfunc,0.52,0.24138318176714924,0.5735940254446305
growth factor activity,molfunc,0.53,0.23576961940047134,0.5014996297131897
growth factor activity,molfunc,0.54,0.21892893230043767,0.4427636015076596
growth factor activity,molfunc,0.55,0.16279330863365876,0.4080165500996138
growth factor activity,molfunc,0.56,0.11227124733355777,0.3633272022505277
growth factor activity,molfunc,0.5700000000000001,0.10104412260020312,0.3244757669270817
growth factor activity,molfunc,0.58,0.12349837206691357,0.27744105684061837
growth factor activity,molfunc,0.59,0.028067811833389442,0.254063913670275
growth factor activity,molfunc,0.6,0.03929493656674522,0.2196227790757996
growth factor activity,molfunc,0.61,0.016840687100033665,0.202287492973473
growth factor activity,molfunc,0.62,0.005613562366677889,0.18747602058310275
growth factor activity,molfunc,0.63,0.044908498933423115,0.16494014865007817
growth factor activity,molfunc,0.64,0.005613562366677889,0.14625372995448202
growth factor activity,molfunc,0.65,0.016840687100033665,0.13585255829308604
growth factor activity,molfunc,0.66,0.022454249466711557,0.12300405212312632
growth factor activity,molfunc,0.67,0.028067811833389442,0.1153816248516621
growth factor activity,molfunc,0.68,0.03368137420006733,0.10278804935967778
growth factor activity,molfunc,0.6900000000000001,0.011227124733355779,0.09233589156268673
growth factor activity,molfunc,0.7000000000000001,0.033681374200067705,0.08050710810462947
growth factor activity,molfunc,0.71,0.016840687100033665,0.07410834808744626
growth factor activity,molfunc,0.72,0.016840687100033665,0.06898424146014089
growth factor activity,molfunc,0.73,0.050522061300101,0.05738489561226058
growth factor activity,molfunc,0.74,0.022454249466711557,0.05611024222238362
growth factor activity,molfunc,0.75,0.005613562366677889,0.04871725256109728
growth factor activity,molfunc,0.76,0.028067811833389442,0.044893292391466416
growth factor activity,molfunc,0.77,0.03368137420006733,0.03897890066243733
growth factor activity,molfunc,0.78,0.0,0.033217467340193485
growth factor activity,molfunc,0.79,0.03368137420006733,0.033650849492751655
growth factor activity,molfunc,0.8,0.016840687100033665,0.03028576454347649
growth factor activity,molfunc,0.81,0.028067811833389442,0.025034192577183426
growth factor activity,molfunc,0.8200000000000001,0.022454249466711557,0.021261218543147636
growth factor activity,molfunc,0.8300000000000001,0.0,0.020496426509221687
growth factor activity,molfunc,0.84,0.0,0.02016501662785345
growth factor activity,molfunc,0.85,0.0,0.018380501882025717
growth factor activity,molfunc,0.86,0.0,0.017182327695541375
growth factor activity,molfunc,0.87,0.0,0.016290070322627505
growth factor activity,molfunc,0.88,0.0,0.012415124017401557
growth factor activity,molfunc,0.89,0.0,0.011497373576690147
growth factor activity,molfunc,0.9,0.0,0.008897080661341157
growth factor activity,molfunc,0.91,0.0,0.009406942017291938
growth factor activity,molfunc,0.92,0.0,0.007673413407059279
growth factor activity,molfunc,0.93,0.0,0.004665231406949661
growth factor activity,molfunc,0.9400000000000001,0.0,0.0022178968983859047
growth factor activity,molfunc,0.9500000000000001,0.0,0.0028042374577293356
growth factor activity,molfunc,0.96,0.0,0.0022688830339809827
growth factor activity,molfunc,0.97,0.0,0.001911980084815435
growth factor activity,molfunc,0.98,0.0,2.5493067797539133e-05
growth factor activity,molfunc,0.99,0.0,0.0
guanyl-nucleotide exchange factor activity,molfunc,0.0,0.0,0.0
guanyl-nucleotide exchange factor activity,molfunc,0.01,0.0,0.0
guanyl-nucleotide exchange factor activity,molfunc,0.02,0.0,0.0
guanyl-nucleotide exchange factor activity,molfunc,0.03,0.0,0.0008550210723829747
guanyl-nucleotide exchange factor activity,molfunc,0.04,0.0,0.001943229709961306
guanyl-nucleotide exchange factor activity,molfunc,0.05,0.0,0.005181945893230153
guanyl-nucleotide exchange factor activity,molfunc,0.06,0.0037085110328203192,0.012695767438413857
guanyl-nucleotide exchange factor activity,molfunc,0.07,0.003708511032820325,0.032438981291620754
guanyl-nucleotide exchange factor activity,molfunc,0.08,0.008653192409914091,0.07640779219567861
guanyl-nucleotide exchange factor activity,molfunc,0.09,0.025959577229742237,0.15133872981178642
guanyl-nucleotide exchange factor activity,molfunc,0.1,0.03090425860683604,0.2519202995993839
guanyl-nucleotide exchange factor activity,molfunc,0.11,0.05562766549230486,0.36929137408104684
guanyl-nucleotide exchange factor activity,molfunc,0.12,0.11249150132888303,0.5106807677778309
guanyl-nucleotide exchange factor activity,molfunc,0.13,0.17182767785400813,0.6411103459104336
guanyl-nucleotide exchange factor activity,molfunc,0.14,0.22621917300204009,0.781411530969642
guanyl-nucleotide exchange factor activity,molfunc,0.15,0.3016255640027193,0.9261432797675578
guanyl-nucleotide exchange factor activity,molfunc,0.16,0.41040855429878204,1.0583088097743927
guanyl-nucleotide exchange factor activity,molfunc,0.17,0.5983064466283465,1.2272920653526311
guanyl-nucleotide exchange factor activity,molfunc,0.18,0.789912849990728,1.4150857845232883
guanyl-nucleotide exchange factor activity,molfunc,0.19,1.208974596699424,1.6493874680856893
guanyl-nucleotide exchange factor activity,molfunc,0.2,1.4154150441930926,1.917268161036227
guanyl-nucleotide exchange factor activity,molfunc,0.21,1.8715619012299878,2.202819289482669
guanyl-nucleotide exchange factor activity,molfunc,0.22,2.4216577044316687,2.5642081960765393
guanyl-nucleotide exchange factor activity,molfunc,0.23,2.9841152110760922,2.9276180615687775
guanyl-nucleotide exchange factor activity,molfunc,0.24,3.422955683293155,3.265662301913638
guanyl-nucleotide exchange factor activity,molfunc,0.25,3.6256876197539993,3.6217138042374812
guanyl-nucleotide exchange factor activity,molfunc,0.26,4.178255763644227,3.8752145973343
guanyl-nucleotide exchange factor activity,molfunc,0.27,5.100438840472213,4.100914250713939
guanyl-nucleotide exchange factor activity,molfunc,0.28,5.238889919030867,4.308295725361034
guanyl-nucleotide exchange factor activity,molfunc,0.29,5.2252920452438305,4.447819618536231
guanyl-nucleotide exchange factor activity,molfunc,0.3,5.116509054947768,4.449089195280073
guanyl-nucleotide exchange factor activity,molfunc,0.31,5.041102663947088,4.416080199940197
guanyl-nucleotide exchange factor activity,molfunc,0.32,5.03863032325854,4.282748732107384
guanyl-nucleotide exchange factor activity,molfunc,0.33,4.703628159960438,4.126668521803293
guanyl-nucleotide exchange factor activity,molfunc,0.34,4.634402620681126,3.875706882194157
guanyl-nucleotide exchange factor activity,molfunc,0.35000000000000003,4.4897706904011585,3.6186046367015634
guanyl-nucleotide exchange factor activity,molfunc,0.36,4.13993448297175,3.3482106999927943
guanyl-nucleotide exchange factor activity,molfunc,0.37,3.6071450645898975,3.0581771883487026
guanyl-nucleotide exchange factor activity,molfunc,0.38,3.2066258730453026,2.776072053921254
guanyl-nucleotide exchange factor activity,molfunc,0.39,2.7591322084183174,2.5047712766811894
guanyl-nucleotide exchange factor activity,molfunc,0.4,2.5897768712528566,2.284590395677841
guanyl-nucleotide exchange factor activity,molfunc,0.41000000000000003,2.2918598182829704,2.0404689246477794
guanyl-nucleotide exchange factor activity,molfunc,0.42,1.8765065826070815,1.8070222621577503
guanyl-nucleotide exchange factor activity,molfunc,0.43,1.6478150689164952,1.6304215461164668
guanyl-nucleotide exchange factor activity,molfunc,0.44,1.4067618517831744,1.4501416484909901
guanyl-nucleotide exchange factor activity,molfunc,0.45,1.2250448111749788,1.290796812274163
guanyl-nucleotide exchange factor activity,molfunc,0.46,1.0606341553866114,1.144976854838667
guanyl-nucleotide exchange factor activity,molfunc,0.47000000000000003,0.8739724334013268,1.0170864301937526
guanyl-nucleotide exchange factor activity,molfunc,0.48,0.8752086037455954,0.8902323947274728
guanyl-nucleotide exchange factor activity,molfunc,0.49,0.6625873045305637,0.8081762815081736
guanyl-nucleotide exchange factor activity,molfunc,0.5,0.6255021942023605,0.7349035665778993
guanyl-nucleotide exchange factor activity,molfunc,0.51,0.5612213363001416,0.6457481874848746
guanyl-nucleotide exchange factor activity,molfunc,0.52,0.44502132393843835,0.5747555287476217
guanyl-nucleotide exchange factor activity,molfunc,0.53,0.3621979108721179,0.5031928559621134
guanyl-nucleotide exchange factor activity,molfunc,0.54,0.2633042833302427,0.44549188844099563
guanyl-nucleotide exchange factor activity,molfunc,0.55,0.22251066196921918,0.4107728509563537
guanyl-nucleotide exchange factor activity,molfunc,0.56,0.14957661165708622,0.366648581675499
guanyl-nucleotide exchange factor activity,molfunc,0.5700000000000001,0.1433957599357206,0.3272398831574873
guanyl-nucleotide exchange factor activity,molfunc,0.58,0.14463193027999244,0.2795141614808341
guanyl-nucleotide exchange factor activity,molfunc,0.59,0.08653192409914079,0.2565322314443584
guanyl-nucleotide exchange factor activity,molfunc,0.6,0.055627665492304794,0.22222774963117478
guanyl-nucleotide exchange factor activity,molfunc,0.61,0.07540639100067982,0.2040909390048693
guanyl-nucleotide exchange factor activity,molfunc,0.62,0.03214042895110943,0.18989240725741868
guanyl-nucleotide exchange factor activity,molfunc,0.63,0.024723406885468795,0.16732503289240142
guanyl-nucleotide exchange factor activity,molfunc,0.64,0.014834044131281277,0.14835911092317908
guanyl-nucleotide exchange factor activity,molfunc,0.65,0.021014895852648475,0.13771021211259113
guanyl-nucleotide exchange factor activity,molfunc,0.66,0.0074170220656406384,0.12496262521524497
guanyl-nucleotide exchange factor activity,molfunc,0.67,0.013597873787007839,0.1171119771870013
guanyl-nucleotide exchange factor activity,molfunc,0.68,0.022251066196921916,0.10415711245392593
guanyl-nucleotide exchange factor activity,molfunc,0.6900000000000001,0.009889362754187518,0.09368958174960103
guanyl-nucleotide exchange factor activity,molfunc,0.7000000000000001,0.0012361703442734535,0.08195247430143568
guanyl-nucleotide exchange factor activity,molfunc,0.71,0.004944681377093759,0.07529367382863403
guanyl-nucleotide exchange factor activity,molfunc,0.72,0.009889362754187518,0.06998217928807313
guanyl-nucleotide exchange factor activity,molfunc,0.73,0.009889362754187518,0.05834871075777144
guanyl-nucleotide exchange factor activity,molfunc,0.74,0.006180851721367199,0.0570014048255316
guanyl-nucleotide exchange factor activity,molfunc,0.75,0.0074170220656406384,0.049383944362483286
guanyl-nucleotide exchange factor activity,molfunc,0.76,0.0,0.04575658223722219
guanyl-nucleotide exchange factor activity,molfunc,0.77,0.0,0.039771434730541365
guanyl-nucleotide exchange factor activity,molfunc,0.78,0.0,0.0337603774943944
guanyl-nucleotide exchange factor activity,molfunc,0.79,0.0,0.03435630127211587
guanyl-nucleotide exchange factor activity,molfunc,0.8,0.0,0.03085848779418552
guanyl-nucleotide exchange factor activity,molfunc,0.81,0.0,0.02557290298309077
guanyl-nucleotide exchange factor activity,molfunc,0.8200000000000001,0.0,0.021712353292634313
guanyl-nucleotide exchange factor activity,molfunc,0.8300000000000001,0.0,0.020831422490785415
guanyl-nucleotide exchange factor activity,molfunc,0.84,0.0,0.020494596007725227
guanyl-nucleotide exchange factor activity,molfunc,0.85,0.0,0.018680914945094676
guanyl-nucleotide exchange factor activity,molfunc,0.86,0.0,0.01746315766018559
guanyl-nucleotide exchange factor activity,molfunc,0.87,0.0,0.016556317128870315
guanyl-nucleotide exchange factor activity,molfunc,0.88,0.0,0.012618038250015406
guanyl-nucleotide exchange factor activity,molfunc,0.89,0.0,0.011685287989233979
guanyl-nucleotide exchange factor activity,molfunc,0.9,0.0,0.009042495583686605
guanyl-nucleotide exchange factor activity,molfunc,0.91,0.0,0.009560690173009619
guanyl-nucleotide exchange factor activity,molfunc,0.92,0.0,0.00779882856931137
guanyl-nucleotide exchange factor activity,molfunc,0.93,0.0,0.004741480492305584
guanyl-nucleotide exchange factor activity,molfunc,0.9400000000000001,0.0,0.0022541464635551134
guanyl-nucleotide exchange factor activity,molfunc,0.9500000000000001,0.0,0.002850070241276612
guanyl-nucleotide exchange factor activity,molfunc,0.96,0.0,0.002305965922487415
guanyl-nucleotide exchange factor activity,molfunc,0.97,0.0,0.0019432297099613047
guanyl-nucleotide exchange factor activity,molfunc,0.98,0.0,2.590972946615073e-05
guanyl-nucleotide exchange factor activity,molfunc,0.99,0.0,0.0
heparin binding,molfunc,0.0,0.0,0.0
heparin binding,molfunc,0.01,0.0,0.0
heparin binding,molfunc,0.02,0.0,0.0
heparin binding,molfunc,0.03,0.0,0.0008446300469204788
heparin binding,molfunc,0.04,0.0,0.0019196137430010879
heparin binding,molfunc,0.05,0.0,0.005118969981336238
heparin binding,molfunc,0.06,0.0029928470954418912,0.012592666154087127
heparin binding,molfunc,0.07,0.0628497890042798,0.03158404478484459
heparin binding,molfunc,0.08,0.15862089605842045,0.07430184927909549
heparin binding,molfunc,0.09,0.23044922634902562,0.1480662067101505
heparin binding,molfunc,0.1,0.5596624068476345,0.24471235995777885
heparin binding,molfunc,0.11,1.0474964834046634,0.35699696649838925
heparin binding,molfunc,0.12,1.4694879238619687,0.4942365516980131
heparin binding,molfunc,0.13,1.762786939215274,0.6218012836329119
heparin binding,molfunc,0.14,1.8825008230329547,0.7604997752772192
heparin binding,molfunc,0.15,2.253613862867744,0.9018601313118171
heparin binding,molfunc,0.16,2.277556639631279,1.0344670486783323
heparin binding,molfunc,0.17,2.352377817017333,1.2046472057078588
heparin binding,molfunc,0.18,2.6307125968934226,1.3917455585256946
heparin binding,molfunc,0.19,2.4032562176398384,1.6338216489430848
heparin binding,molfunc,0.2,2.711519468470361,1.900084872522294
heparin binding,molfunc,0.21,2.8342261993834708,2.1905608241132133
heparin binding,molfunc,0.22,3.028761260587194,2.557283833576141
heparin binding,molfunc,0.23,3.3519887468949277,2.9251586112848775
heparin binding,molfunc,0.24,3.57645227905306,3.266261175991209
heparin binding,molfunc,0.25,3.271181875317987,3.624793833483998
heparin binding,molfunc,0.26,3.3430102056085924,3.886040466481493
heparin binding,molfunc,0.27,3.02277556639631,4.130829610988991
heparin binding,molfunc,0.28,3.5555023493849864,4.33400152954825
heparin binding,molfunc,0.29,3.4327956184718493,4.472597641792905
heparin binding,molfunc,0.3,3.6333163738664562,4.469884587702797
heparin binding,molfunc,0.31,3.717116092538829,4.434998807279991
heparin binding,molfunc,0.32,3.411845688803756,4.305847194650878
heparin binding,molfunc,0.33,3.3190674288450572,4.145521054835426
heparin binding,molfunc,0.34,3.4507527010445007,3.895049853648645
heparin binding,molfunc,0.35000000000000003,3.115553826355026,3.640944183775135
heparin binding,molfunc,0.36,2.8402118935743546,3.3689477138168136
heparin binding,molfunc,0.37,2.6007841259390037,3.0734551716441794
heparin binding,molfunc,0.38,2.253613862867744,2.7894547170796455
heparin binding,molfunc,0.39,2.2326639331996505,2.512364871989915
heparin binding,molfunc,0.4,2.0800287313321144,2.2926586803909648
heparin binding,molfunc,0.41000000000000003,2.142878520336406,2.0447981538946753
heparin binding,molfunc,0.42,1.8076796456469024,1.8084553098563703
heparin binding,molfunc,0.43,1.6311016670158307,1.6307758618041899
heparin binding,molfunc,0.44,1.3587525813306185,1.4500250317632075
heparin binding,molfunc,0.45,1.271960015562804,1.28959651254813
heparin binding,molfunc,0.46,1.1163319665998253,1.1434755144308872
heparin binding,molfunc,0.47000000000000003,0.9427468350642009,1.0147590142501934
heparin binding,molfunc,0.48,0.7033190674288444,0.8915198119495179
heparin binding,molfunc,0.49,0.7751473977194498,0.8054443317133493
heparin binding,molfunc,0.5,0.7631760093376823,0.7323966300796813
heparin binding,molfunc,0.51,0.7452189267650309,0.643147388455084
heparin binding,molfunc,0.52,0.4758626881752607,0.572915120311151
heparin binding,molfunc,0.53,0.32023463921228235,0.5018382221202974
heparin binding,molfunc,0.54,0.25738485020800267,0.4433283952336243
heparin binding,molfunc,0.55,0.18854936701283914,0.40877534785960473
heparin binding,molfunc,0.56,0.14066381348576887,0.3640867399225394
heparin binding,molfunc,0.5700000000000001,0.1705922844401897,0.3247730504658808
heparin binding,molfunc,0.58,0.16759943734474592,0.27767852663758386
heparin binding,molfunc,0.59,0.07781402448148918,0.25454078232194405
heparin binding,molfunc,0.6,0.04489270643162837,0.22029487314680468
heparin binding,molfunc,0.61,0.06584263609972162,0.20260883186128803
heparin binding,molfunc,0.62,0.03292131804986081,0.18796857771466638
heparin binding,molfunc,0.63,0.02094992966809324,0.16562427374613375
heparin binding,molfunc,0.64,0.02394277676353513,0.14665848996528302
heparin binding,molfunc,0.65,0.03890701224074459,0.13613900665363707
heparin binding,molfunc,0.66,0.04189985933618648,0.12323920230066976
heparin binding,molfunc,0.67,0.07482117738604728,0.11533039367950527
heparin binding,molfunc,0.68,0.08080687157693106,0.10266094297569811
heparin binding,molfunc,0.6900000000000001,0.02992847095441891,0.09249978756274568
heparin binding,molfunc,0.7000000000000001,0.07182833029060619,0.08036782870697971
heparin binding,molfunc,0.71,0.04189985933618648,0.07412268532974862
heparin binding,molfunc,0.72,0.0059856941908837825,0.06928525869738589
heparin binding,molfunc,0.73,0.008978541286325673,0.057767576239379365
heparin binding,molfunc,0.74,0.0059856941908837825,0.05638545434441858
heparin binding,molfunc,0.75,0.0029928470954418912,0.04891175817166769
heparin binding,molfunc,0.76,0.014964235477209455,0.04507253068566552
heparin binding,molfunc,0.77,0.03890701224074459,0.038955361557968714
heparin binding,molfunc,0.78,0.04788555352707026,0.032940571829898645
heparin binding,molfunc,0.79,0.02094992966809324,0.03375960702691244
heparin binding,molfunc,0.8,0.02394277676353513,0.030278707439603807
heparin binding,molfunc,0.81,0.014964235477209455,0.025134142608360895
heparin binding,molfunc,0.8200000000000001,0.014964235477209455,0.0213205099722654
heparin binding,molfunc,0.8300000000000001,0.035914165145303094,0.020271121126091703
heparin binding,molfunc,0.84,0.03591416514530269,0.01993838807730462
heparin binding,molfunc,0.85,0.05686409481339594,0.01796758463449017
heparin binding,molfunc,0.86,0.03591416514530269,0.016943790638222926
heparin binding,molfunc,0.87,0.03292131804986081,0.016073565741395766
heparin binding,molfunc,0.88,0.02693562385897702,0.01223433825539359
heparin binding,molfunc,0.89,0.017957082572651346,0.011389708208473114
heparin binding,molfunc,0.9,0.011971388381767565,0.008830223217804998
heparin binding,molfunc,0.91,0.0059856941908837825,0.009393309915751985
heparin binding,molfunc,0.92,0.02693562385897702,0.007473696172750897
heparin binding,molfunc,0.93,0.008978541286325673,0.004607072983202608
heparin binding,molfunc,0.9400000000000001,0.0,0.0022267519418812604
heparin binding,molfunc,0.9500000000000001,0.0,0.0028154334897349583
heparin binding,molfunc,0.96,0.0,0.002277941641694623
heparin binding,molfunc,0.97,0.0,0.0019196137430010866
heparin binding,molfunc,0.98,0.0,2.5594849906681155e-05
heparin binding,molfunc,0.99,0.0,0.0
histone binding,molfunc,0.0,0.0,0.0
histone binding,molfunc,0.01,0.0,0.0
histone binding,molfunc,0.02,0.0,0.0
histone binding,molfunc,0.03,0.0,0.0008599265622715818
histone binding,molfunc,0.04,0.0,0.001954378550617231
histone binding,molfunc,0.05,0.0,0.0052116761349792875
histone binding,molfunc,0.06,0.0,0.012846781672723927
histone binding,molfunc,0.07,0.0,0.03270326774699503
histone binding,molfunc,0.08,0.010688743781094532,0.07674193108757002
histone binding,molfunc,0.09,0.01263215174129352,0.15241546856746907
histone binding,molfunc,0.1,0.024292599502487574,0.25336563530201806
histone binding,molfunc,0.11,0.0330379353233831,0.37169674194672275
histone binding,molfunc,0.12,0.04178327114427857,0.5148614853746031
histone binding,molfunc,0.13,0.04761349502487558,0.6471338256803773
histone binding,molfunc,0.14,0.115632773631841,0.7875624391373961
histone binding,molfunc,0.15,0.15644434079601977,0.9336196628201883
histone binding,molfunc,0.16,0.21085976368159187,1.0673773308244314
histone binding,molfunc,0.17,0.329407649253732,1.2381118410063563
histone binding,molfunc,0.18,0.5150031094527359,1.4260448824337055
histone binding,molfunc,0.19,0.6646455223880592,1.6665116193016496
histone binding,molfunc,0.2,0.8288634950248772,1.935877100338059
histone binding,molfunc,0.21,1.2194884950248746,2.2222065871938153
histone binding,molfunc,0.22,1.6499533582089538,2.58572099760862
histone binding,molfunc,0.23,1.9434079601990086,2.955202777197984
histone binding,molfunc,0.24,2.322372512437809,3.294274426539728
histone binding,molfunc,0.25,2.8597248134328335,3.6422319836916195
histone binding,molfunc,0.26,3.123056592039798,3.901773455213588
histone binding,molfunc,0.27,3.7206545398009916,4.132181657141022
histone binding,molfunc,0.28,3.9519200870646953,4.33746958009788
histone binding,molfunc,0.29,4.1443174751243745,4.47234775847112
histone binding,molfunc,0.3,4.341573383084573,4.466041630347795
histone binding,molfunc,0.31,4.439715485074623,4.428621795698644
histone binding,molfunc,0.32,4.602961753731339,4.290095444030894
histone binding,molfunc,0.33,4.215251865671638,4.136455231571705
histone binding,molfunc,0.34,4.189015858208951,3.8832980633150864
histone binding,molfunc,0.35000000000000003,4.23760105721395,3.620369002305402
histone binding,molfunc,0.36,4.095732276119399,3.3448537434297023
histone binding,molfunc,0.37,3.5642101990049717,3.0561790023131996
histone binding,molfunc,0.38,3.369869402985072,2.7692241143212404
histone binding,molfunc,0.39,3.4641246890547235,2.4844060135446226
histone binding,molfunc,0.4,3.2182835820895495,2.2659846667276415
histone binding,molfunc,0.41000000000000003,2.9238572761194166,2.022078223610622
histone binding,molfunc,0.42,2.5410059079601965,1.7888035998089382
histone binding,molfunc,0.43,2.415656094527361,1.6097304078110504
histone binding,molfunc,0.44,1.96964396766169,1.4352956075732939
histone binding,molfunc,0.45,1.9851912313432818,1.2707890503726726
histone binding,molfunc,0.46,1.7840485074626848,1.1260608041042983
histone binding,molfunc,0.47000000000000003,1.6188588308457788,0.997931746325838
histone binding,molfunc,0.48,1.4692164179104463,0.8743889635461488
histone binding,molfunc,0.49,1.2583566542288547,0.7930346990791222
histone binding,molfunc,0.5,1.1291200248756208,0.7220256117400295
histone binding,molfunc,0.51,0.9717039800995017,0.6352251457119495
histone binding,molfunc,0.52,0.8191464552238799,0.565466860645252
histone binding,molfunc,0.53,0.7550139925373127,0.4934675548405132
histone binding,molfunc,0.54,0.6500699626865666,0.436165175736416
histone binding,molfunc,0.55,0.6627021144278601,0.4000482601210095
histone binding,molfunc,0.56,0.5567863805970145,0.35697375686540583
histone binding,molfunc,0.5700000000000001,0.549984452736324,0.3173910766202417
histone binding,molfunc,0.58,0.4314365671641788,0.27259672024009124
histone binding,molfunc,0.59,0.38673818407960164,0.24945687820078327
histone binding,molfunc,0.6,0.3498134328358206,0.21529434113599408
histone binding,molfunc,0.61,0.3498134328358206,0.19747040875436492
histone binding,molfunc,0.62,0.3031716417910445,0.18352917509329536
histone binding,molfunc,0.63,0.2400108830845769,0.16236976998527947
histone binding,molfunc,0.64,0.24972792288557194,0.1428259844791072
histone binding,molfunc,0.65,0.21668998756218888,0.13313226686804572
histone binding,molfunc,0.66,0.15061411691542276,0.12179687127446578
histone binding,molfunc,0.67,0.15935945273631827,0.11379694840727259
histone binding,molfunc,0.68,0.16324626865671626,0.10084593321184906
histone binding,molfunc,0.6900000000000001,0.1758784203980098,0.08971900466366832
histone binding,molfunc,0.7000000000000001,0.13020833333333465,0.07895689344493698
histone binding,molfunc,0.71,0.09619869402985065,0.0732501080771338
histone binding,molfunc,0.72,0.12243470149253721,0.06730879728325741
histone binding,molfunc,0.73,0.08162313432835813,0.05670303634857456
histone binding,molfunc,0.74,0.07093439054726362,0.055556467598879125
histone binding,molfunc,0.75,0.06704757462686561,0.04802559558383406
histone binding,molfunc,0.76,0.0651041666666666,0.044273188766648985
histone binding,molfunc,0.77,0.0573305348258706,0.03846216987614708
histone binding,molfunc,0.78,0.04858519900497508,0.03265115098564519
histone binding,molfunc,0.79,0.036924751243781063,0.03356319430926656
histone binding,molfunc,0.8,0.058302238805970096,0.02947202854330783
histone binding,molfunc,0.81,0.023320895522388037,0.025094220589925234
histone binding,molfunc,0.8200000000000001,0.040811567164179066,0.020742471017217535
histone binding,molfunc,0.8300000000000001,0.04081156716417952,0.019856486074271276
histone binding,molfunc,0.84,0.033037935323383054,0.019726194170896574
histone binding,molfunc,0.85,0.03012282338308455,0.017980282665678516
histone binding,molfunc,0.86,0.040811567164179066,0.016468896586534526
histone binding,molfunc,0.87,0.029151119402985048,0.01586955383101191
histone binding,molfunc,0.88,0.01263215174129352,0.012351672439900895
histone binding,molfunc,0.89,0.0038868159203980066,0.011648096161678691
histone binding,molfunc,0.9,0.006801927860696512,0.00891196619081457
histone binding,molfunc,0.91,0.0029151119402985046,0.009537367327012084
histone binding,molfunc,0.92,0.0,0.007843572583143816
histone binding,molfunc,0.93,0.0,0.004768683663506042
histone binding,molfunc,0.9400000000000001,0.0,0.002267079118715987
histone binding,molfunc,0.9500000000000001,0.0,0.002866421874238636
histone binding,molfunc,0.96,0.0,0.00231919588006578
histone binding,molfunc,0.97,0.0,0.0019543785506172303
histone binding,molfunc,0.98,0.0,2.60583806748964e-05
histone binding,molfunc,0.99,0.0,0.0
histone deacetylase binding,molfunc,0.0,0.0,0.0
histone deacetylase binding,molfunc,0.01,0.0,0.0
histone deacetylase binding,molfunc,0.02,0.0,0.0
histone deacetylase binding,molfunc,0.03,0.0,0.000845302041788659
histone deacetylase binding,molfunc,0.04,0.0,0.001921141004065134
histone deacetylase binding,molfunc,0.05,0.0,0.0051230426775070274
histone deacetylase binding,molfunc,0.06,0.0,0.012628300200054805
histone deacetylase binding,molfunc,0.07,0.0,0.032147092801356594
histone deacetylase binding,molfunc,0.08,0.0,0.07571857077355387
histone deacetylase binding,molfunc,0.09,0.0,0.15015638087773078
histone deacetylase binding,molfunc,0.1,0.027383006106410375,0.24944094796781716
histone deacetylase binding,molfunc,0.11,0.10405542320435943,0.36527294290625106
histone deacetylase binding,molfunc,0.12,0.10679372381500031,0.5062078469644686
histone deacetylase binding,molfunc,0.13,0.18620444152359028,0.6356415202116835
histone deacetylase binding,molfunc,0.14,0.1862044415235908,0.7754749700942398
histone deacetylase binding,molfunc,0.15,0.2820449628960265,0.9192275476250846
histone deacetylase binding,molfunc,0.16,0.2765683616747444,1.0521961203197794
histone deacetylase binding,molfunc,0.17,0.32311947205564284,1.222716595840604
histone deacetylase binding,molfunc,0.18,0.39979188915359093,1.411628794573672
histone deacetylase binding,molfunc,0.19,0.5613516251814119,1.6504394289856616
histone deacetylase binding,molfunc,0.2,0.6900517538815424,1.9183489458058967
histone deacetylase binding,molfunc,0.21,1.0378159314329518,2.2068530941896993
histone deacetylase binding,molfunc,0.22,1.4239163175333376,2.5719211153888493
histone deacetylase binding,molfunc,0.23,2.0236041512637297,2.9372452887218836
histone deacetylase binding,molfunc,0.24,2.341247022098084,3.2775690137886664
histone deacetylase binding,molfunc,0.25,2.6616281935430846,3.630777191189388
histone deacetylase binding,molfunc,0.26,2.960102960102957,3.8900543810980186
histone deacetylase binding,molfunc,0.27,3.4639502724609077,4.127584254840631
histone deacetylase binding,molfunc,0.28,3.6309866097100305,4.333914798677251
histone deacetylase binding,molfunc,0.29,3.99791889153591,4.468138516827911
histone deacetylase binding,molfunc,0.3,4.405925682521423,4.463322856711054
histone deacetylase binding,molfunc,0.31,4.73999835701963,4.426001490805415
histone deacetylase binding,molfunc,0.32,4.956324105260271,4.292110770428769
histone deacetylase binding,molfunc,0.33,4.709877050302579,4.133168371359114
histone deacetylase binding,molfunc,0.34,4.479859799008731,3.8857766404623
histone deacetylase binding,molfunc,0.35000000000000003,4.164955228785035,3.631545647591034
histone deacetylase binding,molfunc,0.36,3.7268271310824472,3.361074609432031
histone deacetylase binding,molfunc,0.37,3.565267395054626,3.0648090513917996
histone deacetylase binding,molfunc,0.38,3.2914373339905225,2.78017280022951
histone deacetylase binding,molfunc,0.39,3.0504668802541115,2.504937332380445
histone deacetylase binding,molfunc,0.4,3.0532051808647527,2.2837243495656923
histone deacetylase binding,molfunc,0.41000000000000003,2.8231879295709215,2.0383562205265044
histone deacetylase binding,molfunc,0.42,2.6424600892685977,1.8006470402901675
histone deacetylase binding,molfunc,0.43,2.281004408663981,1.624696139531189
histone deacetylase binding,molfunc,0.44,2.031819053095647,1.443801502588416
histone deacetylase binding,molfunc,0.45,1.9031189243955184,1.2837064189163216
histone deacetylase binding,molfunc,0.46,1.9743147402721855,1.1354711790426562
histone deacetylase binding,molfunc,0.47000000000000003,1.7169144828719376,1.0075744185986988
histone deacetylase binding,molfunc,0.48,1.708699581040005,0.8822647947068715
histone deacetylase binding,molfunc,0.49,1.475944029135517,0.7989128903438323
histone deacetylase binding,molfunc,0.5,1.2048522686820549,0.728240516607623
histone deacetylase binding,molfunc,0.51,1.0761521399819263,0.6399704912741769
histone deacetylase binding,molfunc,0.52,0.8735178947944897,0.5692725023245802
histone deacetylase binding,molfunc,0.53,0.8488731892987205,0.49703760057173113
histone deacetylase binding,molfunc,0.54,0.7037432569347457,0.439300909596227
histone deacetylase binding,molfunc,0.55,0.6736219502176943,0.4044129889624042
histone deacetylase binding,molfunc,0.56,0.5859963306771813,0.3600986698019685
histone deacetylase binding,molfunc,0.5700000000000001,0.596949533119752,0.32090739331904333
histone deacetylase binding,molfunc,0.58,0.41348339220679614,0.2754660047695525
histone deacetylase binding,molfunc,0.59,0.4326514964812833,0.25136208897188195
histone deacetylase binding,molfunc,0.6,0.2546619567896161,0.21847215498228686
histone deacetylase binding,molfunc,0.61,0.3066896683917958,0.2004646599708497
histone deacetylase binding,molfunc,0.62,0.26561515923218026,0.18591521876672976
histone deacetylase binding,molfunc,0.63,0.2491853555683341,0.16360436790618668
histone deacetylase binding,molfunc,0.64,0.28752156411730856,0.14429049701198524
histone deacetylase binding,molfunc,0.65,0.22180234946192373,0.13450548549794683
histone deacetylase binding,molfunc,0.66,0.11774692625756446,0.12259441127274301
histone deacetylase binding,molfunc,0.67,0.15882143541717994,0.11457684948244451
histone deacetylase binding,molfunc,0.68,0.07941071770858997,0.10269139047062822
histone deacetylase binding,molfunc,0.6900000000000001,0.06845751526602584,0.09218915298173884
histone deacetylase binding,molfunc,0.7000000000000001,0.07941071770859086,0.08030369396992344
histone deacetylase binding,molfunc,0.71,0.038336208548974474,0.07418165797030166
histone deacetylase binding,molfunc,0.72,0.09857882198307721,0.06846946538488133
histone deacetylase binding,molfunc,0.73,0.07667241709794895,0.05717315628097835
histone deacetylase binding,molfunc,0.74,0.0657192146553848,0.05586678039821406
histone deacetylase binding,molfunc,0.75,0.07941071770858997,0.0482334468087286
histone deacetylase binding,molfunc,0.76,0.07393411648730791,0.044544856080923546
histone deacetylase binding,molfunc,0.77,0.04655111038089757,0.038883893922278284
histone deacetylase binding,molfunc,0.78,0.10679372381500031,0.03237762972184437
histone deacetylase binding,molfunc,0.79,0.11500862564692342,0.03288993398959507
histone deacetylase binding,molfunc,0.8,0.10953202442564135,0.029483110609052902
histone deacetylase binding,molfunc,0.81,0.05750431282346171,0.024744296132358908
histone deacetylase binding,molfunc,0.8200000000000001,0.038336208548974474,0.021106935831328923
histone deacetylase binding,molfunc,0.8300000000000001,0.021906404885128513,0.02038970985647817
histone deacetylase binding,molfunc,0.84,0.038336208548974474,0.019903020802114774
histone deacetylase binding,molfunc,0.85,0.02190640488512827,0.01826364714531253
histone deacetylase binding,molfunc,0.86,0.030121306717051374,0.016982886475935773
histone deacetylase binding,molfunc,0.87,0.010953202442564135,0.01626566050108479
histone deacetylase binding,molfunc,0.88,0.0082149018319231,0.012397763279566988
histone deacetylase binding,molfunc,0.89,0.0082149018319231,0.011475615597615726
histone deacetylase binding,molfunc,0.9,0.010953202442564135,0.008837248618699611
histone deacetylase binding,molfunc,0.91,0.0054766012212820675,0.009400783313225384
histone deacetylase binding,molfunc,0.92,0.0082149018319231,0.00763333358948546
histone deacetylase binding,molfunc,0.93,0.0328596073276924,0.004380201489268503
histone deacetylase binding,molfunc,0.9400000000000001,0.010953202442564135,0.0021260627111654136
histone deacetylase binding,molfunc,0.9500000000000001,0.0,0.0028176734726288928
histone deacetylase binding,molfunc,0.96,0.0,0.0022797539914906242
histone deacetylase binding,molfunc,0.97,0.0,0.0019211410040651327
histone deacetylase binding,molfunc,0.98,0.0,2.5615213387535104e-05
histone deacetylase binding,molfunc,0.99,0.0,0.0
identical protein binding,molfunc,0.0,0.0,0.0
identical protein binding,molfunc,0.01,0.0,0.0
identical protein binding,molfunc,0.02,0.0,0.0
identical protein binding,molfunc,0.03,0.0002713623202563831,0.0008958722127875679
identical protein binding,molfunc,0.04,0.0002713623202563831,0.0020717044920712502
identical protein binding,molfunc,0.05,0.0027136232025638325,0.005319241263426188
identical protein binding,molfunc,0.06,0.0037990724835893605,0.013410087185163896
identical protein binding,molfunc,0.07,0.016281739215382996,0.033455227946285755
identical protein binding,molfunc,0.08,0.06946875398563412,0.07558921795395109
identical protein binding,molfunc,0.09,0.10881629042280953,0.15288619231352826
identical protein binding,molfunc,0.1,0.22278846493049065,0.24992035136108198
identical protein binding,molfunc,0.11,0.34110243656227374,0.36509592271758373
identical protein binding,molfunc,0.12,0.4583309589130307,0.5070636724377631
identical protein binding,molfunc,0.13,0.5630768145319945,0.6385329196643386
identical protein binding,molfunc,0.14,0.7421759459012093,0.7728857555758261
identical protein binding,molfunc,0.15,0.9196469033488816,0.912669816777334
identical protein binding,molfunc,0.16,0.9486826716163146,1.0549455225706597
identical protein binding,molfunc,0.17,1.0827356578229708,1.227960843665262
identical protein binding,molfunc,0.18,1.2026778033762888,1.422841045953204
identical protein binding,molfunc,0.19,1.4110840653331909,1.663998647232957
identical protein binding,molfunc,0.2,1.499548181736776,1.9489979949260074
identical protein binding,molfunc,0.21,1.8390224443775067,2.2328495063464127
identical protein binding,molfunc,0.22,2.2116029100895207,2.5973575129243542
identical protein binding,molfunc,0.23,2.51525734645642,2.971440153776471
identical protein binding,molfunc,0.24,2.874541058475864,3.30957592209047
identical protein binding,molfunc,0.25,3.2913535823896676,3.655886524346164
identical protein binding,molfunc,0.26,3.5817112650639977,3.9123579412632545
identical protein binding,molfunc,0.27,3.82837961417705,4.151667806104133
identical protein binding,molfunc,0.28,4.062565296558331,4.35472284233379
identical protein binding,molfunc,0.29,4.278841065802645,4.482860564769037
identical protein binding,molfunc,0.3,4.3637774720428935,4.473005970428374
identical protein binding,molfunc,0.31,4.330942631291871,4.439018818355746
identical protein binding,molfunc,0.32,4.292951906455977,4.298814817054492
identical protein binding,molfunc,0.33,4.217513181424703,4.13036284504378
identical protein binding,molfunc,0.34,3.9249846001883215,3.8878054434315454
identical protein binding,molfunc,0.35000000000000003,3.685371671401956,3.6314460105410733
identical protein binding,molfunc,0.36,3.442502394772473,3.35641324121527
identical protein binding,molfunc,0.37,3.2096735239924965,3.0549802376189032
identical protein binding,molfunc,0.38,2.892993696253298,2.7737603508235558
identical protein binding,molfunc,0.39,2.6631498109961416,2.4941922284205362
identical protein binding,molfunc,0.4,2.4504017519151375,2.274395580214436
identical protein binding,molfunc,0.41000000000000003,2.193692996952611,2.030354390249784
identical protein binding,molfunc,0.42,1.9548941551269825,1.7933401979541623
identical protein binding,molfunc,0.43,1.7432315453270035,1.619177040586929
identical protein binding,molfunc,0.44,1.67973276238701,1.4254726705782674
identical protein binding,molfunc,0.45,1.4615574569008782,1.2716906060519517
identical protein binding,molfunc,0.46,1.3673947317719133,1.120120226050955
identical protein binding,molfunc,0.47000000000000003,1.2173313686701404,0.9931863319016222
identical protein binding,molfunc,0.48,1.080836121581173,0.8702278706965231
identical protein binding,molfunc,0.49,0.9961710776611815,0.7854839585681492
identical protein binding,molfunc,0.5,0.8995660916499093,0.7154379499308212
identical protein binding,molfunc,0.51,0.8184287578932506,0.6260187046919622
identical protein binding,molfunc,0.52,0.7329496270124902,0.5554967639415909
identical protein binding,molfunc,0.53,0.6528977425368573,0.4845548830914754
identical protein binding,molfunc,0.54,0.5467950753166115,0.43091453435081983
identical protein binding,molfunc,0.55,0.5082616258402051,0.3964514501651481
identical protein binding,molfunc,0.56,0.4322801761684179,0.35496136831042385
identical protein binding,molfunc,0.5700000000000001,0.37990724835894024,0.3176426914464953
identical protein binding,molfunc,0.58,0.3373033640786839,0.27049741624854606
identical protein binding,molfunc,0.59,0.31803663934048076,0.24633686250993136
identical protein binding,molfunc,0.6,0.2667491608120244,0.21386149479638206
identical protein binding,molfunc,0.61,0.2510101462371542,0.19633599463372528
identical protein binding,molfunc,0.62,0.24096974038766802,0.1810501750030374
identical protein binding,molfunc,0.63,0.20623536339485096,0.16008116602247843
identical protein binding,molfunc,0.64,0.17231507336280313,0.14286362193296734
identical protein binding,molfunc,0.65,0.184255015454084,0.1302654189406422
identical protein binding,molfunc,0.66,0.15983240663100953,0.11870306819435265
identical protein binding,molfunc,0.67,0.16200330519306058,0.11013629015957153
identical protein binding,molfunc,0.68,0.13432434852690953,0.09918985155957347
identical protein binding,molfunc,0.6900000000000001,0.12754029052049995,0.08829940497287458
identical protein binding,molfunc,0.7000000000000001,0.10935901506332352,0.07729697435957814
identical protein binding,molfunc,0.71,0.0903636526453755,0.07214570913604877
identical protein binding,molfunc,0.72,0.09144910192640103,0.06640652777287842
identical protein binding,molfunc,0.73,0.06946875398563401,0.05610399732582139
identical protein binding,molfunc,0.74,0.06675513078307019,0.05484417702658888
identical protein binding,molfunc,0.75,0.06485559454127551,0.0468373191248
identical protein binding,molfunc,0.76,0.04803113068537977,0.04448565456623263
identical protein binding,molfunc,0.77,0.05183020316896913,0.037626632937077825
identical protein binding,molfunc,0.78,0.04233252195999573,0.032111419627104364
identical protein binding,molfunc,0.79,0.04938794228666169,0.03202743160715553
identical protein binding,molfunc,0.8,0.0507447538879436,0.02810799067620992
identical protein binding,molfunc,0.81,0.04341797124102126,0.02315269749922869
identical protein binding,molfunc,0.8200000000000001,0.04070434803845743,0.019261252574932695
identical protein binding,molfunc,0.8300000000000001,0.03690527555486848,0.018701332441940673
identical protein binding,molfunc,0.84,0.0396188987574319,0.0180574242889994
identical protein binding,molfunc,0.85,0.04477478284230318,0.015565779697183979
identical protein binding,molfunc,0.86,0.03989026107768828,0.014753895504345247
identical protein binding,molfunc,0.87,0.0379907248358936,0.013970007318156126
identical protein binding,molfunc,0.88,0.035277101633329776,0.009994574373911297
identical protein binding,molfunc,0.89,0.034734376992817007,0.009042710147824507
identical protein binding,molfunc,0.9,0.029578492907945734,0.006719041595906754
identical protein binding,molfunc,0.91,0.0363625509143553,0.006579061562658696
identical protein binding,molfunc,0.92,0.026864869705381905,0.005655193343221517
identical protein binding,molfunc,0.93,0.01221130441153723,0.003863448917646383
identical protein binding,molfunc,0.9400000000000001,0.009226318888717017,0.0014837883524294081
identical protein binding,molfunc,0.9500000000000001,0.014382202973588453,0.0015957723790278717
identical protein binding,molfunc,0.96,0.004070434803845743,0.0020717044920712494
identical protein binding,molfunc,0.97,0.0016281739215382972,0.0019317244588231916
identical protein binding,molfunc,0.98,0.00027136232025638286,0.0
identical protein binding,molfunc,0.99,0.0,0.0
integrin binding,molfunc,0.0,0.0,0.0
integrin binding,molfunc,0.01,0.0,0.0
integrin binding,molfunc,0.02,0.0,0.0
integrin binding,molfunc,0.03,0.0,0.0008453566098433322
integrin binding,molfunc,0.04,0.0,0.0019212650223712094
integrin binding,molfunc,0.05,0.021756275325664258,0.0049184384572703
integrin binding,molfunc,0.06,0.0380734818199124,0.012270479276210782
integrin binding,molfunc,0.07,0.04079301623562048,0.031764915036537354
integrin binding,molfunc,0.08,0.19852601234668635,0.07385342745994934
integrin binding,molfunc,0.09,0.3562590084577517,0.14681026457612525
integrin binding,molfunc,0.1,0.5819803649615188,0.24423120964382833
integrin binding,molfunc,0.11,0.5819803649615188,0.36078795433434846
integrin binding,molfunc,0.12,0.8022626526338684,0.49968260701830386
integrin binding,molfunc,0.13,1.1639607299230361,0.6264604816278386
integrin binding,molfunc,0.14,1.1313263169345429,0.7666103607930791
integrin binding,molfunc,0.15,1.452231377988087,0.9082460182422825
integrin binding,molfunc,0.16,1.7921731799515908,1.0379698325527864
integrin binding,molfunc,0.17,1.6235620461776974,1.2105250484286894
integrin binding,molfunc,0.18,1.8601615403442915,1.3979380471442562
integrin binding,molfunc,0.19,1.8791982812542476,1.638096174940657
integrin binding,molfunc,0.2,2.1538712572407643,1.9046396757109614
integrin binding,molfunc,0.21,2.085882896848058,2.197056212115854
integrin binding,molfunc,0.22,2.7195344157080283,2.559791048339538
integrin binding,molfunc,0.23,2.988768322863131,2.9282128290294493
integrin binding,molfunc,0.24,3.47556498327486,3.2669446609069674
integrin binding,molfunc,0.25,3.483723586521984,3.6230959623206593
integrin binding,molfunc,0.26,3.6849691332843784,3.883286480083651
integrin binding,molfunc,0.27,3.731201218351415,4.125109704232774
integrin binding,molfunc,0.28,3.8562998014740058,4.331837820639939
integrin binding,molfunc,0.29,4.109216502134831,4.467120495081814
integrin binding,molfunc,0.3,4.277827635908729,4.464533191518354
integrin binding,molfunc,0.31,4.1037774333034145,4.431974153605903
integrin binding,molfunc,0.32,4.06842348589921,4.300431541740887
integrin binding,molfunc,0.33,3.334149193658043,4.146089918277068
integrin binding,molfunc,0.34,3.467406380027736,3.8952751738232476
integrin binding,molfunc,0.35000000000000003,3.565309618993245,3.6371596222844373
integrin binding,molfunc,0.36,3.2090506105354737,3.365928234859532
integrin binding,molfunc,0.37,3.067634820918656,3.069464233474172
integrin binding,molfunc,0.38,2.6515460553153276,2.7861673017087965
integrin binding,molfunc,0.39,2.325201925430364,2.5117338059132925
integrin binding,molfunc,0.4,2.1620298604878827,2.2920691716888517
integrin binding,molfunc,0.41000000000000003,1.9689429169726234,2.046352183761068
integrin binding,molfunc,0.42,1.607244839683445,1.810343988412977
integrin binding,molfunc,0.43,1.4930243942237076,1.632076211203894
integrin binding,molfunc,0.44,1.1829974708329924,1.451759084637615
integrin binding,molfunc,0.45,1.2210709526529049,1.2900910372218188
integrin binding,molfunc,0.46,1.0714965597889632,1.1439211943198175
integrin binding,molfunc,0.47000000000000003,0.87569008185799,1.0154526064906015
integrin binding,molfunc,0.48,0.7886649805553282,0.8908777824400468
integrin binding,molfunc,0.49,0.7968235838024523,0.8052662130431857
integrin binding,molfunc,0.5,0.8022626526338684,0.7320019735234304
integrin binding,molfunc,0.51,0.7777868428924961,0.6427528090175465
integrin binding,molfunc,0.52,0.764189170813956,0.5702826923737045
integrin binding,molfunc,0.53,0.6146147779500144,0.49922150341293475
integrin binding,molfunc,0.54,0.4296864376818685,0.4418653382784129
integrin binding,molfunc,0.55,0.47319898833319696,0.4062835100640982
integrin binding,molfunc,0.56,0.4405645753447006,0.36145399287543667
integrin binding,molfunc,0.5700000000000001,0.28827064806505426,0.32379719843696453
integrin binding,molfunc,0.58,0.2719534415708028,0.27679024755627873
integrin binding,molfunc,0.59,0.3181855266378393,0.2524286070726118
integrin binding,molfunc,0.6,0.15773299611106564,0.219382848687827
integrin binding,molfunc,0.61,0.15773299611106564,0.2018609116838016
integrin binding,molfunc,0.62,0.2202822876723503,0.18633709030304224
integrin binding,molfunc,0.63,0.1713306681896058,0.16433220158015066
integrin binding,molfunc,0.64,0.2637948383236787,0.1445047465492798
integrin binding,molfunc,0.65,0.1631720649424817,0.13505212263921346
integrin binding,molfunc,0.66,0.0761469636398248,0.12298657829872228
integrin binding,molfunc,0.67,0.027195344157080283,0.11581385554853643
integrin binding,molfunc,0.68,0.027195344157080283,0.10318474013481636
integrin binding,molfunc,0.6900000000000001,0.0190367409099562,0.09265620781222213
integrin binding,molfunc,0.7000000000000001,0.008158603247124176,0.08097491647620608
integrin binding,molfunc,0.71,0.008158603247124085,0.07446823226710804
integrin binding,molfunc,0.72,0.021756275325664227,0.06919115767232845
integrin binding,molfunc,0.73,0.04079301623562043,0.0575098663363115
integrin binding,molfunc,0.74,0.0571102227298686,0.05594723745144958
integrin binding,molfunc,0.75,0.027195344157080283,0.04872328096733384
integrin binding,molfunc,0.76,0.005439068831416057,0.04518815332617082
integrin binding,molfunc,0.77,0.029914878572788312,0.03904010525458295
integrin binding,molfunc,0.78,0.03263441298849634,0.03307137525174973
integrin binding,molfunc,0.79,0.027195344157080283,0.03371179692587347
integrin binding,molfunc,0.8,0.010878137662832113,0.03040722108739499
integrin binding,molfunc,0.81,0.043512550651328454,0.02487397782296591
integrin binding,molfunc,0.8200000000000001,0.024475809741372256,0.021236382713943087
integrin binding,molfunc,0.8300000000000001,0.0326344129884967,0.020288558636240187
integrin binding,molfunc,0.84,0.029914878572788312,0.019981156232660564
integrin binding,molfunc,0.85,0.0027195344157080283,0.018444144214763602
integrin binding,molfunc,0.86,0.01631720649424817,0.01711206713258623
integrin binding,molfunc,0.87,0.008158603247124085,0.016292327389707845
integrin binding,molfunc,0.88,0.008158603247124085,0.01239856361103553
integrin binding,molfunc,0.89,0.008158603247124085,0.011476356400297351
integrin binding,molfunc,0.9,0.008158603247124085,0.008863435969872508
integrin binding,molfunc,0.91,0.024475809741372256,0.009222072107381801
integrin binding,molfunc,0.92,0.008158603247124085,0.007633826355554934
integrin binding,molfunc,0.93,0.0,0.004687886654585748
integrin binding,molfunc,0.9400000000000001,0.0,0.0022286674259506018
integrin binding,molfunc,0.9500000000000001,0.0,0.00281785536614447
integrin binding,molfunc,0.96,0.0,0.0022799011598805007
integrin binding,molfunc,0.97,0.0,0.0019212650223712083
integrin binding,molfunc,0.98,0.0,2.5616866964949443e-05
integrin binding,molfunc,0.99,0.0,0.0
mRNA binding,molfunc,0.0,0.0,0.0
mRNA binding,molfunc,0.01,0.0,0.0
mRNA binding,molfunc,0.02,0.0,0.0
mRNA binding,molfunc,0.03,0.0,0.0008556307242991865
mRNA binding,molfunc,0.04,0.0,0.0019446152824981508
mRNA binding,molfunc,0.05,0.0,0.005185640753328407
mRNA binding,molfunc,0.06,0.0,0.012782604456954503
mRNA binding,molfunc,0.07,0.0011955287225775607,0.0325139675233691
mRNA binding,molfunc,0.08,0.0,0.07664377033419385
mRNA binding,molfunc,0.09,0.002391057445155118,0.1519392740725221
mRNA binding,molfunc,0.1,0.010759758503198045,0.2525147764833267
mRNA binding,molfunc,0.11,0.004782114890310243,0.37061774464038116
mRNA binding,molfunc,0.12,0.02869268934186141,0.5127820858928787
mRNA binding,molfunc,0.13,0.05499432123856771,0.6439787969520872
mRNA binding,molfunc,0.14,0.16498296371570356,0.783135466567657
mRNA binding,molfunc,0.15,0.1506366190447724,0.9298631716830819
mRNA binding,molfunc,0.16,0.2068264690059177,1.0631859954511549
mRNA binding,molfunc,0.17,0.3060553529798559,1.234078786477096
mRNA binding,molfunc,0.18,0.4351724550182315,1.4232250329547458
mRNA binding,molfunc,0.19,0.5104907645406177,1.6648499638560825
mRNA binding,molfunc,0.2,0.7220993484368475,1.932662380561733
mRNA binding,molfunc,0.21,0.8045908302946971,2.2261955754038816
mRNA binding,molfunc,0.22,0.9588140355072022,2.5960354739312628
mRNA binding,molfunc,0.23,1.1883555502420968,2.966523577552819
mRNA binding,molfunc,0.24,1.349751927790064,3.31051305692485
mRNA binding,molfunc,0.25,1.5685336840217572,3.666325797214478
mRNA binding,molfunc,0.26,1.8590471636081038,3.9252966964356983
mRNA binding,molfunc,0.27,1.970231334807817,4.168088396506533
mRNA binding,molfunc,0.28,2.426923306832458,4.368617124437767
mRNA binding,molfunc,0.29,3.0175144957857585,4.495146758818956
mRNA binding,molfunc,0.3,3.1179389084822735,4.491957589755659
mRNA binding,molfunc,0.31,3.1442405403789797,4.456773017244326
mRNA binding,molfunc,0.32,3.1191344372048513,4.323839116532752
mRNA binding,molfunc,0.33,3.238687309462607,4.158028253445076
mRNA binding,molfunc,0.34,3.3450893657720098,3.9031280822152192
mRNA binding,molfunc,0.35000000000000003,3.4491003646362763,3.640553162670456
mRNA binding,molfunc,0.36,3.303245860481795,3.3657919873553306
mRNA binding,molfunc,0.37,3.3737820551138715,3.0628468545458856
mRNA binding,molfunc,0.38,3.1561958276047553,2.7768587669998244
mRNA binding,molfunc,0.39,3.0175144957857585,2.498986207232722
mRNA binding,molfunc,0.4,3.1012015063661877,2.2732811934441037
mRNA binding,molfunc,0.41000000000000003,2.8082969693347013,2.0290893703698805
mRNA binding,molfunc,0.42,2.637336362006095,1.790472111105463
mRNA binding,molfunc,0.43,2.449638352561418,1.613019484526565
mRNA binding,molfunc,0.44,2.428118835555022,1.4280217506515747
mRNA binding,molfunc,0.45,2.08141550600753,1.272271030625356
mRNA binding,molfunc,0.46,1.9427341741885331,1.125906320362662
mRNA binding,molfunc,0.47000000000000003,1.8363321178791407,0.9963171579369907
mRNA binding,molfunc,0.48,1.694064199892401,0.8724840567475032
mRNA binding,molfunc,0.49,1.6307011775957903,0.7872839791703174
mRNA binding,molfunc,0.5,1.5840755574152654,0.7141923727521537
mRNA binding,molfunc,0.51,1.4023551915834767,0.6275662439678028
mRNA binding,molfunc,0.52,1.3569251001255294,0.5550709862362718
mRNA binding,molfunc,0.53,1.2971486639966514,0.4830165079687737
mRNA binding,molfunc,0.54,1.1536852172873442,0.4263115263311277
mRNA binding,molfunc,0.55,1.073584792874648,0.39244929221189323
mRNA binding,molfunc,0.56,1.0484786897005192,0.3473082894541695
mRNA binding,molfunc,0.5700000000000001,1.2218303544742788,0.3039822609601141
mRNA binding,molfunc,0.58,1.035327873752166,0.26029323761331896
mRNA binding,molfunc,0.59,0.9396855759459612,0.23815055159660672
mRNA binding,molfunc,0.6,0.9038197142686344,0.20395125082840593
mRNA binding,molfunc,0.61,0.8667583238687302,0.1870201337687887
mRNA binding,molfunc,0.62,0.9121884153266774,0.17091871922970403
mRNA binding,molfunc,0.63,0.7758981409528357,0.1511354997557562
mRNA binding,molfunc,0.64,0.6946021878175617,0.13371174682457276
mRNA binding,molfunc,0.65,0.6671050271982778,0.1237812447819489
mRNA binding,molfunc,0.66,0.6228704644629082,0.11169870182669371
mRNA binding,molfunc,0.67,0.6527586825273471,0.10332389201006835
mRNA binding,molfunc,0.68,0.6061330623468224,0.0915524875000129
mRNA binding,molfunc,0.6900000000000001,0.5977643612887794,0.08099970856698958
mRNA binding,molfunc,0.7000000000000001,0.5678761432243468,0.06972093992850109
mRNA binding,molfunc,0.71,0.5905911889533141,0.06264254030020706
mRNA binding,molfunc,0.72,0.55831191344372,0.05813103284481135
mRNA binding,molfunc,0.73,0.4279992826827661,0.04931544356415307
mRNA binding,molfunc,0.74,0.46027855819236013,0.047189330855288425
mRNA binding,molfunc,0.75,0.4435411560762743,0.03995536200439531
mRNA binding,molfunc,0.76,0.4590830294697826,0.03583277760549924
mRNA binding,molfunc,0.77,0.34670332954749206,0.03228061368946928
mRNA binding,molfunc,0.78,0.3825691912248188,0.02548742430260908
mRNA binding,molfunc,0.79,0.40647976567637,0.025565208913909006
mRNA binding,molfunc,0.8,0.3945244784505944,0.02232418344307876
mRNA binding,molfunc,0.81,0.30485982425727753,0.018979445157181942
mRNA binding,molfunc,0.8200000000000001,0.23073704345746884,0.016723691429484086
mRNA binding,molfunc,0.8300000000000001,0.2104130551736527,0.01628291196545135
mRNA binding,molfunc,0.84,0.25345208918644246,0.015012429980885715
mRNA binding,molfunc,0.85,0.2594297327993303,0.013067814698387565
mRNA binding,molfunc,0.86,0.2235638711220035,0.012627035234354652
mRNA binding,molfunc,0.87,0.17813377966405627,0.012704819845654577
mRNA binding,molfunc,0.88,0.1853069519995216,0.008608163650525143
mRNA binding,molfunc,0.89,0.18291589455436652,0.007726604722459314
mRNA binding,molfunc,0.9,0.1422679179867295,0.0059634868663276585
mRNA binding,molfunc,0.91,0.16020084882539287,0.0060931278851608685
mRNA binding,molfunc,0.92,0.16020084882539287,0.0043300100290292135
mRNA binding,molfunc,0.93,0.10042441269651495,0.0025668921728975573
mRNA binding,molfunc,0.9400000000000001,0.050212206348257474,0.0011667691694988898
mRNA binding,molfunc,0.9500000000000001,0.1075975850319815,0.0005185640753328457
mRNA binding,molfunc,0.96,0.09205571163847202,0.0003111384451997039
mRNA binding,molfunc,0.97,0.08846912547073936,2.5928203766641994e-05
mRNA binding,molfunc,0.98,0.001195528722577559,0.0
mRNA binding,molfunc,0.99,0.0,0.0
magnesium ion binding,molfunc,0.0,0.0,0.0
magnesium ion binding,molfunc,0.01,0.0,0.0
magnesium ion binding,molfunc,0.02,0.0,0.0
magnesium ion binding,molfunc,0.03,0.0,0.0008447221504066184
magnesium ion binding,molfunc,0.04,0.0,0.0019198230691059508
magnesium ion binding,molfunc,0.05,0.008865510210112598,0.005042735261518301
magnesium ion binding,molfunc,0.06,0.0206861904902627,0.012440453487806553
magnesium ion binding,molfunc,0.07,0.03841721091048792,0.03179227002439457
magnesium ion binding,molfunc,0.08,0.04137238098052545,0.07530825959079615
magnesium ion binding,molfunc,0.09,0.038417210910487866,0.14972060174934265
magnesium ion binding,molfunc,0.1,0.05319306126067558,0.24906504616534553
magnesium ion binding,molfunc,0.11,0.0650137415408257,0.3654319217940876
magnesium ion binding,molfunc,0.12,0.1359378232217263,0.5056813964025071
magnesium ion binding,molfunc,0.13,0.22754809539288964,0.6349750806965624
magnesium ion binding,molfunc,0.14,0.3900824492449548,0.7733047322358786
magnesium ion binding,molfunc,0.15,0.5910340140075055,0.9161139709364376
magnesium ion binding,molfunc,0.16,0.5998995242176182,1.0488633367548836
magnesium ion binding,molfunc,0.17,0.8717751706610731,1.2173470092996252
magnesium ion binding,molfunc,0.18,0.9249682319217463,1.4063855875042544
magnesium ion binding,molfunc,0.19,1.220485238925499,1.6439828905368068
magnesium ion binding,molfunc,0.2,1.6548952392210203,1.9091488528417258
magnesium ion binding,molfunc,0.21,2.018381157835632,2.1975574731032768
magnesium ion binding,molfunc,0.22,2.61828068205325,2.5607879977781223
magnesium ion binding,molfunc,0.23,3.2034043559206893,2.926399103058668
magnesium ion binding,molfunc,0.24,3.70578326782706,3.265107087730792
magnesium ion binding,molfunc,0.25,3.9924347646207003,3.618584911214579
magnesium ion binding,molfunc,0.26,4.004255444900851,3.8803719849178666
magnesium ion binding,molfunc,0.27,4.527320547297493,4.1179180926685754
magnesium ion binding,molfunc,0.28,4.249534560713989,4.328074724633398
magnesium ion binding,molfunc,0.29,4.18452081917314,4.466199595045317
magnesium ion binding,molfunc,0.3,4.474127486036817,4.462692718239083
magnesium ion binding,molfunc,0.31,4.107686397352164,4.4316939750832525
magnesium ion binding,molfunc,0.32,4.465261975826705,4.296820005068329
magnesium ion binding,molfunc,0.33,4.146103608262652,4.138447400687549
magnesium ion binding,molfunc,0.34,3.655545376636422,3.8933243912241013
magnesium ion binding,molfunc,0.35000000000000003,3.865362451609108,3.6345066438677183
magnesium ion binding,molfunc,0.36,3.6289488460060846,3.362173342104789
magnesium ion binding,molfunc,0.37,3.501876532994471,3.065701464952987
magnesium ion binding,molfunc,0.38,3.1354354443098176,2.7818748224163636
magnesium ion binding,molfunc,0.39,2.925618369337153,2.5063930108201204
magnesium ion binding,molfunc,0.4,2.9019770087768526,2.2855621625910936
magnesium ion binding,molfunc,0.41000000000000003,2.7010254440143155,2.0399527979501504
magnesium ion binding,molfunc,0.42,2.517804899671974,1.802304299635744
magnesium ion binding,molfunc,0.43,2.107036259936758,1.6266532876330102
magnesium ion binding,molfunc,0.44,1.4096161234079008,1.449594405379599
magnesium ion binding,molfunc,0.45,1.3505127220071502,1.2889180133158915
magnesium ion binding,molfunc,0.46,1.1732025178048986,1.142985862422918
magnesium ion binding,molfunc,0.47000000000000003,1.1406956470344922,1.013052237105833
magnesium ion binding,molfunc,0.48,0.7919855787700575,0.8907723064242391
magnesium ion binding,molfunc,0.49,0.7624338780696822,0.8055577597968564
magnesium ion binding,molfunc,0.5,0.5496616330269801,0.7342427321898007
magnesium ion binding,molfunc,0.51,0.5910340140075055,0.6444718054784065
magnesium ion binding,molfunc,0.52,0.6146753745678059,0.5717233099797517
magnesium ion binding,molfunc,0.53,0.42849966015544155,0.5009202351911244
magnesium ion binding,molfunc,0.54,0.36348591861461593,0.4424296256856964
magnesium ion binding,molfunc,0.55,0.42258932001536653,0.4067721118821686
magnesium ion binding,molfunc,0.56,0.425544490085404,0.3616434709377181
magnesium ion binding,molfunc,0.5700000000000001,0.3368893879842819,0.3233494001192883
magnesium ion binding,molfunc,0.58,0.2600549661633025,0.27688968184692075
magnesium ion binding,molfunc,0.59,0.22459292532285213,0.25328865691737823
magnesium ion binding,molfunc,0.6,0.19799639469251437,0.2189878180826853
magnesium ion binding,molfunc,0.61,0.2541446260232274,0.20099267651493222
magnesium ion binding,molfunc,0.62,0.1802653742722892,0.18670919288078394
magnesium ion binding,molfunc,0.63,0.1595791837820265,0.16443924527915493
magnesium ion binding,molfunc,0.64,0.1388929932917638,0.14567617448375947
magnesium ion binding,molfunc,0.65,0.14184816336180134,0.1352579346287445
magnesium ion binding,molfunc,0.66,0.06501374154082562,0.12304785990923066
magnesium ion binding,molfunc,0.67,0.05023789119063798,0.11554775111925675
magnesium ion binding,molfunc,0.68,0.05023789119063798,0.1029281141450003
magnesium ion binding,molfunc,0.6900000000000001,0.0738792517509382,0.09212590967616417
magnesium ion binding,molfunc,0.7000000000000001,0.06501374154082633,0.08042778777507947
magnesium ion binding,molfunc,0.71,0.05910340140075056,0.0739771822628826
magnesium ion binding,molfunc,0.72,0.03250687077041281,0.06906243520597136
magnesium ion binding,molfunc,0.73,0.011820680280150113,0.05774827791870696
magnesium ion binding,molfunc,0.74,0.0,0.056442798231714914
magnesium ion binding,molfunc,0.75,0.008865510210112584,0.04886589651897676
magnesium ion binding,molfunc,0.76,0.0029551700700375283,0.045179836226293346
magnesium ion binding,molfunc,0.77,0.0206861904902627,0.03911319532791854
magnesium ion binding,molfunc,0.78,0.04432755105056292,0.03296976150677951
magnesium ion binding,molfunc,0.79,0.02659653063033775,0.03371209309350047
magnesium ion binding,molfunc,0.8,0.0413723809805254,0.0301284233645027
magnesium ion binding,molfunc,0.81,0.008865510210112584,0.02518807866667006
magnesium ion binding,molfunc,0.8200000000000001,0.0,0.02145082309214381
magnesium ion binding,molfunc,0.8300000000000001,0.0,0.020580503300816004
magnesium ion binding,molfunc,0.84,0.0,0.020247733968837413
magnesium ion binding,molfunc,0.85,0.0,0.01845589910433853
magnesium ion binding,molfunc,0.86,0.0,0.017252809981032135
magnesium ion binding,molfunc,0.87,0.0,0.01635689254878269
magnesium ion binding,molfunc,0.88,0.0,0.012466051128727965
magnesium ion binding,molfunc,0.89,0.0,0.011544536055557109
magnesium ion binding,molfunc,0.9,0.0,0.008933576681573019
magnesium ion binding,molfunc,0.91,0.0,0.00944552950000127
magnesium ion binding,molfunc,0.92,0.0,0.0077048899173452106
magnesium ion binding,molfunc,0.93,0.0,0.0046843682886185175
magnesium ion binding,molfunc,0.9400000000000001,0.0,0.0022269947601629013
magnesium ion binding,molfunc,0.9500000000000001,0.0,0.002815740501355424
magnesium ion binding,molfunc,0.96,0.0,0.002278190042005727
magnesium ion binding,molfunc,0.97,0.0,0.0019198230691059497
magnesium ion binding,molfunc,0.98,0.0,2.5597640921412662e-05
magnesium ion binding,molfunc,0.99,0.0,0.0
metal ion binding,molfunc,0.0,0.0,0.0
metal ion binding,molfunc,0.01,0.0,0.0
metal ion binding,molfunc,0.02,0.0,0.0
metal ion binding,molfunc,0.03,0.00028941326284512525,0.0010331044547808458
metal ion binding,molfunc,0.04,0.00328001697891142,0.0014119094215338224
metal ion binding,molfunc,0.05,0.008585926797738721,0.0038224864826891317
metal ion binding,molfunc,0.06,0.02064481274961892,0.009607871429461857
metal ion binding,molfunc,0.07,0.04900731250844124,0.025724300924043077
metal ion binding,molfunc,0.08,0.11865943776650144,0.05943794296505803
metal ion binding,molfunc,0.09,0.23529298269308668,0.11787721829049441
metal ion binding,molfunc,0.1,0.39688205444828206,0.19401701660784293
metal ion binding,molfunc,0.11,0.5850006752976137,0.283552736022183
metal ion binding,molfunc,0.12,0.8019641513438416,0.3956101325507449
metal ion binding,molfunc,0.13,1.0076405101391104,0.4971987372708613
metal ion binding,molfunc,0.14,1.1477165293561542,0.6351870556144246
metal ion binding,molfunc,0.15,1.3177950568214696,0.7689396456933829
metal ion binding,molfunc,0.16,1.4319203534700637,0.9068935272217851
metal ion binding,molfunc,0.17,1.5609986686989938,1.090648372912141
metal ion binding,molfunc,0.18,1.7249995176445603,1.2870415297659765
metal ion binding,molfunc,0.19,1.8610237511817693,1.5615718202164066
metal ion binding,molfunc,0.2,2.144745219857613,1.8220863268969814
metal ion binding,molfunc,0.21,2.3643134152694416,2.135943460259397
metal ion binding,molfunc,0.22,2.670512647359584,2.5222900895322735
metal ion binding,molfunc,0.23,3.007100272048473,2.9008195617639836
metal ion binding,molfunc,0.24,3.2802099210866476,3.2648511348135854
metal ion binding,molfunc,0.25,3.5301665090972203,3.654503698341761
metal ion binding,molfunc,0.26,3.746937042968219,3.929447230574103
metal ion binding,molfunc,0.27,4.02786085010322,4.154836185792123
metal ion binding,molfunc,0.28,4.152308553126648,4.38990188606995
metal ion binding,molfunc,0.29,4.240000771768697,4.543662265756475
metal ion binding,molfunc,0.3,4.2181983059676975,4.550101950191276
metal ion binding,molfunc,0.31,4.154816801404616,4.526753789513228
metal ion binding,molfunc,0.32,4.042138571070247,4.389695265178969
metal ion binding,molfunc,0.33,3.8502575778039287,4.241410339102758
metal ion binding,molfunc,0.34,3.616411661425068,3.989401725766551
metal ion binding,molfunc,0.35000000000000003,3.4682320708483827,3.6965510496513616
metal ion binding,molfunc,0.36,3.1572092843774695,3.4384471200319267
metal ion binding,molfunc,0.37,2.8428100098400484,3.1503487244087087
metal ion binding,molfunc,0.38,2.5831098419803564,2.8569470592509485
metal ion binding,molfunc,0.39,2.370391093789189,2.5598262180559774
metal ion binding,molfunc,0.4,2.1717571243898184,2.3333697215680163
metal ion binding,molfunc,0.41000000000000003,1.985567925292799,2.067069829940685
metal ion binding,molfunc,0.42,1.7628161839896568,1.824737961664247
metal ion binding,molfunc,0.43,1.566786933955892,1.6536214271373797
metal ion binding,molfunc,0.44,1.3870612977290695,1.4714506749443574
metal ion binding,molfunc,0.45,1.2431264350074271,1.3059817781036254
metal ion binding,molfunc,0.46,1.117521078932643,1.1524280193080325
metal ion binding,molfunc,0.47000000000000003,0.9801462501688291,1.026285965379297
metal ion binding,molfunc,0.48,0.8729668718285122,0.8959770568162674
metal ion binding,molfunc,0.49,0.7862393640625898,0.8119512278274255
metal ion binding,molfunc,0.5,0.7003800960852026,0.744179575593802
metal ion binding,molfunc,0.51,0.6324644504042133,0.6481352981143428
metal ion binding,molfunc,0.52,0.5607864323062374,0.5761279176161179
metal ion binding,molfunc,0.53,0.46894595689671764,0.5114900155619962
metal ion binding,molfunc,0.54,0.41347508151806867,0.4518454517059822
metal ion binding,molfunc,0.55,0.3760442995234325,0.4179251887740111
metal ion binding,molfunc,0.56,0.33842057535356623,0.37067787837536714
metal ion binding,molfunc,0.5700000000000001,0.3048486368635351,0.330111310117643
metal ion binding,molfunc,0.58,0.2621119450500683,0.28196864252485193
metal ion binding,molfunc,0.59,0.2362576935692371,0.2590337236287172
metal ion binding,molfunc,0.6,0.21638464952053849,0.21967244390156698
metal ion binding,molfunc,0.61,0.18946921607594186,0.20572553376202557
metal ion binding,molfunc,0.62,0.17364795770707506,0.19129650821025312
metal ion binding,molfunc,0.63,0.16293966698180543,0.16491790779818222
metal ion binding,molfunc,0.64,0.13457716722298316,0.14955908823710698
metal ion binding,molfunc,0.65,0.12560535607478426,0.13878036509222683
metal ion binding,molfunc,0.66,0.10582878311370073,0.1285181941747371
metal ion binding,molfunc,0.67,0.10332053483570965,0.11915138045139079
metal ion binding,molfunc,0.68,0.09531343456366119,0.10503228623605255
metal ion binding,molfunc,0.6900000000000001,0.09116517779621439,0.09225622781192945
metal ion binding,molfunc,0.7000000000000001,0.07553686160257848,0.08199405689444064
metal ion binding,molfunc,0.71,0.06154855389839659,0.07824044404206933
metal ion binding,molfunc,0.72,0.05585675972910914,0.07335041628943999
metal ion binding,molfunc,0.73,0.04948966794651639,0.06016111608340454
metal ion binding,molfunc,0.74,0.04852495707036597,0.05861145940123327
metal ion binding,molfunc,0.75,0.04360493160199884,0.05027775013266779
metal ion binding,molfunc,0.76,0.03762372416986626,0.04738505765928142
metal ion binding,molfunc,0.77,0.033282525227189386,0.040979810039640185
metal ion binding,molfunc,0.78,0.029423681722587715,0.034367941529042774
metal ion binding,molfunc,0.79,0.026626020181751503,0.03615865591732957
metal ion binding,molfunc,0.8,0.02913426845974259,0.030614328676672374
metal ion binding,molfunc,0.81,0.022188350151459587,0.026068669075636652
metal ion binding,molfunc,0.8200000000000001,0.01765420903355263,0.02255611392938178
metal ion binding,molfunc,0.8300000000000001,0.01861891990970325,0.02104089406237011
metal ion binding,molfunc,0.84,0.01832950664685792,0.02069652591077626
metal ion binding,molfunc,0.85,0.01900480426016321,0.018044891143505427
metal ion binding,molfunc,0.86,0.01755773794593759,0.016942913058405857
metal ion binding,molfunc,0.87,0.015531845106021711,0.016460797646174793
metal ion binding,molfunc,0.88,0.015242431843176587,0.011329712187429933
metal ion binding,molfunc,0.89,0.012348299214725337,0.011123091296473764
metal ion binding,molfunc,0.9,0.009261224411044001,0.008712514235318458
metal ion binding,molfunc,0.91,0.007331802658743169,0.010089986841692919
metal ion binding,molfunc,0.92,0.005691794169287459,0.008333709268565482
metal ion binding,molfunc,0.93,0.004534141117906959,0.004683406861673164
metal ion binding,molfunc,0.9400000000000001,0.002604719365606126,0.00206620890956169
metal ion binding,molfunc,0.9500000000000001,0.0069459183082830785,0.0013085989760557514
metal ion binding,molfunc,0.96,0.004437670030291918,0.0014807830518525444
metal ion binding,molfunc,0.97,0.006656505045437876,0.00020662089095616897
metal ion binding,molfunc,0.98,0.0,3.44368151593615e-05
metal ion binding,molfunc,0.99,0.0,0.0
metalloendopeptidase activity,molfunc,0.0,0.0,0.0
metalloendopeptidase activity,molfunc,0.01,0.0,0.0
metalloendopeptidase activity,molfunc,0.02,0.0,0.0
metalloendopeptidase activity,molfunc,0.03,0.0,0.0008420790472360413
metalloendopeptidase activity,molfunc,0.04,0.0,0.001913816016445548
metalloendopeptidase activity,molfunc,0.05,0.009269129165314924,0.005052474283416251
metalloendopeptidase activity,molfunc,0.06,0.0417110812439171,0.012350492692795263
metalloendopeptidase activity,molfunc,0.07,0.013903693747972385,0.031947968701197704
metalloendopeptidase activity,molfunc,0.08,0.08805672707049177,0.07494503520400773
metalloendopeptidase activity,molfunc,0.09,0.38930342494322623,0.14744038590696495
metalloendopeptidase activity,molfunc,0.1,0.5793205728321826,0.24555535368340697
metalloendopeptidase activity,molfunc,0.11,0.9408166102794647,0.3596698233573336
metalloendopeptidase activity,molfunc,0.12,1.4413495852064686,0.4973369888069828
metalloendopeptidase activity,molfunc,0.13,1.923344301802844,0.6243633372051952
metalloendopeptidase activity,molfunc,0.14,1.900171478889562,0.7637912133899769
metalloendopeptidase activity,molfunc,0.15,2.1967836121796336,0.9062556776541812
metalloendopeptidase activity,molfunc,0.16,2.650970941280064,1.036165508850505
metalloendopeptidase activity,molfunc,0.17,3.1746767391203656,1.203586133969165
metalloendopeptidase activity,molfunc,0.18,3.5500764703156107,1.3904256122680188
metalloendopeptidase activity,molfunc,0.19,3.999629234833384,1.6273560351039775
metalloendopeptidase activity,molfunc,0.2,4.912638457616916,1.8904164259511447
metalloendopeptidase activity,molfunc,0.21,4.509431338925704,2.18328131156108
metalloendopeptidase activity,molfunc,0.22,4.449181999351157,2.5508870919999405
metalloendopeptidase activity,molfunc,0.23,4.680910228484042,2.919130811110958
metalloendopeptidase activity,molfunc,0.24,4.982156926356764,3.2594583339287397
metalloendopeptidase activity,molfunc,0.25,4.792139778467809,3.6153515603469537
metalloendopeptidase activity,molfunc,0.26,4.555776984752279,3.8777229774281956
metalloendopeptidase activity,molfunc,0.27,4.347221578532693,4.120190707938403
metalloendopeptidase activity,molfunc,0.28,3.9671872827548036,4.329383557309368
metalloendopeptidase activity,molfunc,0.29,3.3646938870093126,4.469832135369562
metalloendopeptidase activity,molfunc,0.3,3.3646938870093126,4.46883695104101
metalloendopeptidase activity,molfunc,0.31,3.512999953654351,4.433954464447929
metalloendopeptidase activity,molfunc,0.32,3.6195949390554722,4.30200322950073
metalloendopeptidase activity,molfunc,0.33,2.8363535245863627,4.145682737277458
metalloendopeptidase activity,molfunc,0.34,2.725123974602584,3.897703216639887
metalloendopeptidase activity,molfunc,0.35000000000000003,2.39143532465126,3.643344309280851
metalloendopeptidase activity,molfunc,0.36,2.0531121101172527,3.371684505133107
metalloendopeptidase activity,molfunc,0.37,1.6452704268433966,3.07728856671001
metalloendopeptidase activity,molfunc,0.38,1.2652361310654852,2.7932782698694907
metalloendopeptidase activity,molfunc,0.39,1.0288733373499552,2.5181480793452784
metalloendopeptidase activity,molfunc,0.4,0.8388561894609995,2.298850281407505
metalloendopeptidase activity,molfunc,0.41000000000000003,0.7415303332251969,2.0528100943332768
metalloendopeptidase activity,molfunc,0.42,0.6905501228159608,1.8146037941530098
metalloendopeptidase activity,molfunc,0.43,0.5422440561709222,1.6367720099048895
metalloendopeptidase activity,molfunc,0.44,0.6303007832414139,1.4537601636389235
metalloendopeptidase activity,molfunc,0.45,0.6071279603281267,1.2932037586325849
metalloendopeptidase activity,molfunc,0.46,0.5422440561709222,1.1465544166790842
metalloendopeptidase activity,molfunc,0.47000000000000003,0.48662928117903553,1.0170528662329412
metalloendopeptidase activity,molfunc,0.48,0.3614960374472815,0.8928334479921765
metalloendopeptidase activity,molfunc,0.49,0.39857255410854114,0.8074262185649332
metalloendopeptidase activity,molfunc,0.5,0.35686147286462405,0.7347267274868885
metalloendopeptidase activity,molfunc,0.51,0.2688047457941324,0.6460787696051307
metalloendopeptidase activity,molfunc,0.52,0.27343931037678987,0.5737365241834891
metalloendopeptidase activity,molfunc,0.53,0.21318997080224297,0.5018791121526802
metalloendopeptidase activity,molfunc,0.54,0.1853825833062982,0.4431632367681308
metalloendopeptidase activity,molfunc,0.55,0.1853825833062982,0.4081276448937344
metalloendopeptidase activity,molfunc,0.56,0.2502664874635026,0.36280848162430385
metalloendopeptidase activity,molfunc,0.5700000000000001,0.1390369374797252,0.3244811262016246
metalloendopeptidase activity,molfunc,0.58,0.13903693747972365,0.2775033223846043
metalloendopeptidase activity,molfunc,0.59,0.07878759790517674,0.254001661702653
metalloendopeptidase activity,molfunc,0.6,0.06951846873986182,0.21962952604729094
metalloendopeptidase activity,molfunc,0.61,0.023172822913287275,0.20243069944616698
metalloendopeptidase activity,molfunc,0.62,0.023172822913287275,0.1875539696116636
metalloendopeptidase activity,molfunc,0.63,0.03244195207860219,0.1651240458989218
metalloendopeptidase activity,molfunc,0.64,0.01853825833062982,0.14631761384398356
metalloendopeptidase activity,molfunc,0.65,0.0,0.1360595599958354
metalloendopeptidase activity,molfunc,0.66,0.0,0.12322423391220728
metalloendopeptidase activity,molfunc,0.67,0.0,0.11562000494019697
metalloendopeptidase activity,molfunc,0.68,0.0,0.10303985432542825
metalloendopeptidase activity,molfunc,0.6900000000000001,0.0,0.09247558991464883
metalloendopeptidase activity,molfunc,0.7000000000000001,0.0,0.08073751834711704
metalloendopeptidase activity,molfunc,0.71,0.0,0.07425606143808723
metalloendopeptidase activity,molfunc,0.72,0.0,0.06912703451401316
metalloendopeptidase activity,molfunc,0.73,0.0,0.05766965596222581
metalloendopeptidase activity,molfunc,0.74,0.0,0.05626619088349908
metalloendopeptidase activity,molfunc,0.75,0.0,0.04878954964591847
metalloendopeptidase activity,molfunc,0.76,0.0,0.04506398780057115
metalloendopeptidase activity,molfunc,0.77,0.0,0.03916943446991886
metalloendopeptidase activity,molfunc,0.78,0.0,0.033249363592380635
metalloendopeptidase activity,molfunc,0.79,0.0,0.03383626717075727
metalloendopeptidase activity,molfunc,0.8,0.0,0.030391398341155285
metalloendopeptidase activity,molfunc,0.81,0.0,0.025185818776423397
metalloendopeptidase activity,molfunc,0.8200000000000001,0.0,0.021383704290418245
metalloendopeptidase activity,molfunc,0.8300000000000001,0.0,0.020516107696296488
metalloendopeptidase activity,molfunc,0.84,0.0,0.020184379586779034
metalloendopeptidase activity,molfunc,0.85,0.0,0.018398151304763192
metalloendopeptidase activity,molfunc,0.86,0.0,0.01719882660112398
metalloendopeptidase activity,molfunc,0.87,0.0,0.01630571246011606
metalloendopeptidase activity,molfunc,0.88,0.0,0.012427045333453084
metalloendopeptidase activity,molfunc,0.89,0.0,0.011508413645559221
metalloendopeptidase activity,molfunc,0.9,0.0,0.008905623863193279
metalloendopeptidase activity,molfunc,0.91,0.0,0.00941597480091209
metalloendopeptidase activity,molfunc,0.92,0.0,0.007680781612668128
metalloendopeptidase activity,molfunc,0.93,0.0,0.004669711080127135
metalloendopeptidase activity,molfunc,0.9400000000000001,0.0,0.0022200265790768346
metalloendopeptidase activity,molfunc,0.9500000000000001,0.0,0.0028069301574535
metalloendopeptidase activity,molfunc,0.96,0.0,0.002271061672848716
metalloendopeptidase activity,molfunc,0.97,0.0,0.001913816016445547
metalloendopeptidase activity,molfunc,0.98,0.0,2.5517546885940626e-05
metalloendopeptidase activity,molfunc,0.99,0.0,0.0
microtubule binding,molfunc,0.0,0.0,0.0
microtubule binding,molfunc,0.01,0.0,0.0
microtubule binding,molfunc,0.02,0.0,0.0
microtubule binding,molfunc,0.03,0.0,0.000859747109295742
microtubule binding,molfunc,0.04,0.0,0.001953970702944868
microtubule binding,molfunc,0.05,0.0,0.005210588541186318
microtubule binding,molfunc,0.06,0.0009793264192888124,0.012818047811318324
microtubule binding,molfunc,0.07,0.01371056987004339,0.0323317018980611
microtubule binding,molfunc,0.08,0.01958652838577627,0.07649143978461516
microtubule binding,molfunc,0.09,0.02644181332079793,0.15201892068911063
microtubule binding,molfunc,0.1,0.03721440393297492,0.25297407367459573
microtubule binding,molfunc,0.11,0.06071823799590644,0.3708896923616421
microtubule binding,molfunc,0.12,0.1116432117989246,0.5129042830516745
microtubule binding,molfunc,0.13,0.12241580241110153,0.6450187555134534
microtubule binding,molfunc,0.14,0.23895564630647087,0.7841414695631301
microtubule binding,molfunc,0.15,0.2742113974008674,0.9303245310861099
microtubule binding,molfunc,0.16,0.30163253714095417,1.0647837683914225
microtubule binding,molfunc,0.17,0.444614194357122,1.2348573783757473
microtubule binding,molfunc,0.18,0.6150169913133741,1.4231941011969231
microtubule binding,molfunc,0.19,0.886290409456375,1.6604061445344298
microtubule binding,molfunc,0.2,1.2408065732389286,1.9246871953434048
microtubule binding,molfunc,0.21,1.554191027411345,2.213093271098062
microtubule binding,molfunc,0.22,2.118283044921701,2.573066780465918
microtubule binding,molfunc,0.23,2.6510366170148223,2.936166642958494
microtubule binding,molfunc,0.24,3.2944540744875646,3.268211397745584
microtubule binding,molfunc,0.25,3.6538668703665587,3.620942189041191
microtubule binding,molfunc,0.26,4.465728471956984,3.8658919563623595
microtubule binding,molfunc,0.27,4.575413030917331,4.10935670594929
microtubule binding,molfunc,0.28,4.903487381379111,4.312074653144167
microtubule binding,molfunc,0.29,4.900549402121216,4.452161326073938
microtubule binding,molfunc,0.3,5.068993546238892,4.446664155162986
microtubule binding,molfunc,0.31,5.172802146683506,4.409121864723739
microtubule binding,molfunc,0.32,5.21980981480937,4.273750774423718
microtubule binding,molfunc,0.33,5.045489712175961,4.114384923891534
microtubule binding,molfunc,0.34,4.616544740527461,3.8719883449555477
microtubule binding,molfunc,0.35000000000000003,4.355064586577373,3.617372935890499
microtubule binding,molfunc,0.36,4.11512961385159,3.3444944139885515
microtubule binding,molfunc,0.37,3.6323216891422048,3.0544730557861213
microtubule binding,molfunc,0.38,3.432539099607287,2.767682262479227
microtubule binding,molfunc,0.39,3.0378705526338954,2.4959500700563604
microtubule binding,molfunc,0.4,2.588359726180331,2.2829412104926643
microtubule binding,molfunc,0.41000000000000003,2.321982940133787,2.0382780255412722
microtubule binding,molfunc,0.42,1.9214384346446498,1.8054428765783508
microtubule binding,molfunc,0.43,1.6756275034031578,1.6295855133133128
microtubule binding,molfunc,0.44,1.4014161060022905,1.4505236380954454
microtubule binding,molfunc,0.45,1.2594137752054126,1.2902459345685542
microtubule binding,molfunc,0.46,1.0801970404755599,1.1449226201548681
microtubule binding,molfunc,0.47000000000000003,0.9313394247436656,1.0163513479011015
microtubule binding,molfunc,0.48,0.7717092183995841,0.8930688230166277
microtubule binding,molfunc,0.49,0.7472260579173637,0.8067293708891706
microtubule binding,molfunc,0.5,0.6189342969905294,0.7356829961300952
microtubule binding,molfunc,0.51,0.6218722762483958,0.6446019084301585
microtubule binding,molfunc,0.52,0.5503814476403125,0.5726697336190816
microtubule binding,molfunc,0.53,0.5072910851916048,0.5001122881830622
microtubule binding,molfunc,0.54,0.427965645229211,0.44211843771965853
microtubule binding,molfunc,0.55,0.3486402052668172,0.4084580357435949
microtubule binding,molfunc,0.56,0.33199165613890735,0.3629956507217444
microtubule binding,molfunc,0.5700000000000001,0.2369969934678952,0.32576599559497177
microtubule binding,molfunc,0.58,0.23307968779073732,0.2779067398441719
microtubule binding,molfunc,0.59,0.15473357424763234,0.25565752677330633
microtubule binding,molfunc,0.6,0.13122974018470085,0.22113737768794706
microtubule binding,molfunc,0.61,0.10870523254105817,0.2039163825593263
microtubule binding,molfunc,0.62,0.08911870415528192,0.1892485758158868
microtubule binding,molfunc,0.63,0.11360186463750221,0.16574882149513653
microtubule binding,molfunc,0.64,0.08520139847812667,0.14722517923121922
microtubule binding,molfunc,0.65,0.06953217576950567,0.1370645315759059
microtubule binding,molfunc,0.66,0.04406968886799656,0.12463727790517656
microtubule binding,molfunc,0.67,0.04406968886799656,0.11687350097880896
microtubule binding,molfunc,0.68,0.04406968886799656,0.1040294002247847
microtubule binding,molfunc,0.6900000000000001,0.029379792578664368,0.09363427608511801
microtubule binding,molfunc,0.7000000000000001,0.03427642467510881,0.08151965772686075
microtubule binding,molfunc,0.71,0.01273124345075456,0.07547537501908372
microtubule binding,molfunc,0.72,0.0078346113543105,0.07036899824872113
microtubule binding,molfunc,0.73,0.020565854805065058,0.05833253871858075
microtubule binding,molfunc,0.74,0.010772590612176936,0.05716015629681383
microtubule binding,molfunc,0.75,0.0068552849350216865,0.04963085585479961
microtubule binding,molfunc,0.76,0.01273124345075456,0.04567080856349802
microtubule binding,molfunc,0.77,0.015669222708621,0.039574419970310026
microtubule binding,molfunc,0.78,0.01762787554719862,0.03347803137712205
microtubule binding,molfunc,0.79,0.00881393777359931,0.034311725543711855
microtubule binding,molfunc,0.8,0.0078346113543105,0.03082063122111703
microtubule binding,molfunc,0.81,0.004896632096444062,0.025583989737224786
microtubule binding,molfunc,0.8200000000000001,0.01273124345075456,0.021493677732393534
microtubule binding,molfunc,0.8300000000000001,0.0127312434507547,0.02060787768039209
microtubule binding,molfunc,0.84,0.01273124345075456,0.02026918942521475
microtubule binding,molfunc,0.85,0.020565854805065058,0.01823705989415209
microtubule binding,molfunc,0.86,0.011751917031465747,0.01724704807132669
microtubule binding,molfunc,0.87,0.01762787554719862,0.016178877420383493
microtubule binding,molfunc,0.88,0.01273124345075456,0.012349094842611557
microtubule binding,molfunc,0.89,0.013710569870043373,0.01138513596249209
microtubule binding,molfunc,0.9,0.010772590612176936,0.008805894634604865
microtubule binding,molfunc,0.91,0.00391730567715525,0.009509324087665019
microtubule binding,molfunc,0.92,0.009793264192888123,0.0075814063274260825
microtubule binding,molfunc,0.93,0.002937979257866437,0.00468952968706768
microtubule binding,molfunc,0.9400000000000001,0.0,0.002266606015416045
microtubule binding,molfunc,0.9500000000000001,0.0,0.002865823697652503
microtubule binding,molfunc,0.96,0.0,0.0023187119008279086
microtubule binding,molfunc,0.97,0.0,0.0019539707029448666
microtubule binding,molfunc,0.98,0.0,2.6052942705931557e-05
microtubule binding,molfunc,0.99,0.0,0.0
molecular adaptor activity,molfunc,0.0,0.0,0.0
molecular adaptor activity,molfunc,0.01,0.0,0.0
molecular adaptor activity,molfunc,0.02,0.0,0.0
molecular adaptor activity,molfunc,0.03,0.0,0.0008683214241734368
molecular adaptor activity,molfunc,0.04,0.0,0.001973457782212356
molecular adaptor activity,molfunc,0.05,0.004999535757393959,0.0050783646928931345
molecular adaptor activity,molfunc,0.06,0.0049995357573939525,0.01278800642873606
molecular adaptor activity,molfunc,0.07,0.019283923635662413,0.03231208208742367
molecular adaptor activity,molfunc,0.08,0.04285316363480536,0.0762017831638265
molecular adaptor activity,molfunc,0.09,0.05356645454350663,0.15227200247550532
molecular adaptor activity,molfunc,0.1,0.07999257211830334,0.2535498558586437
molecular adaptor activity,molfunc,0.11,0.12355995514702212,0.3716678823166607
molecular adaptor activity,molfunc,0.12,0.16569889938791382,0.5149146045348477
molecular adaptor activity,molfunc,0.13,0.18284016484183596,0.6480045973672488
molecular adaptor activity,molfunc,0.14,0.25783320120274594,0.7888831702467837
molecular adaptor activity,molfunc,0.15,0.2856877575653687,0.9364451868154067
molecular adaptor activity,molfunc,0.16,0.36710876847149876,1.0699824967451093
molecular adaptor activity,molfunc,0.17,0.4099619321063052,1.2440151603658132
molecular adaptor activity,molfunc,0.18,0.587802561190746,1.4322567200184388
molecular adaptor activity,molfunc,0.19,0.8577774920900195,1.6691769049656393
molecular adaptor activity,molfunc,0.2,1.0306185854170702,1.939251180654013
molecular adaptor activity,molfunc,0.21,1.3155921235885226,2.2284548404446207
molecular adaptor activity,molfunc,0.22,1.6269917793347746,2.595702177329125
molecular adaptor activity,molfunc,0.23,2.0505238799254393,2.9611339330540023
molecular adaptor activity,molfunc,0.24,2.2219365344646547,3.307462617447048
molecular adaptor activity,molfunc,0.25,2.58833108354224,3.659869551809315
molecular adaptor activity,molfunc,0.26,2.9461549998928644,3.9158928080883317
molecular adaptor activity,molfunc,0.27,3.3596880289687356,4.149497583961415
molecular adaptor activity,molfunc,0.28,3.6639454907758737,4.351842788564279
molecular adaptor activity,molfunc,0.29,4.0774785198517245,4.478012522773699
molecular adaptor activity,molfunc,0.3,4.457443237413664,4.462987930858455
molecular adaptor activity,molfunc,0.31,4.403162563476244,4.429860152887717
molecular adaptor activity,molfunc,0.32,4.486726232564115,4.29132341657641
molecular adaptor activity,molfunc,0.33,4.407447879839725,4.128605244240394
molecular adaptor activity,molfunc,0.34,4.238892102876157,3.8784760485375855
molecular adaptor activity,molfunc,0.35000000000000003,4.111761050759592,3.6189795065618955
molecular adaptor activity,molfunc,0.36,4.046767085913448,3.33932738243717
molecular adaptor activity,molfunc,0.37,3.8110746859220184,3.042124640435989
molecular adaptor activity,molfunc,0.38,3.458250305328788,2.7601043669726293
molecular adaptor activity,molfunc,0.39,3.216844150186051,2.4839518413150468
molecular adaptor activity,molfunc,0.4,2.8718761829258685,2.269450136773779
molecular adaptor activity,molfunc,0.41000000000000003,2.6768942883875195,2.022373222440803
molecular adaptor activity,molfunc,0.42,2.457628934456084,1.7845320905285589
molecular adaptor activity,molfunc,0.43,2.266218136887287,1.6073682072267483
molecular adaptor activity,molfunc,0.44,2.026954639926291,1.4279677384384306
molecular adaptor activity,molfunc,0.45,1.834115403569667,1.2693806710598456
molecular adaptor activity,molfunc,0.46,1.59056659024519,1.1267654553319661
molecular adaptor activity,molfunc,0.47000000000000003,1.5598551563069216,0.9940438412855834
molecular adaptor activity,molfunc,0.48,1.3848714047981245,0.871689458788412
molecular adaptor activity,molfunc,0.49,1.254883475105882,0.7886200425424865
molecular adaptor activity,molfunc,0.5,1.1170391320805915,0.7184965093478742
molecular adaptor activity,molfunc,0.51,0.9841943248126951,0.6314801775375241
molecular adaptor activity,molfunc,0.52,0.9763379114796474,0.5571992266150511
molecular adaptor activity,molfunc,0.53,0.8177812060308678,0.4886018341053496
molecular adaptor activity,molfunc,0.54,0.7285037817916902,0.43118736902818483
molecular adaptor activity,molfunc,0.55,0.6420832351281661,0.3982437804504532
molecular adaptor activity,molfunc,0.56,0.5099526472541831,0.3567485414831348
molecular adaptor activity,molfunc,0.5700000000000001,0.48852606543678584,0.3173846369206092
molecular adaptor activity,molfunc,0.58,0.3921064472584685,0.272495050567882
molecular adaptor activity,molfunc,0.59,0.3892495696828148,0.24802417406844876
molecular adaptor activity,molfunc,0.6,0.3156849721097324,0.2152384621132942
molecular adaptor activity,molfunc,0.61,0.3492532836236632,0.19600382692933108
molecular adaptor activity,molfunc,0.62,0.33711155392713504,0.18111079886623518
molecular adaptor activity,molfunc,0.63,0.2521194460514379,0.16116571888067563
molecular adaptor activity,molfunc,0.64,0.24497725211230365,0.14195739646714206
molecular adaptor activity,molfunc,0.65,0.2271217672644681,0.13193223093350329
molecular adaptor activity,molfunc,0.66,0.20998050181054598,0.11932841389777372
molecular adaptor activity,molfunc,0.67,0.2006956496896715,0.11182927432536678
molecular adaptor activity,molfunc,0.68,0.18141172605400913,0.09956752330522067
molecular adaptor activity,molfunc,0.6900000000000001,0.15212873090355883,0.0897528599350179
molecular adaptor activity,molfunc,0.7000000000000001,0.1464149757522531,0.07785948770088565
molecular adaptor activity,molfunc,0.71,0.1214172969652817,0.0720969909768247
molecular adaptor activity,molfunc,0.72,0.11641776120788773,0.06699231351350207
molecular adaptor activity,molfunc,0.73,0.07999257211830324,0.05651983088256184
molecular adaptor activity,molfunc,0.74,0.08070679151221664,0.05504631573850996
molecular adaptor activity,molfunc,0.75,0.0664224036339482,0.04786292941125698
molecular adaptor activity,molfunc,0.76,0.06070864848264085,0.04423176709198625
molecular adaptor activity,molfunc,0.77,0.059280209694814,0.0382061426636312
molecular adaptor activity,molfunc,0.78,0.04713847999828583,0.0325488970212891
molecular adaptor activity,molfunc,0.79,0.0528522351495932,0.032943588577731574
molecular adaptor activity,molfunc,0.8,0.06070864848264085,0.02910192409502486
molecular adaptor activity,molfunc,0.81,0.04213894424089188,0.024418250958574205
molecular adaptor activity,molfunc,0.8200000000000001,0.04999535757393952,0.020208207689854513
molecular adaptor activity,molfunc,0.8300000000000001,0.04713847999828635,0.01941882457696979
molecular adaptor activity,molfunc,0.84,0.05999442908872742,0.018603128693655133
molecular adaptor activity,molfunc,0.85,0.0664224036339482,0.016524419829724784
molecular adaptor activity,molfunc,0.86,0.03713940848349793,0.016366543207147796
molecular adaptor activity,molfunc,0.87,0.054994893331333464,0.014787776981377912
molecular adaptor activity,molfunc,0.88,0.06785084242177505,0.010314606008363241
molecular adaptor activity,molfunc,0.89,0.05356645454350663,0.009893601681491272
molecular adaptor activity,molfunc,0.9,0.04928113818002609,0.007367575720259458
molecular adaptor activity,molfunc,0.91,0.048566918786112676,0.007920143899278918
molecular adaptor activity,molfunc,0.92,0.05428067393742005,0.005920373346637065
molecular adaptor activity,molfunc,0.93,0.017855484847835543,0.0041574177278606945
molecular adaptor activity,molfunc,0.9400000000000001,0.009999071514787905,0.0019208322413533589
molecular adaptor activity,molfunc,0.9500000000000001,0.0314256533321909,0.0017366428483468917
molecular adaptor activity,molfunc,0.96,0.010713290908701325,0.001947145011782857
molecular adaptor activity,molfunc,0.97,0.0021426581817402647,0.0018945194709238608
molecular adaptor activity,molfunc,0.98,0.0007142193939134217,0.0
molecular adaptor activity,molfunc,0.99,0.0,0.0
nucleic acid binding,molfunc,0.0,0.0,0.0
nucleic acid binding,molfunc,0.01,0.0,0.0
nucleic acid binding,molfunc,0.02,0.0,0.0
nucleic acid binding,molfunc,0.03,0.00026845541492468924,0.0010627199608919053
nucleic acid binding,molfunc,0.04,0.0018791879044728248,0.0019128959296054295
nucleic acid binding,molfunc,0.05,0.004921682606952639,0.005136479810977546
nucleic acid binding,molfunc,0.06,0.01440710726762498,0.011760767567203742
nucleic acid binding,molfunc,0.07,0.030424947024798133,0.03241295880720313
nucleic acid binding,molfunc,0.08,0.06442929958192546,0.07920806108514339
nucleic acid binding,molfunc,0.09,0.12662147070614502,0.15753052220287664
nucleic acid binding,molfunc,0.1,0.19650936372487268,0.2675220381551891
nucleic acid binding,molfunc,0.11,0.28214664108584864,0.394800465471343
nucleic acid binding,molfunc,0.12,0.4089470820686097,0.5395429241448199
nucleic acid binding,molfunc,0.13,0.5216088711986709,0.674968871161145
nucleic acid binding,molfunc,0.14,0.6217427409655816,0.8287090255035093
nucleic acid binding,molfunc,0.15,0.7292143920737638,0.9862041237076874
nucleic acid binding,molfunc,0.16,0.8295272321172892,1.1303089504046295
nucleic acid binding,molfunc,0.17,0.9972223813069144,1.300344144147338
nucleic acid binding,molfunc,0.18,1.1604432735811225,1.4979746328745323
nucleic acid binding,molfunc,0.19,1.3091675734494004,1.7714479028107155
nucleic acid binding,molfunc,0.2,1.5595469904358312,2.044496084762548
nucleic acid binding,molfunc,0.21,1.8540425806082108,2.33139505020466
nucleic acid binding,molfunc,0.22,2.173683494645207,2.71471814009837
nucleic acid binding,molfunc,0.23,2.548178798465156,3.0794436306764803
nucleic acid binding,molfunc,0.24,2.8411531412862927,3.438217889473578
nucleic acid binding,molfunc,0.25,3.1333221178626625,3.8151646596019373
nucleic acid binding,molfunc,0.26,3.3787798522421366,4.080419561840557
nucleic acid binding,molfunc,0.27,3.668532730084184,4.300721409733448
nucleic acid binding,molfunc,0.28,3.9234758891243526,4.487299610867395
nucleic acid binding,molfunc,0.29,4.079985396025425,4.615711606141809
nucleic acid binding,molfunc,0.3,4.097524483133838,4.607386966448155
nucleic acid binding,molfunc,0.31,4.056092864097128,4.5764972395848975
nucleic acid binding,molfunc,0.32,3.9771669721092686,4.425378461146068
nucleic acid binding,molfunc,0.33,3.8762277360975856,4.242342659881786
nucleic acid binding,molfunc,0.34,3.7461163449974193,3.9487485586860496
nucleic acid binding,molfunc,0.35000000000000003,3.581016264818756,3.658448889369098
nucleic acid binding,molfunc,0.36,3.3573034190481614,3.367299044083392
nucleic acid binding,molfunc,0.37,3.1341274841074367,3.043842511986593
nucleic acid binding,molfunc,0.38,2.9193631521676853,2.731686235473944
nucleic acid binding,molfunc,0.39,2.7024511769085366,2.433805830435943
nucleic acid binding,molfunc,0.4,2.543436086134813,2.190868047376054
nucleic acid binding,molfunc,0.41000000000000003,2.3035264303304617,1.943537688477822
nucleic acid binding,molfunc,0.42,2.0942206918274997,1.6953217296121588
nucleic acid binding,molfunc,0.43,1.8971744172727776,1.5253219598681507
nucleic acid binding,molfunc,0.44,1.7353852872114985,1.3359806868359096
nucleic acid binding,molfunc,0.45,1.5567729511482717,1.1836220684427068
nucleic acid binding,molfunc,0.46,1.4179815016322077,1.0344870339308763
nucleic acid binding,molfunc,0.47000000000000003,1.289033417330056,0.9053311346838185
nucleic acid binding,molfunc,0.48,1.1623224614855954,0.782091043219049
nucleic acid binding,molfunc,0.49,1.078743342305709,0.6968963263542145
nucleic acid binding,molfunc,0.5,1.0330164366302037,0.6137562014137712
nucleic acid binding,molfunc,0.51,0.8785650879101992,0.5511619957172381
nucleic acid binding,molfunc,0.52,0.7949859687303126,0.48385639819408416
nucleic acid binding,molfunc,0.53,0.714896769944447,0.4153463847152527
nucleic acid binding,molfunc,0.54,0.6239798694232856,0.36961400239820436
nucleic acid binding,molfunc,0.55,0.5827272206631917,0.3373073155870905
nucleic acid binding,molfunc,0.56,0.5350316419449053,0.29377122118921883
nucleic acid binding,molfunc,0.5700000000000001,0.5137341790275524,0.24814511086826244
nucleic acid binding,molfunc,0.58,0.4521684038714846,0.2073012403713142
nucleic acid binding,molfunc,0.59,0.4243385258576252,0.18523208918345896
nucleic acid binding,molfunc,0.6,0.37288457133039316,0.1578139141924478
nucleic acid binding,molfunc,0.61,0.34129631750758804,0.14608857062394048
nucleic acid binding,molfunc,0.62,0.3411173472309716,0.12550722738133394
nucleic acid binding,molfunc,0.63,0.2968222037683979,0.11197525987931033
nucleic acid binding,molfunc,0.64,0.2668446824351409,0.09762854040726963
nucleic acid binding,molfunc,0.65,0.24160987343222018,0.09323596456891642
nucleic acid binding,molfunc,0.66,0.229081954069068,0.08037705304212438
nucleic acid binding,molfunc,0.67,0.22407078632380714,0.07180444535759635
nucleic acid binding,molfunc,0.68,0.19883597732088637,0.06432998163265662
nucleic acid binding,molfunc,0.6900000000000001,0.1926615027776185,0.05210870208239972
nucleic acid binding,molfunc,0.7000000000000001,0.17279580207319345,0.04367779039265776
nucleic acid binding,molfunc,0.71,0.15167730943244934,0.04304015841612213
nucleic acid binding,molfunc,0.72,0.14952966611305182,0.0367701106468599
nucleic acid binding,molfunc,0.73,0.12161030296088415,0.031917022825453535
nucleic acid binding,molfunc,0.74,0.1280532329190767,0.027418174991011134
nucleic acid binding,molfunc,0.75,0.10666628486340979,0.02550527906140571
nucleic acid binding,molfunc,0.76,0.10093923601168309,0.02260051116830117
nucleic acid binding,molfunc,0.77,0.08456345570127706,0.020900159230874123
nucleic acid binding,molfunc,0.78,0.08053662447740673,0.014275871474647917
nucleic acid binding,molfunc,0.79,0.07731515949831046,0.01636588739773533
nucleic acid binding,molfunc,0.8,0.0753464864555294,0.01236297554504249
nucleic acid binding,molfunc,0.81,0.05932864669835629,0.011477375577632568
nucleic acid binding,molfunc,0.8200000000000001,0.04805351927151934,0.010662623607615442
nucleic acid binding,molfunc,0.8300000000000001,0.0495747666227598,0.008855999674099302
nucleic acid binding,molfunc,0.84,0.05118549911230738,0.007757855714510903
nucleic acid binding,molfunc,0.85,0.04706918275012882,0.006907679745797379
nucleic acid binding,molfunc,0.86,0.046174331367046524,0.005596991794030697
nucleic acid binding,molfunc,0.87,0.03498868907851781,0.008785151676706411
nucleic acid binding,molfunc,0.88,0.02899318481186642,0.005774111787512681
nucleic acid binding,molfunc,0.89,0.02890369967355819,0.004534271833138793
nucleic acid binding,molfunc,0.9,0.02362407651337264,0.0030110398891937296
nucleic acid binding,molfunc,0.91,0.024071502204913785,0.0035423998696396818
nucleic acid binding,molfunc,0.92,0.020044670981043452,0.0027276478996225545
nucleic acid binding,molfunc,0.93,0.012706889639768616,0.0014523839465522695
nucleic acid binding,molfunc,0.9400000000000001,0.006890355649733686,0.00035423998696396813
nucleic acid binding,molfunc,0.9500000000000001,0.009753880075597144,3.542399869639721e-05
nucleic acid binding,molfunc,0.96,0.007964177309432443,0.0
nucleic acid binding,molfunc,0.97,0.006711385373117227,0.0
nucleic acid binding,molfunc,0.98,8.94851383082297e-05,0.0
nucleic acid binding,molfunc,0.99,0.0,0.0
other,molfunc,0.0,0.0,0.0
other,molfunc,0.01,0.0,0.0
other,molfunc,0.02,0.0,0.0
other,molfunc,0.03,0.0014658222599768396,0.0004785059131368215
other,molfunc,0.04,0.00195442967996912,0.0018741481597858841
other,molfunc,0.05,0.0025826392199591957,0.006499705320108496
other,molfunc,0.06,0.005095477379919487,0.016747706959788743
other,molfunc,0.07,0.020172506339681283,0.03851972600751415
other,molfunc,0.08,0.05639925647910892,0.08565255845149111
other,molfunc,0.09,0.1074238313383026,0.17238175520753982
other,molfunc,0.1,0.197536999796879,0.2758586589233778
other,molfunc,0.11,0.3093582979151123,0.39341161158399035
other,molfunc,0.12,0.46019838857272843,0.5266755083925945
other,molfunc,0.13,0.5953332407305931,0.6521238086199644
other,molfunc,0.14,0.7578301084080278,0.7769739764559156
other,molfunc,0.15,0.8795631570461021,0.9326080247036646
other,molfunc,0.16,0.968559508544696,1.088680703371791
other,molfunc,0.17,1.1623272511016374,1.2441153741557385
other,molfunc,0.18,1.3512787205186487,1.4313706881632777
other,molfunc,0.19,1.5673130012152352,1.6820679111542105
other,molfunc,0.2,1.8324872281510503,1.9495128411049376
other,molfunc,0.21,2.0773493466271757,2.263811475050301
other,molfunc,0.22,2.477449022540854,2.609173117856802
other,molfunc,0.23,2.7970680762758113,3.00402024718021
other,molfunc,0.24,3.128483509150567,3.3491027615373725
other,molfunc,0.25,3.4586425229453504,3.715000283115996
other,molfunc,0.26,3.7550876247606664,3.953615231800223
other,molfunc,0.27,3.9974369050768375,4.192270055977213
other,molfunc,0.28,4.2482321136528975,4.372626909737057
other,molfunc,0.29,4.425177800750078,4.485833433686653
other,molfunc,0.3,4.4528888215696405,4.468447718842682
other,molfunc,0.31,4.479832030729215,4.399821995800309
other,molfunc,0.32,4.392650506790592,4.2443474495236035
other,molfunc,0.33,4.2619131214126575,4.068018020532685
other,molfunc,0.34,3.98208067187708,3.8394118205315686
other,molfunc,0.35000000000000003,3.7134861930013443,3.5925027693529894
other,molfunc,0.36,3.4429372844455983,3.319634772386697
other,molfunc,0.37,3.149772832450231,3.023559238633289
other,molfunc,0.38,2.8291067628152975,2.7596632275383315
other,molfunc,0.39,2.5889911164190917,2.4648637095532884
other,molfunc,0.4,2.370513798622544,2.245349121901772
other,molfunc,0.41000000000000003,2.1079222109067044,2.010043839116751
other,molfunc,0.42,1.8722040312904176,1.772027022823933
other,molfunc,0.43,1.7125690070729398,1.584053949946685
other,molfunc,0.44,1.4854363578365288,1.4285794036699795
other,molfunc,0.45,1.351627725818643,1.25392474537504
other,molfunc,0.46,1.209791971900884,1.1052290328677727
other,molfunc,0.47000000000000003,1.0759833398830045,0.9788237208141346
other,molfunc,0.48,0.9527844689849452,0.8540134284709416
other,molfunc,0.49,0.8675573747262918,0.7695571348022927
other,molfunc,0.5,0.8055042323872724,0.6910422895550925
other,molfunc,0.51,0.6818167540692267,0.6224165665127201
other,molfunc,0.52,0.5888417421506958,0.5625235763850948
other,molfunc,0.53,0.5205065044117755,0.4887539147765014
other,molfunc,0.54,0.4642468500526645,0.4289008001416374
other,molfunc,0.55,0.4222266119333284,0.3981567952225966
other,molfunc,0.56,0.3780425409540266,0.353137363894974
other,molfunc,0.5700000000000001,0.3349752869347108,0.31689054097486336
other,molfunc,0.58,0.29358325835536114,0.26712592600863044
other,molfunc,0.59,0.25686790079594124,0.2508567249619785
other,molfunc,0.6,0.22071095171651256,0.21772019047725363
other,molfunc,0.61,0.20870516939670225,0.1973039381834159
other,molfunc,0.62,0.1938375436169372,0.18255000586169728
other,molfunc,0.63,0.17499125741723498,0.1583455817555264
other,molfunc,0.64,0.16047263693746439,0.13713181960646068
other,molfunc,0.65,0.1533529288175769,0.12500966980699452
other,molfunc,0.66,0.13855510409781072,0.11340590141342663
other,molfunc,0.67,0.1244552899780335,0.10957785410833205
other,molfunc,0.68,0.11251930871822209,0.09673794543916069
other,molfunc,0.6900000000000001,0.09751208081845923,0.08880272237964172
other,molfunc,0.7000000000000001,0.08438948153866752,0.07795658834854131
other,molfunc,0.71,0.07336091405884083,0.07412854104344588
other,molfunc,0.72,0.06512438897897098,0.07081887514424953
other,molfunc,0.73,0.057516073439091195,0.057261207605372934
other,molfunc,0.74,0.05374681619915075,0.05722133211261154
other,molfunc,0.75,0.04983795683921252,0.047770840328159314
other,molfunc,0.76,0.041182625399349276,0.04689357948740847
other,molfunc,0.77,0.0334347077394717,0.04210852035604026
other,molfunc,0.78,0.030223858979522438,0.034691678702419536
other,molfunc,0.79,0.030503063219518026,0.03544931306488617
other,molfunc,0.8,0.030084256859524643,0.030305374498665338
other,molfunc,0.81,0.02247594131964486,0.026517202686332172
other,molfunc,0.8200000000000001,0.023104150859634933,0.020216874830030696
other,molfunc,0.8300000000000001,0.018148275599713444,0.0216922680622028
other,molfunc,0.84,0.0190556893796989,0.020655505250406114
other,molfunc,0.85,0.017380463939725373,0.01882123258338163
other,molfunc,0.86,0.01528643213975846,0.0181433492064378
other,molfunc,0.87,0.012773593979798168,0.018183224699199203
other,molfunc,0.88,0.010121153699840077,0.013637418524399404
other,molfunc,0.89,0.007817718719876474,0.013517792046115197
other,molfunc,0.9,0.005514283739912869,0.010766383045578476
other,molfunc,0.91,0.007329111299884194,0.010527130089010066
other,molfunc,0.92,0.0036994561799415454,0.009889122204827638
other,molfunc,0.93,0.002303434979963604,0.005981323914210265
other,molfunc,0.9400000000000001,0.0021638328599658096,0.002233027594638499
other,molfunc,0.9500000000000001,0.0017450264999724463,0.003389416884719188
other,molfunc,0.96,0.003210848759949266,0.0017146461887402758
other,molfunc,0.97,0.004886074199922796,0.00019937746380700882
other,molfunc,0.98,0.0,3.9875492761401765e-05
other,molfunc,0.99,0.0,0.0
phosphatidylinositol binding,molfunc,0.0,0.0,0.0
phosphatidylinositol binding,molfunc,0.01,0.0,0.0
phosphatidylinositol binding,molfunc,0.02,0.0,0.0
phosphatidylinositol binding,molfunc,0.03,0.0,0.0008535175137914204
phosphatidylinositol binding,molfunc,0.04,0.0,0.001939812531344137
phosphatidylinositol binding,molfunc,0.05,0.0,0.0051728334169177026
phosphatidylinositol binding,molfunc,0.06,0.005398402072986391,0.012647577704363765
phosphatidylinositol binding,molfunc,0.07,0.0040488015547397995,0.032381937189904814
phosphatidylinositol binding,molfunc,0.08,0.031040811919671795,0.07585960205909811
phosphatidylinositol binding,molfunc,0.09,0.03643921399265814,0.15091741493857377
phosphatidylinositol binding,molfunc,0.1,0.10526884042323477,0.2501064957079709
phosphatidylinositol binding,molfunc,0.11,0.19434247462751036,0.3660814209152658
phosphatidylinositol binding,molfunc,0.12,0.12416324767868701,0.5097568690701543
phosphatidylinositol binding,molfunc,0.13,0.24292809328438764,0.6389225194905891
phosphatidylinositol binding,molfunc,0.14,0.36169293889008924,0.777838960901916
phosphatidylinositol binding,molfunc,0.15,0.36844094148132117,0.923764591593162
phosphatidylinositol binding,molfunc,0.16,0.5668322176635711,1.054171722033657
phosphatidylinositol binding,molfunc,0.17,0.7827683005830289,1.22265090642267
phosphatidylinositol binding,molfunc,0.18,0.9649643705463175,1.4106316727934556
phosphatidylinositol binding,molfunc,0.19,1.2294860721226506,1.6482199116324854
phosphatidylinositol binding,molfunc,0.2,1.4643165622975627,1.9154484859504588
phosphatidylinositol binding,molfunc,0.21,1.7477326711293442,2.204609873956153
phosphatidylinositol binding,molfunc,0.22,1.9798639602677592,2.5724241940660852
phosphatidylinositol binding,molfunc,0.23,2.6074282012524344,2.9349363599236855
phosphatidylinositol binding,molfunc,0.24,3.2228460375728756,3.26977386700076
phosphatidylinositol binding,molfunc,0.25,3.6398725977110744,3.621448946849909
phosphatidylinositol binding,molfunc,0.26,4.077143165622972,3.8776852501569277
phosphatidylinositol binding,molfunc,0.27,4.271485640250482,4.1185582382157
phosphatidylinositol binding,molfunc,0.28,4.692561001943447,4.320402198143852
phosphatidylinositol binding,molfunc,0.29,5.008367523213124,4.453344016958614
phosphatidylinositol binding,molfunc,0.3,5.16896998488447,4.4492574785592485
phosphatidylinositol binding,molfunc,0.31,4.9192938890088485,4.419513686411971
phosphatidylinositol binding,molfunc,0.32,4.823472252213341,4.288201310123515
phosphatidylinositol binding,molfunc,0.33,4.661520190023749,4.128490078376181
phosphatidylinositol binding,molfunc,0.34,4.480673720578705,3.8799871610274557
phosphatidylinositol binding,molfunc,0.35000000000000003,4.121679982725132,3.627190791942708
phosphatidylinositol binding,molfunc,0.36,3.8908982941049417,3.354375557534449
phosphatidylinositol binding,molfunc,0.37,3.5292053552148532,3.0606362119547774
phosphatidylinositol binding,molfunc,0.38,3.422586914273372,2.7726904398020538
phosphatidylinositol binding,molfunc,0.39,3.0285035629453656,2.5000562545634066
phosphatidylinositol binding,molfunc,0.4,2.660062621464044,2.283780089402078
phosphatidylinositol binding,molfunc,0.41000000000000003,2.1998488447419664,2.0426743238395555
phosphatidylinositol binding,molfunc,0.42,1.956920751457567,1.8056033683422061
phosphatidylinositol binding,molfunc,0.43,1.7126430576549325,1.6292097488253128
phosphatidylinositol binding,molfunc,0.44,1.419779745195421,1.4498158859266073
phosphatidylinositol binding,molfunc,0.45,1.2294860721226506,1.2905960733538804
phosphatidylinositol binding,molfunc,0.46,1.147160440509608,1.143170320971726
phosphatidylinositol binding,molfunc,0.47000000000000003,0.936622759663144,1.0156341130776259
phosphatidylinositol binding,molfunc,0.48,0.7692722954005607,0.8922361719170486
phosphatidylinositol binding,molfunc,0.49,0.8084107104297121,0.8051256571761547
phosphatidylinositol binding,molfunc,0.5,0.6073202332109691,0.7350596285440045
phosphatidylinositol binding,molfunc,0.51,0.6005722306197361,0.6448454137529599
phosphatidylinositol binding,molfunc,0.52,0.5884258259555166,0.5717791417389975
phosphatidylinositol binding,molfunc,0.53,0.49665299071474805,0.5003681764184487
phosphatidylinositol binding,molfunc,0.54,0.41432735910170554,0.44227725714646293
phosphatidylinositol binding,molfunc,0.55,0.3562945368171018,0.4078779149239603
phosphatidylinositol binding,molfunc,0.56,0.25777369898510016,0.36419333671809034
phosphatidylinositol binding,molfunc,0.5700000000000001,0.24427769380263692,0.32498325941785783
phosphatidylinositol binding,molfunc,0.58,0.24832649535737403,0.2772897353138731
phosphatidylinositol binding,molfunc,0.59,0.17139926581731793,0.25460686078068895
phosphatidylinositol binding,molfunc,0.6,0.14440725545238597,0.2202333827252709
phosphatidylinositol binding,molfunc,0.61,0.16060246167134515,0.2022319224343973
phosphatidylinositol binding,molfunc,0.62,0.15250485856186555,0.18730829802658974
phosphatidylinositol binding,molfunc,0.63,0.16195206218959174,0.16444437432381354
phosphatidylinositol binding,molfunc,0.64,0.12821204923342677,0.14595149485833278
phosphatidylinositol binding,molfunc,0.65,0.11336644353271422,0.13573514885992033
phosphatidylinositol binding,molfunc,0.66,0.09312243575901524,0.12311343532264116
phosphatidylinositol binding,molfunc,0.67,0.09042323472252205,0.11545764186560296
phosphatidylinositol binding,molfunc,0.68,0.0647808248758367,0.10319802666750802
phosphatidylinositol binding,molfunc,0.6900000000000001,0.052634420211617315,0.0927230389982497
phosphatidylinositol binding,molfunc,0.7000000000000001,0.04588641762038483,0.08095484297476284
phosphatidylinositol binding,molfunc,0.71,0.020244007773698967,0.07487676370988365
phosphatidylinositol binding,molfunc,0.72,0.02564240984668536,0.069574609457543
phosphatidylinositol binding,molfunc,0.73,0.01754480673720577,0.058116783439070306
phosphatidylinositol binding,molfunc,0.74,0.014845605700712576,0.056745982583587116
phosphatidylinositol binding,molfunc,0.75,0.016195206218959174,0.0491419174607181
phosphatidylinositol binding,molfunc,0.76,0.0026992010364931956,0.045624390737214075
phosphatidylinositol binding,molfunc,0.77,0.008097603109479587,0.039546311472335775
phosphatidylinositol binding,molfunc,0.78,0.0026992010364931956,0.03364928137704961
phosphatidylinositol binding,molfunc,0.79,0.010796804145972783,0.03408897221748761
phosphatidylinositol binding,molfunc,0.8,0.006748002591232989,0.030674902162321934
phosphatidylinositol binding,molfunc,0.81,0.0013496005182465978,0.025502068745404238
phosphatidylinositol binding,molfunc,0.8200000000000001,0.008097603109479587,0.021518987014377614
phosphatidylinositol binding,molfunc,0.8300000000000001,0.013496005182466127,0.02053614866516348
phosphatidylinositol binding,molfunc,0.84,0.013496005182465978,0.0201999144930636
phosphatidylinositol binding,molfunc,0.85,0.0040488015547397935,0.018570471966734527
phosphatidylinositol binding,molfunc,0.86,0.0026992010364931956,0.01738072028084346
phosphatidylinositol binding,molfunc,0.87,0.0013496005182465978,0.016501338599967448
phosphatidylinositol binding,molfunc,0.88,0.014845605700712576,0.012311343532264115
phosphatidylinositol binding,molfunc,0.89,0.005398402072986391,0.01156128268681105
phosphatidylinositol binding,molfunc,0.9,0.0,0.00902659431252138
phosphatidylinositol binding,molfunc,0.91,0.0,0.009543877654213146
phosphatidylinositol binding,molfunc,0.92,0.0,0.007785114292461132
phosphatidylinositol binding,molfunc,0.93,0.0,0.004733142576479691
phosphatidylinositol binding,molfunc,0.9400000000000001,0.0,0.002250182536359198
phosphatidylinositol binding,molfunc,0.9500000000000001,0.0,0.002845058379304764
phosphatidylinositol binding,molfunc,0.96,0.0,0.0023019108705283745
phosphatidylinositol binding,molfunc,0.97,0.0,0.0019398125313441358
phosphatidylinositol binding,molfunc,0.98,0.0,2.5864167084588476e-05
phosphatidylinositol binding,molfunc,0.99,0.0,0.0
protein dimerization activity,molfunc,0.0,0.0,0.0
protein dimerization activity,molfunc,0.01,0.0,0.0
protein dimerization activity,molfunc,0.02,0.0,0.0
protein dimerization activity,molfunc,0.03,0.0,0.0008768212307647341
protein dimerization activity,molfunc,0.04,0.003958067106200594,0.0018067831421818765
protein dimerization activity,molfunc,0.05,0.003958067106200597,0.005128075682957388
protein dimerization activity,molfunc,0.06,0.008481572370429838,0.012700622675925533
protein dimerization activity,molfunc,0.07,0.01187420131860179,0.032787799962535835
protein dimerization activity,molfunc,0.08,0.06050188290906627,0.07569889958935543
protein dimerization activity,molfunc,0.09,0.08707747633641301,0.1516635025819727
protein dimerization activity,molfunc,0.1,0.17698214346296953,0.2506911609777355
protein dimerization activity,molfunc,0.11,0.2431384079523224,0.3684774796437982
protein dimerization activity,molfunc,0.12,0.38562882377554336,0.5079983366966951
protein dimerization activity,molfunc,0.13,0.4393454487882656,0.6405046239034746
protein dimerization activity,molfunc,0.14,0.5908828751399471,0.7784312605368021
protein dimerization activity,molfunc,0.15,0.7429857396496539,0.9213265508111252
protein dimerization activity,molfunc,0.16,0.8374139120404394,1.0547627999293219
protein dimerization activity,molfunc,0.17,0.9431508475918007,1.2271245976254108
protein dimerization activity,molfunc,0.18,1.0799868818347327,1.4173948047013547
protein dimerization activity,molfunc,0.19,1.3875852398023216,1.652223472504346
protein dimerization activity,molfunc,0.2,1.6267655806484473,1.920132214013467
protein dimerization activity,molfunc,0.21,1.9400183201963186,2.2080484217882086
protein dimerization activity,molfunc,0.22,2.450043538738166,2.566508883129027
protein dimerization activity,molfunc,0.23,2.7180612256437566,2.9386796400781754
protein dimerization activity,molfunc,0.24,2.908048446741377,3.2858477067803493
protein dimerization activity,molfunc,0.25,3.3236454928924397,3.6358056592167824
protein dimerization activity,molfunc,0.26,3.584877921901678,3.8953713138634702
protein dimerization activity,molfunc,0.27,3.875513135128408,4.132989867400713
protein dimerization activity,molfunc,0.28,4.235697241792685,4.331709442700417
protein dimerization activity,molfunc,0.29,4.356701007610794,4.468812398783606
protein dimerization activity,molfunc,0.3,4.341999615502049,4.468466984359365
protein dimerization activity,molfunc,0.31,4.46356881947821,4.427282956853749
protein dimerization activity,molfunc,0.32,4.323905594445131,4.297061718915023
protein dimerization activity,molfunc,0.33,4.247571443111263,4.133388422505607
protein dimerization activity,molfunc,0.34,3.9546744772524196,3.8883036033366998
protein dimerization activity,molfunc,0.35000000000000003,3.8545919232813683,3.6262403366993694
protein dimerization activity,molfunc,0.36,3.6007101903264807,3.353362941549234
protein dimerization activity,molfunc,0.37,3.23091363497574,3.0618597378304497
protein dimerization activity,molfunc,0.38,2.995691361235819,2.77500634366875
protein dimerization activity,molfunc,0.39,2.796091691451703,2.4965491770501322
protein dimerization activity,molfunc,0.4,2.4212061926787043,2.2847304239696333
protein dimerization activity,molfunc,0.41000000000000003,2.28945910185804,2.0341721146935403
protein dimerization activity,molfunc,0.42,2.038969997851333,1.7976163747693348
protein dimerization activity,molfunc,0.43,1.7709523109457501,1.6241917634602008
protein dimerization activity,molfunc,0.44,1.6392052201250735,1.440325008402869
protein dimerization activity,molfunc,0.45,1.4090718898074104,1.2838257038815268
protein dimerization activity,molfunc,0.46,1.3779727911158346,1.1322153419802068
protein dimerization activity,molfunc,0.47000000000000003,1.2366132516086774,1.0036946058223635
protein dimerization activity,molfunc,0.48,1.025139380505953,0.8835700972075894
protein dimerization activity,molfunc,0.49,0.9493706673301133,0.7984121564621053
protein dimerization activity,molfunc,0.5,0.8311940923021243,0.7280273249379908
protein dimerization activity,molfunc,0.51,0.7452474922817685,0.639255817908143
protein dimerization activity,molfunc,0.52,0.6756985988442439,0.567223625283804
protein dimerization activity,molfunc,0.53,0.581835864611487,0.4964668089951226
protein dimerization activity,molfunc,0.54,0.5320773067049652,0.4375072238112758
protein dimerization activity,molfunc,0.55,0.4659210422156125,0.40413487636156353
protein dimerization activity,molfunc,0.56,0.44160720142038024,0.35846046134081877
protein dimerization activity,molfunc,0.5700000000000001,0.3912832053558343,0.32027888229206714
protein dimerization activity,molfunc,0.58,0.36470761192848306,0.2726116917468535
protein dimerization activity,molfunc,0.59,0.30081310007124495,0.25079744233904
protein dimerization activity,molfunc,0.6,0.2357877118979495,0.2180096423765042
protein dimerization activity,molfunc,0.61,0.22900245400160563,0.20015437367729505
protein dimerization activity,molfunc,0.62,0.1911180974136857,0.18644407806897378
protein dimerization activity,molfunc,0.63,0.1899872210976284,0.16319503028354523
protein dimerization activity,molfunc,0.64,0.15606093161590903,0.1451271988617265
protein dimerization activity,molfunc,0.65,0.14814479740350786,0.1347116254538545
protein dimerization activity,molfunc,0.66,0.10290974476121538,0.1234723714958702
protein dimerization activity,molfunc,0.67,0.11365306976375983,0.11504957361246351
protein dimerization activity,molfunc,0.68,0.0961244868648715,0.10277407638175724
protein dimerization activity,molfunc,0.6900000000000001,0.10460605923530134,0.09137540038181571
protein dimerization activity,molfunc,0.7000000000000001,0.09047010528458595,0.07981730233991784
protein dimerization activity,molfunc,0.71,0.07746502764992585,0.07367955372456382
protein dimerization activity,molfunc,0.72,0.0989516776550148,0.06732924238660104
protein dimerization activity,molfunc,0.73,0.08311940923021242,0.05614312910926915
protein dimerization activity,molfunc,0.74,0.08538116186232704,0.05457547903002311
protein dimerization activity,molfunc,0.75,0.07011433159555333,0.047507768503252834
protein dimerization activity,molfunc,0.76,0.05937100659300887,0.04413333528182492
protein dimerization activity,molfunc,0.77,0.05315118685469365,0.038287860410060034
protein dimerization activity,molfunc,0.78,0.05654381580286559,0.03196411941242347
protein dimerization activity,molfunc,0.79,0.06559082633132408,0.03215011179470689
protein dimerization activity,molfunc,0.8,0.057109253960894245,0.02896167095556241
protein dimerization activity,molfunc,0.81,0.029968222375518765,0.024816697864674577
protein dimerization activity,molfunc,0.8200000000000001,0.036753480271862635,0.020538873072155725
protein dimerization activity,molfunc,0.8300000000000001,0.0327954131656624,0.019821473883348435
protein dimerization activity,molfunc,0.84,0.04466961448426381,0.018918082312257282
protein dimerization activity,molfunc,0.85,0.04127698553609188,0.01721758053138022
protein dimerization activity,molfunc,0.86,0.03222997500763338,0.016393899981267893
protein dimerization activity,molfunc,0.87,0.027706469743404138,0.015676500792460385
protein dimerization activity,molfunc,0.88,0.013005077634659088,0.012328637911358676
protein dimerization activity,molfunc,0.89,0.020921211847060268,0.011000120895048475
protein dimerization activity,molfunc,0.9,0.014135953950716398,0.00860879026569011
protein dimerization activity,molfunc,0.91,0.009047010528458495,0.009379330135150028
protein dimerization activity,molfunc,0.92,0.007350696054372527,0.007652258013946765
protein dimerization activity,molfunc,0.93,0.004523505264229248,0.004649809557085708
protein dimerization activity,molfunc,0.9400000000000001,0.000565438158028656,0.002285049268053548
protein dimerization activity,molfunc,0.9500000000000001,0.0,0.0029227374358824776
protein dimerization activity,molfunc,0.96,0.0,0.0023647602890321602
protein dimerization activity,molfunc,0.97,0.0,0.0019927755244653032
protein dimerization activity,molfunc,0.98,0.0,2.6570340326204045e-05
protein dimerization activity,molfunc,0.99,0.0,0.0
protein domain specific binding,molfunc,0.0,0.0,0.0
protein domain specific binding,molfunc,0.01,0.0,0.0
protein domain specific binding,molfunc,0.02,0.0,0.0
protein domain specific binding,molfunc,0.03,0.0,0.0008775281786264449
protein domain specific binding,molfunc,0.04,0.0,0.001994382224151011
protein domain specific binding,molfunc,0.05,0.00444726104310508,0.005105618493826592
protein domain specific binding,molfunc,0.06,0.013897690759703355,0.0124449450787023
protein domain specific binding,molfunc,0.07,0.017233136542032183,0.032548317898144524
protein domain specific binding,molfunc,0.08,0.029463104410571154,0.07719588795613852
protein domain specific binding,molfunc,0.09,0.07004436142890491,0.15253035250306923
protein domain specific binding,molfunc,0.1,0.09450429716598294,0.2546959059055786
protein domain specific binding,molfunc,0.11,0.21680397585137265,0.36983823964656376
protein domain specific binding,molfunc,0.12,0.256829325239318,0.5142581044380851
protein domain specific binding,molfunc,0.13,0.3846880802285889,0.6432813384591609
protein domain specific binding,molfunc,0.14,0.44917336535361363,0.7853611281076811
protein domain specific binding,molfunc,0.15,0.5370067709549377,0.9313233151525441
protein domain specific binding,molfunc,0.16,0.6270638070778154,1.065000107696639
protein domain specific binding,molfunc,0.17,0.7627052688925223,1.2359851437138558
protein domain specific binding,molfunc,0.18,0.8672159034054894,1.4278447136771795
protein domain specific binding,molfunc,0.19,1.0829080639960855,1.6670110299973686
protein domain specific binding,molfunc,0.2,1.285814349087758,1.9366780984655791
protein domain specific binding,molfunc,0.21,1.5348609675016387,2.2276451690877117
protein domain specific binding,molfunc,0.22,1.8256006581946327,2.596472921740705
protein domain specific binding,molfunc,0.23,2.207509200271287,2.963279700406567
protein domain specific binding,molfunc,0.24,2.5254883648532935,3.304452019551325
protein domain specific binding,molfunc,0.25,2.917403244276928,3.655489882764891
protein domain specific binding,molfunc,0.26,3.1380985735410176,3.916993279995572
protein domain specific binding,molfunc,0.27,3.41438466584392,4.155255476374146
protein domain specific binding,molfunc,0.28,3.7801718866393337,4.353576844743746
protein domain specific binding,molfunc,0.29,3.991416786186804,4.486376109109191
protein domain specific binding,molfunc,0.3,4.122610986958403,4.479063374287303
protein domain specific binding,molfunc,0.31,4.292162814226784,4.435452882985868
protein domain specific binding,molfunc,0.32,4.309395950768816,4.297734142467494
protein domain specific binding,molfunc,0.33,4.011985368511164,4.144565587652696
protein domain specific binding,molfunc,0.34,3.9847458946221463,3.88681162900342
protein domain specific binding,molfunc,0.35000000000000003,3.8657816617191068,3.6255209658766687
protein domain specific binding,molfunc,0.36,3.755711950902235,3.345749027472745
protein domain specific binding,molfunc,0.37,3.4738667822954508,3.0501018065645997
protein domain specific binding,molfunc,0.38,3.139210388801794,2.767963201254703
protein domain specific binding,molfunc,0.39,2.9435309029051706,2.489254933370347
protein domain specific binding,molfunc,0.4,2.7195001278587525,2.2703515404475323
protein domain specific binding,molfunc,0.41000000000000003,2.4760125857487636,2.025042526876969
protein domain specific binding,molfunc,0.42,2.2636558709404824,1.7866739634464293
protein domain specific binding,molfunc,0.43,1.9428971682065292,1.615848478007148
protein domain specific binding,molfunc,0.44,1.859511023648309,1.4296263617974212
protein domain specific binding,molfunc,0.45,1.781128047763582,1.265927468839106
protein domain specific binding,molfunc,0.46,1.5559854574563878,1.1235019862717355
protein domain specific binding,molfunc,0.47000000000000003,1.4631488831815773,0.9926705123674346
protein domain specific binding,molfunc,0.48,1.4075581201427558,0.865163008836708
protein domain specific binding,molfunc,0.49,1.2185495258107901,0.7854143116336563
protein domain specific binding,molfunc,0.5,1.1090357226243277,0.7146536303207784
protein domain specific binding,molfunc,0.51,1.0095282567848516,0.6265285277762925
protein domain specific binding,molfunc,0.52,0.8605450118408318,0.5582940639473393
protein domain specific binding,molfunc,0.53,0.8488709516026809,0.4836243934751255
protein domain specific binding,molfunc,0.54,0.7310185339603965,0.42791465001384066
protein domain specific binding,molfunc,0.55,0.674871863291195,0.3940899274922395
protein domain specific binding,molfunc,0.56,0.6181692849916053,0.3499476009310305
protein domain specific binding,molfunc,0.5700000000000001,0.617613377361224,0.30939516237329673
protein domain specific binding,molfunc,0.58,0.4775246545034073,0.2671408509842806
protein domain specific binding,molfunc,0.59,0.46696240952603274,0.24280938784963826
protein domain specific binding,molfunc,0.6,0.37468174288160244,0.21135133223402966
protein domain specific binding,molfunc,0.61,0.4019212167706211,0.19185956996332712
protein domain specific binding,molfunc,0.62,0.32576187140744667,0.1799996436703758
protein domain specific binding,molfunc,0.63,0.3085287348654145,0.1575030121819524
protein domain specific binding,molfunc,0.64,0.2668356625863044,0.1398194897944801
protein domain specific binding,molfunc,0.65,0.24015209632767398,0.13029963864453264
protein domain specific binding,molfunc,0.66,0.202906285091669,0.1187056299814681
protein domain specific binding,molfunc,0.67,0.20957717665632658,0.11046218345497726
protein domain specific binding,molfunc,0.68,0.17455499594187412,0.09902772536984479
protein domain specific binding,molfunc,0.6900000000000001,0.16677228911644026,0.08839102017437275
protein domain specific binding,molfunc,0.7000000000000001,0.1612132128125607,0.07642472682946753
protein domain specific binding,molfunc,0.71,0.13397373892354034,0.07097341541678727
protein domain specific binding,molfunc,0.72,0.11674060238150819,0.06645281570871164
protein domain specific binding,molfunc,0.73,0.10840198792568617,0.05491199057162447
protein domain specific binding,molfunc,0.74,0.09172475901404215,0.054247196496907464
protein domain specific binding,molfunc,0.75,0.09339248190520655,0.04637603465225815
protein domain specific binding,molfunc,0.76,0.091168851383654,0.04260000430786556
protein domain specific binding,molfunc,0.77,0.08116251403666759,0.0369359587912767
protein domain specific binding,molfunc,0.78,0.05725848592997782,0.031910115586416155
protein domain specific binding,molfunc,0.79,0.053367132517260885,0.032707868476076554
protein domain specific binding,molfunc,0.8,0.048919871474155815,0.02933071457651418
protein domain specific binding,molfunc,0.81,0.026127658628242307,0.02499625720935932
protein domain specific binding,molfunc,0.8200000000000001,0.01556541365086776,0.021539328020830903
protein domain specific binding,molfunc,0.8300000000000001,0.02723947388901888,0.02007678105645372
protein domain specific binding,molfunc,0.84,0.017789044172420297,0.020183148108408218
protein domain specific binding,molfunc,0.85,0.019456767063584696,0.01824194941023457
protein domain specific binding,molfunc,0.86,0.01445359839009149,0.017231462416664723
protein domain specific binding,molfunc,0.87,0.005559076303881342,0.016726218919879802
protein domain specific binding,molfunc,0.88,0.023348120476301637,0.011833334529962658
protein domain specific binding,molfunc,0.89,0.019456767063584696,0.011062173403290933
protein domain specific binding,molfunc,0.9,0.019456767063584696,0.00834981357844556
protein domain specific binding,molfunc,0.91,0.03224264256251178,0.008270038289479519
protein domain specific binding,molfunc,0.92,0.030574919671347383,0.006541573695215312
protein domain specific binding,molfunc,0.93,0.0011118152607762686,0.004813109100951104
protein domain specific binding,molfunc,0.9400000000000001,0.0016677228911644026,0.002233708091049131
protein domain specific binding,molfunc,0.9500000000000001,0.0,0.0029250939287548466
protein domain specific binding,molfunc,0.96,0.0,0.0023666669059925318
protein domain specific binding,molfunc,0.97,0.0011118152607762686,0.0019411986981736494
protein domain specific binding,molfunc,0.98,0.0,2.659176298868013e-05
protein domain specific binding,molfunc,0.99,0.0,0.0
protein heterodimerization activity,molfunc,0.0,0.0,0.0
protein heterodimerization activity,molfunc,0.01,0.0,0.0
protein heterodimerization activity,molfunc,0.02,0.0,0.0
protein heterodimerization activity,molfunc,0.03,0.0,0.0008487154434576769
protein heterodimerization activity,molfunc,0.04,0.013404825737265414,0.0017488681865188494
protein heterodimerization activity,molfunc,0.05,0.009574875526618159,0.005015136711340821
protein heterodimerization activity,molfunc,0.06,0.02680965147453081,0.01231923325503718
protein heterodimerization activity,molfunc,0.07,0.009574875526618159,0.03214831225218475
protein heterodimerization activity,molfunc,0.08,0.05936422826503258,0.07522705067011233
protein heterodimerization activity,molfunc,0.09,0.04404442742244347,0.1501711961924052
protein heterodimerization activity,molfunc,0.1,0.05170432784373806,0.25001099472279037
protein heterodimerization activity,molfunc,0.11,0.11106855610877064,0.3662335731768887
protein heterodimerization activity,molfunc,0.12,0.20107238605898106,0.5065545264952239
protein heterodimerization activity,molfunc,0.13,0.30639601685178064,0.63584217904861
protein heterodimerization activity,molfunc,0.14,0.42320949827652316,0.7746714506784466
protein heterodimerization activity,molfunc,0.15,0.5227882037533507,0.9185672963192232
protein heterodimerization activity,molfunc,0.16,0.6759862121792412,1.0499638781563525
protein heterodimerization activity,molfunc,0.17,0.718115664496363,1.221044336637582
protein heterodimerization activity,molfunc,0.18,0.7276905400229791,1.4113109078709087
protein heterodimerization activity,molfunc,0.19,1.0168517809268471,1.6487197641908422
protein heterodimerization activity,molfunc,0.2,1.095365760245119,1.9178654343661379
protein heterodimerization activity,molfunc,0.21,1.4017617770968966,2.20668587163976
protein heterodimerization activity,molfunc,0.22,1.9513596323247782,2.569473145743214
protein heterodimerization activity,molfunc,0.23,2.1754117196476486,2.938895831495527
protein heterodimerization activity,molfunc,0.24,2.2500957487552644,3.2825741487962743
protein heterodimerization activity,molfunc,0.25,2.7556491765607025,3.6334279693917173
protein heterodimerization activity,molfunc,0.26,2.889697433933356,3.8947551700272762
protein heterodimerization activity,molfunc,0.27,3.243967828418228,4.133218490989082
protein heterodimerization activity,molfunc,0.28,3.8069705093833957,4.334389769738377
protein heterodimerization activity,molfunc,0.29,3.9735733435465304,4.470364271240193
protein heterodimerization activity,molfunc,0.3,4.088471849865948,4.4678181249098206
protein heterodimerization activity,molfunc,0.31,4.37954806587514,4.429574492654621
protein heterodimerization activity,molfunc,0.32,4.314438912294136,4.298049317568483
protein heterodimerization activity,molfunc,0.33,4.404442742244347,4.134941640525798
protein heterodimerization activity,molfunc,0.34,4.1899655304481005,3.8872710429349677
protein heterodimerization activity,molfunc,0.35000000000000003,4.06166219839144,3.630778948462157
protein heterodimerization activity,molfunc,0.36,3.9218690157027924,3.356978202672731
protein heterodimerization activity,molfunc,0.37,3.738031405591724,3.0604678891083803
protein heterodimerization activity,molfunc,0.38,3.4833397165836812,2.775530967954817
protein heterodimerization activity,molfunc,0.39,3.3875909613175,2.498206767142571
protein heterodimerization activity,molfunc,0.4,3.050555342780541,2.280652708469587
protein heterodimerization activity,molfunc,0.41000000000000003,2.9758713136729362,2.0331364227775777
protein heterodimerization activity,molfunc,0.42,2.5124473381846015,1.7989938349824544
protein heterodimerization activity,molfunc,0.43,2.15817694369973,1.6236955179337416
protein heterodimerization activity,molfunc,0.44,1.9705093833780145,1.4422504435824113
protein heterodimerization activity,molfunc,0.45,1.7292225201072369,1.2835406556558258
protein heterodimerization activity,molfunc,0.46,1.6296438146304084,1.1367128839376477
protein heterodimerization activity,molfunc,0.47000000000000003,1.3979318268862568,1.008994069022174
protein heterodimerization activity,molfunc,0.48,1.2562236690923008,0.8850044583279423
protein heterodimerization activity,molfunc,0.49,1.2657985446189188,0.7990012933908978
protein heterodimerization activity,molfunc,0.5,1.1432401378782067,0.7271433858448146
protein heterodimerization activity,molfunc,0.51,0.9823822290310218,0.6394685086706564
protein heterodimerization activity,molfunc,0.52,0.9287629260819601,0.5673019773269522
protein heterodimerization activity,molfunc,0.53,0.7908847184986588,0.4963956598235336
protein heterodimerization activity,molfunc,0.54,0.7238605898123317,0.4379628874739627
protein heterodimerization activity,molfunc,0.55,0.5495978552278815,0.40499157842812206
protein heterodimerization activity,molfunc,0.56,0.4481041746457292,0.36103840591693515
protein heterodimerization activity,molfunc,0.5700000000000001,0.5017234775947964,0.32107162412502266
protein heterodimerization activity,molfunc,0.58,0.40597472232860937,0.27500952233008885
protein heterodimerization activity,molfunc,0.59,0.35427039448487135,0.25168270695990363
protein heterodimerization activity,molfunc,0.6,0.26809651474530805,0.21814558761842456
protein heterodimerization activity,molfunc,0.61,0.2240520873228646,0.20114556009946927
protein heterodimerization activity,molfunc,0.62,0.15894293374186122,0.18702602135830973
protein heterodimerization activity,molfunc,0.63,0.13021830716200677,0.16485654522920318
protein heterodimerization activity,molfunc,0.64,0.11106855610877048,0.14608193087392732
protein heterodimerization activity,molfunc,0.65,0.14936805821524307,0.13512578605838277
protein heterodimerization activity,molfunc,0.66,0.09957870547682872,0.12285799010294908
protein heterodimerization activity,molfunc,0.67,0.06702412868632701,0.11563104950865795
protein heterodimerization activity,molfunc,0.68,0.05744925315970887,0.10308034840540505
protein heterodimerization activity,molfunc,0.6900000000000001,0.08042895442359242,0.0921242035898605
protein heterodimerization activity,molfunc,0.7000000000000001,0.08808885484488792,0.08019075008185042
protein heterodimerization activity,molfunc,0.71,0.05744925315970887,0.07406971142903357
protein heterodimerization activity,molfunc,0.72,0.10915358100344685,0.06820585927423507
protein heterodimerization activity,molfunc,0.73,0.04212945231711984,0.0575583382563115
protein heterodimerization activity,molfunc,0.74,0.08808885484488695,0.05552656492197342
protein heterodimerization activity,molfunc,0.75,0.09000382995021056,0.04796528188025958
protein heterodimerization activity,molfunc,0.76,0.09000382995021056,0.04421035900920441
protein heterodimerization activity,molfunc,0.77,0.06702412868632701,0.03857797470262164
protein heterodimerization activity,molfunc,0.78,0.08617387973956332,0.03235406145059869
protein heterodimerization activity,molfunc,0.79,0.08234392952891606,0.03299702769564238
protein heterodimerization activity,molfunc,0.8,0.08425890463423968,0.029499291322604686
protein heterodimerization activity,molfunc,0.81,0.05361930294906162,0.024664185159876107
protein heterodimerization activity,molfunc,0.8200000000000001,0.0785139793182688,0.020497763891992968
protein heterodimerization activity,molfunc,0.8300000000000001,0.047874377633091256,0.02003482819556173
protein heterodimerization activity,molfunc,0.84,0.07468402910762154,0.019340424650914317
protein heterodimerization activity,molfunc,0.85,0.07659900421294516,0.017514400514990227
protein heterodimerization activity,molfunc,0.86,0.04978935273841436,0.01666568507153255
protein heterodimerization activity,molfunc,0.87,0.04787437763309073,0.01579125097827313
protein heterodimerization activity,molfunc,0.88,0.02297970126388355,0.012216358655830189
protein heterodimerization activity,molfunc,0.89,0.05170432784373799,0.010904707515941053
protein heterodimerization activity,molfunc,0.9,0.01914975105323629,0.008718622282792493
protein heterodimerization activity,molfunc,0.91,0.01914975105323629,0.009232995278827448
protein heterodimerization activity,molfunc,0.92,0.013404825737265405,0.0075612830417138436
protein heterodimerization activity,molfunc,0.93,0.005744925315970887,0.004629356964314598
protein heterodimerization activity,molfunc,0.9400000000000001,0.0019149751053236291,0.002211803882950308
protein heterodimerization activity,molfunc,0.9500000000000001,0.0,0.0028290514781922856
protein heterodimerization activity,molfunc,0.96,0.0,0.0022889598323555514
protein heterodimerization activity,molfunc,0.97,0.0,0.0019288987351310824
protein heterodimerization activity,molfunc,0.98,0.0,2.5718649801747766e-05
protein heterodimerization activity,molfunc,0.99,0.0,0.0
protein homodimerization activity,molfunc,0.0,0.0,0.0
protein homodimerization activity,molfunc,0.01,0.0,0.0
protein homodimerization activity,molfunc,0.02,0.0,0.0
protein homodimerization activity,molfunc,0.03,0.0,0.0008627958507363177
protein homodimerization activity,molfunc,0.04,0.0,0.001960899660764358
protein homodimerization activity,molfunc,0.05,0.0,0.0052290657620382925
protein homodimerization activity,molfunc,0.06,0.0017289970088351732,0.01283735644580399
protein homodimerization activity,molfunc,0.07,0.013831976070681406,0.03239406239582722
protein homodimerization activity,molfunc,0.08,0.07521136988433014,0.0750109483564393
protein homodimerization activity,molfunc,0.09,0.09336583847709935,0.15044022197384146
protein homodimerization activity,molfunc,0.1,0.22390511264415525,0.24809302507990677
protein homodimerization activity,molfunc,0.11,0.31208396009474915,0.3643874476276384
protein homodimerization activity,molfunc,0.12,0.5195636011549696,0.5019903131556754
protein homodimerization activity,molfunc,0.13,0.5480920518007499,0.6339980783183319
protein homodimerization activity,molfunc,0.14,0.7434687137991265,0.7708165839820658
protein homodimerization activity,molfunc,0.15,0.8904334595501142,0.914014549875482
protein homodimerization activity,molfunc,0.16,0.9111814236561363,1.0490551731801208
protein homodimerization activity,molfunc,0.17,1.005411760637656,1.2206992568190307
protein homodimerization activity,molfunc,0.18,1.1143385721942691,1.4109588145707905
protein homodimerization activity,molfunc,0.19,1.5094143887131062,1.644305874201749
protein homodimerization activity,molfunc,0.2,1.7324550028528483,1.9122432038485961
protein homodimerization activity,molfunc,0.21,2.013417016788559,2.2015412671333587
protein homodimerization activity,molfunc,0.22,2.5563220775628035,2.5614317182056436
protein homodimerization activity,molfunc,0.23,2.780227190206966,2.933270584544194
protein homodimerization activity,molfunc,0.24,2.9609073776302344,3.2782059075370418
protein homodimerization activity,molfunc,0.25,3.4476200356173354,3.627063029851426
protein homodimerization activity,molfunc,0.26,3.8089804104638865,3.8836271414658343
protein homodimerization activity,molfunc,0.27,4.016460051524107,4.124608637109368
protein homodimerization activity,molfunc,0.28,4.3631239517955835,4.326319848880019
protein homodimerization activity,molfunc,0.29,4.5118176945553845,4.462327849350611
protein homodimerization activity,molfunc,0.3,4.489340733440527,4.461987960076079
protein homodimerization activity,molfunc,0.31,4.611235022563407,4.423397454752236
protein homodimerization activity,molfunc,0.32,4.431419333644548,4.29423953042989
protein homodimerization activity,molfunc,0.33,4.354478966751383,4.131981619833843
protein homodimerization activity,molfunc,0.34,4.0544979857184815,3.8863462556620942
protein homodimerization activity,molfunc,0.35000000000000003,3.859121323720128,3.629755998718896
protein homodimerization activity,molfunc,0.36,3.491709459342632,3.360615983946765
protein homodimerization activity,molfunc,0.37,3.1519615471065205,3.0669516507506946
protein homodimerization activity,molfunc,0.38,2.89434099279008,2.781601532116266
protein homodimerization activity,molfunc,0.39,2.6462299220222323,2.505872894483987
protein homodimerization activity,molfunc,0.4,2.378235385652781,2.2882130321391436
protein homodimerization activity,molfunc,0.41000000000000003,2.1966906997251,2.041061238896415
protein homodimerization activity,molfunc,0.42,2.0462679599564275,1.801256283049328
protein homodimerization activity,molfunc,0.43,1.6468696509155023,1.6302919779594864
protein homodimerization activity,molfunc,0.44,1.559555301969326,1.4459151191900166
protein homodimerization activity,molfunc,0.45,1.3520756609091054,1.287552862586687
protein homodimerization activity,molfunc,0.46,1.3313276968030834,1.1375571112026188
protein homodimerization activity,molfunc,0.47000000000000003,1.2025174196448696,1.0084514775378992
protein homodimerization activity,molfunc,0.48,0.9457613638328397,0.8882352556686334
protein homodimerization activity,molfunc,0.49,0.853260023860158,0.8037335529540947
protein homodimerization activity,molfunc,0.5,0.7201272541798497,0.7330365838513371
protein homodimerization activity,molfunc,0.51,0.7183982571710145,0.6417632409749587
protein homodimerization activity,molfunc,0.52,0.6319484067292559,0.5702819120078954
protein homodimerization activity,molfunc,0.53,0.49708664004011227,0.5003954480982538
protein homodimerization activity,molfunc,0.54,0.4054497985718481,0.4428495793870224
protein homodimerization activity,molfunc,0.55,0.399398309040925,0.4071350602323009
protein homodimerization activity,molfunc,0.56,0.3769213479260678,0.3617467694178086
protein homodimerization activity,molfunc,0.5700000000000001,0.3302384286875218,0.32326084540921035
protein homodimerization activity,molfunc,0.58,0.2904714974843091,0.27632998019491317
protein homodimerization activity,molfunc,0.59,0.24033058422808906,0.2534266721571855
protein homodimerization activity,molfunc,0.6,0.15647422929958318,0.22069272048682584
protein homodimerization activity,molfunc,0.61,0.15388073378633044,0.20288775156708547
protein homodimerization activity,molfunc,0.62,0.13486176668914351,0.1882202221045681
protein homodimerization activity,molfunc,0.63,0.15906772481283596,0.16455869953134483
protein homodimerization activity,molfunc,0.64,0.12102979061846211,0.1463615506794516
protein homodimerization activity,molfunc,0.65,0.12189428912287971,0.13572040185370368
protein homodimerization activity,molfunc,0.66,0.06743088334457176,0.12421645717721946
protein homodimerization activity,molfunc,0.67,0.09250133997268177,0.11566693465628687
protein homodimerization activity,molfunc,0.68,0.07521136988433004,0.10330019412906633
protein homodimerization activity,molfunc,0.6900000000000001,0.07953386240641798,0.09234530135759612
protein homodimerization activity,molfunc,0.7000000000000001,0.0682953818489901,0.08065833937944145
protein homodimerization activity,molfunc,0.71,0.03803793419437381,0.07493251237000863
protein homodimerization activity,molfunc,0.72,0.046682919238549676,0.06941584799105824
protein homodimerization activity,molfunc,0.73,0.043224925220879326,0.05778117667052305
protein homodimerization activity,molfunc,0.74,0.03976693120320899,0.05644776490120328
protein homodimerization activity,molfunc,0.75,0.03630893718553864,0.04889176487505796
protein homodimerization activity,molfunc,0.76,0.020747964106022077,0.04554516278735347
protein homodimerization activity,molfunc,0.77,0.020747964106022077,0.03950559183219924
protein homodimerization activity,molfunc,0.78,0.03457994017670346,0.03302155028727177
protein homodimerization activity,molfunc,0.79,0.044089423725296915,0.03333529423299407
protein homodimerization activity,molfunc,0.8,0.029392949150197942,0.03025014543339148
protein homodimerization activity,molfunc,0.81,0.010373982053011039,0.02549169558993664
protein homodimerization activity,molfunc,0.8200000000000001,0.01728997008835173,0.021386878966736585
protein homodimerization activity,molfunc,0.8300000000000001,0.0233414596192751,0.020314920485518966
protein homodimerization activity,molfunc,0.84,0.024205958123692427,0.019948885882176057
protein homodimerization activity,molfunc,0.85,0.01815446859276932,0.018301730167134
protein homodimerization activity,molfunc,0.86,0.024205958123692427,0.01688988241138366
protein homodimerization activity,molfunc,0.87,0.020747964106022077,0.016079377218267726
protein homodimerization activity,molfunc,0.88,0.004322492522087933,0.012602048486512267
protein homodimerization activity,molfunc,0.89,0.006051489530923107,0.011608525991724994
protein homodimerization activity,molfunc,0.9,0.0,0.009124719754756807
protein homodimerization activity,molfunc,0.91,0.005186991026505519,0.009490754358099488
protein homodimerization activity,molfunc,0.92,0.0,0.00786974397186762
protein homodimerization activity,molfunc,0.93,0.0017289970088351732,0.004732304514644649
protein homodimerization activity,molfunc,0.9400000000000001,0.0,0.002274643606486654
protein homodimerization activity,molfunc,0.9500000000000001,0.0,0.0028759861691210887
protein homodimerization activity,molfunc,0.96,0.0,0.002326934264107037
protein homodimerization activity,molfunc,0.97,0.0,0.001960899660764357
protein homodimerization activity,molfunc,0.98,0.0,2.6145328810191427e-05
protein homodimerization activity,molfunc,0.99,0.0,0.0
protein kinase activity,molfunc,0.0,0.0,0.0
protein kinase activity,molfunc,0.01,0.0,0.0
protein kinase activity,molfunc,0.02,0.0,0.0
protein kinase activity,molfunc,0.03,0.0,0.000873396193157126
protein kinase activity,molfunc,0.04,0.0,0.001984991348084377
protein kinase activity,molfunc,0.05,0.0,0.0052933102615583425
protein kinase activity,molfunc,0.06,0.004318455226873127,0.012862743935586755
protein kinase activity,molfunc,0.07,0.0037015330516055422,0.03305672258343185
protein kinase activity,molfunc,0.08,0.05490607359881553,0.07587960259943884
protein kinase activity,molfunc,0.09,0.09253832629013842,0.15117694107010607
protein kinase activity,molfunc,0.1,0.13757364508467262,0.25209390120671604
protein kinase activity,molfunc,0.11,0.26589345754033145,0.3670116669851477
protein kinase activity,molfunc,0.12,0.37262099386162406,0.5080783854556769
protein kinase activity,molfunc,0.13,0.4269101452851719,0.6402523426867884
protein kinase activity,molfunc,0.14,0.5873099108547467,0.7778519429359996
protein kinase activity,molfunc,0.15,0.7113112680835306,0.9219887813582308
protein kinase activity,molfunc,0.16,0.7921280730435848,1.055856597873041
protein kinase activity,molfunc,0.17,0.913044819396035,1.227306917244919
protein kinase activity,molfunc,0.18,1.044449242728029,1.4176014211479377
protein kinase activity,molfunc,0.19,1.1807890434621662,1.6600614976786172
protein kinase activity,molfunc,0.2,1.459020944507853,1.926182671078468
protein kinase activity,molfunc,0.21,1.8711249575865987,2.2099570342006047
protein kinase activity,molfunc,0.22,2.2844628150158837,2.57315751779743
protein kinase activity,molfunc,0.23,2.65584996452698,2.940486783398279
protein kinase activity,molfunc,0.24,3.075973965884201,3.2771677825846885
protein kinase activity,molfunc,0.25,3.5183071655510627,3.626235127783153
protein kinase activity,molfunc,0.26,3.8372559301644062,3.8833312071870414
protein kinase activity,molfunc,0.27,4.174712360035778,4.119148179339466
protein kinase activity,molfunc,0.28,4.2296184336346165,4.331595186687133
protein kinase activity,molfunc,0.29,4.405441253585857,4.466283466292461
protein kinase activity,molfunc,0.3,4.4646657824115445,4.462710481865909
protein kinase activity,molfunc,0.31,4.483173447669572,4.426583639330773
protein kinase activity,molfunc,0.32,4.559054875227486,4.287078447387404
protein kinase activity,molfunc,0.33,4.429501218421293,4.126029482679491
protein kinase activity,molfunc,0.34,4.1728615935099755,3.879202425183026
protein kinase activity,molfunc,0.35000000000000003,4.016780283167297,3.620174287533689
protein kinase activity,molfunc,0.36,3.7613745026064924,3.347436476306876
protein kinase activity,molfunc,0.37,3.5263271538295413,3.0498465734020663
protein kinase activity,molfunc,0.38,3.107436996822848,2.7710743884770963
protein kinase activity,molfunc,0.39,2.958758752583359,2.490740677024967
protein kinase activity,molfunc,0.4,2.625620777938861,2.276493944188393
protein kinase activity,molfunc,0.41000000000000003,2.365896542151219,2.0318900770017936
protein kinase activity,molfunc,0.42,2.1302322711989863,1.794643911078738
protein kinase activity,molfunc,0.43,1.822388105740459,1.6225583944754765
protein kinase activity,molfunc,0.44,1.5774700021592263,1.443750373840036
protein kinase activity,molfunc,0.45,1.393010271754217,1.2850039990959015
protein kinase activity,molfunc,0.46,1.2579043153706149,1.13832637174812
protein kinase activity,molfunc,0.47000000000000003,1.0944199389247096,1.0107046613419541
protein kinase activity,molfunc,0.48,0.9642493599432422,0.8867353350162523
protein kinase activity,molfunc,0.49,0.8667756562509632,0.802545235306167
protein kinase activity,molfunc,0.5,0.6995897467534464,0.73407626707291
protein kinase activity,molfunc,0.51,0.6508528949073069,0.643719460908109
protein kinase activity,molfunc,0.52,0.6292606187729413,0.5696395837976003
protein kinase activity,molfunc,0.53,0.5182146272247752,0.4995296893832601
protein kinase activity,molfunc,0.54,0.4972392732656771,0.4393712182606496
protein kinase activity,molfunc,0.55,0.48181621888398735,0.40369430709774645
protein kinase activity,molfunc,0.56,0.3590487060057371,0.36232708740366804
protein kinase activity,molfunc,0.5700000000000001,0.2769980566951507,0.3254591814319179
protein kinase activity,molfunc,0.58,0.22702736049847294,0.2788780511302009
protein kinase activity,molfunc,0.59,0.19741509608562863,0.2554286866714975
protein kinase activity,molfunc,0.6,0.20851969524044525,0.21924891103374625
protein kinase activity,molfunc,0.61,0.20111662913723416,0.20146338855491022
protein kinase activity,molfunc,0.62,0.19001202998241754,0.18650978706600796
protein kinase activity,molfunc,0.63,0.1357228785588697,0.1656276780841603
protein kinase activity,molfunc,0.64,0.1462105555384187,0.14559249874416202
protein kinase activity,molfunc,0.65,0.1462105555384187,0.13484707891319858
protein kinase activity,molfunc,0.66,0.12153366852771512,0.12259306565769104
protein kinase activity,molfunc,0.67,0.09870754804281431,0.11568529576635742
protein kinase activity,molfunc,0.68,0.07896603843425146,0.10348421561346545
protein kinase activity,molfunc,0.6900000000000001,0.06909528362997003,0.09295052819296437
protein kinase activity,molfunc,0.7000000000000001,0.0512045405472105,0.08154344457930705
protein kinase activity,molfunc,0.71,0.037015330516055364,0.07542967122720629
protein kinase activity,molfunc,0.72,0.048119929670871975,0.0696334964907999
protein kinase activity,molfunc,0.73,0.04997069619667475,0.05767061529967806
protein kinase activity,molfunc,0.74,0.03886609704185814,0.056691352901289765
protein kinase activity,molfunc,0.75,0.0351645639902526,0.049095452675953555
protein kinase activity,molfunc,0.76,0.015423054381689736,0.04607826582686531
protein kinase activity,molfunc,0.77,0.016039976556957325,0.03993802592345764
protein kinase activity,molfunc,0.78,0.014189210031154559,0.033877185673973347
protein kinase activity,molfunc,0.79,0.016656898732224916,0.03438005014882139
protein kinase activity,molfunc,0.8,0.01233844350535179,0.030992331581424053
protein kinase activity,molfunc,0.81,0.014806132206422146,0.025487288909403383
protein kinase activity,molfunc,0.8200000000000001,0.01110459915481661,0.021702572072389174
protein kinase activity,molfunc,0.8300000000000001,0.005552299577408367,0.021040908289694616
protein kinase activity,molfunc,0.84,0.004935377402140716,0.02072330967400088
protein kinase activity,molfunc,0.85,0.007403066103211073,0.0187647848772243
protein kinase activity,molfunc,0.86,0.0030846108763379473,0.017706122824912632
protein kinase activity,molfunc,0.87,0.007403066103211073,0.01659452766998538
protein kinase activity,molfunc,0.88,0.0,0.012889210486894545
protein kinase activity,molfunc,0.89,0.0,0.011936414639814045
protein kinase activity,molfunc,0.9,0.0,0.009236826406419296
protein kinase activity,molfunc,0.91,0.0,0.009766157432575128
protein kinase activity,molfunc,0.92,0.0,0.007966431943645295
protein kinase activity,molfunc,0.93,0.0,0.0048433788893258774
protein kinase activity,molfunc,0.9400000000000001,0.0,0.002302589963777876
protein kinase activity,molfunc,0.9500000000000001,0.0,0.0029113206438571167
protein kinase activity,molfunc,0.96,0.0,0.0023555230663934593
protein kinase activity,molfunc,0.97,0.0,0.0019849913480843757
protein kinase activity,molfunc,0.98,0.0,2.6466551307791676e-05
protein kinase activity,molfunc,0.99,0.0,0.0
protein kinase binding,molfunc,0.0,0.0,0.0
protein kinase binding,molfunc,0.01,0.0,0.0
protein kinase binding,molfunc,0.02,0.0,0.0
protein kinase binding,molfunc,0.03,0.0,0.0008777127974781448
protein kinase binding,molfunc,0.04,0.0,0.001994801812450329
protein kinase binding,molfunc,0.05,0.001660421636400871,0.005239679427369535
protein kinase binding,molfunc,0.06,0.0022138955152011582,0.013006107817176137
protein kinase binding,molfunc,0.07,0.0049812649092026125,0.03314030744417482
protein kinase binding,molfunc,0.08,0.01771116412160929,0.07777067332806356
protein kinase binding,molfunc,0.09,0.052026544607227214,0.15341355805617987
protein kinase binding,molfunc,0.1,0.10516003697205517,0.2542175429786701
protein kinase binding,molfunc,0.11,0.17268385018569057,0.3719906419857376
protein kinase binding,molfunc,0.12,0.2651139879453387,0.5139141416022031
protein kinase binding,molfunc,0.13,0.3066245288553604,0.6470871106013869
protein kinase binding,molfunc,0.14,0.43115615158542675,0.7862976797529226
protein kinase binding,molfunc,0.15,0.4604902671618409,0.9350832976042156
protein kinase binding,molfunc,0.16,0.6265324308019278,1.0651177784184775
protein kinase binding,molfunc,0.17,0.7826120646236115,1.2351280875542476
protein kinase binding,molfunc,0.18,0.8883255754744647,1.4269482298394678
protein kinase binding,molfunc,0.19,1.2685621302102636,1.6582122532962091
protein kinase binding,molfunc,0.2,1.4423529281535585,1.9292925209294642
protein kinase binding,molfunc,0.21,1.6559938453704661,2.221969842852171
protein kinase binding,molfunc,0.22,2.1120563215019046,2.582869386760684
protein kinase binding,molfunc,0.23,2.488972032964909,2.9499129202515526
protein kinase binding,molfunc,0.24,2.894668386125514,3.2868748424106538
protein kinase binding,molfunc,0.25,3.2782257841341145,3.638305727049403
protein kinase binding,molfunc,0.26,3.504596600563433,3.899544972407898
protein kinase binding,molfunc,0.27,3.924129800694053,4.130915385294637
protein kinase binding,molfunc,0.28,3.9340923305124793,4.3463007863242975
protein kinase binding,molfunc,0.29,4.284994769671841,4.472372260871134
protein kinase binding,molfunc,0.3,4.315435833005857,4.469872109266197
protein kinase binding,molfunc,0.31,4.6292555222856215,4.419283935302456
protein kinase binding,molfunc,0.32,4.677407749741247,4.280046768793423
protein kinase binding,molfunc,0.33,4.493654421979551,4.121446726024873
protein kinase binding,molfunc,0.34,4.231861277307013,3.874915819363511
protein kinase binding,molfunc,0.35000000000000003,3.8438760882680323,3.6265230976772163
protein kinase binding,molfunc,0.36,3.687242980567529,3.348953074814108
protein kinase binding,molfunc,0.37,3.5228612385638427,3.047658209061611
protein kinase binding,molfunc,0.38,3.321396746680537,2.759130074908795
protein kinase binding,molfunc,0.39,3.119378780918432,2.4807089366057284
protein kinase binding,molfunc,0.4,2.731947065758229,2.2696589048484834
protein kinase binding,molfunc,0.41000000000000003,2.5094505664805267,2.023340777047128
protein kinase binding,molfunc,0.42,2.2183233062315604,1.7887520839029585
protein kinase binding,molfunc,0.43,1.9471211056194186,1.6155766892247707
protein kinase binding,molfunc,0.44,1.781632415858132,1.43327840092431
protein kinase binding,molfunc,0.45,1.5259274838523984,1.2780828199156744
protein kinase binding,molfunc,0.46,1.3609922679699118,1.1327814558967928
protein kinase binding,molfunc,0.47000000000000003,1.2359071713610534,1.0034917010925177
protein kinase binding,molfunc,0.48,1.1191241829341854,0.8789096785656144
protein kinase binding,molfunc,0.49,1.0410843660233446,0.7938513292827324
protein kinase binding,molfunc,0.5,0.902162422444472,0.724512018281959
protein kinase binding,molfunc,0.51,0.8423872435340406,0.6344799631467009
protein kinase binding,molfunc,0.52,0.804751019775621,0.5609116723035328
protein kinase binding,molfunc,0.53,0.6359414867415327,0.4937799419752045
protein kinase binding,molfunc,0.54,0.6331741173475313,0.43255282501172904
protein kinase binding,molfunc,0.55,0.5158376550418698,0.401673292954998
protein kinase binding,molfunc,0.56,0.4715597447378467,0.356936537641112
protein kinase binding,molfunc,0.5700000000000001,0.3918595061906094,0.32017898957703084
protein kinase binding,molfunc,0.58,0.32322874521936906,0.2745113267506644
protein kinase binding,molfunc,0.59,0.29666199903695517,0.25094606800625124
protein kinase binding,molfunc,0.6,0.2579188275209349,0.21692804776459831
protein kinase binding,molfunc,0.61,0.26622093570293925,0.19833649487256125
protein kinase binding,molfunc,0.62,0.24684934994492916,0.1837611429629242
protein kinase binding,molfunc,0.63,0.20589228291370767,0.162403464890956
protein kinase binding,molfunc,0.64,0.15940047709448338,0.1449555983713905
protein kinase binding,molfunc,0.65,0.13449415254847036,0.13535395231412956
protein kinase binding,molfunc,0.66,0.1057135108508553,0.12335854408192827
protein kinase binding,molfunc,0.67,0.09353708551724893,0.11601767341211106
protein kinase binding,molfunc,0.68,0.07029118260763677,0.10402226517990976
protein kinase binding,molfunc,0.6900000000000001,0.060882126668031854,0.09346311425267269
protein kinase binding,molfunc,0.7000000000000001,0.04593833194042454,0.08194645845546036
protein kinase binding,molfunc,0.71,0.037082749879619396,0.0756162873706171
protein kinase binding,molfunc,0.72,0.029334115576415347,0.07064258151824093
protein kinase binding,molfunc,0.73,0.03597580212201882,0.05838119971104625
protein kinase binding,molfunc,0.74,0.03265495884921708,0.05707792919357871
protein kinase binding,molfunc,0.75,0.019925059636810422,0.049896642668757527
protein kinase binding,molfunc,0.76,0.013283373091206948,0.04633259676384628
protein kinase binding,molfunc,0.77,0.015497268606408108,0.04008221775150191
protein kinase binding,molfunc,0.78,0.010516003697205501,0.03415100702914961
protein kinase binding,molfunc,0.79,0.017157690242808974,0.034443577961642324
protein kinase binding,molfunc,0.8,0.011622951454806081,0.031118908274225112
protein kinase binding,molfunc,0.81,0.012729899212406661,0.025639852629361543
protein kinase binding,molfunc,0.8200000000000001,0.010516003697205501,0.021783235791957577
protein kinase binding,molfunc,0.8300000000000001,0.013836846970007392,0.020719341491984303
protein kinase binding,molfunc,0.84,0.014390320848807528,0.02034697848699334
protein kinase binding,molfunc,0.85,0.0060882126668031855,0.01888412382452977
protein kinase binding,molfunc,0.86,0.0044277910304023164,0.01771384009455891
protein kinase binding,molfunc,0.87,0.003874317151602027,0.016809529939581427
protein kinase binding,molfunc,0.88,0.0011069477576005791,0.012899718387178785
protein kinase binding,molfunc,0.89,0.003320843272801737,0.011835824087205278
protein kinase binding,molfunc,0.9,0.0016604216364008685,0.009202685694770845
protein kinase binding,molfunc,0.91,0.003320843272801737,0.009654840772259587
protein kinase binding,molfunc,0.92,0.0,0.008005804607300649
protein kinase binding,molfunc,0.93,0.008302108182004343,0.004468356059888734
protein kinase binding,molfunc,0.9400000000000001,0.0016604216364008685,0.002234178029944367
protein kinase binding,molfunc,0.9500000000000001,0.007195160424403844,0.0025799436774357853
protein kinase binding,molfunc,0.96,0.0,0.0023671648174410555
protein kinase binding,molfunc,0.97,0.0,0.0019948018124503275
protein kinase binding,molfunc,0.98,0.0,2.6597357499337702e-05
protein kinase binding,molfunc,0.99,0.0,0.0
protein serine kinase activity,molfunc,0.0,0.0,0.0
protein serine kinase activity,molfunc,0.01,0.0,0.0
protein serine kinase activity,molfunc,0.02,0.0,0.0
protein serine kinase activity,molfunc,0.03,0.0,0.0008634462389590082
protein serine kinase activity,molfunc,0.04,0.0,0.0019623778158159274
protein serine kinase activity,molfunc,0.05,0.0,0.005233007508842477
protein serine kinase activity,molfunc,0.06,0.0025304710893678016,0.012820868396664051
protein serine kinase activity,molfunc,0.07,0.0016869807262452035,0.032784792042898116
protein serine kinase activity,molfunc,0.08,0.004217451815613008,0.07721302579297075
protein serine kinase activity,molfunc,0.09,0.023617730167432818,0.15264682903293486
protein serine kinase activity,molfunc,0.1,0.021087259078065045,0.254402660042377
protein serine kinase activity,molfunc,0.11,0.0480789506979883,0.37261629966712856
protein serine kinase activity,molfunc,0.12,0.10459280502720247,0.5148494437574663
protein serine kinase activity,molfunc,0.13,0.1594196786301715,0.6461194371167797
protein serine kinase activity,molfunc,0.14,0.24123824385306444,0.7864163684288485
protein serine kinase activity,molfunc,0.15,0.3382396356121628,0.9311613561234291
protein serine kinase activity,molfunc,0.16,0.4563282864493269,1.0632686306841572
protein serine kinase activity,molfunc,0.17,0.548268736029692,1.235042102161915
protein serine kinase activity,molfunc,0.18,0.7228712411960687,1.4233257123300633
protein serine kinase activity,molfunc,0.19,0.9126565728986538,1.6629189611224158
protein serine kinase activity,molfunc,0.2,1.2989751592088086,1.9258252583666668
protein serine kinase activity,molfunc,0.21,1.7055375142338984,2.2112334878989297
protein serine kinase activity,molfunc,0.22,2.164396271772593,2.5735930928487263
protein serine kinase activity,molfunc,0.23,2.638437855847502,2.9377842504266263
protein serine kinase activity,molfunc,0.24,3.129349247184848,3.2732200317434206
protein serine kinase activity,molfunc,0.25,3.6185736577959564,3.6218953220575942
protein serine kinase activity,molfunc,0.26,3.9753700813968167,3.878522010291229
protein serine kinase activity,molfunc,0.27,4.40133271477373,4.112751426387018
protein serine kinase activity,molfunc,0.28,4.457003078739846,4.323379978617951
protein serine kinase activity,molfunc,0.29,4.567500316308882,4.460563270462233
protein serine kinase activity,molfunc,0.3,4.578465691029476,4.459202688509934
protein serine kinase activity,molfunc,0.31,4.676310573151698,4.421237219033282
protein serine kinase activity,molfunc,0.32,4.690649909324782,4.286094800117425
protein serine kinase activity,molfunc,0.33,4.480620808907254,4.127900983125117
protein serine kinase activity,molfunc,0.34,4.144911644384459,3.883414872311997
protein serine kinase activity,molfunc,0.35000000000000003,4.144911644384482,3.620717895368125
protein serine kinase activity,molfunc,0.36,3.9635612163131,3.3458803410036984
protein serine kinase activity,molfunc,0.37,3.748471173716837,3.048383864126004
protein serine kinase activity,molfunc,0.38,3.287925435451897,2.769307573679435
protein serine kinase activity,molfunc,0.39,3.0559655855931815,2.493057107287641
protein serine kinase activity,molfunc,0.4,2.7337522668803484,2.2771170524352566
protein serine kinase activity,molfunc,0.41000000000000003,2.473957235038601,2.0323431262091614
protein serine kinase activity,molfunc,0.42,2.258023702079202,1.7945029349322597
protein serine kinase activity,molfunc,0.43,1.9434017966344717,1.6210810660892203
protein serine kinase activity,molfunc,0.44,1.7477120323900284,1.4399928412457268
protein serine kinase activity,molfunc,0.45,1.5891358441229795,1.2801506268881333
protein serine kinase activity,molfunc,0.46,1.3858546666104328,1.1357196196440813
protein serine kinase activity,molfunc,0.47000000000000003,1.188477921639751,1.0087406924420244
protein serine kinase activity,molfunc,0.48,1.0433975791826569,0.8851632201207038
protein serine kinase activity,molfunc,0.49,0.9371177934292092,0.8010949544911494
protein serine kinase activity,molfunc,0.5,0.7431150099110112,0.7323332358249595
protein serine kinase activity,molfunc,0.51,0.6806967230399387,0.6428749724612973
protein serine kinase activity,molfunc,0.52,0.6478005988781572,0.5697436925252239
protein serine kinase activity,molfunc,0.53,0.49850280460545693,0.5003540129579728
protein serine kinase activity,molfunc,0.54,0.5145291215047864,0.43949413563013484
protein serine kinase activity,molfunc,0.55,0.4765720551642693,0.40474696577142083
protein serine kinase activity,molfunc,0.56,0.35004850069587923,0.36256892525015055
protein serine kinase activity,molfunc,0.5700000000000001,0.28003880055670655,0.32481277607385567
protein serine kinase activity,molfunc,0.58,0.23111635949559256,0.27816051413252146
protein serine kinase activity,molfunc,0.59,0.20581164860191453,0.2545073201925535
protein serine kinase activity,molfunc,0.6,0.20328117751254673,0.2192891796580437
protein serine kinase activity,molfunc,0.61,0.19990721606005632,0.2014969541279793
protein serine kinase activity,molfunc,0.62,0.19231580279195293,0.18647822257760144
protein serine kinase activity,molfunc,0.63,0.1450803424570873,0.16499672675380306
protein serine kinase activity,molfunc,0.64,0.1526717557251907,0.14539911363318803
protein serine kinase activity,molfunc,0.65,0.1526717557251907,0.13477610839023782
protein serine kinase activity,molfunc,0.66,0.1282105351946353,0.12237388059428116
protein serine kinase activity,molfunc,0.67,0.09784488212222166,0.11551864075769752
protein serine kinase activity,molfunc,0.68,0.07928809413352444,0.10319490807437351
protein serine kinase activity,molfunc,0.6900000000000001,0.06747922904980805,0.09272889305668858
protein serine kinase activity,molfunc,0.7000000000000001,0.055670363966092255,0.08105928631197075
protein serine kinase activity,molfunc,0.71,0.037113575977394425,0.0749889976017126
protein serine kinase activity,molfunc,0.72,0.04386149888237523,0.0695205047549722
protein serine kinase activity,molfunc,0.73,0.03795706634051703,0.057955558160430354
protein serine kinase activity,molfunc,0.74,0.037113575977394425,0.056542646133042884
protein serine kinase activity,molfunc,0.75,0.033739614524904024,0.048980950282765515
protein serine kinase activity,molfunc,0.76,0.010121884357471207,0.045893475852548465
protein serine kinase activity,molfunc,0.77,0.016026316899329412,0.03966619691702592
protein serine kinase activity,molfunc,0.78,0.005904432541858204,0.03390988865729921
protein serine kinase activity,molfunc,0.79,0.010121884357471207,0.034380859333095024
protein serine kinase activity,molfunc,0.8,0.011808865083716409,0.030796249189537935
protein serine kinase activity,molfunc,0.81,0.017713297625574612,0.02527542626770913
protein serine kinase activity,molfunc,0.8200000000000001,0.004217451815613003,0.021795476274328887
protein serine kinase activity,molfunc,0.8300000000000001,0.0033739614524904396,0.02093203003537011
protein serine kinase activity,molfunc,0.84,0.006747922904980805,0.020487224397118267
protein serine kinase activity,molfunc,0.85,0.006747922904980805,0.018655671769023406
protein serine kinase activity,molfunc,0.86,0.0008434903631226006,0.01760907026725491
protein serine kinase activity,molfunc,0.87,0.0,0.016719458990751692
protein serine kinase activity,molfunc,0.88,0.0,0.012742373284031414
protein serine kinase activity,molfunc,0.89,0.0,0.011800431932439768
protein serine kinase activity,molfunc,0.9,0.0,0.00913159810293011
protein serine kinase activity,molfunc,0.91,0.0,0.009654898853814356
protein serine kinase activity,molfunc,0.92,0.0,0.007875676300807917
protein serine kinase activity,molfunc,0.93,0.0,0.00478820187059086
protein serine kinase activity,molfunc,0.9400000000000001,0.0,0.0022763582663464744
protein serine kinase activity,molfunc,0.9500000000000001,0.0,0.0028781541298633904
protein serine kinase activity,molfunc,0.96,0.0,0.002328688341434899
protein serine kinase activity,molfunc,0.97,0.0,0.001962377815815926
protein serine kinase activity,molfunc,0.98,0.0,2.616503754421235e-05
protein serine kinase activity,molfunc,0.99,0.0,0.0
protein serine/threonine kinase activity,molfunc,0.0,0.0,0.0
protein serine/threonine kinase activity,molfunc,0.01,0.0,0.0
protein serine/threonine kinase activity,molfunc,0.02,0.0,0.0
protein serine/threonine kinase activity,molfunc,0.03,0.0,0.0008666385140458467
protein serine/threonine kinase activity,molfunc,0.04,0.0,0.001969632986467833
protein serine/threonine kinase activity,molfunc,0.05,0.0,0.005252354630580892
protein serine/threonine kinase activity,molfunc,0.06,0.002261880527470537,0.012868268844923168
protein serine/threonine kinase activity,molfunc,0.07,0.0015079203516470269,0.03290600176058929
protein serine/threonine kinase activity,molfunc,0.08,0.005277721230764593,0.07744596902791526
protein serine/threonine kinase activity,molfunc,0.09,0.03242028756041103,0.15281725797675086
protein serine/threonine kinase activity,molfunc,0.1,0.04900741142852837,0.25429274943957386
protein serine/threonine kinase activity,molfunc,0.11,0.09424502197793917,0.3722081108961149
protein serine/threonine kinase activity,molfunc,0.12,0.15833163692293759,0.5144943978385506
protein serine/threonine kinase activity,molfunc,0.13,0.2254340925712302,0.6456194311910023
protein serine/threonine kinase activity,molfunc,0.14,0.31138555261511147,0.7859886086932787
protein serine/threonine kinase activity,molfunc,0.15,0.41166225599963774,0.9307960258583915
protein serine/threonine kinase activity,molfunc,0.16,0.5556686495819286,1.0620523680766079
protein serine/threonine kinase activity,molfunc,0.17,0.6468978308565754,1.234145767547594
protein serine/threonine kinase activity,molfunc,0.18,0.8338799544608047,1.4220487544566216
protein serine/threonine kinase activity,molfunc,0.19,1.0118145559551535,1.6622389317130855
protein serine/threonine kinase activity,molfunc,0.2,1.3232001085702678,1.9272990081453552
protein serine/threonine kinase activity,molfunc,0.21,1.7182752407017845,2.2126594352248095
protein serine/threonine kinase activity,molfunc,0.22,2.2023176735804797,2.5737850778503977
protein serine/threonine kinase activity,molfunc,0.23,2.6365987348548297,2.938955033541542
protein serine/threonine kinase activity,molfunc,0.24,3.098022362458812,3.2748431121671815
protein serine/threonine kinase activity,molfunc,0.25,3.566985591821037,3.623704506730364
protein serine/threonine kinase activity,molfunc,0.26,3.933410237271264,3.8796254861054176
protein serine/threonine kinase activity,molfunc,0.27,4.323961608347844,4.114379476319231
protein serine/threonine kinase activity,molfunc,0.28,4.330747249930279,4.32728367126985
protein serine/threonine kinase activity,molfunc,0.29,4.488324926677368,4.462925729604578
protein serine/threonine kinase activity,molfunc,0.3,4.532808577050956,4.460352075835593
protein serine/threonine kinase activity,molfunc,0.31,4.610466475160778,4.422587646041716
protein serine/threonine kinase activity,molfunc,0.32,4.679076851160717,4.28500221649365
protein serine/threonine kinase activity,molfunc,0.33,4.519237293886133,4.125251850404533
protein serine/threonine kinase activity,molfunc,0.34,4.194280458106199,3.8807284805778397
protein serine/threonine kinase activity,molfunc,0.35000000000000003,4.110590878589812,3.619975334942672
protein serine/threonine kinase activity,molfunc,0.36,3.9002359895350294,3.3458024232263295
protein serine/threonine kinase activity,molfunc,0.37,3.627302405886918,3.0500160722051666
protein serine/threonine kinase activity,molfunc,0.38,3.205084707425751,2.770275664580429
protein serine/threonine kinase activity,molfunc,0.39,3.0203644643489906,2.4922160104374766
protein serine/threonine kinase activity,molfunc,0.4,2.6961615887448804,2.2767381617178963
protein serine/threonine kinase activity,molfunc,0.41000000000000003,2.4624339342396047,2.0311117974187924
protein serine/threonine kinase activity,molfunc,0.42,2.243031523074949,1.7933114415192313
protein serine/threonine kinase activity,molfunc,0.43,1.9150588465917213,1.620876638997261
protein serine/threonine kinase activity,molfunc,0.44,1.686608913317197,1.4409834928998657
protein serine/threonine kinase activity,molfunc,0.45,1.5192297542843773,1.2814432209959712
protein serine/threonine kinase activity,molfunc,0.46,1.3624060377130867,1.135611594677893
protein serine/threonine kinase activity,molfunc,0.47000000000000003,1.157328869889098,1.0091611569466639
protein serine/threonine kinase activity,molfunc,0.48,1.0472506842188587,0.8844439962435152
protein serine/threonine kinase activity,molfunc,0.49,0.913799733098097,0.8014042695340313
protein serine/threonine kinase activity,molfunc,0.5,0.7441586935378067,0.732257020822434
protein serine/threonine kinase activity,molfunc,0.51,0.6717785166587495,0.6430457774220176
protein serine/threonine kinase activity,molfunc,0.52,0.6461438706807501,0.5695128125938853
protein serine/threonine kinase activity,molfunc,0.53,0.5134468797358119,0.49984032841922993
protein serine/threonine kinase activity,molfunc,0.54,0.520986481494047,0.4389918000239504
protein serine/threonine kinase activity,molfunc,0.55,0.48027263199957737,0.4043525212352694
protein serine/threonine kinase activity,molfunc,0.56,0.3611469242194624,0.36222863709801073
protein serine/threonine kinase activity,molfunc,0.5700000000000001,0.2872588269887614,0.3247268250356668
protein serine/threonine kinase activity,molfunc,0.58,0.23674349520858287,0.27813843946241074
protein serine/threonine kinase activity,molfunc,0.59,0.20884696870311292,0.2545816289442555
protein serine/threonine kinase activity,molfunc,0.6,0.21789449081299506,0.21883935568315258
protein serine/threonine kinase activity,molfunc,0.61,0.21110884923058346,0.20111265880494208
protein serine/threonine kinase activity,molfunc,0.62,0.20130736694487777,0.18614344810778657
protein serine/threonine kinase activity,molfunc,0.63,0.15531579621964353,0.16471384121501653
protein serine/threonine kinase activity,molfunc,0.64,0.17416480061523135,0.14462358475304465
protein serine/threonine kinase activity,molfunc,0.65,0.1590855970987611,0.13448654031602356
protein serine/threonine kinase activity,molfunc,0.66,0.1402365927031733,0.12193341274893524
protein serine/threonine kinase activity,molfunc,0.67,0.11158610602187982,0.11510535172918009
protein serine/threonine kinase activity,molfunc,0.68,0.09273710162629202,0.10281484189362082
protein serine/threonine kinase activity,molfunc,0.6900000000000001,0.07238017687905718,0.0926515356834468
protein serine/threonine kinase activity,molfunc,0.7000000000000001,0.05956285389005814,0.08101757017671105
protein serine/threonine kinase activity,molfunc,0.71,0.03845196896699913,0.07508240944415376
protein serine/threonine kinase activity,molfunc,0.72,0.04749949107688128,0.0694886517625851
protein serine/threonine kinase activity,molfunc,0.73,0.05880889371423396,0.05730318901963745
protein serine/threonine kinase activity,molfunc,0.74,0.04146780967029318,0.05646281227874451
protein serine/threonine kinase activity,molfunc,0.75,0.03619008843952859,0.04895194515701384
protein serine/threonine kinase activity,molfunc,0.76,0.01281732298899971,0.04593184124442984
protein serine/threonine kinase activity,molfunc,0.77,0.01658712386811727,0.03973406278034439
protein serine/threonine kinase activity,molfunc,0.78,0.015833163692293758,0.03366759318202347
protein serine/threonine kinase activity,molfunc,0.79,0.020356924747234835,0.034114043325622845
protein serine/threonine kinase activity,molfunc,0.8,0.015079203516470246,0.03075253636205108
protein serine/threonine kinase activity,molfunc,0.81,0.018095044219764295,0.02529008754624696
protein serine/threonine kinase activity,molfunc,0.8200000000000001,0.013571283164823223,0.021534653985381628
protein serine/threonine kinase activity,molfunc,0.8300000000000001,0.006785641582411687,0.02087810965655925
protein serine/threonine kinase activity,molfunc,0.84,0.006031681406588099,0.020562968378724164
protein serine/threonine kinase activity,molfunc,0.85,0.009047522109882147,0.018619597165409237
protein serine/threonine kinase activity,molfunc,0.86,0.0037698008791175615,0.01756912623929306
protein serine/threonine kinase activity,molfunc,0.87,0.009047522109882147,0.016466131766871072
protein serine/threonine kinase activity,molfunc,0.88,0.0,0.012789483525464454
protein serine/threonine kinase activity,molfunc,0.89,0.0,0.011844059691959894
protein serine/threonine kinase activity,molfunc,0.9,0.0,0.009165358830363644
protein serine/threonine kinase activity,molfunc,0.91,0.0,0.009690594293421732
protein serine/threonine kinase activity,molfunc,0.92,0.0,0.007904793719024231
protein serine/threonine kinase activity,molfunc,0.93,0.0,0.00480590448698151
protein serine/threonine kinase activity,molfunc,0.9400000000000001,0.0,0.002284774264302685
protein serine/threonine kinase activity,molfunc,0.9500000000000001,0.0,0.0028887950468195187
protein serine/threonine kinase activity,molfunc,0.96,0.0,0.002337297810608494
protein serine/threonine kinase activity,molfunc,0.97,0.0,0.0019696329864678317
protein serine/threonine kinase activity,molfunc,0.98,0.0,2.6261773152904425e-05
protein serine/threonine kinase activity,molfunc,0.99,0.0,0.0
protein tyrosine kinase activity,molfunc,0.0,0.0,0.0
protein tyrosine kinase activity,molfunc,0.01,0.0,0.0
protein tyrosine kinase activity,molfunc,0.02,0.0,0.0
protein tyrosine kinase activity,molfunc,0.03,0.0,0.0008459876854956179
protein tyrosine kinase activity,molfunc,0.04,0.0,0.0019226992852173132
protein tyrosine kinase activity,molfunc,0.05,0.0,0.00512719809391284
protein tyrosine kinase activity,molfunc,0.06,0.01007988307335634,0.012535999339616874
protein tyrosine kinase activity,molfunc,0.07,0.010079883073356355,0.03207062407742481
protein tyrosine kinase activity,molfunc,0.08,0.1940377491621098,0.07380601656187531
protein tyrosine kinase activity,molfunc,0.09,0.24443716452889125,0.1477914850570374
protein tyrosine kinase activity,molfunc,0.1,0.3527959075674724,0.2463105964315728
protein tyrosine kinase activity,molfunc,0.11,0.6854320489882321,0.35957040232610743
protein tyrosine kinase activity,molfunc,0.12,0.8668699443086453,0.4987994665663099
protein tyrosine kinase activity,molfunc,0.13,0.8845097396870188,0.6289021181993479
protein tyrosine kinase activity,molfunc,0.14,1.2448655595595115,0.7651830435355532
protein tyrosine kinase activity,molfunc,0.15,1.4313433964166002,0.9080524184224321
protein tyrosine kinase activity,molfunc,0.16,1.2322657057178126,1.043102816216096
protein tyrosine kinase activity,molfunc,0.17,1.454023133331656,1.2119414494486491
protein tyrosine kinase activity,molfunc,0.18,1.4137036010382267,1.4021348627423422
protein tyrosine kinase activity,molfunc,0.19,1.393543834891514,1.6428568132515498
protein tyrosine kinase activity,molfunc,0.2,1.6682206486404791,1.9093942061636135
protein tyrosine kinase activity,molfunc,0.21,2.1419751530882225,2.196568571403666
protein tyrosine kinase activity,molfunc,0.22,2.459491469898947,2.562317247432938
protein tyrosine kinase activity,molfunc,0.23,2.5880099790842475,2.932244589908757
protein tyrosine kinase activity,molfunc,0.24,2.8324471436131313,3.2733314431063
protein tyrosine kinase activity,molfunc,0.25,3.2255625834740287,3.6258263120628067
protein tyrosine kinase activity,molfunc,0.26,3.5077993095280067,3.885236899624327
protein tyrosine kinase activity,molfunc,0.27,3.8404354509487653,4.124292510753012
protein tyrosine kinase activity,molfunc,0.28,4.001713580122489,4.330713506013967
protein tyrosine kinase activity,molfunc,0.29,4.354509487689939,4.464892280131642
protein tyrosine kinase activity,molfunc,0.3,4.523347529168658,4.4621748651418685
protein tyrosine kinase activity,molfunc,0.31,4.223471007736307,4.431001500730878
protein tyrosine kinase activity,molfunc,0.32,4.359549429226617,4.297643078308205
protein tyrosine kinase activity,molfunc,0.33,4.467908172265198,4.135162170712108
protein tyrosine kinase activity,molfunc,0.34,4.384749136910008,3.8862623392431095
protein tyrosine kinase activity,molfunc,0.35000000000000003,3.9361943401456725,3.6334402012322875
protein tyrosine kinase activity,molfunc,0.36,3.412040420331121,3.363980305406679
protein tyrosine kinase activity,molfunc,0.37,3.55315878335811,3.0645263007316994
protein tyrosine kinase activity,molfunc,0.38,2.908046266663304,2.783658389147155
protein tyrosine kinase activity,molfunc,0.39,2.867726734369879,2.5063538802378793
protein tyrosine kinase activity,molfunc,0.4,2.4040521129954873,2.289704124779593
protein tyrosine kinase activity,molfunc,0.41000000000000003,2.2150543053700678,2.043906248157423
protein tyrosine kinase activity,molfunc,0.42,1.7690194793740377,1.8088498515419775
protein tyrosine kinase activity,molfunc,0.43,1.6178212332736925,1.6309104416927327
protein tyrosine kinase activity,molfunc,0.44,1.3280245949146978,1.4504843407679402
protein tyrosine kinase activity,molfunc,0.45,1.0508278103973985,1.2918744677327467
protein tyrosine kinase activity,molfunc,0.46,1.0835874303858066,1.1438522587614832
protein tyrosine kinase activity,molfunc,0.47000000000000003,0.9626288335055357,1.0146725027853551
protein tyrosine kinase activity,molfunc,0.48,0.8290703827835589,0.8905430369317198
protein tyrosine kinase activity,molfunc,0.49,0.8567900612352889,0.8046624688586799
protein tyrosine kinase activity,molfunc,0.5,0.7181916689766392,0.7328047875724916
protein tyrosine kinase activity,molfunc,0.51,0.594713101328024,0.6445144363953125
protein tyrosine kinase activity,molfunc,0.52,0.5745533351813114,0.5720671273283243
protein tyrosine kinase activity,molfunc,0.53,0.4787944459844261,0.5005170779277707
protein tyrosine kinase activity,molfunc,0.54,0.443514855227679,0.44173375178106
protein tyrosine kinase activity,molfunc,0.55,0.38807549832421906,0.40709952865667887
protein tyrosine kinase activity,molfunc,0.56,0.2545170476022476,0.36328762094419376
protein tyrosine kinase activity,molfunc,0.5700000000000001,0.24695713529723307,0.3242440074590511
protein tyrosine kinase activity,molfunc,0.58,0.1864778368570923,0.27766341277584944
protein tyrosine kinase activity,molfunc,0.59,0.148678275332006,0.2541039375343199
protein tyrosine kinase activity,molfunc,0.6,0.1864778368570923,0.21913644653383443
protein tyrosine kinase activity,molfunc,0.61,0.20663760300380496,0.20139634112889604
protein tyrosine kinase activity,molfunc,0.62,0.1864778368570923,0.18665564660889664
protein tyrosine kinase activity,molfunc,0.63,0.11591865534359792,0.16489069070023668
protein tyrosine kinase activity,molfunc,0.64,0.10331880150190248,0.14604823770510703
protein tyrosine kinase activity,molfunc,0.65,0.14363833379532784,0.13522984972695096
protein tyrosine kinase activity,molfunc,0.66,0.09575888919688523,0.12282203033968189
protein tyrosine kinase activity,molfunc,0.67,0.047879444598442615,0.1156695889986735
protein tyrosine kinase activity,molfunc,0.68,0.01511982461003451,0.1033643135732827
protein tyrosine kinase activity,molfunc,0.6900000000000001,0.027719678451729936,0.0926228335665353
protein tyrosine kinase activity,molfunc,0.7000000000000001,0.007559912305017339,0.0810353658742932
protein tyrosine kinase activity,molfunc,0.71,0.002519970768339085,0.07457509627596215
protein tyrosine kinase activity,molfunc,0.72,0.007559912305017255,0.06937099021064062
protein tyrosine kinase activity,molfunc,0.73,0.0,0.057937338461215
protein tyrosine kinase activity,molfunc,0.74,0.007559912305017255,0.05645045101398028
protein tyrosine kinase activity,molfunc,0.75,0.01007988307335634,0.048913469815928416
protein tyrosine kinase activity,molfunc,0.76,0.01007988307335634,0.045170615207372054
protein tyrosine kinase activity,molfunc,0.77,0.0,0.03935124537078098
protein tyrosine kinase activity,molfunc,0.78,0.0,0.0334036955818421
protein tyrosine kinase activity,molfunc,0.79,0.0,0.033993323362642075
protein tyrosine kinase activity,molfunc,0.8,0.0,0.030532464649250916
protein tyrosine kinase activity,molfunc,0.81,0.0,0.025302722593459826
protein tyrosine kinase activity,molfunc,0.8200000000000001,0.0,0.021482960013494767
protein tyrosine kinase activity,molfunc,0.8300000000000001,0.0,0.02061133633752981
protein tyrosine kinase activity,molfunc,0.84,0.0,0.02027806846142525
protein tyrosine kinase activity,molfunc,0.85,0.0,0.01848354912855576
protein tyrosine kinase activity,molfunc,0.86,0.0,0.017278657576486244
protein tyrosine kinase activity,molfunc,0.87,0.0,0.0163813979100515
protein tyrosine kinase activity,molfunc,0.88,0.0,0.012484727358677747
protein tyrosine kinase activity,molfunc,0.89,0.0,0.011561831701773436
protein tyrosine kinase activity,molfunc,0.9,0.0,0.008946960673877893
protein tyrosine kinase activity,molfunc,0.91,0.0,0.009459680483269175
protein tyrosine kinase activity,molfunc,0.92,0.0,0.007716433131338812
protein tyrosine kinase activity,molfunc,0.93,0.0,0.004691386255930242
protein tyrosine kinase activity,molfunc,0.9400000000000001,0.0,0.002230331170852082
protein tyrosine kinase activity,molfunc,0.9500000000000001,0.0,0.002819958951652089
protein tyrosine kinase activity,molfunc,0.96,0.0,0.0022816031517912103
protein tyrosine kinase activity,molfunc,0.97,0.0,0.0019226992852173122
protein tyrosine kinase activity,molfunc,0.98,0.0,2.5635990469564162e-05
protein tyrosine kinase activity,molfunc,0.99,0.0,0.0
protein-containing complex binding,molfunc,0.0,0.0,0.0
protein-containing complex binding,molfunc,0.01,0.0,0.0
protein-containing complex binding,molfunc,0.02,0.0,0.0
protein-containing complex binding,molfunc,0.03,0.000210304499885384,0.0009235347832059816
protein-containing complex binding,molfunc,0.04,0.001682435999083072,0.001933650952337524
protein-containing complex binding,molfunc,0.05,0.002944262998395378,0.005368045927384772
protein-containing complex binding,molfunc,0.06,0.00546791699701998,0.013477835742412283
protein-containing complex binding,molfunc,0.07,0.01682435999083073,0.03391104282084466
protein-containing complex binding,molfunc,0.08,0.029022020984183015,0.0813287818460768
protein-containing complex binding,molfunc,0.09,0.06834896246274975,0.1598003779566099
protein-containing complex binding,molfunc,0.1,0.13480518442653125,0.2628322272080275
protein-containing complex binding,molfunc,0.11,0.2176651573813726,0.3827763071769044
protein-containing complex binding,molfunc,0.12,0.3253410613226888,0.5268188728950617
protein-containing complex binding,molfunc,0.13,0.411986515275467,0.6615972303191846
protein-containing complex binding,molfunc,0.14,0.5095678032222866,0.8057552378852454
protein-containing complex binding,molfunc,0.15,0.6519439496446899,0.9491917339019221
protein-containing complex binding,molfunc,0.16,0.7385894035974682,1.08705816075739
protein-containing complex binding,molfunc,0.17,0.8382737365431424,1.2659930250035523
protein-containing complex binding,molfunc,0.18,0.9686625264720781,1.4617535385812415
protein-containing complex binding,molfunc,0.19,1.1234466383877206,1.7112810928187074
protein-containing complex binding,molfunc,0.2,1.3640349862566037,1.9814727378304127
protein-containing complex binding,molfunc,0.21,1.6081985106235304,2.276686403374594
protein-containing complex binding,molfunc,0.22,1.96676768292811,2.6428679449157655
protein-containing complex binding,molfunc,0.23,2.2824347372560774,3.0174767413537
protein-containing complex binding,molfunc,0.24,2.6309092935661518,3.3564428672522615
protein-containing complex binding,molfunc,0.25,2.9911609018698146,3.7083384801157155
protein-containing complex binding,molfunc,0.26,3.2014654017551982,3.9747494046086658
protein-containing complex binding,molfunc,0.27,3.6454182010132437,4.1867583582783885
protein-containing complex binding,molfunc,0.28,4.023966300806957,4.3690410361136935
protein-containing complex binding,molfunc,0.29,4.248150897684754,4.493371906302775
protein-containing complex binding,molfunc,0.3,4.334165438137876,4.480442419337891
protein-containing complex binding,molfunc,0.31,4.394943438604752,4.433573029090187
protein-containing complex binding,molfunc,0.32,4.358560760124581,4.289992230763633
protein-containing complex binding,molfunc,0.33,4.200411776210772,4.130018690035171
protein-containing complex binding,molfunc,0.34,4.023125082807393,3.8731894389179833
protein-containing complex binding,molfunc,0.35000000000000003,3.867499752892231,3.6047871425487648
protein-containing complex binding,molfunc,0.36,3.7076683329793174,3.317365801737859
protein-containing complex binding,molfunc,0.37,3.3827478806563995,3.0264523450279746
protein-containing complex binding,molfunc,0.38,3.245208737731358,2.7217435874939517
protein-containing complex binding,molfunc,0.39,2.928279856404085,2.452590919113358
protein-containing complex binding,molfunc,0.4,2.7562507754978407,2.2269886878533223
protein-containing complex binding,molfunc,0.41000000000000003,2.470236655653733,1.9873602720733563
protein-containing complex binding,molfunc,0.42,2.1747588333147543,1.7581793435283861
protein-containing complex binding,molfunc,0.43,1.9789653439214623,1.5829963393390016
protein-containing complex binding,molfunc,0.44,1.72302476756095,1.411680637054292
protein-containing complex binding,molfunc,0.45,1.5999966351280004,1.2468296782520247
protein-containing complex binding,molfunc,0.46,1.3831726957461696,1.1103196931093906
protein-containing complex binding,molfunc,0.47000000000000003,1.291690238296035,0.9760608240008265
protein-containing complex binding,molfunc,0.48,1.2044138708435934,0.8467659543519837
protein-containing complex binding,molfunc,0.49,1.0647716829196985,0.7695642185683588
protein-containing complex binding,molfunc,0.5,0.9436362909857173,0.7037046443409822
protein-containing complex binding,molfunc,0.51,0.8506817020363777,0.615651374854687
protein-containing complex binding,molfunc,0.52,0.7842254800725964,0.5429807316011664
protein-containing complex binding,molfunc,0.53,0.7217650436066374,0.4699060418799932
protein-containing complex binding,molfunc,0.54,0.6349092851539738,0.4152443268989892
protein-containing complex binding,molfunc,0.55,0.5718179351883588,0.38427705119961364
protein-containing complex binding,molfunc,0.56,0.5120914572209098,0.3416212884002873
protein-containing complex binding,molfunc,0.5700000000000001,0.4599359412493396,0.30473761799600185
protein-containing complex binding,molfunc,0.58,0.4012609857813124,0.25965757639075654
protein-containing complex binding,molfunc,0.59,0.34847455631008106,0.23994588086170393
protein-containing complex binding,molfunc,0.6,0.2988426943371305,0.20782418668332092
protein-containing complex binding,molfunc,0.61,0.2883274693428613,0.1895266537910524
protein-containing complex binding,molfunc,0.62,0.2801255938473313,0.1738265624765507
protein-containing complex binding,molfunc,0.63,0.24542535136624297,0.15327791355021764
protein-containing complex binding,molfunc,0.64,0.23343799487277608,0.133566218021165
protein-containing complex binding,molfunc,0.65,0.21451058988309155,0.12444631203700592
protein-containing complex binding,molfunc,0.66,0.19221831289524083,0.11298870863285673
protein-containing complex binding,molfunc,0.67,0.1772866934033786,0.10643738376448929
protein-containing complex binding,molfunc,0.68,0.16361690091082864,0.0940851060391093
protein-containing complex binding,molfunc,0.6900000000000001,0.16635085940933864,0.0817616887757045
protein-containing complex binding,molfunc,0.7000000000000001,0.14153492842286491,0.07189141078019137
protein-containing complex binding,molfunc,0.71,0.11671899743638804,0.06796638795156516
protein-containing complex binding,molfunc,0.72,0.11629838843661727,0.06222315601850296
protein-containing complex binding,molfunc,0.73,0.11188199393902422,0.04987087829312297
protein-containing complex binding,molfunc,0.74,0.1120922984389096,0.048254692422512506
protein-containing complex binding,molfunc,0.75,0.08916910795140276,0.04294436741907811
protein-containing complex binding,molfunc,0.76,0.08033631895621662,0.039942879373658674
protein-containing complex binding,molfunc,0.77,0.07255505246045743,0.03434394975047242
protein-containing complex binding,molfunc,0.78,0.07381687945976974,0.027475159800377933
protein-containing complex binding,molfunc,0.79,0.060147086967219786,0.03001488045419438
protein-containing complex binding,molfunc,0.8,0.06561500396423976,0.02536834607618929
protein-containing complex binding,molfunc,0.81,0.04668759897455522,0.02207825341101798
protein-containing complex binding,molfunc,0.8200000000000001,0.03890633247879601,0.01884588166979705
protein-containing complex binding,molfunc,0.8300000000000001,0.036382678480171814,0.01821095150634314
protein-containing complex binding,molfunc,0.84,0.035120851480859104,0.018008928272516628
protein-containing complex binding,molfunc,0.85,0.028601411984412205,0.01688337025548434
protein-containing complex binding,molfunc,0.86,0.028601411984412205,0.015526928542650554
protein-containing complex binding,molfunc,0.87,0.02881171648429759,0.014487951911543825
protein-containing complex binding,molfunc,0.88,0.026077757985787597,0.010476347696992848
protein-containing complex binding,molfunc,0.89,0.02334379948727761,0.009812557071563548
protein-containing complex binding,molfunc,0.9,0.02187166798807992,0.007070813183920791
protein-containing complex binding,molfunc,0.91,0.019978927489111467,0.00790776658120121
protein-containing complex binding,molfunc,0.92,0.01640375099105994,0.00643588302046668
protein-containing complex binding,molfunc,0.93,0.011777051993581497,0.003665278670848737
protein-containing complex binding,molfunc,0.9400000000000001,0.00273395849850999,0.002135674186163831
protein-containing complex binding,molfunc,0.9500000000000001,0.007991570995644674,0.00207795326221348
protein-containing complex binding,molfunc,0.96,0.0,0.0025685811157916344
protein-containing complex binding,molfunc,0.97,0.00042060899977076774,0.002106813724188644
protein-containing complex binding,molfunc,0.98,0.0,2.8860461975186904e-05
protein-containing complex binding,molfunc,0.99,0.0,0.0
sequence-specific DNA binding,molfunc,0.0,0.0,0.0
sequence-specific DNA binding,molfunc,0.01,0.0,0.0
sequence-specific DNA binding,molfunc,0.02,0.0,0.0
sequence-specific DNA binding,molfunc,0.03,0.00036579789666209414,0.0009134575576679014
sequence-specific DNA binding,molfunc,0.04,0.0012802926383173295,0.002003713352303784
sequence-specific DNA binding,molfunc,0.05,0.007315957933241887,0.004714619652479495
sequence-specific DNA binding,molfunc,0.06,0.024325560128029243,0.010607894218078848
sequence-specific DNA binding,molfunc,0.07,0.053772290809327876,0.028317184287704963
sequence-specific DNA binding,molfunc,0.08,0.1221764974851395,0.06741906103045678
sequence-specific DNA binding,molfunc,0.09,0.21764974851394586,0.13766689385240105
sequence-specific DNA binding,molfunc,0.1,0.3429355281207135,0.2319887532748191
sequence-specific DNA binding,molfunc,0.11,0.49602194787379994,0.34139739558517135
sequence-specific DNA binding,molfunc,0.12,0.6690443529949697,0.47567565656235233
sequence-specific DNA binding,molfunc,0.13,0.833836305441243,0.598874561356207
sequence-specific DNA binding,molfunc,0.14,0.9300411522633761,0.7442321785167172
sequence-specific DNA binding,molfunc,0.15,1.0972107910379505,0.883696521111624
sequence-specific DNA binding,molfunc,0.16,1.2411522633744845,1.0134074943004658
sequence-specific DNA binding,molfunc,0.17,1.3732053040695043,1.1887913453727061
sequence-specific DNA binding,molfunc,0.18,1.5610425240054855,1.3766689385240105
sequence-specific DNA binding,molfunc,0.19,1.6631001371742098,1.6366802123582542
sequence-specific DNA binding,molfunc,0.2,1.8708733424782844,1.9127801257565895
sequence-specific DNA binding,molfunc,0.21,2.2090534979423846,2.1939187889085017
sequence-specific DNA binding,molfunc,0.22,2.556012802926381,2.56213058376715
sequence-specific DNA binding,molfunc,0.23,2.9293095564700558,2.928692261747438
sequence-specific DNA binding,molfunc,0.24,3.207864654778232,3.278723304571204
sequence-specific DNA binding,molfunc,0.25,3.452400548696842,3.6490861446462954
sequence-specific DNA binding,molfunc,0.26,3.648285322359393,3.9189981197507464
sequence-specific DNA binding,molfunc,0.27,3.950800182898945,4.148924226927606
sequence-specific DNA binding,molfunc,0.28,4.095107453132163,4.364824340638362
sequence-specific DNA binding,molfunc,0.29,4.249291266575214,4.498336475921992
sequence-specific DNA binding,molfunc,0.3,4.17704618198445,4.508826504648758
sequence-specific DNA binding,molfunc,0.31,4.113031550068584,4.479802127413182
sequence-specific DNA binding,molfunc,0.32,3.9683584819387256,4.351417141001599
sequence-specific DNA binding,molfunc,0.33,3.8183813443072667,4.190088749768317
sequence-specific DNA binding,molfunc,0.34,3.6188385916780943,3.9351751584333168
sequence-specific DNA binding,molfunc,0.35000000000000003,3.4203932327389275,3.6713037897586256
sequence-specific DNA binding,molfunc,0.36,3.1253772290809296,3.4029829987868663
sequence-specific DNA binding,molfunc,0.37,2.900411522633742,3.0966800532398397
sequence-specific DNA binding,molfunc,0.38,2.674348422496568,2.802723517907743
sequence-specific DNA binding,molfunc,0.39,2.504252400548695,2.5109180277920915
sequence-specific DNA binding,molfunc,0.4,2.2778235025148583,2.292955267983399
sequence-specific DNA binding,molfunc,0.41000000000000003,2.077000457247381,2.040575784711618
sequence-specific DNA binding,molfunc,0.42,1.8853223593964317,1.7960638229848889
sequence-specific DNA binding,molfunc,0.43,1.6501143118427055,1.6276635022728874
sequence-specific DNA binding,molfunc,0.44,1.554641060813899,1.4322719840504403
sequence-specific DNA binding,molfunc,0.45,1.340283493369912,1.2812568233069568
sequence-specific DNA binding,molfunc,0.46,1.2203017832647451,1.1308309900200333
sequence-specific DNA binding,molfunc,0.47000000000000003,1.1016003657979019,1.000059227409389
sequence-specific DNA binding,molfunc,0.48,1.0075903063557377,0.8709670480499293
sequence-specific DNA binding,molfunc,0.49,0.9401005944215812,0.783451920750779
sequence-specific DNA binding,molfunc,0.5,0.9347965249199809,0.7000915520203759
sequence-specific DNA binding,molfunc,0.51,0.7268404206675805,0.6306687776376155
sequence-specific DNA binding,molfunc,0.52,0.6383173296753538,0.561422801491823
sequence-specific DNA binding,molfunc,0.53,0.5633287608596246,0.4901436456208988
sequence-specific DNA binding,molfunc,0.54,0.5108367626886141,0.4306215725083452
sequence-specific DNA binding,molfunc,0.55,0.4742569730224047,0.396057517181105
sequence-specific DNA binding,molfunc,0.56,0.4146319158664834,0.35374380580010156
sequence-specific DNA binding,molfunc,0.5700000000000001,0.388477366255148,0.31299181217898553
sequence-specific DNA binding,molfunc,0.58,0.34000914494741624,0.26655280860205904
sequence-specific DNA binding,molfunc,0.59,0.3144032921810697,0.2431565085766296
sequence-specific DNA binding,molfunc,0.6,0.26648376771833543,0.21112656131259708
sequence-specific DNA binding,molfunc,0.61,0.2502057613168722,0.19359406947993898
sequence-specific DNA binding,molfunc,0.62,0.241609510745313,0.17780009364413268
sequence-specific DNA binding,molfunc,0.63,0.1964334705075444,0.15923627876249472
sequence-specific DNA binding,molfunc,0.64,0.17558299039780506,0.1407903293721687
sequence-specific DNA binding,molfunc,0.65,0.15089163237311373,0.13280494233578158
sequence-specific DNA binding,molfunc,0.66,0.1269318701417466,0.12184345164376677
sequence-specific DNA binding,molfunc,0.67,0.11851851851851841,0.11441792569111157
sequence-specific DNA binding,molfunc,0.68,0.10059442158207581,0.10277870842405284
sequence-specific DNA binding,molfunc,0.6900000000000001,0.09766803840877905,0.09105109203851011
sequence-specific DNA binding,molfunc,0.7000000000000001,0.08907178783722085,0.0788814800605483
sequence-specific DNA binding,molfunc,0.71,0.07590306355738448,0.073518600205852
sequence-specific DNA binding,molfunc,0.72,0.08395061728395053,0.0662993388629928
sequence-specific DNA binding,molfunc,0.73,0.06694101508916318,0.055809310136225934
sequence-specific DNA binding,molfunc,0.74,0.06017375400091444,0.05527891542532199
sequence-specific DNA binding,molfunc,0.75,0.04554183813443069,0.04900257801295868
sequence-specific DNA binding,molfunc,0.76,0.040054869684499284,0.04558447876491105
sequence-specific DNA binding,molfunc,0.77,0.03840877914951986,0.03904294399709576
sequence-specific DNA binding,molfunc,0.78,0.03420210333790577,0.032884472076044426
sequence-specific DNA binding,molfunc,0.79,0.029629629629629603,0.03429885797178828
sequence-specific DNA binding,molfunc,0.8,0.0354823959762231,0.02937797370951281
sequence-specific DNA binding,molfunc,0.81,0.02505715592135343,0.025046416903797282
sequence-specific DNA binding,molfunc,0.8200000000000001,0.021947873799725633,0.021156855690501703
sequence-specific DNA binding,molfunc,0.8300000000000001,0.016278006401463357,0.021068456572017946
sequence-specific DNA binding,molfunc,0.84,0.018106995884773647,0.020390729996973788
sequence-specific DNA binding,molfunc,0.85,0.010791037951531768,0.01950673881213388
sequence-specific DNA binding,molfunc,0.86,0.014814814814814802,0.017473559087002103
sequence-specific DNA binding,molfunc,0.87,0.012437128486511191,0.016825298884786174
sequence-specific DNA binding,molfunc,0.88,0.011705532693187004,0.012464275706242646
sequence-specific DNA binding,molfunc,0.89,0.009876543209876534,0.01169815001271473
sequence-specific DNA binding,molfunc,0.9,0.010059442158207582,0.008663113611431059
sequence-specific DNA binding,molfunc,0.91,0.013534522176497473,0.008692579984259057
sequence-specific DNA binding,molfunc,0.92,0.013900320073159568,0.006629933886299281
sequence-specific DNA binding,molfunc,0.93,0.004755372656607221,0.0046262205339954975
sequence-specific DNA binding,molfunc,0.9400000000000001,0.002926383173296751,0.0020921124707877726
sequence-specific DNA binding,molfunc,0.9500000000000001,0.001097393689986294,0.003064502774111701
sequence-specific DNA binding,molfunc,0.96,0.002743484224965704,0.0021805115892717633
sequence-specific DNA binding,molfunc,0.97,0.0009144947416552347,0.002062646097959776
sequence-specific DNA binding,molfunc,0.98,0.00018289894833104693,0.0
sequence-specific DNA binding,molfunc,0.99,0.0,0.0
sequence-specific double-stranded DNA binding,molfunc,0.0,0.0,0.0
sequence-specific double-stranded DNA binding,molfunc,0.01,0.0,0.0
sequence-specific double-stranded DNA binding,molfunc,0.02,0.0,0.0
sequence-specific double-stranded DNA binding,molfunc,0.03,0.00039303618487636057,0.0009033713234972708
sequence-specific double-stranded DNA binding,molfunc,0.04,0.001375626647067262,0.0019815887096069165
sequence-specific double-stranded DNA binding,molfunc,0.05,0.007860723697527217,0.004662561669663336
sequence-specific double-stranded DNA binding,molfunc,0.06,0.02613690629427796,0.010490763756742493
sequence-specific double-stranded DNA binding,molfunc,0.07,0.05777631917682504,0.02800451102841541
sequence-specific double-stranded DNA binding,molfunc,0.08,0.1312740857487045,0.0666746318761857
sequence-specific double-stranded DNA binding,molfunc,0.09,0.2326774214468053,0.1363216468167816
sequence-specific double-stranded DNA binding,molfunc,0.1,0.3641480252879483,0.23006827738745023
sequence-specific double-stranded DNA binding,molfunc,0.11,0.5252928610872563,0.3387642463114767
sequence-specific double-stranded DNA binding,molfunc,0.12,0.7029452166513704,0.47278375330386163
sequence-specific double-stranded DNA binding,molfunc,0.13,0.8778463189213507,0.5949428690490408
sequence-specific double-stranded DNA binding,molfunc,0.14,0.9721750032916798,0.7400359600068787
sequence-specific double-stranded DNA binding,molfunc,0.15,1.156115937813814,0.8773192601680263
sequence-specific double-stranded DNA binding,molfunc,0.16,1.306845314713898,1.0061808083133466
sequence-specific double-stranded DNA binding,molfunc,0.17,1.42907956821045,1.1825422034683652
sequence-specific double-stranded DNA binding,molfunc,0.18,1.6191125635981662,1.3700937466305696
sequence-specific double-stranded DNA binding,molfunc,0.19,1.718157682187009,1.6288076372760136
sequence-specific double-stranded DNA binding,molfunc,0.2,1.9243051611546653,1.904394172963557
sequence-specific double-stranded DNA binding,molfunc,0.21,2.2611371715937008,2.1863625899364414
sequence-specific double-stranded DNA binding,molfunc,0.22,2.6026856162512577,2.5551420769963755
sequence-specific double-stranded DNA binding,molfunc,0.23,2.968405786278719,2.9229016286910787
sequence-specific double-stranded DNA binding,molfunc,0.24,3.2405833443055907,3.273089151093222
sequence-specific double-stranded DNA binding,molfunc,0.25,3.4699199581809466,3.6443164830297294
sequence-specific double-stranded DNA binding,molfunc,0.26,3.642266325249231,3.916901494642422
sequence-specific double-stranded DNA binding,molfunc,0.27,3.9390086448308828,4.148485104572512
sequence-specific double-stranded DNA binding,molfunc,0.28,4.0710688029493625,4.365410786253623
sequence-specific double-stranded DNA binding,molfunc,0.29,4.2363405186898495,4.497506986557248
sequence-specific double-stranded DNA binding,molfunc,0.3,4.151444702756556,4.508959403658358
sequence-specific double-stranded DNA binding,molfunc,0.31,4.081091225663687,4.480488636462977
sequence-specific double-stranded DNA binding,molfunc,0.32,3.9331131020577375,4.352413895599412
sequence-specific double-stranded DNA binding,molfunc,0.33,3.7814011346954626,4.191468094964721
sequence-specific double-stranded DNA binding,molfunc,0.34,3.5707337396017333,3.9388155344898395
sequence-specific double-stranded DNA binding,molfunc,0.35000000000000003,3.3535812474575626,3.6784406062495987
sequence-specific double-stranded DNA binding,molfunc,0.36,3.0692195676994976,3.408245157492588
sequence-specific double-stranded DNA binding,molfunc,0.37,2.8554078831267575,3.1011863305348224
sequence-specific double-stranded DNA binding,molfunc,0.38,2.618800099831189,2.8095430980973806
sequence-specific double-stranded DNA binding,molfunc,0.39,2.4607995535108915,2.5172879044407965
sequence-specific double-stranded DNA binding,molfunc,0.4,2.2517043031566684,2.2966613144344143
sequence-specific double-stranded DNA binding,molfunc,0.41000000000000003,2.03455181101249,2.0472725471283084
sequence-specific double-stranded DNA binding,molfunc,0.42,1.8525760574147243,1.8019052392622645
sequence-specific double-stranded DNA binding,molfunc,0.43,1.6222568530771773,1.6320422894343425
sequence-specific double-stranded DNA binding,molfunc,0.44,1.530482903908547,1.4372054936632859
sequence-specific double-stranded DNA binding,molfunc,0.45,1.3086139775458416,1.2866047517331605
sequence-specific double-stranded DNA binding,molfunc,0.46,1.1981708095955843,1.1351006384795377
sequence-specific double-stranded DNA binding,molfunc,0.47000000000000003,1.0977500643596803,1.0017513747271718
sequence-specific double-stranded DNA binding,molfunc,0.48,0.9961502105691351,0.8741720310410035
sequence-specific double-stranded DNA binding,molfunc,0.49,0.944662470350332,0.7845051419312906
sequence-specific double-stranded DNA binding,molfunc,0.5,0.9297270953250303,0.7034348509000194
sequence-specific double-stranded DNA binding,molfunc,0.51,0.7206318449708066,0.6326513365524431
sequence-specific double-stranded DNA binding,molfunc,0.52,0.6396663908862764,0.5620718092779144
sequence-specific double-stranded DNA binding,molfunc,0.53,0.5695094318858461,0.490035231481616
sequence-specific double-stranded DNA binding,molfunc,0.54,0.5207729449611774,0.43003389099513595
sequence-specific double-stranded DNA binding,molfunc,0.55,0.4824519169357323,0.3957057807022397
sequence-specific double-stranded DNA binding,molfunc,0.56,0.41701139215381827,0.35406327679005906
sequence-specific double-stranded DNA binding,molfunc,0.5700000000000001,0.3932327029688028,0.31312015712833147
sequence-specific double-stranded DNA binding,molfunc,0.58,0.33977978182561347,0.26739791175519195
sequence-specific double-stranded DNA binding,molfunc,0.59,0.3218966354137391,0.2428320399581533
sequence-specific double-stranded DNA binding,molfunc,0.6,0.2643168343293523,0.2120591329383753
sequence-specific double-stranded DNA binding,molfunc,0.61,0.25508048398475786,0.19349630929102818
sequence-specific double-stranded DNA binding,molfunc,0.62,0.243289398438467,0.17825556083331617
sequence-specific double-stranded DNA binding,molfunc,0.63,0.1959285381608656,0.15972187819640446
sequence-specific double-stranded DNA binding,molfunc,0.64,0.18118968122800208,0.14034310625686622
sequence-specific double-stranded DNA binding,molfunc,0.65,0.15112241308496052,0.13297043061671107
sequence-specific double-stranded DNA binding,molfunc,0.66,0.1297019410091989,0.12148887250516514
sequence-specific double-stranded DNA binding,molfunc,0.67,0.12223425349654804,0.11391220979196222
sequence-specific double-stranded DNA binding,molfunc,0.68,0.10553021563930273,0.10202267753432075
sequence-specific double-stranded DNA binding,molfunc,0.6900000000000001,0.10238592616029187,0.0904245553810332
sequence-specific double-stranded DNA binding,molfunc,0.7000000000000001,0.09157743107619296,0.07862244615469877
sequence-specific double-stranded DNA binding,molfunc,0.71,0.07821420079039569,0.07320221821371427
sequence-specific double-stranded DNA binding,molfunc,0.72,0.0862714425803611,0.0661500936883485
sequence-specific double-stranded DNA binding,molfunc,0.73,0.06563704287435217,0.05612558609857233
sequence-specific double-stranded DNA binding,molfunc,0.74,0.058758909639015866,0.05554276588986441
sequence-specific double-stranded DNA binding,molfunc,0.75,0.04441308889102871,0.04913174359407734
sequence-specific double-stranded DNA binding,molfunc,0.76,0.04028620894982693,0.04548911728965286
sequence-specific double-stranded DNA binding,molfunc,0.77,0.03871406421032149,0.0389906719625596
sequence-specific double-stranded DNA binding,molfunc,0.78,0.03281852143717608,0.03310418785460964
sequence-specific double-stranded DNA binding,molfunc,0.79,0.0267264605715925,0.03467780241812102
sequence-specific double-stranded DNA binding,molfunc,0.8,0.030853340512794283,0.03013180479019927
sequence-specific double-stranded DNA binding,molfunc,0.81,0.019848327336256195,0.02581893524576069
sequence-specific double-stranded DNA binding,molfunc,0.8200000000000001,0.017097074042121675,0.02188489883698225
sequence-specific double-stranded DNA binding,molfunc,0.8300000000000001,0.012380639823605486,0.021593488732628535
sequence-specific double-stranded DNA binding,molfunc,0.84,0.01316671219335807,0.02109809155522657
sequence-specific double-stranded DNA binding,molfunc,0.85,0.006878133235336305,0.019990733158681526
sequence-specific double-stranded DNA binding,molfunc,0.86,0.01257715791604353,0.017776016365591445
sequence-specific double-stranded DNA binding,molfunc,0.87,0.009432868437032647,0.017222337167318923
sequence-specific double-stranded DNA binding,molfunc,0.88,0.0055025065882690445,0.013375723789846677
sequence-specific double-stranded DNA binding,molfunc,0.89,0.005895542773145405,0.012268365393301636
sequence-specific double-stranded DNA binding,molfunc,0.9,0.005895542773145405,0.009295982328891263
sequence-specific double-stranded DNA binding,molfunc,0.91,0.006485097050459945,0.009791379506292993
sequence-specific double-stranded DNA binding,molfunc,0.92,0.004126879941201783,0.008159482921910826
sequence-specific double-stranded DNA binding,molfunc,0.93,0.0025547352016963417,0.004953971774017288
sequence-specific double-stranded DNA binding,molfunc,0.9400000000000001,0.0005895542773145404,0.0024478448765732483
sequence-specific double-stranded DNA binding,molfunc,0.9500000000000001,0.0,0.003205511147893575
sequence-specific double-stranded DNA binding,molfunc,0.96,0.0,0.0025935499287502274
sequence-specific double-stranded DNA binding,molfunc,0.97,0.0003930361848763603,0.0021272937617838944
sequence-specific double-stranded DNA binding,molfunc,0.98,0.0,2.914101043539581e-05
sequence-specific double-stranded DNA binding,molfunc,0.99,0.0,0.0
signaling receptor activity,molfunc,0.0,0.0,0.0
signaling receptor activity,molfunc,0.01,0.0,0.0
signaling receptor activity,molfunc,0.02,0.0,0.0
signaling receptor activity,molfunc,0.03,0.003412542230210098,0.0007172025276342117
signaling receptor activity,molfunc,0.04,0.003412542230210098,0.0018328509039540967
signaling receptor activity,molfunc,0.05,0.0022750281534734003,0.0052063590894928
signaling receptor activity,molfunc,0.06,0.006256327422051843,0.012803393271099622
signaling receptor activity,molfunc,0.07,0.04038174972415286,0.03145065898958916
signaling receptor activity,molfunc,0.08,0.12285152028756362,0.07278277502658301
signaling receptor activity,molfunc,0.09,0.20645880492771082,0.14607024812816768
signaling receptor activity,molfunc,0.1,0.4572806588481535,0.23757997804297756
signaling receptor activity,molfunc,0.11,0.805928723367952,0.3421587317946773
signaling receptor activity,molfunc,0.12,1.2546780266405786,0.4673769805082943
signaling receptor activity,molfunc,0.13,1.4872996553332334,0.5915061439021709
signaling receptor activity,molfunc,0.14,1.9491303704883385,0.7149446678249943
signaling receptor activity,molfunc,0.15,2.3694418218425435,0.8453161495149446
signaling receptor activity,molfunc,0.16,2.4166486560271165,0.9809471164075476
signaling receptor activity,molfunc,0.17,2.582156954192313,1.1504991065515942
signaling receptor activity,molfunc,0.18,2.486037014708055,1.3516345709681186
signaling receptor activity,molfunc,0.19,2.6452889854511925,1.593411511950585
signaling receptor activity,molfunc,0.2,2.6998896611345615,1.869932930938447
signaling receptor activity,molfunc,0.21,2.8853044556426357,2.1638265889289943
signaling receptor activity,molfunc,0.22,3.166839189634969,2.5329999492645596
signaling receptor activity,molfunc,0.23,3.3801230790231096,2.9076984253685745
signaling receptor activity,molfunc,0.24,3.4187985576321474,3.2618902217935504
signaling receptor activity,molfunc,0.25,3.688389393818745,3.6186851977632815
signaling receptor activity,molfunc,0.26,3.8334224386026743,3.8836782501958327
signaling receptor activity,molfunc,0.27,3.8965544698615613,4.131936576983586
signaling receptor activity,molfunc,0.28,3.995518194537676,4.342900372334384
signaling receptor activity,molfunc,0.29,4.295253153757773,4.47165150757299
signaling receptor activity,molfunc,0.3,4.209939598002522,4.474600006853264
signaling receptor activity,molfunc,0.31,4.153632651204055,4.441768068921565
signaling receptor activity,molfunc,0.32,3.8675478609047755,4.318382671111902
signaling receptor activity,molfunc,0.33,3.578619285413654,4.164662262688969
signaling receptor activity,molfunc,0.34,3.349978955989578,3.9165633142406904
signaling receptor activity,molfunc,0.35000000000000003,2.8523165474172876,3.6731129006937646
signaling receptor activity,molfunc,0.36,2.7197961574774463,3.3945726894058796
signaling receptor activity,molfunc,0.37,2.499687183628895,3.0960570595705734
signaling receptor activity,molfunc,0.38,2.197108439216933,2.8123636153063747
signaling receptor activity,molfunc,0.39,2.102126013809419,2.529042053834282
signaling receptor activity,molfunc,0.4,1.9417365289895445,2.3071608422295204
signaling receptor activity,molfunc,0.41000000000000003,1.6886396469156386,2.0623025866838964
signaling receptor activity,molfunc,0.42,1.4105174551535062,1.8270335945632843
signaling receptor activity,molfunc,0.43,1.2842533926357327,1.6469626340139394
signaling receptor activity,molfunc,0.44,1.120451365585648,1.4646072505987964
signaling receptor activity,molfunc,0.45,0.9065987191591488,1.3073273925942717
signaling receptor activity,molfunc,0.46,0.8724732968570478,1.155891407037137
signaling receptor activity,molfunc,0.47000000000000003,0.7154963542673873,1.028096541835358
signaling receptor activity,molfunc,0.48,0.5903698058263466,0.9039142523283176
signaling receptor activity,molfunc,0.49,0.5397504294115635,0.8175843184464217
signaling receptor activity,molfunc,0.5,0.4345303773134188,0.7465812682106349
signaling receptor activity,molfunc,0.51,0.3941486275892661,0.6556824885971433
signaling receptor activity,molfunc,0.52,0.356610663056955,0.5821559479863472
signaling receptor activity,molfunc,0.53,0.31452264221769716,0.5089747271110786
signaling receptor activity,molfunc,0.54,0.284947276222543,0.44907503452533243
signaling receptor activity,molfunc,0.55,0.24911558280533702,0.4142774304067836
signaling receptor activity,molfunc,0.56,0.19167112193013372,0.37015619342899014
signaling receptor activity,molfunc,0.5700000000000001,0.16607705520355984,0.3308163066354284
signaling receptor activity,molfunc,0.58,0.13479541809329879,0.2833746875852506
signaling receptor activity,molfunc,0.59,0.11773270694224831,0.259361684437794
signaling receptor activity,molfunc,0.6,0.0853135557552524,0.22504221533766805
signaling receptor activity,molfunc,0.61,0.0784884712948322,0.2071918413165499
signaling receptor activity,molfunc,0.62,0.06881960164257027,0.1921571512928105
signaling receptor activity,molfunc,0.63,0.05516943272172988,0.16949886403088524
signaling receptor activity,molfunc,0.64,0.029575365995154163,0.15103753970844908
signaling receptor activity,molfunc,0.65,0.046638077146204646,0.13945604703998551
signaling receptor activity,molfunc,0.66,0.03128163711025921,0.12681203210836017
signaling receptor activity,molfunc,0.67,0.019906496342892224,0.11942750237938568
signaling receptor activity,molfunc,0.68,0.010237626690630287,0.10678348744776034
signaling receptor activity,molfunc,0.6900000000000001,0.025594066726575722,0.09506917949640156
signaling receptor activity,molfunc,0.7000000000000001,0.015356440035945603,0.08332830848846465
signaling receptor activity,molfunc,0.71,0.01649395411268213,0.07652816600422825
signaling receptor activity,molfunc,0.72,0.015925197074313783,0.07121555468841927
signaling receptor activity,molfunc,0.73,0.011943897805735336,0.059474683680481435
signaling receptor activity,molfunc,0.74,0.013081411882472036,0.05796058945547588
signaling receptor activity,molfunc,0.75,0.014218925959208732,0.050124487764657645
signaling receptor activity,molfunc,0.76,0.0034125422302100955,0.04675097957911895
signaling receptor activity,molfunc,0.77,0.006825084460420191,0.040455535169885315
signaling receptor activity,molfunc,0.78,0.007962598537156891,0.034239779930388826
signaling receptor activity,molfunc,0.79,0.010237626690630287,0.034744478005390676
signaling receptor activity,molfunc,0.8,0.006825084460420191,0.03131784370669389
signaling receptor activity,molfunc,0.81,0.0051188133453151435,0.02597866933430587
signaling receptor activity,molfunc,0.8200000000000001,0.010806383728998637,0.02175514333823774
signaling receptor activity,molfunc,0.8300000000000001,0.010237626690630401,0.02087856247112949
signaling receptor activity,molfunc,0.84,0.00910011261389359,0.020586368848759765
signaling receptor activity,molfunc,0.85,0.0034125422302100955,0.018992585454017077
signaling receptor activity,molfunc,0.86,0.0022750281534733973,0.017797247907960057
signaling receptor activity,molfunc,0.87,0.007962598537156891,0.016601910361903036
signaling receptor activity,molfunc,0.88,0.006256327422051843,0.012644014931625352
signaling receptor activity,molfunc,0.89,0.00853135557552524,0.01158149266846356
signaling receptor activity,molfunc,0.9,0.006256327422051843,0.008978313123717163
signaling receptor activity,molfunc,0.91,0.006256327422051843,0.00950957425529806
signaling receptor activity,molfunc,0.92,0.004550056306946795,0.007782975577660144
signaling receptor activity,molfunc,0.93,0.0017062711151050478,0.004781350184228075
signaling receptor activity,molfunc,0.9400000000000001,0.0,0.002310985922376903
signaling receptor activity,molfunc,0.9500000000000001,0.0,0.002921936223694967
signaling receptor activity,molfunc,0.96,0.0,0.0023641120355349927
signaling receptor activity,molfunc,0.97,0.0,0.0019922292434283646
signaling receptor activity,molfunc,0.98,0.0,2.656305657904486e-05
signaling receptor activity,molfunc,0.99,0.0,0.0
signaling receptor binding,molfunc,0.0,0.0,0.0
signaling receptor binding,molfunc,0.01,0.0,0.0
signaling receptor binding,molfunc,0.02,0.0,0.0
signaling receptor binding,molfunc,0.03,0.0074820823816649585,0.0003797630766668411
signaling receptor binding,molfunc,0.04,0.009451051429471526,0.001383422636429207
signaling receptor binding,molfunc,0.05,0.010632432858155474,0.004692786590240253
signaling receptor binding,molfunc,0.06,0.019295896668504352,0.012043914717148382
signaling receptor binding,molfunc,0.07,0.040166968575254015,0.03127620195691915
signaling receptor binding,molfunc,0.08,0.12443884382137518,0.07161246588574723
signaling receptor binding,molfunc,0.09,0.21619280144916103,0.1441200875950661
signaling receptor binding,molfunc,0.1,0.3843427581318423,0.23794869346582376
signaling receptor binding,molfunc,0.11,0.5993541781523198,0.3465609333925404
signaling receptor binding,molfunc,0.12,0.8541387729384886,0.4782844691278384
signaling receptor binding,molfunc,0.13,1.0703315743876498,0.601246328165752
signaling receptor binding,molfunc,0.14,1.3121209734582997,0.7326714786265286
signaling receptor binding,molfunc,0.15,1.5283137749074571,0.8709594904013519
signaling receptor binding,molfunc,0.16,1.6192801449161205,1.0054498714095088
signaling receptor binding,molfunc,0.17,1.649208474442785,1.1844267842557847
signaling receptor binding,molfunc,0.18,1.7976687406473955,1.3750135968744401
signaling receptor binding,molfunc,0.19,1.96700007875876,1.6178449584688372
signaling receptor binding,molfunc,0.2,2.0292195006694533,1.898544123993733
signaling receptor binding,molfunc,0.21,2.2044577459242323,2.1954374721450542
signaling receptor binding,molfunc,0.22,2.606127431676772,2.558192588164031
signaling receptor binding,molfunc,0.23,2.880601716941015,2.932096463076591
signaling receptor binding,molfunc,0.24,3.2491927226903967,3.270248356914357
signaling receptor binding,molfunc,0.25,3.4425454831850013,3.6341427621633335
signaling receptor binding,molfunc,0.26,3.5910057493896166,3.901441716268694
signaling receptor binding,molfunc,0.27,3.9194297865637515,4.135348645561421
signaling receptor binding,molfunc,0.28,4.084823186579526,4.344109833992016
signaling receptor binding,molfunc,0.29,4.293927699456561,4.475480732584671
signaling receptor binding,molfunc,0.3,4.152161928014488,4.4841881574139615
signaling receptor binding,molfunc,0.31,4.004883043238556,4.4581201347941875
signaling receptor binding,molfunc,0.32,4.028510671812236,4.316848270274122
signaling receptor binding,molfunc,0.33,3.9686540127589156,4.150213657419522
signaling receptor binding,molfunc,0.34,3.7359218713081797,3.9019842349496465
signaling receptor binding,molfunc,0.35000000000000003,3.5173663070016703,3.6446947505078824
signaling receptor binding,molfunc,0.36,3.180672599826728,3.377124537062025
signaling receptor binding,molfunc,0.37,2.909742458848544,3.0804481963830797
signaling receptor binding,molfunc,0.38,2.643144049775535,2.794676481191282
signaling receptor binding,molfunc,0.39,2.42576986689769,2.5157947532475826
signaling receptor binding,molfunc,0.4,2.2272977868787884,2.2952337835062906
signaling receptor binding,molfunc,0.41000000000000003,1.9563676459006156,2.0517785254288095
signaling receptor binding,molfunc,0.42,1.6129794439631395,1.821913360309169
signaling receptor binding,molfunc,0.43,1.470426084901944,1.6418242841669435
signaling receptor binding,molfunc,0.44,1.3026699220288245,1.4593481258285266
signaling receptor binding,molfunc,0.45,1.1715365834449072,1.2975690551684522
signaling receptor binding,molfunc,0.46,1.090808852484838,1.1468573655998118
signaling receptor binding,molfunc,0.47000000000000003,0.9356540915176857,1.0195553571142828
signaling receptor binding,molfunc,0.48,0.8498070410333142,0.8926873635735046
signaling receptor binding,molfunc,0.49,0.7686855162636836,0.8077018122022752
signaling receptor binding,molfunc,0.5,0.7517523824525472,0.7313423078581925
signaling receptor binding,molfunc,0.51,0.6820508781601947,0.6413927105562465
signaling receptor binding,molfunc,0.52,0.6214066314877524,0.5686952073085941
signaling receptor binding,molfunc,0.53,0.546585807671103,0.49710986735689466
signaling receptor binding,molfunc,0.54,0.45050011813814245,0.4411490654166309
signaling receptor binding,molfunc,0.55,0.38316137670315786,0.40854369269137786
signaling receptor binding,molfunc,0.56,0.35874616051035646,0.3624296048104043
signaling receptor binding,molfunc,0.5700000000000001,0.29258880050405905,0.3255925863737244
signaling receptor binding,molfunc,0.58,0.2650232338347639,0.27755255717536537
signaling receptor binding,molfunc,0.59,0.25281562573836314,0.25305783873035415
signaling receptor binding,molfunc,0.6,0.21422383240135445,0.21912329523676716
signaling receptor binding,molfunc,0.61,0.20871071906749608,0.20094891942485404
signaling receptor binding,molfunc,0.62,0.16972513192092606,0.18781996734580045
signaling receptor binding,molfunc,0.63,0.17011892573048737,0.16400339725197996
signaling receptor binding,molfunc,0.64,0.15279199810978958,0.14512374715482845
signaling receptor binding,molfunc,0.65,0.14255335906119546,0.1348158922167285
signaling receptor binding,molfunc,0.66,0.09766086477120571,0.12426390387219985
signaling receptor binding,molfunc,0.67,0.09687327715208309,0.11623462739410093
signaling receptor binding,molfunc,0.68,0.08466566905568237,0.10370244586409517
signaling receptor binding,molfunc,0.6900000000000001,0.08505946286524368,0.09244518323432811
signaling receptor binding,molfunc,0.7000000000000001,0.046467669528235486,0.08262559510908643
signaling receptor binding,molfunc,0.71,0.048436638576041545,0.07559997819074896
signaling receptor binding,molfunc,0.72,0.04686146333779629,0.07025616918336555
signaling receptor binding,molfunc,0.73,0.041742143813499215,0.05842926193859822
signaling receptor binding,molfunc,0.74,0.04056076238481528,0.05701871336812139
signaling receptor binding,molfunc,0.75,0.029928329526659816,0.04980321491145141
signaling receptor binding,molfunc,0.76,0.0236276285736788,0.046276843485259324
signaling receptor binding,molfunc,0.77,0.031503504764905065,0.03946823403930382
signaling receptor binding,molfunc,0.78,0.01653934000157516,0.034205802834063305
signaling receptor binding,molfunc,0.79,0.024415216192801428,0.0342871806362062
signaling receptor binding,molfunc,0.8,0.01653934000157516,0.031167698220728582
signaling receptor binding,molfunc,0.81,0.01890210285894304,0.025471252070725967
signaling receptor binding,molfunc,0.8200000000000001,0.017326927620697787,0.021537991633819403
signaling receptor binding,molfunc,0.8300000000000001,0.0177207214302593,0.020588583942152527
signaling receptor binding,molfunc,0.84,0.0118138142868394,0.020642835810247562
signaling receptor binding,molfunc,0.85,0.0118138142868394,0.01874402042691336
signaling receptor binding,molfunc,0.86,0.011420020477278086,0.01749622746072231
signaling receptor binding,molfunc,0.87,0.014570370953768595,0.016329812296674157
signaling receptor binding,molfunc,0.88,0.009844845239032833,0.012532181530005747
signaling receptor binding,molfunc,0.89,0.00826967000078758,0.01166415164048154
signaling receptor binding,molfunc,0.9,0.003937938095613133,0.009195691642147076
signaling receptor binding,molfunc,0.91,0.014964164763329908,0.008978684169766023
signaling receptor binding,molfunc,0.92,0.0015751752382452534,0.008056402412146552
signaling receptor binding,molfunc,0.93,0.00039379380956131336,0.004936919996668931
signaling receptor binding,molfunc,0.9400000000000001,0.0,0.0023599562621439397
signaling receptor binding,molfunc,0.9500000000000001,0.0,0.002983852745239497
signaling receptor binding,molfunc,0.96,0.0,0.002414208130239203
signaling receptor binding,molfunc,0.97,0.0,0.0020344450535723616
signaling receptor binding,molfunc,0.98,0.0,2.712593404763149e-05
signaling receptor binding,molfunc,0.99,0.0,0.0
small GTPase binding,molfunc,0.0,0.0,0.0
small GTPase binding,molfunc,0.01,0.0,0.0
small GTPase binding,molfunc,0.02,0.0,0.0
small GTPase binding,molfunc,0.03,0.007552394738498331,0.0006992999748252008
small GTPase binding,molfunc,0.04,0.007552394738498331,0.0017870999356644022
small GTPase binding,molfunc,0.05,0.0,0.005179999813520009
small GTPase binding,molfunc,0.06,0.0037761973692491623,0.012690999543124006
small GTPase binding,molfunc,0.07,0.010069859651331114,0.032297298837297254
small GTPase binding,molfunc,0.08,0.01636352193341306,0.07622369725594694
small GTPase binding,molfunc,0.09,0.028950846497576916,0.15123009455571648
small GTPase binding,molfunc,0.1,0.03146831141040973,0.25182569093427526
small GTPase binding,molfunc,0.11,0.05538422808232112,0.36917858670957104
small GTPase binding,molfunc,0.12,0.15734155705204844,0.5096083816540978
small GTPase binding,molfunc,0.13,0.22783057461136616,0.6397817769678554
small GTPase binding,molfunc,0.14,0.35748001762225506,0.7785021719739232
small GTPase binding,molfunc,0.15,0.3662911448171688,0.9245781667151851
small GTPase binding,molfunc,0.16,0.5840518597772038,1.0544925620382668
small GTPase binding,molfunc,0.17,0.7124425703316773,1.2247073559105377
small GTPase binding,molfunc,0.18,0.9302032852917104,1.4119643491692822
small GTPase binding,molfunc,0.19,1.3556548555604493,1.6462039407366567
small GTPase binding,molfunc,0.2,1.5343948643715808,1.9146315310732684
small GTPase binding,molfunc,0.21,1.8591478381270043,2.2029503206937866
small GTPase binding,molfunc,0.22,2.1675372899490193,2.569383507502191
small GTPase binding,molfunc,0.23,2.7591415444647294,2.932268394438343
small GTPase binding,molfunc,0.24,2.8824973251935275,3.2768419820336856
small GTPase binding,molfunc,0.25,3.1971804392976244,3.6305323693008313
small GTPase binding,molfunc,0.26,3.6704638429101863,3.8857768601120295
small GTPase binding,molfunc,0.27,4.002769211404113,4.123875551540476
small GTPase binding,molfunc,0.28,4.385423878154719,4.326206344256592
small GTPase binding,molfunc,0.29,4.423185851847186,4.4646159392738225
small GTPase binding,molfunc,0.3,4.385423878154694,4.464382839282214
small GTPase binding,molfunc,0.31,4.693813329976709,4.423460840755406
small GTPase binding,molfunc,0.32,4.634652904525139,4.291344945511578
small GTPase binding,molfunc,0.33,4.604443325571146,4.1289260513586585
small GTPase binding,molfunc,0.34,4.555352759770907,3.8776183604057355
small GTPase binding,molfunc,0.35000000000000003,4.575492479073594,3.61716796978197
small GTPase binding,molfunc,0.36,4.391717540436776,3.343327279640215
small GTPase binding,molfunc,0.37,3.972559632450119,3.0508644901688755
small GTPase binding,molfunc,0.38,3.5231921455094692,2.7697200002900777
small GTPase binding,molfunc,0.39,2.9366228208194323,2.501214709956268
small GTPase binding,molfunc,0.4,2.6949461891874855,2.2825410178285215
small GTPase binding,molfunc,0.41000000000000003,2.380263075083402,2.0387443266052134
small GTPase binding,molfunc,0.42,2.0315941846560497,1.803857235061138
small GTPase binding,molfunc,0.43,1.8012461451318507,1.627271041418241
small GTPase binding,molfunc,0.44,1.601107684561645,1.4461264479394467
small GTPase binding,molfunc,0.45,1.6061426143873105,1.2829305538144988
small GTPase binding,molfunc,0.46,1.29271823273963,1.1401697589538877
small GTPase binding,molfunc,0.47000000000000003,1.1693624520108306,1.0109546636056368
small GTPase binding,molfunc,0.48,1.064887658128264,0.8863238680923399
small GTPase binding,molfunc,0.49,0.8848889168607206,0.8035474710722903
small GTPase binding,molfunc,0.5,0.772861728239662,0.731830373654106
small GTPase binding,molfunc,0.51,0.6658694694442691,0.643563176831725
small GTPase binding,molfunc,0.52,0.6318836931210265,0.5708618794489718
small GTPase binding,molfunc,0.53,0.5274088992384665,0.49974048200934224
small GTPase binding,molfunc,0.54,0.4279690351815718,0.4420352840867294
small GTPase binding,molfunc,0.55,0.3385990307760082,0.40831348530071415
small GTPase binding,molfunc,0.56,0.3234942412990116,0.36298848693241414
small GTPase binding,molfunc,0.5700000000000001,0.22783057461136869,0.3254334882843977
small GTPase binding,molfunc,0.58,0.23538296934986447,0.2775961900065369
small GTPase binding,molfunc,0.59,0.1346843728365535,0.25547759080280646
small GTPase binding,molfunc,0.6,0.12461451318522236,0.22074569205315486
small GTPase binding,molfunc,0.61,0.1346843728365535,0.2028228926983757
small GTPase binding,molfunc,0.62,0.11832085090314043,0.18805989322984365
small GTPase binding,molfunc,0.63,0.1019573289697274,0.16568229403543727
small GTPase binding,molfunc,0.64,0.0818176096670652,0.14693069471049486
small GTPase binding,molfunc,0.65,0.08559380703631435,0.13633759509184645
small GTPase binding,molfunc,0.66,0.0704890175593177,0.12362069554965485
small GTPase binding,molfunc,0.67,0.08307634212348158,0.11564349583683405
small GTPase binding,molfunc,0.68,0.0704890175593177,0.10313379628718325
small GTPase binding,molfunc,0.6900000000000001,0.0818176096670652,0.09217809668158844
small GTPase binding,molfunc,0.7000000000000001,0.046573100887406856,0.08098929708438614
small GTPase binding,molfunc,0.71,0.03398577632324246,0.07466969731189084
small GTPase binding,molfunc,0.72,0.03272704386682608,0.06948969749837083
small GTPase binding,molfunc,0.73,0.0302095789539933,0.057912397915153624
small GTPase binding,molfunc,0.74,0.01636352193341304,0.05677279795617922
small GTPase binding,molfunc,0.75,0.012587324564163876,0.04926179822657522
small GTPase binding,molfunc,0.76,0.013846057020580265,0.04545449836363802
small GTPase binding,molfunc,0.77,0.007552394738498325,0.039601098574360415
small GTPase binding,molfunc,0.78,0.006293662282081938,0.03361819878974481
small GTPase binding,molfunc,0.79,0.006293662282081938,0.03421389876829961
small GTPase binding,molfunc,0.8,0.0012587324564163876,0.030820998890444012
small GTPase binding,molfunc,0.81,0.00503492982566555,0.02545969908345081
small GTPase binding,molfunc,0.8200000000000001,0.0012587324564163876,0.02167829921958121
small GTPase binding,molfunc,0.8300000000000001,0.0012587324564164017,0.02079769925128304
small GTPase binding,molfunc,0.84,0.002517464912832775,0.02043509926433641
small GTPase binding,molfunc,0.85,0.00503492982566555,0.018570299331469208
small GTPase binding,molfunc,0.86,0.0012587324564163876,0.017430699372494807
small GTPase binding,molfunc,0.87,0.002517464912832775,0.016498299406061206
small GTPase binding,molfunc,0.88,0.0,0.012613299545921206
small GTPase binding,molfunc,0.89,0.0,0.011680899579487604
small GTPase binding,molfunc,0.9,0.0,0.009039099674592405
small GTPase binding,molfunc,0.91,0.0,0.009557099655944402
small GTPase binding,molfunc,0.92,0.0,0.007795899719347603
small GTPase binding,molfunc,0.93,0.0,0.004739699829370802
small GTPase binding,molfunc,0.9400000000000001,0.0,0.002253299918881201
small GTPase binding,molfunc,0.9500000000000001,0.0,0.002848999897436033
small GTPase binding,molfunc,0.96,0.0,0.0023050999170164013
small GTPase binding,molfunc,0.97,0.0,0.001942499930070001
small GTPase binding,molfunc,0.98,0.0,2.5899999067600012e-05
small GTPase binding,molfunc,0.99,0.0,0.0
structural molecule activity,molfunc,0.0,0.0,0.0
structural molecule activity,molfunc,0.01,0.0,0.0
structural molecule activity,molfunc,0.02,0.0,0.0
structural molecule activity,molfunc,0.03,0.0,0.0008801915296768576
structural molecule activity,molfunc,0.04,0.005228348103416725,0.0017337105887574467
structural molecule activity,molfunc,0.05,0.008365356965466765,0.004907734589713391
structural molecule activity,molfunc,0.06,0.013593705068883475,0.012456043768457338
structural molecule activity,molfunc,0.07,0.017776383551616877,0.03256708659804375
structural molecule activity,molfunc,0.08,0.03607560191357542,0.07700342261142694
structural molecule activity,molfunc,0.09,0.1029984576373094,0.15109954592786046
structural molecule activity,molfunc,0.1,0.19763155830915233,0.24992104948703517
structural molecule activity,molfunc,0.11,0.2964473374637285,0.36623969375736176
structural molecule activity,molfunc,0.12,0.4234961963767544,0.5065368890937331
structural molecule activity,molfunc,0.13,0.5327686717381639,0.6365118383093489
structural molecule activity,molfunc,0.14,0.605442710375658,0.7784093818814989
structural molecule activity,molfunc,0.15,0.703212819909549,0.9240410713371221
structural molecule activity,molfunc,0.16,0.7424254306851744,1.0604440859664386
structural molecule activity,molfunc,0.17,0.9180979269599787,1.229494204605591
structural molecule activity,molfunc,0.18,1.0451467858730026,1.4204690940748694
structural molecule activity,molfunc,0.19,1.2835594593888051,1.658547566617161
structural molecule activity,molfunc,0.2,1.5000130708702613,1.9277261398747072
structural molecule activity,molfunc,0.21,1.6396099652314835,2.224404030316995
structural molecule activity,molfunc,0.22,1.9397171463676033,2.5929909014868278
structural molecule activity,molfunc,0.23,2.1922463597626374,2.966352144893401
structural molecule activity,molfunc,0.24,2.553002378898385,3.3054125911131567
structural molecule activity,molfunc,0.25,2.939377303740881,3.6566090114542225
structural molecule activity,molfunc,0.26,3.2337333019632415,3.9144784571789453
structural molecule activity,molfunc,0.27,3.351371134290118,4.160718705723696
structural molecule activity,molfunc,0.28,3.6284735837712243,4.363056067667012
structural molecule activity,molfunc,0.29,3.9264894256659573,4.49119061641146
structural molecule activity,molfunc,0.3,3.9552453402347494,4.488683404175411
structural molecule activity,molfunc,0.31,3.9928894465793494,4.451155238046462
structural molecule activity,molfunc,0.32,3.917601233890149,4.317686195182734
structural molecule activity,molfunc,0.33,3.8810027971662318,4.151650065720964
structural molecule activity,molfunc,0.34,3.778527174339264,3.897034661408986
structural molecule activity,molfunc,0.35000000000000003,3.563119232478515,3.6402321145081338
structural molecule activity,molfunc,0.36,3.4386845476171772,3.3606779501886246
structural molecule activity,molfunc,0.37,3.387969571014035,3.053197709154843
structural molecule activity,molfunc,0.38,3.180926986118733,2.7647082671856036
structural molecule activity,molfunc,0.39,2.9294434423443887,2.488594851573034
structural molecule activity,molfunc,0.4,2.716649674535328,2.2691337635069373
structural molecule activity,molfunc,0.41000000000000003,2.467780304812706,2.0240937761390305
structural molecule activity,molfunc,0.42,2.135257365435389,1.7917765572455218
structural molecule activity,molfunc,0.43,2.0746085274357546,1.6081365971902137
structural molecule activity,molfunc,0.44,1.9161895799022282,1.4254301736057753
structural molecule activity,molfunc,0.45,1.7556792931273348,1.2656620747341276
structural molecule activity,molfunc,0.46,1.5162209499908492,1.1242179631621163
structural molecule activity,molfunc,0.47000000000000003,1.4560949468015647,0.9916024393574755
structural molecule activity,molfunc,0.48,1.3802838993020143,0.8649082040251951
structural molecule activity,molfunc,0.49,1.262646066975138,0.7818501305884153
structural molecule activity,molfunc,0.5,1.197291715682429,0.7089542684488138
structural molecule activity,molfunc,0.51,1.0378270985282192,0.6239224321879102
structural molecule activity,molfunc,0.52,0.9682900687527767,0.5518800891073893
structural molecule activity,molfunc,0.53,0.8590175933913672,0.4819982161451661
structural molecule activity,molfunc,0.54,0.7973230857710498,0.4236121780099346
structural molecule activity,molfunc,0.55,0.7455624395472245,0.38963145047028863
structural molecule activity,molfunc,0.56,0.6430868167202566,0.3478623615165324
structural molecule activity,molfunc,0.5700000000000001,0.5186521318589445,0.3135082193885422
structural molecule activity,molfunc,0.58,0.44493242360076296,0.2681650193748824
structural molecule activity,molfunc,0.59,0.3231119127911533,0.24946761748689827
structural molecule activity,molfunc,0.6,0.3450709748255036,0.21236621088748894
structural molecule activity,molfunc,0.61,0.2791937887224529,0.19748297229477116
structural molecule activity,molfunc,0.62,0.28389930201552793,0.18169286970178028
structural molecule activity,molfunc,0.63,0.27657961467074454,0.15867452757720063
structural molecule activity,molfunc,0.64,0.30638119886021986,0.13741656851197476
structural molecule activity,molfunc,0.65,0.26141740517083606,0.12888137792116888
structural molecule activity,molfunc,0.66,0.22900164692965239,0.1171188183882145
structural molecule activity,molfunc,0.67,0.2342299950330691,0.10890369744456384
structural molecule activity,molfunc,0.68,0.19763155830915202,0.09762124238234231
structural molecule activity,molfunc,0.6900000000000001,0.16626146968865171,0.0881791877912633
structural molecule activity,molfunc,0.7000000000000001,0.139596894361228,0.07727014731739039
structural molecule activity,molfunc,0.71,0.16521580006796838,0.0691883887267202
structural molecule activity,molfunc,0.72,0.12391185005097628,0.06593434731397546
structural molecule activity,molfunc,0.73,0.11920633675790122,0.05419846025161737
structural molecule activity,molfunc,0.74,0.11031814498209282,0.05318490636895917
structural molecule activity,molfunc,0.75,0.11345515384414284,0.04520983766067493
structural molecule activity,molfunc,0.76,0.10456696206833442,0.0417690889537563
structural molecule activity,molfunc,0.77,0.062217342430658976,0.03776821836431604
structural molecule activity,molfunc,0.78,0.07424254306851744,0.030966738362267602
structural molecule activity,molfunc,0.79,0.06535435129270901,0.03203363718611834
structural molecule activity,molfunc,0.8,0.048100802551433834,0.02931304518529896
structural molecule activity,molfunc,0.81,0.03450709748255036,0.024565345419163186
structural molecule activity,molfunc,0.8200000000000001,0.03868977596528374,0.02037776753554905
structural molecule activity,molfunc,0.8300000000000001,0.02823307975845061,0.020004352947201518
structural molecule activity,molfunc,0.84,0.029801584189475306,0.019577593417661
structural molecule activity,molfunc,0.85,0.025096070896400258,0.017950572711288627
structural molecule activity,molfunc,0.86,0.00784252215512508,0.01757715812294087
structural molecule activity,molfunc,0.87,0.00784252215512508,0.016643621652071474
structural molecule activity,molfunc,0.88,0.008365356965466754,0.012562733650842412
structural molecule activity,molfunc,0.89,0.013593705068883475,0.011335800003414066
structural molecule activity,molfunc,0.9,0.006274017724100064,0.008988622590942448
structural molecule activity,molfunc,0.91,0.00993386139649177,0.009335364708693937
structural molecule activity,molfunc,0.92,0.0036598436723917047,0.007841706355302907
structural molecule activity,molfunc,0.93,0.001568504431025016,0.0048010447073283105
structural molecule activity,molfunc,0.9400000000000001,0.0005228348103416721,0.0022938324712790817
structural molecule activity,molfunc,0.9500000000000001,0.0,0.002933971765589556
structural molecule activity,molfunc,0.96,0.0,0.002373849883067887
structural molecule activity,molfunc,0.97,0.0,0.0020004352947201294
structural molecule activity,molfunc,0.98,0.0,2.6672470596268393e-05
structural molecule activity,molfunc,0.99,0.0,0.0
transcription cis-regulatory region binding,molfunc,0.0,0.0,0.0
transcription cis-regulatory region binding,molfunc,0.01,0.0,0.0
transcription cis-regulatory region binding,molfunc,0.02,0.0,0.0
transcription cis-regulatory region binding,molfunc,0.03,0.00040532105480751296,0.0008993293613920225
transcription cis-regulatory region binding,molfunc,0.04,0.0014186236918262954,0.001972722470150243
transcription cis-regulatory region binding,molfunc,0.05,0.008106421096150264,0.00464169992976528
transcription cis-regulatory region binding,molfunc,0.06,0.026953850144699594,0.010443824841971866
transcription cis-regulatory region binding,molfunc,0.07,0.059582195056704444,0.027879210203152715
transcription cis-regulatory region binding,molfunc,0.08,0.13517457177830566,0.06640531962020454
transcription cis-regulatory region binding,molfunc,0.09,0.23792345917200994,0.13600180794212252
transcription cis-regulatory region binding,molfunc,0.1,0.3726927098955084,0.22944502965321
transcription cis-regulatory region binding,molfunc,0.11,0.5396849844762038,0.3375386167676189
transcription cis-regulatory region binding,molfunc,0.12,0.7206608354477576,0.47127759599398045
transcription cis-regulatory region binding,molfunc,0.13,0.8981914574534481,0.5932962828976851
transcription cis-regulatory region binding,molfunc,0.14,0.9946578684976388,0.7378562250853143
transcription cis-regulatory region binding,molfunc,0.15,1.1800922510720733,0.8751345005081202
transcription cis-regulatory region binding,molfunc,0.16,1.337559480864792,1.0031293760713977
transcription cis-regulatory region binding,molfunc,0.17,1.4567238709782047,1.1796880371498475
transcription cis-regulatory region binding,molfunc,0.18,1.6344571535112948,1.3690113730351454
transcription cis-regulatory region binding,molfunc,0.19,1.7349767751035579,1.6267997828844845
transcription cis-regulatory region binding,molfunc,0.2,1.9350027156510707,1.9029519180809622
transcription cis-regulatory region binding,molfunc,0.21,2.2505451568187143,2.188213389389594
transcription cis-regulatory region binding,molfunc,0.22,2.6005398876450014,2.5556619600796378
transcription cis-regulatory region binding,molfunc,0.23,2.9541825079645645,2.9251412744889613
transcription cis-regulatory region binding,molfunc,0.24,3.2231130278293407,3.2754445660634266
transcription cis-regulatory region binding,molfunc,0.25,3.463265752802792,3.644488721104327
transcription cis-regulatory region binding,molfunc,0.26,3.6298527063286796,3.917449687599086
transcription cis-regulatory region binding,molfunc,0.27,3.906686986762211,4.152174650922404
transcription cis-regulatory region binding,molfunc,0.28,4.051386603328515,4.366911293923194
transcription cis-regulatory region binding,molfunc,0.29,4.215541630525536,4.499315784419724
transcription cis-regulatory region binding,molfunc,0.3,4.124141732666441,4.51126816173887
transcription cis-regulatory region binding,molfunc,0.31,4.066586142883774,4.480777995325224
transcription cis-regulatory region binding,molfunc,0.32,3.9168200131323987,4.35287015163563
transcription cis-regulatory region binding,molfunc,0.33,3.759960764921891,4.192702493434167
transcription cis-regulatory region binding,molfunc,0.34,3.543519321654679,3.941064335991767
transcription cis-regulatory region binding,molfunc,0.35000000000000003,3.326267236277871,3.680897054928444
transcription cis-regulatory region binding,molfunc,0.36,3.034638737343847,3.411678459002037
transcription cis-regulatory region binding,molfunc,0.37,2.83299151257711,3.103295519918257
transcription cis-regulatory region binding,molfunc,0.38,2.6070250245219215,2.810375243725507
transcription cis-regulatory region binding,molfunc,0.39,2.4513817394758366,2.5183833075187105
transcription cis-regulatory region binding,molfunc,0.4,2.2375748830648736,2.2984827733460804
transcription cis-regulatory region binding,molfunc,0.41000000000000003,2.0493032531067956,2.04510397843003
transcription cis-regulatory region binding,molfunc,0.42,1.8620449257857132,1.800776498376999
transcription cis-regulatory region binding,molfunc,0.43,1.631011924545431,1.630745227824785
transcription cis-regulatory region binding,molfunc,0.44,1.5507583556935434,1.434720437665885
transcription cis-regulatory region binding,molfunc,0.45,1.3280344360768153,1.2839232111976357
transcription cis-regulatory region binding,molfunc,0.46,1.2080594038537915,1.1339672928416564
transcription cis-regulatory region binding,molfunc,0.47000000000000003,1.1101743691177834,1.0004023773626662
transcription cis-regulatory region binding,molfunc,0.48,1.0084387843610916,0.8729587036660428
transcription cis-regulatory region binding,molfunc,0.49,0.9557470472361149,0.7836349906426223
transcription cis-regulatory region binding,molfunc,0.5,0.9389262234616031,0.7031305074857558
transcription cis-regulatory region binding,molfunc,0.51,0.7267406512698703,0.6321705198094693
transcription cis-regulatory region binding,molfunc,0.52,0.6477030455824052,0.5612685533823047
transcription cis-regulatory region binding,molfunc,0.53,0.575555897826668,0.4895252788428702
transcription cis-regulatory region binding,molfunc,0.54,0.5261067291401514,0.4296763603734592
transcription cis-regulatory region binding,molfunc,0.55,0.48719590787863026,0.3954148127668793
transcription cis-regulatory region binding,molfunc,0.56,0.41991261278058317,0.3539296196446021
transcription cis-regulatory region binding,molfunc,0.5700000000000001,0.3939720652729067,0.3133727665082815
transcription cis-regulatory region binding,molfunc,0.58,0.3420909702575407,0.2673909265790408
transcription cis-regulatory region binding,molfunc,0.59,0.32040629382533875,0.24339914006706656
transcription cis-regulatory region binding,molfunc,0.6,0.263661346152287,0.2123867824113223
transcription cis-regulatory region binding,molfunc,0.61,0.25352831978209917,0.19399404643962742
transcription cis-regulatory region binding,molfunc,0.62,0.2399500644460475,0.17902456416613438
transcription cis-regulatory region binding,molfunc,0.63,0.19455410630760608,0.1600806263277799
transcription cis-regulatory region binding,molfunc,0.64,0.1823944746633807,0.14035340162627746
transcription cis-regulatory region binding,molfunc,0.65,0.15159007449800974,0.1329847029877751
transcription cis-regulatory region binding,molfunc,0.66,0.13071604017542282,0.12138045316336192
transcription cis-regulatory region binding,molfunc,0.67,0.12362292171629137,0.11375065890381024
transcription cis-regulatory region binding,molfunc,0.68,0.10477549266774203,0.10214640907939707
transcription cis-regulatory region binding,molfunc,0.6900000000000001,0.1007222821196669,0.09071622300235006
transcription cis-regulatory region binding,molfunc,0.7000000000000001,0.09241320049611391,0.07856077131127814
transcription cis-regulatory region binding,molfunc,0.71,0.07802430305044618,0.07325182701660822
transcription cis-regulatory region binding,molfunc,0.72,0.08714402678361523,0.06611521337459411
transcription cis-regulatory region binding,molfunc,0.73,0.06687797404323959,0.055990505402793614
transcription cis-regulatory region binding,molfunc,0.74,0.057150268727859284,0.055787431030866384
transcription cis-regulatory region binding,molfunc,0.75,0.04478797655623015,0.04905696613270674
transcription cis-regulatory region binding,molfunc,0.76,0.03810017915190619,0.04577876555731001
transcription cis-regulatory region binding,molfunc,0.77,0.03647889493267614,0.039309396280199665
transcription cis-regulatory region binding,molfunc,0.78,0.03323632649421604,0.033043101375016544
transcription cis-regulatory region binding,molfunc,0.79,0.02654852908989208,0.03466769635043439
transcription cis-regulatory region binding,molfunc,0.8,0.029588437000948424,0.030316102666279446
transcription cis-regulatory region binding,molfunc,0.81,0.01783412641153056,0.026080551480368634
transcription cis-regulatory region binding,molfunc,0.8200000000000001,0.017428805356723046,0.021815989669896785
transcription cis-regulatory region binding,molfunc,0.8300000000000001,0.01155165006201424,0.02167093654709186
transcription cis-regulatory region binding,molfunc,0.84,0.01276761322643665,0.021119734680431997
transcription cis-regulatory region binding,molfunc,0.85,0.006485136876920203,0.01998832032255171
transcription cis-regulatory region binding,molfunc,0.86,0.011348989534610356,0.01792856597871837
transcription cis-regulatory region binding,molfunc,0.87,0.00830908162355401,0.017348353487497713
transcription cis-regulatory region binding,molfunc,0.88,0.004255871075478883,0.013518951045441359
transcription cis-regulatory region binding,molfunc,0.89,0.004661192130286396,0.012416547312122108
transcription cis-regulatory region binding,molfunc,0.9,0.005471834239901422,0.009341421108652614
transcription cis-regulatory region binding,molfunc,0.91,0.005269173712497664,0.009950644224434306
transcription cis-regulatory region binding,molfunc,0.92,0.002837247383652589,0.00832604924901646
transcription cis-regulatory region binding,molfunc,0.93,0.002431926328845076,0.004960816799936637
transcription cis-regulatory region binding,molfunc,0.9400000000000001,0.000607981582211269,0.0024368924631267687
transcription cis-regulatory region binding,molfunc,0.9500000000000001,0.0,0.0031911687017136614
transcription cis-regulatory region binding,molfunc,0.96,0.0,0.0025819455859319336
transcription cis-regulatory region binding,molfunc,0.97,0.0004053210548075127,0.0021177755929554063
transcription cis-regulatory region binding,molfunc,0.98,0.0,2.9010624561032962e-05
transcription cis-regulatory region binding,molfunc,0.99,0.0,0.0
transcription coactivator activity,molfunc,0.0,0.0,0.0
transcription coactivator activity,molfunc,0.01,0.0,0.0
transcription coactivator activity,molfunc,0.02,0.0,0.0
transcription coactivator activity,molfunc,0.03,0.0009060843564535856,0.0008354908143006784
transcription coactivator activity,molfunc,0.04,0.005436506138721514,0.0018015270683358379
transcription coactivator activity,molfunc,0.05,0.0027182530693607592,0.005143490325538555
transcription coactivator activity,molfunc,0.06,0.0036243374258143404,0.012767344006032232
transcription coactivator activity,molfunc,0.07,0.010873012277443037,0.032453596317991995
transcription coactivator activity,molfunc,0.08,0.015403434059710968,0.07673460947592799
transcription coactivator activity,molfunc,0.09,0.013591265346803775,0.15265983722550197
transcription coactivator activity,molfunc,0.1,0.06070765188239028,0.25276208041390225
transcription coactivator activity,molfunc,0.11,0.07158066415983332,0.3712451215169173
transcription coactivator activity,molfunc,0.12,0.14950391881484154,0.5126780509252534
transcription coactivator activity,molfunc,0.13,0.20296289584560306,0.6438239996825129
transcription coactivator activity,molfunc,0.14,0.25914012594572605,0.7847347473319137
transcription coactivator activity,molfunc,0.15,0.3388755493136408,0.9298751672287074
transcription coactivator activity,molfunc,0.16,0.3932406107008559,1.063788679308338
transcription coactivator activity,molfunc,0.17,0.481130793276855,1.2355081507350778
transcription coactivator activity,molfunc,0.18,0.5934852534770982,1.4255562019005315
transcription coactivator activity,molfunc,0.19,0.7556743532822899,1.665838138275817
transcription coactivator activity,molfunc,0.2,0.8263489330856718,1.9381037073860559
transcription coactivator activity,molfunc,0.21,1.0365605037829013,2.229428910697518
transcription coactivator activity,molfunc,0.22,1.3391926788383985,2.5964965781429314
transcription coactivator activity,molfunc,0.23,1.719748108548909,2.963616463764247
transcription coactivator activity,molfunc,0.24,2.1075522131110387,3.3023557707872695
transcription coactivator activity,molfunc,0.25,2.485389389752184,3.654541258102952
transcription coactivator activity,molfunc,0.26,2.770805962035063,3.9134389741843747
transcription coactivator activity,molfunc,0.27,3.0997145834277147,4.150875019973449
transcription coactivator activity,molfunc,0.28,3.198477778281173,4.359930487164271
transcription coactivator activity,molfunc,0.29,3.4449327232365303,4.493139053869311
transcription coactivator activity,molfunc,0.3,3.497485615910838,4.490606472338462
transcription coactivator activity,molfunc,0.31,3.6143704978933506,4.452382767584206
transcription coactivator activity,molfunc,0.32,3.8553889367100047,4.311028165439709
transcription coactivator activity,molfunc,0.33,3.8472341775019223,4.14690643860552
transcription coactivator activity,molfunc,0.34,3.6170887509627114,3.8991834121653697
transcription coactivator activity,molfunc,0.35000000000000003,3.4784578444253325,3.6410428596344273
transcription coactivator activity,molfunc,0.36,3.270058442440988,3.367184636159413
transcription coactivator activity,molfunc,0.37,3.1105875957051574,3.068261688255398
transcription coactivator activity,molfunc,0.38,2.950210664612873,2.7801479027613993
transcription coactivator activity,molfunc,0.39,2.7282199972817445,2.503704879579662
transcription coactivator activity,molfunc,0.4,2.500792823811895,2.284806286232885
transcription coactivator activity,molfunc,0.41000000000000003,2.4355547501472503,2.034394023734215
transcription coactivator activity,molfunc,0.42,2.267929144203323,1.7952086690526874
transcription coactivator activity,molfunc,0.43,2.1356408281611,1.6162308711767142
transcription coactivator activity,molfunc,0.44,1.9163684138993324,1.4357909643757147
transcription coactivator activity,molfunc,0.45,1.8755946178589211,1.2725569465317197
transcription coactivator activity,molfunc,0.46,1.7297150364698937,1.1263460540291013
transcription coactivator activity,molfunc,0.47000000000000003,1.6237031667648334,0.9965838869330327
transcription coactivator activity,molfunc,0.48,1.4026185837901495,0.8751505188920131
transcription coactivator activity,molfunc,0.49,1.364563040819099,0.7890688559310963
transcription coactivator activity,molfunc,0.5,1.3618447877497382,0.7145274098427078
transcription coactivator activity,molfunc,0.51,1.172473157250939,0.6287851650251006
transcription coactivator activity,molfunc,0.52,1.0845829746749414,0.5573245913144459
transcription coactivator activity,molfunc,0.53,1.1280750237847132,0.48220874529122554
transcription coactivator activity,molfunc,0.54,1.0356544194264476,0.4246382063683195
transcription coactivator activity,molfunc,0.55,0.9957867077424899,0.38993922848689444
transcription coactivator activity,molfunc,0.56,1.0075658043763864,0.34359559738115375
transcription coactivator activity,molfunc,0.5700000000000001,0.9106147782358631,0.3065468015845115
transcription coactivator activity,molfunc,0.58,0.8345036922937518,0.2606731340618115
transcription coactivator activity,molfunc,0.59,0.8163820051646802,0.23680942767834837
transcription coactivator activity,molfunc,0.6,0.7855751370452583,0.20247597702817988
transcription coactivator activity,molfunc,0.61,0.7348344130838574,0.1860794697975291
transcription coactivator activity,molfunc,0.62,0.6922484483305389,0.17208499865799273
transcription coactivator activity,molfunc,0.63,0.6306347120916952,0.15096274650895372
transcription coactivator activity,molfunc,0.64,0.5989217596158197,0.1325558395063919
transcription coactivator activity,molfunc,0.65,0.5735513976351193,0.12268660426246515
transcription coactivator activity,molfunc,0.66,0.5626783853576762,0.10986704208053913
transcription coactivator activity,molfunc,0.67,0.5028768178317397,0.10380973367685921
transcription coactivator activity,molfunc,0.68,0.4883794681284823,0.09135569872618975
transcription coactivator activity,molfunc,0.6900000000000001,0.45032392515743175,0.08164311800994435
transcription coactivator activity,molfunc,0.7000000000000001,0.45123000951389036,0.06960682846642599
transcription coactivator activity,molfunc,0.71,0.4222353101073706,0.06381061094221427
transcription coactivator activity,molfunc,0.72,0.4086440447605668,0.05895432058409158
transcription coactivator activity,molfunc,0.73,0.3071625968377653,0.05015555794598756
transcription coactivator activity,molfunc,0.74,0.33162687446201217,0.04801461273434207
transcription coactivator activity,molfunc,0.75,0.31169301862003324,0.04093904990073321
transcription coactivator activity,molfunc,0.76,0.3026321750554974,0.03738821393995533
transcription coactivator activity,molfunc,0.77,0.2518914510940966,0.0328191235492485
transcription coactivator activity,molfunc,0.78,0.26367054772799325,0.026422397002258936
transcription coactivator activity,molfunc,0.79,0.21202373941013888,0.028511124038010628
transcription coactivator activity,molfunc,0.8,0.22017849861822117,0.02475141537365758
transcription coactivator activity,molfunc,0.81,0.19118379921170645,0.020260652246791435
transcription coactivator activity,molfunc,0.8200000000000001,0.15403434059710946,0.017440870748526648
transcription coactivator activity,molfunc,0.8300000000000001,0.14497349703257523,0.016814252637801327
transcription coactivator activity,molfunc,0.84,0.14406741267612003,0.016500943582438386
transcription coactivator activity,molfunc,0.85,0.11869705069541965,0.015404361888668746
transcription coactivator activity,molfunc,0.86,0.12866397861640907,0.01389003478774877
transcription coactivator activity,molfunc,0.87,0.13500656911158418,0.012793453093979128
transcription coactivator activity,molfunc,0.88,0.12503964119059474,0.009112071693466768
transcription coactivator activity,molfunc,0.89,0.07792325465500831,0.009529817100617106
transcription coactivator activity,molfunc,0.9,0.08789018257599775,0.006579490162617838
transcription coactivator activity,molfunc,0.91,0.06976849544692604,0.007623853680493685
transcription coactivator activity,molfunc,0.92,0.06342590495175095,0.006031199315733017
transcription coactivator activity,molfunc,0.93,0.04892855524849359,0.0033680723451496074
transcription coactivator activity,molfunc,0.9400000000000001,0.015403434059710945,0.0018276361562827325
transcription coactivator activity,molfunc,0.9500000000000001,0.03533728990169021,0.0018537452442296495
transcription coactivator activity,molfunc,0.96,0.0,0.00232370882727376
transcription coactivator activity,molfunc,0.97,0.0,0.0019581815960172137
transcription coactivator activity,molfunc,0.98,0.0,2.6109087946896182e-05
transcription coactivator activity,molfunc,0.99,0.0,0.0
transcription coregulator activity,molfunc,0.0,0.0,0.0
transcription coregulator activity,molfunc,0.01,0.0,0.0
transcription coregulator activity,molfunc,0.02,0.0,0.0
transcription coregulator activity,molfunc,0.03,0.0005346993118419856,0.0008525539853168889
transcription coregulator activity,molfunc,0.04,0.0032081958710519134,0.0018383195308395417
transcription coregulator activity,molfunc,0.05,0.001604097935525958,0.005248535472107101
transcription coregulator activity,molfunc,0.06,0.002138797247367941,0.013028090588123698
transcription coregulator activity,molfunc,0.07,0.006416391742103832,0.03311639386715292
transcription coregulator activity,molfunc,0.08,0.009624587613155747,0.07827511277690692
transcription coregulator activity,molfunc,0.09,0.017110377978943526,0.1553246791999206
transcription coregulator activity,molfunc,0.1,0.048657637377620716,0.2572848073814125
transcription coregulator activity,molfunc,0.11,0.05186583324867264,0.37834747329641083
transcription coregulator activity,molfunc,0.12,0.11121745686313292,0.522002819822306
transcription coregulator activity,molfunc,0.13,0.14918110800391388,0.6555074454605224
transcription coregulator activity,molfunc,0.14,0.18928355639206326,0.7989496534900911
transcription coregulator activity,molfunc,0.15,0.25451687243678495,0.9461484275174579
transcription coregulator activity,molfunc,0.16,0.33792996508413464,1.0802391840205796
transcription coregulator activity,molfunc,0.17,0.442196330893323,1.252854723735212
transcription coregulator activity,molfunc,0.18,0.5518096898209287,1.444626085807426
transcription coregulator activity,molfunc,0.19,0.7095459868143144,1.6867247753253811
transcription coregulator activity,molfunc,0.2,0.8929478507761177,1.957490592599622
transcription coregulator activity,molfunc,0.21,1.1651098005036857,2.2473855899193995
transcription coregulator activity,molfunc,0.22,1.485394688297035,2.6148896422150605
transcription coregulator activity,molfunc,0.23,1.8655658990166915,2.981754279021742
transcription coregulator activity,molfunc,0.24,2.304019334727114,3.316967849123518
transcription coregulator activity,molfunc,0.25,2.6745659578336096,3.6689927181232695
transcription coregulator activity,molfunc,0.26,3.0114265242940608,3.9247855560303773
transcription coregulator activity,molfunc,0.27,3.4910518070163215,4.152843747102645
transcription coregulator activity,molfunc,0.28,3.633281823966309,4.361985896625718
transcription coregulator activity,molfunc,0.29,3.7926222188952012,4.497222272546585
transcription coregulator activity,molfunc,0.3,3.8150795899925645,4.495064245271252
transcription coregulator activity,molfunc,0.31,4.026285818170148,4.448973045440058
transcription coregulator activity,molfunc,0.32,4.1439196667753855,4.305957114403149
transcription coregulator activity,molfunc,0.33,4.057833077568826,4.142533172342719
transcription coregulator activity,molfunc,0.34,3.927901144791223,3.889457850263809
transcription coregulator activity,molfunc,0.35000000000000003,3.8177530865517957,3.6274573536511325
transcription coregulator activity,molfunc,0.36,3.5300848567807863,3.356211974760136
transcription coregulator activity,molfunc,0.37,3.268616893290055,3.059523187869859
transcription coregulator activity,molfunc,0.38,3.119970484597984,2.768216148011895
transcription coregulator activity,molfunc,0.39,2.7831099181375327,2.4963846382560138
transcription coregulator activity,molfunc,0.4,2.696488629619131,2.270644328331326
transcription coregulator activity,molfunc,0.41000000000000003,2.569230193400753,2.0195405373434725
transcription coregulator activity,molfunc,0.42,2.268194480833701,1.7855411106860168
transcription coregulator activity,molfunc,0.43,2.121686869388997,1.606318277585182
transcription coregulator activity,molfunc,0.44,1.9056683474048353,1.426509313619442
transcription coregulator activity,molfunc,0.45,1.8019366809074902,1.2639112832322867
transcription coregulator activity,molfunc,0.46,1.6308329011180547,1.1189504634163747
transcription coregulator activity,molfunc,0.47000000000000003,1.4634720165115216,0.9917600657319169
transcription coregulator activity,molfunc,0.48,1.2474534945273514,0.8721094423550944
transcription coregulator activity,molfunc,0.49,1.299319327776024,0.7805664581816935
transcription coregulator activity,molfunc,0.5,1.5067826607707144,0.6940855132961117
transcription coregulator activity,molfunc,0.51,1.0153939931879299,0.6255082021021845
transcription coregulator activity,molfunc,0.52,0.9319809005405802,0.5541600904559774
transcription coregulator activity,molfunc,0.53,0.9597852647563635,0.4774035894654162
transcription coregulator activity,molfunc,0.54,0.8491025072050724,0.4214547341789955
transcription coregulator activity,molfunc,0.55,0.8212981429892892,0.38626023997263265
transcription coregulator activity,molfunc,0.56,0.8116735553761335,0.33979604777286226
transcription coregulator activity,molfunc,0.5700000000000001,0.725586966169582,0.30342929183669215
transcription coregulator activity,molfunc,0.58,0.6619577480603777,0.2575512305018237
transcription coregulator activity,molfunc,0.59,0.650729062511696,0.23322679960825124
transcription coregulator activity,molfunc,0.6,0.6159736072419669,0.19901807094741109
transcription coregulator activity,molfunc,0.61,0.5699894664235562,0.18308596834680174
transcription coregulator activity,molfunc,0.62,0.5245400249169875,0.16981809695030767
transcription coregulator activity,molfunc,0.63,0.48443757652883856,0.14845096269330318
transcription coregulator activity,molfunc,0.64,0.4395228343341118,0.13097360599430694
transcription coregulator activity,molfunc,0.65,0.41439196667753847,0.12140901597153311
transcription coregulator activity,molfunc,0.66,0.39781628801043695,0.10883384468810901
transcription coregulator activity,molfunc,0.67,0.38765700108543927,0.10140063962862739
transcription coregulator activity,molfunc,0.68,0.35931793755781405,0.08967802233052018
transcription coregulator activity,molfunc,0.6900000000000001,0.33418706990124075,0.07990029381141711
transcription coregulator activity,molfunc,0.7000000000000001,0.3373952657722964,0.06748497640024069
transcription coregulator activity,molfunc,0.71,0.29782751669598573,0.06268936023283243
transcription coregulator activity,molfunc,0.72,0.2994316146315117,0.05725432857643727
transcription coregulator activity,molfunc,0.73,0.21869201854337195,0.04931491958817375
transcription coregulator activity,molfunc,0.74,0.2390105923933674,0.04683718456834655
transcription coregulator activity,molfunc,0.75,0.2202961164788979,0.03996346806172913
transcription coregulator activity,molfunc,0.76,0.2128103261131101,0.03644668287229697
transcription coregulator activity,molfunc,0.77,0.18126306671443299,0.0318642052012187
transcription coregulator activity,molfunc,0.78,0.17110377978943525,0.02618939273645316
transcription coregulator activity,molfunc,0.79,0.16468738804733143,0.027121873657893508
transcription coregulator activity,molfunc,0.8,0.16468738804733143,0.023525161532337885
transcription coregulator activity,molfunc,0.81,0.1507852059394398,0.018782829989012696
transcription coregulator activity,molfunc,0.8200000000000001,0.12832783484207644,0.01593210260060935
transcription coregulator activity,molfunc,0.8300000000000001,0.1144256527341861,0.0157189641042803
transcription coregulator activity,molfunc,0.84,0.10854396030392299,0.01566567948019782
transcription coregulator activity,molfunc,0.85,0.1010581699381352,0.014173710005893268
transcription coregulator activity,molfunc,0.86,0.10693986236839703,0.012628455907506407
transcription coregulator activity,molfunc,0.87,0.1042663658091871,0.011829186546271825
transcription coregulator activity,molfunc,0.88,0.09998877131445122,0.007992693612345827
transcription coregulator activity,molfunc,0.89,0.06897621122761609,0.008578824477251187
transcription coregulator activity,molfunc,0.9,0.07164970778682601,0.005728097088847843
transcription coregulator activity,molfunc,0.91,0.0684415119157741,0.006420797201917815
transcription coregulator activity,molfunc,0.92,0.048657637377620654,0.005594885528642079
transcription coregulator activity,molfunc,0.93,0.04117184701183286,0.0028240850763621922
transcription coregulator activity,molfunc,0.9400000000000001,0.019249175226311466,0.0013587579140987905
transcription coregulator activity,molfunc,0.9500000000000001,0.03903304976446535,0.0009857655455226628
transcription coregulator activity,molfunc,0.96,0.02459616834473132,0.0011456194177695686
transcription coregulator activity,molfunc,0.97,0.03689425251709698,0.00015985387224691654
transcription coregulator activity,molfunc,0.98,0.0,2.6642312041152757e-05
transcription coregulator activity,molfunc,0.99,0.0,0.0
transcription corepressor activity,molfunc,0.0,0.0,0.0
transcription corepressor activity,molfunc,0.01,0.0,0.0
transcription corepressor activity,molfunc,0.02,0.0,0.0
transcription corepressor activity,molfunc,0.03,0.0,0.0008513819864599304
transcription corepressor activity,molfunc,0.04,0.0,0.0019349590601362052
transcription corepressor activity,molfunc,0.05,0.0,0.005159890827029884
transcription corepressor activity,molfunc,0.06,0.0,0.012719130888628647
transcription corepressor activity,molfunc,0.07,0.0,0.032378314939612525
transcription corepressor activity,molfunc,0.08,0.0062113730240069605,0.0761599886069611
transcription corepressor activity,molfunc,0.09,0.031056865120034756,0.15072041105754272
transcription corepressor activity,molfunc,0.1,0.043479611168048715,0.2507706941936524
transcription corepressor activity,molfunc,0.11,0.0543495139600609,0.3679776143296362
transcription corepressor activity,molfunc,0.12,0.06366657349607124,0.5097972137105519
transcription corepressor activity,molfunc,0.13,0.06366657349607124,0.640910039625381
transcription corepressor activity,molfunc,0.14,0.09006490884810105,0.7813106690288661
transcription corepressor activity,molfunc,0.15,0.13354452001614947,0.9262778018142683
transcription corepressor activity,molfunc,0.16,0.22826795863225546,1.0585774026193144
transcription corepressor activity,molfunc,0.17,0.40684493307245645,1.2277960222917628
transcription corepressor activity,molfunc,0.18,0.46274729028851785,1.4178606009054049
transcription corepressor activity,molfunc,0.19,0.7391533898568272,1.6553187767653197
transcription corepressor activity,molfunc,0.2,1.0031367433771254,1.921981934706229
transcription corepressor activity,molfunc,0.21,1.3245752973694824,2.2104972302995995
transcription corepressor activity,molfunc,0.22,1.5745830615857621,2.5776750615510453
transcription corepressor activity,molfunc,0.23,2.001614956986246,2.944182106994986
transcription corepressor activity,molfunc,0.24,2.3696388086586517,3.2838319206842193
transcription corepressor activity,molfunc,0.25,2.835491785459173,3.634859293647062
transcription corepressor activity,molfunc,0.26,3.319978881331715,3.8907640792136085
transcription corepressor activity,molfunc,0.27,3.8293114693002854,4.126287296013387
transcription corepressor activity,molfunc,0.28,3.958197459548452,4.333534311081066
transcription corepressor activity,molfunc,0.29,3.938010497220407,4.472515970507092
transcription corepressor activity,molfunc,0.3,4.161619926084658,4.46779467040036
transcription corepressor activity,molfunc,0.31,4.167831299108665,4.433249201313394
transcription corepressor activity,molfunc,0.32,4.337091214012854,4.2976214709249145
transcription corepressor activity,molfunc,0.33,4.149197180036643,4.138335641094502
transcription corepressor activity,molfunc,0.34,4.3277741544768435,3.8840304216843347
transcription corepressor activity,molfunc,0.35000000000000003,4.153855709804671,3.6278934410305914
transcription corepressor activity,molfunc,0.36,3.8401813720922973,3.3565605818912054
transcription corepressor activity,molfunc,0.37,3.5140842883319325,3.062059812938475
transcription corepressor activity,molfunc,0.38,3.2128326966675957,2.7778014272773994
transcription corepressor activity,molfunc,0.39,2.7687195254510986,2.5056945845139786
transcription corepressor activity,molfunc,0.4,2.79667070405913,2.282451907882531
transcription corepressor activity,molfunc,0.41000000000000003,2.6351750054349634,2.0358349258046493
transcription corepressor activity,molfunc,0.42,2.291996645858565,1.8004149068213997
transcription corepressor activity,molfunc,0.43,1.9426069132581738,1.6255978056016276
transcription corepressor activity,molfunc,0.44,1.8975744588341237,1.4418024943428236
transcription corepressor activity,molfunc,0.45,1.9037858318581307,1.279240133837247
transcription corepressor activity,molfunc,0.46,1.646013851361842,1.1348921879510863
transcription corepressor activity,molfunc,0.47000000000000003,1.5776887480977744,1.0047855407475335
transcription corepressor activity,molfunc,0.48,1.3525264759775137,0.8822381336055684
transcription corepressor activity,molfunc,0.49,1.2686729401534198,0.7974869267716026
transcription corepressor activity,molfunc,0.5,1.2671200968974181,0.7237778863074809
transcription corepressor activity,molfunc,0.51,1.0000310568651192,0.6380978991246498
transcription corepressor activity,molfunc,0.52,0.9223888940650323,0.5662722188123939
transcription corepressor activity,molfunc,0.53,0.953445759185067,0.4927695739813533
transcription corepressor activity,molfunc,0.54,0.8183483959129159,0.43549478580132167
transcription corepressor activity,molfunc,0.55,0.7344948600888219,0.4014653057970596
transcription corepressor activity,molfunc,0.56,0.8307711419609297,0.3544071014545471
transcription corepressor activity,molfunc,0.5700000000000001,0.7065436814807986,0.3171010907751246
transcription corepressor activity,molfunc,0.58,0.6677226000807472,0.2702492820656898
transcription corepressor activity,molfunc,0.59,0.5248610205285874,0.24852614168389403
transcription corepressor activity,molfunc,0.6,0.5217553340165839,0.21377427696384782
transcription corepressor activity,molfunc,0.61,0.40995061958445883,0.19798501103313637
transcription corepressor activity,molfunc,0.62,0.378893754464424,0.1834599183550473
transcription corepressor activity,molfunc,0.63,0.3245442405043632,0.1617367779732515
transcription corepressor activity,molfunc,0.64,0.2934873753843284,0.14316117099594394
transcription corepressor activity,molfunc,0.65,0.22671511537625372,0.1337959691448847
transcription corepressor activity,molfunc,0.66,0.22360942886425025,0.12087044262317487
transcription corepressor activity,molfunc,0.67,0.30280443492033887,0.11186643313000773
transcription corepressor activity,molfunc,0.68,0.2857231591043198,0.09943109623686573
transcription corepressor activity,molfunc,0.6900000000000001,0.2500077642162798,0.08934350967002233
transcription corepressor activity,molfunc,0.7000000000000001,0.2593248237522931,0.07732096404304357
transcription corepressor activity,molfunc,0.71,0.14596726606416335,0.07265126284458068
transcription corepressor activity,molfunc,0.72,0.20342246653622767,0.06651099276041511
transcription corepressor activity,molfunc,0.73,0.1273331469921425,0.05619121110635536
transcription corepressor activity,molfunc,0.74,0.13354452001614947,0.05466904331238155
transcription corepressor activity,molfunc,0.75,0.14130873629615814,0.04698080598010703
transcription corepressor activity,molfunc,0.76,0.12112177396813555,0.04354947858013217
transcription corepressor activity,molfunc,0.77,0.06677226000807474,0.03849278556964288
transcription corepressor activity,molfunc,0.78,0.08230069256809211,0.03224931766893673
transcription corepressor activity,molfunc,0.79,0.06366657349607124,0.03315229856366696
transcription corepressor activity,molfunc,0.8,0.08540637908009559,0.029308179897529704
transcription corepressor activity,molfunc,0.81,0.07298363303208168,0.024251486887040423
transcription corepressor activity,molfunc,0.8200000000000001,0.052796670704059086,0.020742761124660107
transcription corepressor activity,molfunc,0.8300000000000001,0.06366657349607195,0.019684983505119203
transcription corepressor activity,molfunc,0.84,0.054349513960060825,0.019504387326172934
transcription corepressor activity,molfunc,0.85,0.02950402186403302,0.01811121680287487
transcription corepressor activity,molfunc,0.86,0.051243827448057354,0.016537450100630756
transcription corepressor activity,molfunc,0.87,0.052796670704059086,0.01560866975176538
transcription corepressor activity,molfunc,0.88,0.031056865120034756,0.012048345081114763
transcription corepressor activity,molfunc,0.89,0.02018696232802259,0.011300160911195432
transcription corepressor activity,molfunc,0.9,0.02950402186403302,0.008513819864599297
transcription corepressor activity,molfunc,0.91,0.02795117860803128,0.009055608401437435
transcription corepressor activity,molfunc,0.92,0.009317059536010426,0.007610838969869069
transcription corepressor activity,molfunc,0.93,0.007764216280008689,0.004592302836056591
transcription corepressor activity,molfunc,0.9400000000000001,0.0,0.0022445525097579966
transcription corepressor activity,molfunc,0.9500000000000001,0.0,0.002837939954866464
transcription corepressor activity,molfunc,0.96,0.0,0.0022961514180282953
transcription corepressor activity,molfunc,0.97,0.0,0.001934959060136204
transcription corepressor activity,molfunc,0.98,0.0,2.5799454135149386e-05
transcription corepressor activity,molfunc,0.99,0.0,0.0
transmembrane signaling receptor activity,molfunc,0.0,0.0,0.0
transmembrane signaling receptor activity,molfunc,0.01,0.0,0.0
transmembrane signaling receptor activity,molfunc,0.02,0.0,0.0
transmembrane signaling receptor activity,molfunc,0.03,0.004406127454580169,0.0007097278719335483
transmembrane signaling receptor activity,molfunc,0.04,0.004406127454580169,0.0018137490060524013
transmembrane signaling receptor activity,molfunc,0.05,0.002937418303053448,0.005152098625887984
transmembrane signaling receptor activity,molfunc,0.06,0.00807790033339697,0.01266995682488778
transmembrane signaling receptor activity,molfunc,0.07,0.044061274545801714,0.03141202988742929
transmembrane signaling receptor activity,molfunc,0.08,0.12190285957671808,0.0733385467664667
transmembrane signaling receptor activity,molfunc,0.09,0.22104072730477164,0.14617765540083183
transmembrane signaling receptor activity,molfunc,0.1,0.4802678925492387,0.23904686175421083
transmembrane signaling receptor activity,molfunc,0.11,0.8048526150366447,0.34703064315802634
transmembrane signaling receptor activity,molfunc,0.12,1.1925918310396981,0.4778045751161518
transmembrane signaling receptor activity,molfunc,0.13,1.4327257773143172,0.6027955392288933
transmembrane signaling receptor activity,molfunc,0.14,1.8520422400752012,0.7312825702663465
transmembrane signaling receptor activity,molfunc,0.15,2.238312746926724,0.8658942899764074
transmembrane signaling receptor activity,molfunc,0.16,2.3815118892005795,0.9971676600666347
transmembrane signaling receptor activity,molfunc,0.17,2.5592256965353197,1.1662406108916965
transmembrane signaling receptor activity,molfunc,0.18,2.5342576409593587,1.3617312102831671
transmembrane signaling receptor activity,molfunc,0.19,2.7215180577790155,1.6016455172141852
transmembrane signaling receptor activity,molfunc,0.2,2.8632484909013525,1.8727352780753266
transmembrane signaling receptor activity,molfunc,0.21,3.124678719873101,2.1627774017388313
transmembrane signaling receptor activity,molfunc,0.22,3.4727627887849337,2.5286552628293144
transmembrane signaling receptor activity,molfunc,0.23,3.682053842877502,2.9018144061614946
transmembrane signaling receptor activity,molfunc,0.24,3.6798507791502013,3.254181151467754
transmembrane signaling receptor activity,molfunc,0.25,3.9456871355765384,3.610201681003604
transmembrane signaling receptor activity,molfunc,0.26,4.055840321941043,3.875193039409608
transmembrane signaling receptor activity,molfunc,0.27,4.056574676516806,4.123755511891225
transmembrane signaling receptor activity,molfunc,0.28,4.171868344911677,4.332967516806771
transmembrane signaling receptor activity,molfunc,0.29,4.479562912156501,4.463215724415292
transmembrane signaling receptor activity,molfunc,0.3,4.3613318254586,4.466422642947733
transmembrane signaling receptor activity,molfunc,0.31,4.281287176700395,4.4341957403184535
transmembrane signaling receptor activity,molfunc,0.32,3.9295313349097443,4.311465390908908
transmembrane signaling receptor activity,molfunc,0.33,3.5939312937858885,4.158006453266387
transmembrane signaling receptor activity,molfunc,0.34,3.340578965147529,3.9109948676160338
transmembrane signaling receptor activity,molfunc,0.35000000000000003,2.8412178536284594,3.664955872012424
transmembrane signaling receptor activity,molfunc,0.36,2.6378016361419925,3.390475189096474
transmembrane signaling receptor activity,molfunc,0.37,2.3829805983521064,3.094019228368083
transmembrane signaling receptor activity,molfunc,0.38,2.0760203856830213,2.8102857968995383
transmembrane signaling receptor activity,molfunc,0.39,2.0231468562280592,2.5274198106078005
transmembrane signaling receptor activity,molfunc,0.4,1.871869813620807,2.305853283477139
transmembrane signaling receptor activity,molfunc,0.41000000000000003,1.5759249195881813,2.0624429096214225
transmembrane signaling receptor activity,molfunc,0.42,1.3225725909498132,1.8258406660927493
transmembrane signaling receptor activity,molfunc,0.43,1.1242968554937056,1.6489081362414637
transmembrane signaling receptor activity,molfunc,0.44,0.9620044942500028,1.4666920766768952
transmembrane signaling receptor activity,molfunc,0.45,0.7864937506425596,1.30745017118899
transmembrane signaling receptor activity,molfunc,0.46,0.7997121330063001,1.155542120377732
transmembrane signaling receptor activity,molfunc,0.47000000000000003,0.6410915446414176,1.0275019550374298
transmembrane signaling receptor activity,molfunc,0.48,0.5000954660948488,0.9038778742335916
transmembrane signaling receptor activity,molfunc,0.49,0.4611746735793906,0.817501363597531
transmembrane signaling receptor activity,molfunc,0.5,0.35028713263912314,0.7463445728818231
transmembrane signaling receptor activity,molfunc,0.51,0.31136634012366504,0.6559199847539933
transmembrane signaling receptor activity,molfunc,0.52,0.293007475729581,0.5820819998554253
transmembrane signaling receptor activity,molfunc,0.53,0.2518836194868328,0.5091903187861021
transmembrane signaling receptor activity,molfunc,0.54,0.21222847239561132,0.4499674708058693
transmembrane signaling receptor activity,molfunc,0.55,0.19093218969847386,0.41463879451406604
transmembrane signaling receptor activity,molfunc,0.56,0.14026172397080192,0.3701362283220847
transmembrane signaling receptor activity,molfunc,0.5700000000000001,0.10868447721297862,0.33115376780070127
transmembrane signaling receptor activity,molfunc,0.58,0.08224771248549644,0.283707145251066
transmembrane signaling receptor activity,molfunc,0.59,0.07784158503091626,0.25931353543053515
transmembrane signaling receptor activity,molfunc,0.6,0.05801401148530551,0.2245631559232703
transmembrane signaling receptor activity,molfunc,0.61,0.05360788403072535,0.20674110047249458
transmembrane signaling receptor activity,molfunc,0.62,0.048467402000381826,0.1916002392045789
transmembrane signaling receptor activity,molfunc,0.63,0.022030637272900826,0.16949353030472283
transmembrane signaling receptor activity,molfunc,0.64,0.011015318636450413,0.15043602263243314
transmembrane signaling receptor activity,molfunc,0.65,0.027905473879007717,0.1391592353339334
transmembrane signaling receptor activity,molfunc,0.66,0.021296282697137466,0.1261738438992974
transmembrane signaling receptor activity,molfunc,0.67,0.009546609484923693,0.11876113057021366
transmembrane signaling receptor activity,molfunc,0.68,0.00807790033339697,0.1058545977880147
transmembrane signaling receptor activity,molfunc,0.6900000000000001,0.010280964060687054,0.09489324509926324
transmembrane signaling receptor activity,molfunc,0.7000000000000001,0.002937418303053476,0.08306444723370503
transmembrane signaling receptor activity,molfunc,0.71,0.00807790033339697,0.07620374447167982
transmembrane signaling receptor activity,molfunc,0.72,0.00807790033339697,0.07092021475839674
transmembrane signaling receptor activity,molfunc,0.73,0.00807790033339697,0.05911770311031663
transmembrane signaling receptor activity,molfunc,0.74,0.005874836606106887,0.057750819801407574
transmembrane signaling receptor activity,molfunc,0.75,0.009546609484923693,0.04991752699265953
transmembrane signaling receptor activity,molfunc,0.76,0.0036717728788168047,0.04629002898055473
transmembrane signaling receptor activity,molfunc,0.77,0.0036717728788168047,0.04021791274290104
transmembrane signaling receptor activity,molfunc,0.78,0.0022030637272900827,0.03417208272272638
transmembrane signaling receptor activity,molfunc,0.79,0.0,0.0348555243771809
transmembrane signaling receptor activity,molfunc,0.8,0.0007343545757633609,0.03128059880003414
transmembrane signaling receptor activity,molfunc,0.81,0.0014687091515267218,0.025891924216834984
transmembrane signaling receptor activity,molfunc,0.8200000000000001,0.0007343545757633609,0.022001564029939982
transmembrane signaling receptor activity,molfunc,0.8300000000000001,0.004406127454580215,0.020976401548258423
transmembrane signaling receptor activity,molfunc,0.84,0.0014687091515267218,0.020739825590947007
transmembrane signaling receptor activity,molfunc,0.85,0.0007343545757633609,0.01892607658489461
transmembrane signaling receptor activity,molfunc,0.86,0.0,0.017716910580859675
transmembrane signaling receptor activity,molfunc,0.87,0.0,0.016796892969093966
transmembrane signaling receptor activity,molfunc,0.88,0.0,0.01280138791228288
transmembrane signaling receptor activity,molfunc,0.89,0.0,0.01185508408303815
transmembrane signaling receptor activity,molfunc,0.9,0.0,0.00917388990017808
transmembrane signaling receptor activity,molfunc,0.91,0.0,0.009699614249758485
transmembrane signaling receptor activity,molfunc,0.92,0.0,0.007912151461185107
transmembrane signaling receptor activity,molfunc,0.93,0.0,0.004810377798660713
transmembrane signaling receptor activity,molfunc,0.9400000000000001,0.0,0.0022869009206747653
transmembrane signaling receptor activity,molfunc,0.9500000000000001,0.0,0.002891483922692264
transmembrane signaling receptor activity,molfunc,0.96,0.0,0.002339473355632806
transmembrane signaling receptor activity,molfunc,0.97,0.0,0.001971466310926522
transmembrane signaling receptor activity,molfunc,0.98,0.0,2.6286217479020292e-05
transmembrane signaling receptor activity,molfunc,0.99,0.0,0.0
transmembrane transporter binding,molfunc,0.0,0.0,0.0
transmembrane transporter binding,molfunc,0.01,0.0,0.0
transmembrane transporter binding,molfunc,0.02,0.0,0.0
transmembrane transporter binding,molfunc,0.03,0.0,0.0008446722044741518
transmembrane transporter binding,molfunc,0.04,0.0,0.001919709555623072
transmembrane transporter binding,molfunc,0.05,0.0,0.005119225481661529
transmembrane transporter binding,molfunc,0.06,0.0029754820280885478,0.012593294684887344
transmembrane transporter binding,molfunc,0.07,0.002975482028088552,0.032097543770017785
transmembrane transporter binding,molfunc,0.08,0.0,0.07566215261895741
transmembrane transporter binding,molfunc,0.09,0.020828374196619835,0.14986532597564106
transmembrane transporter binding,molfunc,0.1,0.11604379909545352,0.24851280100725892
transmembrane transporter binding,molfunc,0.11,0.17555343965722456,0.36446325816689257
transmembrane transporter binding,molfunc,0.12,0.25291597238752656,0.5046532479821928
transmembrane transporter binding,molfunc,0.13,0.32432754106165174,0.6341184604134127
transmembrane transporter binding,molfunc,0.14,0.3987145917638665,0.7732078167501584
transmembrane transporter binding,molfunc,0.15,0.4016900737919539,0.917723552097461
transmembrane transporter binding,molfunc,0.16,0.5028564627469646,1.0496715888872867
transmembrane transporter binding,molfunc,0.17,0.8063556296119987,1.2178893382146878
transmembrane transporter binding,molfunc,0.18,0.8361104498928819,1.4071215081443027
transmembrane transporter binding,molfunc,0.19,1.3181385384432267,1.6431178028488986
transmembrane transporter binding,molfunc,0.2,1.6424660795048829,1.9092407395130782
transmembrane transporter binding,molfunc,0.21,1.743632468459889,2.1999103623618144
transmembrane transporter binding,molfunc,0.22,2.1810283265889057,2.5645527934205643
transmembrane transporter binding,molfunc,0.23,2.7047131635324972,2.930705395996413
transmembrane transporter binding,molfunc,0.24,3.320637943346819,3.2684462971490236
transmembrane transporter binding,molfunc,0.25,3.7104260890264187,3.621032952198461
transmembrane transporter binding,molfunc,0.26,4.121042608902639,3.8793746661305097
transmembrane transporter binding,molfunc,0.27,4.070459414425134,4.121872377196816
transmembrane transporter binding,molfunc,0.28,4.49595334444182,4.325950301023276
transmembrane transporter binding,molfunc,0.29,5.076172339919062,4.458512644870877
transmembrane transporter binding,molfunc,0.3,5.338014758390855,4.455261936690023
transmembrane transporter binding,molfunc,0.31,5.373720542727916,4.420783953071032
transmembrane transporter binding,molfunc,0.32,4.668531302070932,4.295081371368833
transmembrane transporter binding,molfunc,0.33,4.540585574863123,4.135054382812094
transmembrane transporter binding,molfunc,0.34,4.079385860509399,3.8896643093486496
transmembrane transporter binding,molfunc,0.35000000000000003,3.9425136872173474,3.6338566120300433
transmembrane transporter binding,molfunc,0.36,3.9901213996667426,3.359082184301841
transmembrane transporter binding,molfunc,0.37,3.302785051178288,3.067439908611584
transmembrane transporter binding,molfunc,0.38,3.314686979290642,2.780353743600006
transmembrane transporter binding,molfunc,0.39,2.612473220661745,2.50911158145417
transmembrane transporter binding,molfunc,0.4,2.4488217091168747,2.289496808290891
transmembrane transporter binding,molfunc,0.41000000000000003,2.1334206141395007,2.044874618649706
transmembrane transporter binding,molfunc,0.42,1.868602713639608,1.8079312672309913
transmembrane transporter binding,molfunc,0.43,1.7942156629373944,1.6293726824306376
transmembrane transporter binding,molfunc,0.44,1.3835991430611747,1.4498158486613597
transmembrane transporter binding,molfunc,0.45,1.237800523684836,1.2898912446142536
transmembrane transporter binding,molfunc,0.46,1.1723399190668877,1.1429950694179765
transmembrane transporter binding,molfunc,0.47000000000000003,0.8718162342299494,1.0153727781601602
transmembrane transporter binding,molfunc,0.48,0.9194239466793612,0.8896701964579559
transmembrane transporter binding,molfunc,0.49,0.5474886931682929,0.8074042429676552
transmembrane transporter binding,molfunc,0.5,0.6040228517019752,0.7337641844139543
transmembrane transporter binding,molfunc,0.51,0.5296358009997615,0.6449968145619435
transmembrane transporter binding,molfunc,0.52,0.5385622470840272,0.5723806011045748
transmembrane transporter binding,molfunc,0.53,0.49095453463461036,0.5003786947050055
transmembrane transporter binding,molfunc,0.54,0.309450130921209,0.44288979254594657
transmembrane transporter binding,molfunc,0.55,0.3005236848369433,0.40782309799656513
transmembrane transporter binding,molfunc,0.56,0.282670792668412,0.362876298267577
transmembrane transporter binding,molfunc,0.5700000000000001,0.19638181385384632,0.3245588955373441
transmembrane transporter binding,molfunc,0.58,0.2320875981909067,0.27712927144974653
transmembrane transporter binding,molfunc,0.59,0.16365151154487012,0.25381119938077823
transmembrane transporter binding,molfunc,0.6,0.14282313734825028,0.21946119639882944
transmembrane transporter binding,molfunc,0.61,0.15174958343251593,0.20187665686932213
transmembrane transporter binding,molfunc,0.62,0.09223994287074498,0.18746603713844492
transmembrane transporter binding,molfunc,0.63,0.1368721732920732,0.16463429149023454
transmembrane transporter binding,molfunc,0.64,0.08331349678647934,0.14615388750143646
transmembrane transporter binding,molfunc,0.65,0.13389669126398465,0.13532672560772233
transmembrane transporter binding,molfunc,0.66,0.1368721732920732,0.1224262773939353
transmembrane transporter binding,molfunc,0.67,0.18447988574148996,0.11438909338772671
transmembrane transporter binding,molfunc,0.68,0.11306831706736482,0.10238450963323044
transmembrane transporter binding,molfunc,0.6900000000000001,0.1190192811235419,0.09173652063137448
transmembrane transporter binding,molfunc,0.7000000000000001,0.11009283503927748,0.08003909040577879
transmembrane transporter binding,molfunc,0.71,0.10711735301118772,0.07356327017147608
transmembrane transporter binding,molfunc,0.72,0.10711735301118772,0.06841844856240624
transmembrane transporter binding,molfunc,0.73,0.07736253273030225,0.0571817486301592
transmembrane transporter binding,molfunc,0.74,0.07438705070221369,0.055799557750110584
transmembrane transporter binding,molfunc,0.75,0.08628897881456787,0.04819750790984323
transmembrane transporter binding,molfunc,0.76,0.04165674839323967,0.044844415219354936
transmembrane transporter binding,molfunc,0.77,0.05355867650559386,0.03882932527840264
transmembrane transporter binding,molfunc,0.78,0.029754820280885476,0.03309579273894174
transmembrane transporter binding,molfunc,0.79,0.023803856224708382,0.03373569592414943
transmembrane transporter binding,molfunc,0.8,0.02677933825279693,0.030254622596619596
transmembrane transporter binding,molfunc,0.81,0.03273030230897403,0.02498182035050823
transmembrane transporter binding,molfunc,0.8200000000000001,0.05950964056177095,0.020937632219995624
transmembrane transporter binding,molfunc,0.8300000000000001,0.023803856224708646,0.020374517417013085
transmembrane transporter binding,molfunc,0.84,0.023803856224708382,0.02004176776070486
transmembrane transporter binding,molfunc,0.85,0.04165674839323967,0.018096462077673483
transmembrane transporter binding,molfunc,0.86,0.023803856224708382,0.01704702085393287
transmembrane transporter binding,molfunc,0.87,0.05653415853368241,0.015869598993150717
transmembrane transporter binding,molfunc,0.88,0.03570578433706257,0.012158160518946115
transmembrane transporter binding,molfunc,0.89,0.09521542489883353,0.010724777384080888
transmembrane transporter binding,molfunc,0.9,0.03570578433706257,0.008625894936599664
transmembrane transporter binding,molfunc,0.91,0.062485122589859506,0.008907452338091048
transmembrane transporter binding,molfunc,0.92,0.04463223042132822,0.007320492438775976
transmembrane transporter binding,molfunc,0.93,0.017852892168531285,0.004530514551270447
transmembrane transporter binding,molfunc,0.9400000000000001,0.0,0.002226863084522762
transmembrane transporter binding,molfunc,0.9500000000000001,0.0,0.0028155740149138683
transmembrane transporter binding,molfunc,0.96,0.0,0.0022780553393393775
transmembrane transporter binding,molfunc,0.97,0.0,0.001919709555623071
transmembrane transporter binding,molfunc,0.98,0.0,2.5596127408307612e-05
transmembrane transporter binding,molfunc,0.99,0.0,0.0
ubiquitin protein ligase activity,molfunc,0.0,0.0,0.0
ubiquitin protein ligase activity,molfunc,0.01,0.0,0.0
ubiquitin protein ligase activity,molfunc,0.02,0.0,0.0
ubiquitin protein ligase activity,molfunc,0.03,0.0,0.0008518043668654295
ubiquitin protein ligase activity,molfunc,0.04,0.0,0.0019359190156032486
ubiquitin protein ligase activity,molfunc,0.05,0.0,0.005162450708275334
ubiquitin protein ligase activity,molfunc,0.06,0.006031363088057896,0.012622191981733174
ubiquitin protein ligase activity,molfunc,0.07,0.06031363088057904,0.03136188805277265
ubiquitin protein ligase activity,molfunc,0.08,0.07689987937273828,0.07498459653769922
ubiquitin protein ligase activity,molfunc,0.09,0.09047044632086844,0.14976269504706724
ubiquitin protein ligase activity,molfunc,0.1,0.1522919179734621,0.2490108099136607
ubiquitin protein ligase activity,molfunc,0.11,0.23673100120627272,0.36501107732860744
ubiquitin protein ligase activity,molfunc,0.12,0.2940289505428224,0.5060750429322303
ubiquitin protein ligase activity,molfunc,0.13,0.31363088057901056,0.6369173561334683
ubiquitin protein ligase activity,molfunc,0.14,0.42521109770808285,0.7759163414537837
ubiquitin protein ligase activity,molfunc,0.15,0.4674306393244869,0.9209553941027768
ubiquitin protein ligase activity,molfunc,0.16,0.6423401688781659,1.0519009563181805
ubiquitin protein ligase activity,molfunc,0.17,0.7870928829915577,1.2216939601133594
ubiquitin protein ligase activity,molfunc,0.18,1.1052472858866096,1.4073356875829368
ubiquitin protein ligase activity,molfunc,0.19,1.4068154402895041,1.644343799599857
ubiquitin protein ligase activity,molfunc,0.2,1.7958383594692433,1.90886777389189
ubiquitin protein ligase activity,molfunc,0.21,1.6978287092882975,2.204547138208354
ubiquitin protein ligase activity,molfunc,0.22,2.2708082026537975,2.5662542470836645
ubiquitin protein ligase activity,molfunc,0.23,2.662846803377568,2.9333303046955903
ubiquitin protein ligase activity,molfunc,0.24,2.7729191797346173,3.277381832148591
ubiquitin protein ligase activity,molfunc,0.25,3.1528950542822654,3.6298223420025475
ubiquitin protein ligase activity,molfunc,0.26,3.362484921592277,3.8903196047421207
ubiquitin protein ligase activity,molfunc,0.27,3.8615802171290676,4.125882230560723
ubiquitin protein ligase activity,molfunc,0.28,4.086248492159247,4.3315284545248955
ubiquitin protein ligase activity,molfunc,0.29,4.525030156815436,4.462732139275689
ubiquitin protein ligase activity,molfunc,0.3,4.383293124246076,4.4641518132204645
ubiquitin protein ligase activity,molfunc,0.31,4.247587454764774,4.432015557561451
ubiquitin protein ligase activity,molfunc,0.32,4.252110977080816,4.2990566395698195
ubiquitin protein ligase activity,molfunc,0.33,4.209891435464411,4.137291246626012
ubiquitin protein ligase activity,molfunc,0.34,3.823884197828706,3.8924362095325136
ubiquitin protein ligase activity,molfunc,0.35000000000000003,4.095295536791334,3.6286349783396643
ubiquitin protein ligase activity,molfunc,0.36,3.7907117008443874,3.357167507844986
ubiquitin protein ligase activity,molfunc,0.37,3.553980699638115,3.0611525842324787
ubiquitin protein ligase activity,molfunc,0.38,3.2705066344993936,2.776598301192343
ubiquitin protein ligase activity,molfunc,0.39,3.015681544028948,2.5013364294271025
ubiquitin protein ligase activity,molfunc,0.4,2.617611580217127,2.2852620550322387
ubiquitin protein ligase activity,molfunc,0.41000000000000003,2.5497587454764896,2.03699980047129
ubiquitin protein ligase activity,molfunc,0.42,2.219541616405306,1.8014113623991337
ubiquitin protein ligase activity,molfunc,0.43,2.1079613992762347,1.622609882118018
ubiquitin protein ligase activity,molfunc,0.44,1.8244873341375136,1.4428275362023297
ubiquitin protein ligase activity,molfunc,0.45,1.6179131483715303,1.2838240543874495
ubiquitin protein ligase activity,molfunc,0.46,1.539505428226778,1.1364618989197304
ubiquitin protein ligase activity,molfunc,0.47000000000000003,1.4098311218335409,1.0073748189593115
ubiquitin protein ligase activity,molfunc,0.48,1.072074788902291,0.8868057826675355
ubiquitin protein ligase activity,molfunc,0.49,1.005729794933654,0.8017544072486996
ubiquitin protein ligase activity,molfunc,0.5,0.9408926417370317,0.7290929135297244
ubiquitin protein ligase activity,molfunc,0.51,0.9620024125452343,0.6385693403601165
ubiquitin protein ligase activity,molfunc,0.52,0.7765379975874541,0.5685923210094445
ubiquitin protein ligase activity,molfunc,0.53,0.5669481302774422,0.49915735898314134
ubiquitin protein ligase activity,molfunc,0.54,0.5202050663449935,0.44040866992296807
ubiquitin protein ligase activity,molfunc,0.55,0.4176718938480093,0.4067236790514716
ubiquitin protein ligase activity,molfunc,0.56,0.375452352231604,0.3619652314107245
ubiquitin protein ligase activity,molfunc,0.5700000000000001,0.3030759951749126,0.32381472067657346
ubiquitin protein ligase activity,molfunc,0.58,0.32117008443908296,0.27598461486439896
ubiquitin protein ligase activity,molfunc,0.59,0.27141133896260533,0.2527277744236186
ubiquitin protein ligase activity,molfunc,0.6,0.27593486127864875,0.2178296076356774
ubiquitin protein ligase activity,molfunc,0.61,0.26387213510253293,0.2003805242417068
ubiquitin protein ligase activity,molfunc,0.62,0.1854644149577803,0.1866742176112358
ubiquitin protein ligase activity,molfunc,0.63,0.17490952955367897,0.16421755703023813
ubiquitin protein ligase activity,molfunc,0.64,0.15229191797346187,0.14550367321274008
ubiquitin protein ligase activity,molfunc,0.65,0.08594692400482501,0.13615963743076173
ubiquitin protein ligase activity,molfunc,0.66,0.09047044632086844,0.12309863713882517
ubiquitin protein ligase activity,molfunc,0.67,0.08293124246079607,0.11553564685120181
ubiquitin protein ligase activity,molfunc,0.68,0.055790108564535534,0.10327482641904791
ubiquitin protein ligase activity,molfunc,0.6900000000000001,0.06936067551266581,0.0923562431710456
ubiquitin protein ligase activity,molfunc,0.7000000000000001,0.030156815440289815,0.08115372513408903
ubiquitin protein ligase activity,molfunc,0.71,0.04221954161640527,0.07439091470624747
ubiquitin protein ligase activity,molfunc,0.72,0.028648974668275005,0.06943496202630314
ubiquitin protein ligase activity,molfunc,0.73,0.02261761158021711,0.05794850920039054
ubiquitin protein ligase activity,molfunc,0.74,0.016586248492159214,0.05663208426978033
ubiquitin protein ligase activity,molfunc,0.75,0.006031363088057896,0.04924977975694661
ubiquitin protein ligase activity,molfunc,0.76,0.012062726176115791,0.045377941725740126
ubiquitin protein ligase activity,molfunc,0.77,0.024125452352231583,0.0392088131293511
ubiquitin protein ligase activity,molfunc,0.78,0.021109770808202637,0.03327199481483448
ubiquitin protein ligase activity,molfunc,0.79,0.025633293124246056,0.033788239885662014
ubiquitin protein ligase activity,molfunc,0.8,0.010554885404101318,0.030561708192989933
ubiquitin protein ligase activity,molfunc,0.81,0.00753920386007237,0.025347632977631852
ubiquitin protein ligase activity,molfunc,0.8200000000000001,0.0,0.021630668467673617
ubiquitin protein ligase activity,molfunc,0.8300000000000001,0.0,0.020753051847267043
ubiquitin protein ligase activity,molfunc,0.84,0.0,0.020417492551228916
ubiquitin protein ligase activity,molfunc,0.85,0.0,0.018610634803332554
ubiquitin protein ligase activity,molfunc,0.86,0.0,0.01739745888688785
ubiquitin protein ligase activity,molfunc,0.87,0.0,0.016494030012939667
ubiquitin protein ligase activity,molfunc,0.88,0.0,0.01257056747465042
ubiquitin protein ligase activity,molfunc,0.89,0.0,0.01164132634716086
ubiquitin protein ligase activity,molfunc,0.9,0.0,0.009008476485940446
ubiquitin protein ligase activity,molfunc,0.91,0.0,0.009524721556767977
ubiquitin protein ligase activity,molfunc,0.92,0.0,0.007769488315954367
ubiquitin protein ligase activity,molfunc,0.93,0.0,0.0047236423980719245
ubiquitin protein ligase activity,molfunc,0.9400000000000001,0.0,0.002245666058099767
ubiquitin protein ligase activity,molfunc,0.9500000000000001,0.0,0.002839347889551461
ubiquitin protein ligase activity,molfunc,0.96,0.0,0.0022972905651825206
ubiquitin protein ligase activity,molfunc,0.97,0.0,0.0019359190156032476
ubiquitin protein ligase activity,molfunc,0.98,0.0,2.5812253541376634e-05
ubiquitin protein ligase activity,molfunc,0.99,0.0,0.0
ubiquitin protein ligase binding,molfunc,0.0,0.0,0.0
ubiquitin protein ligase binding,molfunc,0.01,0.0,0.0
ubiquitin protein ligase binding,molfunc,0.02,0.0,0.0
ubiquitin protein ligase binding,molfunc,0.03,0.0,0.000848399058122791
ubiquitin protein ligase binding,molfunc,0.04,0.0,0.0019281796775517976
ubiquitin protein ligase binding,molfunc,0.05,0.0,0.005141812473471464
ubiquitin protein ligase binding,molfunc,0.06,0.011818002757533965,0.012520313372902997
ubiquitin protein ligase binding,molfunc,0.07,0.01575733701004531,0.03205920077209458
ubiquitin protein ligase binding,molfunc,0.08,0.023636005515067966,0.07568747960949995
ubiquitin protein ligase binding,molfunc,0.09,0.07681701792397078,0.1497038701651215
ubiquitin protein ligase binding,molfunc,0.1,0.16939137285798708,0.2484009605934064
ubiquitin protein ligase binding,molfunc,0.11,0.18317904274177674,0.3651972309283107
ubiquitin protein ligase binding,molfunc,0.12,0.23242072089816798,0.5060314745766934
ubiquitin protein ligase binding,molfunc,0.13,0.3387827457159737,0.6352966401597658
ubiquitin protein ligase binding,molfunc,0.14,0.4766594445538713,0.7738427772574563
ubiquitin protein ligase binding,molfunc,0.15,0.557415796730352,0.9179677808888591
ubiquitin protein ligase binding,molfunc,0.16,0.5475674610990737,1.051500650824913
ubiquitin protein ligase binding,molfunc,0.17,0.7819578491234995,1.2200235546429434
ubiquitin protein ligase binding,molfunc,0.18,0.8705928698050023,1.409190835541955
ubiquitin protein ligase binding,molfunc,0.19,1.1325585975970052,1.6469739533776424
ubiquitin protein ligase binding,molfunc,0.2,1.3334646444750864,1.9144510382476327
ubiquitin protein ligase binding,molfunc,0.21,1.5974000393933412,2.2038322442546012
ubiquitin protein ligase binding,molfunc,0.22,2.127240496356114,2.5669470411311552
ubiquitin protein ligase binding,molfunc,0.23,2.716170967106564,2.9315529636250246
ubiquitin protein ligase binding,molfunc,0.24,2.8520779988181975,3.2743318921689912
ubiquitin protein ligase binding,molfunc,0.25,3.435099468189873,3.6242322309887234
ubiquitin protein ligase binding,molfunc,0.26,3.724640535749455,3.8834824159011547
ubiquitin protein ligase binding,molfunc,0.27,3.801457553673426,4.125610365276925
ubiquitin protein ligase binding,molfunc,0.28,4.266298995469786,4.328197776731725
ubiquitin protein ligase binding,molfunc,0.29,4.215087650187114,4.4670267135154305
ubiquitin protein ligase binding,molfunc,0.3,4.372661020287567,4.463967335093715
ubiquitin protein ligase binding,molfunc,0.31,4.27614733110104,4.430905480889293
ubiquitin protein ligase binding,molfunc,0.32,4.577506401418156,4.294621741279932
ubiquitin protein ligase binding,molfunc,0.33,4.293874335237341,4.136485298658317
ubiquitin protein ligase binding,molfunc,0.34,4.201299980303324,3.8872359390067888
ubiquitin protein ligase binding,molfunc,0.35000000000000003,4.341146346267501,3.627291609410459
ubiquitin protein ligase binding,molfunc,0.36,4.00827260193027,3.35606100143482
ubiquitin protein ligase binding,molfunc,0.37,3.470553476462475,3.06421172544058
ubiquitin protein ligase binding,molfunc,0.38,3.092377388221388,2.7808978581523025
ubiquitin protein ligase binding,molfunc,0.39,2.452235572188298,2.510747030796112
ubiquitin protein ligase binding,molfunc,0.4,2.4857199133346444,2.288312223193737
ubiquitin protein ligase binding,molfunc,0.41000000000000003,2.296631869214113,2.0423536235252415
ubiquitin protein ligase binding,molfunc,0.42,1.823911758912742,1.8082469016080744
ubiquitin protein ligase binding,molfunc,0.43,1.6367933819184544,1.630700116899105
ubiquitin protein ligase binding,molfunc,0.44,1.725428402599959,1.4456462859788675
ubiquitin protein ligase binding,molfunc,0.45,1.3689186527476844,1.2884096605401103
ubiquitin protein ligase binding,molfunc,0.46,1.424069332282843,1.139579898495479
ubiquitin protein ligase binding,molfunc,0.47000000000000003,1.4319480007878735,1.0086950619832686
ubiquitin protein ligase binding,molfunc,0.48,1.0951349221981475,0.8872454513598672
ubiquitin protein ligase binding,molfunc,0.49,0.8804412054362806,0.8042051799133032
ubiquitin protein ligase binding,molfunc,0.5,0.911955879456371,0.7303173346695184
ubiquitin protein ligase binding,molfunc,0.51,0.8824108725625363,0.6409012157558497
ubiquitin protein ligase binding,molfunc,0.52,0.7228678353358277,0.5701241670585151
ubiquitin protein ligase binding,molfunc,0.53,0.5968091392554653,0.49903860961277224
ubiquitin protein ligase binding,molfunc,0.54,0.5948394721292096,0.4397535117936463
ubiquitin protein ligase binding,molfunc,0.55,0.5849911364979313,0.40458351447510155
ubiquitin protein ligase binding,molfunc,0.56,0.58105180224542,0.35933556470855277
ubiquitin protein ligase binding,molfunc,0.5700000000000001,0.46681110892259686,0.32159466115327584
ubiquitin protein ligase binding,molfunc,0.58,0.5042347843214492,0.2737758051499877
ubiquitin protein ligase binding,molfunc,0.59,0.3525704155997634,0.25174313870116255
ubiquitin protein ligase binding,molfunc,0.6,0.26196572779200294,0.218244230436496
ubiquitin protein ligase binding,molfunc,0.61,0.19499704549931043,0.20153333989771374
ubiquitin protein ligase binding,molfunc,0.62,0.27378373054953686,0.18551659404285015
ubiquitin protein ligase binding,molfunc,0.63,0.27575339767579254,0.16294403728431045
ubiquitin protein ligase binding,molfunc,0.64,0.13393736458538494,0.1457703836229158
ubiquitin protein ligase binding,molfunc,0.65,0.1418160330904076,0.1352296680522993
ubiquitin protein ligase binding,molfunc,0.66,0.1615127043529642,0.12204091905784503
ubiquitin protein ligase binding,molfunc,0.67,0.18317904274177646,0.11409681878633163
ubiquitin protein ligase binding,molfunc,0.68,0.1910577112467991,0.10131941478975505
ubiquitin protein ligase binding,molfunc,0.6900000000000001,0.16939137285798686,0.09095866265571008
ubiquitin protein ligase binding,molfunc,0.7000000000000001,0.13590703171164212,0.07956954802697166
ubiquitin protein ligase binding,molfunc,0.71,0.0866653535552491,0.07368217274484598
ubiquitin protein ligase binding,molfunc,0.72,0.05909001378766983,0.06887457808215017
ubiquitin protein ligase binding,molfunc,0.73,0.09060468780776042,0.05691986408132902
ubiquitin protein ligase binding,molfunc,0.74,0.18908804412054345,0.054220412532756515
ubiquitin protein ligase binding,molfunc,0.75,0.11818002757533966,0.04761318350434569
ubiquitin protein ligase binding,molfunc,0.76,0.08469568642899343,0.0442967144589566
ubiquitin protein ligase binding,molfunc,0.77,0.05712034666141417,0.038717847925240065
ubiquitin protein ligase binding,molfunc,0.78,0.04530234390388021,0.03290759983021732
ubiquitin protein ligase binding,molfunc,0.79,0.02363600551506793,0.03378170795070747
ubiquitin protein ligase binding,molfunc,0.8,0.07287768367145946,0.029668257971930307
ubiquitin protein ligase binding,molfunc,0.81,0.011818002757533965,0.025220590182377496
ubiquitin protein ligase binding,molfunc,0.8200000000000001,0.015757337010045287,0.021338521764906547
ubiquitin protein ligase binding,molfunc,0.8300000000000001,0.03151467402009093,0.020258741145477762
ubiquitin protein ligase binding,molfunc,0.84,0.009848335631278305,0.020207323020742823
ubiquitin protein ligase binding,molfunc,0.85,0.01772700413630095,0.01830485240555839
ubiquitin protein ligase binding,molfunc,0.86,0.015757337010045287,0.017122235536659952
ubiquitin protein ligase binding,molfunc,0.87,0.003939334252511322,0.01637667272800659
ubiquitin protein ligase binding,molfunc,0.88,0.001969667126255661,0.01249460431053564
ubiquitin protein ligase binding,molfunc,0.89,0.0,0.011594787127678134
ubiquitin protein ligase binding,molfunc,0.9,0.0,0.008972462766207693
ubiquitin protein ligase binding,molfunc,0.91,0.0,0.009486644013554837
ubiquitin protein ligase binding,molfunc,0.92,0.0,0.0077384277725745425
ubiquitin protein ligase binding,molfunc,0.93,0.0,0.0047047584132263835
ubiquitin protein ligase binding,molfunc,0.9400000000000001,0.0,0.0022366884259600837
ubiquitin protein ligase binding,molfunc,0.9500000000000001,0.0,0.0028279968604093325
ubiquitin protein ligase binding,molfunc,0.96,0.0,0.0022881065506947986
ubiquitin protein ligase binding,molfunc,0.97,0.0,0.0019281796775517963
ubiquitin protein ligase binding,molfunc,0.98,0.0,2.5709062367357285e-05
ubiquitin protein ligase binding,molfunc,0.99,0.0,0.0
ubiquitin-protein transferase activity,molfunc,0.0,0.0,0.0
ubiquitin-protein transferase activity,molfunc,0.01,0.0,0.0
ubiquitin-protein transferase activity,molfunc,0.02,0.0,0.0
ubiquitin-protein transferase activity,molfunc,0.03,0.0,0.0008568101477478225
ubiquitin-protein transferase activity,molfunc,0.04,0.0,0.00194729579033596
ubiquitin-protein transferase activity,molfunc,0.05,0.0,0.0051927887742292305
ubiquitin-protein transferase activity,molfunc,0.06,0.004496706162735792,0.012696368552990452
ubiquitin-protein transferase activity,molfunc,0.07,0.05845718011556538,0.031234624476988822
ubiquitin-protein transferase activity,molfunc,0.08,0.08318906401061227,0.07482808623664321
ubiquitin-protein transferase activity,molfunc,0.09,0.11354183060907874,0.14957828064167278
ubiquitin-protein transferase activity,molfunc,0.1,0.17649571688738008,0.24902018566816275
ubiquitin-protein transferase activity,molfunc,0.11,0.23270454392157758,0.36585793308832043
ubiquitin-protein transferase activity,molfunc,0.12,0.28216831171167095,0.5075951026809066
ubiquitin-protein transferase activity,molfunc,0.13,0.3203903140949252,0.6386610913424521
ubiquitin-protein transferase activity,molfunc,0.14,0.41819367313442984,0.7781393978182513
ubiquitin-protein transferase activity,molfunc,0.15,0.5497223283944506,0.921720007425687
ubiquitin-protein transferase activity,molfunc,0.16,0.6958652786833638,1.0530715994698152
ubiquitin-protein transferase activity,molfunc,0.17,0.7970411673449214,1.224018205917445
ubiquitin-protein transferase activity,molfunc,0.18,1.0230006520223927,1.4110105296774358
ubiquitin-protein transferase activity,molfunc,0.19,1.3254041414663746,1.6476199501751903
ubiquitin-protein transferase activity,molfunc,0.2,1.7402252849787563,1.9108164491970037
ubiquitin-protein transferase activity,molfunc,0.21,1.8110484070418402,2.2049100414254705
ubiquitin-protein transferase activity,molfunc,0.22,2.4102345032263846,2.5647703034795555
ubiquitin-protein transferase activity,molfunc,0.23,2.76547429008252,2.9325495684143483
ubiquitin-protein transferase activity,molfunc,0.24,2.9329765946444204,3.27664971653864
ubiquitin-protein transferase activity,molfunc,0.25,3.3421768554533773,3.6282534444417003
ubiquitin-protein transferase activity,molfunc,0.26,3.5771297524563224,3.888464089918327
ubiquitin-protein transferase activity,molfunc,0.27,4.002068484834855,4.124190736324462
ubiquitin-protein transferase activity,molfunc,0.28,4.287609326168602,4.328319263039438
ubiquitin-protein transferase activity,molfunc,0.29,4.494457809654424,4.463072131730661
ubiquitin-protein transferase activity,molfunc,0.3,4.492209456573057,4.462111465807429
ubiquitin-protein transferase activity,molfunc,0.31,4.352811565528246,4.430669129779472
ubiquitin-protein transferase activity,molfunc,0.32,4.338197270499355,4.297344278001136
ubiquitin-protein transferase activity,molfunc,0.33,4.410144569103128,4.1322395589245176
ubiquitin-protein transferase activity,molfunc,0.34,3.896395890010564,3.8911643400809264
ubiquitin-protein transferase activity,molfunc,0.35000000000000003,4.1403421993390035,3.6248521677946006
ubiquitin-protein transferase activity,molfunc,0.36,3.7356386446927594,3.355891673233378
ubiquitin-protein transferase activity,molfunc,0.37,3.387143917080735,3.0621096483313592
ubiquitin-protein transferase activity,molfunc,0.38,3.0858646041774374,2.7779602466055366
ubiquitin-protein transferase activity,molfunc,0.39,2.8644018256626995,2.501807739592026
ubiquitin-protein transferase activity,molfunc,0.4,2.5181554511320434,2.2856059789769927
ubiquitin-protein transferase activity,molfunc,0.41000000000000003,2.3484047934887804,2.038636944874662
ubiquitin-protein transferase activity,molfunc,0.42,2.0639881286957285,1.802546803254319
ubiquitin-protein transferase activity,molfunc,0.43,1.9392045326798104,1.6236552299821223
ubiquitin-protein transferase activity,molfunc,0.44,1.7447219911414873,1.4424269017615226
ubiquitin-protein transferase activity,molfunc,0.45,1.5041482114351226,1.2844882311933405
ubiquitin-protein transferase activity,molfunc,0.46,1.4333250893720337,1.1365456790155501
ubiquitin-protein transferase activity,molfunc,0.47000000000000003,1.3164107291409104,1.0071673467056346
ubiquitin-protein transferase activity,molfunc,0.48,1.0421116532140198,0.8864090437609283
ubiquitin-protein transferase activity,molfunc,0.49,0.9533017064999879,0.8017665867409921
ubiquitin-protein transferase activity,molfunc,0.5,0.9195764102794695,0.7283405534733909
ubiquitin-protein transferase activity,molfunc,0.51,0.884726937518267,0.638453379791483
ubiquitin-protein transferase activity,molfunc,0.52,0.7419565168514057,0.5681689837322905
ubiquitin-protein transferase activity,molfunc,0.53,0.5294871506621395,0.4996241719124647
ubiquitin-protein transferase activity,molfunc,0.54,0.5047552667670927,0.4402965601668959
ubiquitin-protein transferase activity,molfunc,0.55,0.44180138048879153,0.4061020460885964
ubiquitin-protein transferase activity,molfunc,0.56,0.3878409065359621,0.361599846293452
ubiquitin-protein transferase activity,molfunc,0.5700000000000001,0.3215144906356127,0.3235107406344842
ubiquitin-protein transferase activity,molfunc,0.58,0.3046518425253499,0.2761005791257678
ubiquitin-protein transferase activity,molfunc,0.59,0.2855408413337228,0.25229164259592685
ubiquitin-protein transferase activity,molfunc,0.6,0.23607707354362908,0.21840869584408115
ubiquitin-protein transferase activity,molfunc,0.61,0.23607707354362908,0.20064935823621718
ubiquitin-protein transferase activity,molfunc,0.62,0.19111001191627117,0.18655093671418485
ubiquitin-protein transferase activity,molfunc,0.63,0.14839130337028114,0.16476718780629324
ubiquitin-protein transferase activity,molfunc,0.64,0.13040447871933797,0.14596929244358348
ubiquitin-protein transferase activity,molfunc,0.65,0.086561593632664,0.13644052504287285
ubiquitin-protein transferase activity,molfunc,0.66,0.10792094790565901,0.12288734634213457
ubiquitin-protein transferase activity,molfunc,0.67,0.10117588866155533,0.1153058747317599
ubiquitin-protein transferase activity,molfunc,0.68,0.07531982822582452,0.10310282111232123
ubiquitin-protein transferase activity,molfunc,0.6900000000000001,0.06969894552240477,0.09248356806902247
ubiquitin-protein transferase activity,molfunc,0.7000000000000001,0.040470355464622576,0.08121521642894595
ubiquitin-protein transferase activity,molfunc,0.71,0.04384288508667397,0.07454248285406051
ubiquitin-protein transferase activity,molfunc,0.72,0.02360770735436291,0.06979108112564077
ubiquitin-protein transferase activity,molfunc,0.73,0.01798682465094317,0.05826309004685189
ubiquitin-protein transferase activity,molfunc,0.74,0.02248353081367896,0.05673121735845426
ubiquitin-protein transferase activity,molfunc,0.75,0.01124176540683948,0.04938342124291991
ubiquitin-protein transferase activity,molfunc,0.76,0.01236594194752343,0.045566721493861435
ubiquitin-protein transferase activity,molfunc,0.77,0.021359354272995013,0.039361338908657506
ubiquitin-protein transferase activity,molfunc,0.78,0.019111001191627116,0.03338963181829391
ubiquitin-protein transferase activity,molfunc,0.79,0.0281044135170987,0.033779090976361094
ubiquitin-protein transferase activity,molfunc,0.8,0.015738471569575273,0.03055956193633898
ubiquitin-protein transferase activity,molfunc,0.81,0.01236594194752343,0.02534080921823861
ubiquitin-protein transferase activity,molfunc,0.8200000000000001,0.01236594194752343,0.02147218158143784
ubiquitin-protein transferase activity,molfunc,0.8300000000000001,0.0,0.02087501087240171
ubiquitin-protein transferase activity,molfunc,0.84,0.003372529622051844,0.02045958777046314
ubiquitin-protein transferase activity,molfunc,0.85,0.0,0.01872000353109635
ubiquitin-protein transferase activity,molfunc,0.86,0.0,0.01749969816915248
ubiquitin-protein transferase activity,molfunc,0.87,0.0,0.016590960133662368
ubiquitin-protein transferase activity,molfunc,0.88,0.0,0.012644440665248158
ubiquitin-protein transferase activity,molfunc,0.89,0.0,0.011709738685886897
ubiquitin-protein transferase activity,molfunc,0.9,0.0,0.009061416411029996
ubiquitin-protein transferase activity,molfunc,0.91,0.0,0.009580695288452916
ubiquitin-protein transferase activity,molfunc,0.92,0.0,0.00781514710521498
ubiquitin-protein transferase activity,molfunc,0.93,0.0,0.00475140172841974
ubiquitin-protein transferase activity,molfunc,0.9400000000000001,0.0,0.0022588631167897123
ubiquitin-protein transferase activity,molfunc,0.9500000000000001,0.0,0.0028560338258261046
ubiquitin-protein transferase activity,molfunc,0.96,0.0,0.0023107910045320045
ubiquitin-protein transferase activity,molfunc,0.97,0.0,0.0019472957903359587
ubiquitin-protein transferase activity,molfunc,0.98,0.0,2.5963943871146117e-05
ubiquitin-protein transferase activity,molfunc,0.99,0.0,0.0
zinc ion binding,molfunc,0.0,0.0,0.0
zinc ion binding,molfunc,0.01,0.0,0.0
zinc ion binding,molfunc,0.02,0.0,0.0
zinc ion binding,molfunc,0.03,0.0,0.0008812374924360447
zinc ion binding,molfunc,0.04,0.0015328411210178063,0.0019226999834968247
zinc ion binding,molfunc,0.05,0.013795570089160266,0.004619820793679874
zinc ion binding,molfunc,0.06,0.02299261681526708,0.011963466563980235
zinc ion binding,molfunc,0.07,0.028613034258999068,0.032018295558509643
zinc ion binding,molfunc,0.08,0.055182280356641064,0.07605346601387444
zinc ion binding,molfunc,0.09,0.1343790716092276,0.1495166278833155
zinc ion binding,molfunc,0.1,0.19978029277265422,0.24987088535527502
zinc ion binding,molfunc,0.11,0.2845975014689729,0.36694195101708177
zinc ion binding,molfunc,0.12,0.3862759624964869,0.5085808498013473
zinc ion binding,molfunc,0.13,0.5283192397108035,0.6368676653668852
zinc ion binding,molfunc,0.14,0.6831361929336037,0.77455434751841
zinc ion binding,molfunc,0.15,0.6831361929336018,0.9253527753907211
zinc ion binding,molfunc,0.16,0.7735738190736523,1.05919405757525
zinc ion binding,molfunc,0.17,0.9713103236849518,1.2270831519675385
zinc ion binding,molfunc,0.18,1.148097999642336,1.4155344545166613
zinc ion binding,molfunc,0.19,1.3274404108014193,1.6566997816133253
zinc ion binding,molfunc,0.2,1.7034974324911256,1.9175994877072748
zinc ion binding,molfunc,0.21,1.9027667782234354,2.211345318519284
zinc ion binding,molfunc,0.22,2.2829113762358513,2.575830486224119
zinc ion binding,molfunc,0.23,2.705464578596434,2.94044917476115
zinc ion binding,molfunc,0.24,3.007434279436934,3.282556250991389
zinc ion binding,molfunc,0.25,3.1653169149017675,3.6456528020414765
zinc ion binding,molfunc,0.26,3.440206422604294,3.904496287319737
zinc ion binding,molfunc,0.27,3.8229057558184056,4.137036168657103
zinc ion binding,molfunc,0.28,4.100349998722652,4.33926682108798
zinc ion binding,molfunc,0.29,4.358378254093959,4.469289407471929
zinc ion binding,molfunc,0.3,4.3108601793424075,4.4707314324595515
zinc ion binding,molfunc,0.31,4.372173824183119,4.431876870293053
zinc ion binding,molfunc,0.32,4.299108397414605,4.298222517273586
zinc ion binding,molfunc,0.33,4.178524895894537,4.136421972829042
zinc ion binding,molfunc,0.34,3.9348031576527056,3.8890078707860125
zinc ion binding,molfunc,0.35000000000000003,3.893927394425586,3.623034373068972
zinc ion binding,molfunc,0.36,3.4335641110798836,3.36085286698601
zinc ion binding,molfunc,0.37,3.2015941547658557,3.0625406237131907
zinc ion binding,molfunc,0.38,2.9379454819507935,2.7769128594981622
zinc ion binding,molfunc,0.39,2.748895077025264,2.4975071660630617
zinc ion binding,molfunc,0.4,2.4775821986051123,2.281096601253919
zinc ion binding,molfunc,0.41000000000000003,2.3237871394630054,2.031092195066468
zinc ion binding,molfunc,0.42,2.1515979868686594,1.790514359631417
zinc ion binding,molfunc,0.43,1.806708734639653,1.621583802748071
zinc ion binding,molfunc,0.44,1.7065631147331564,1.4358029168426905
zinc ion binding,molfunc,0.45,1.429629818869273,1.2821204389951317
zinc ion binding,molfunc,0.46,1.4117466724573986,1.1292123819742594
zinc ion binding,molfunc,0.47000000000000003,1.1935722862325375,1.0047709663757205
zinc ion binding,molfunc,0.48,1.0024780931456445,0.884041429911977
zinc ion binding,molfunc,0.49,0.9370768719822181,0.7982943514813061
zinc ion binding,molfunc,0.5,0.8568581866489531,0.7261663979337378
zinc ion binding,molfunc,0.51,0.7633548782668669,0.6377756070257588
zinc ion binding,molfunc,0.52,0.6601435761183347,0.5674902409623749
zinc ion binding,molfunc,0.53,0.5809467848657481,0.4960832999086179
zinc ion binding,molfunc,0.54,0.4843777942416264,0.4395238753940864
zinc ion binding,molfunc,0.55,0.41948752011853935,0.40625048401301633
zinc ion binding,molfunc,0.56,0.43685971949007446,0.35828980109134556
zinc ion binding,molfunc,0.5700000000000001,0.3954730092225981,0.3197022805892254
zinc ion binding,molfunc,0.58,0.3316046291801852,0.27387793098254753
zinc ion binding,molfunc,0.59,0.32496231765577466,0.24928339369365066
zinc ion binding,molfunc,0.6,0.31883095317170346,0.21357992316677213
zinc ion binding,molfunc,0.61,0.27846613698490125,0.1974239024721113
zinc ion binding,molfunc,0.62,0.2845975014689725,0.1815349234418251
zinc ion binding,molfunc,0.63,0.23861226783843834,0.16051874445554729
zinc ion binding,molfunc,0.64,0.17474388779602978,0.14409568209651194
zinc ion binding,molfunc,0.65,0.18649566972383297,0.13263959469484335
zinc ion binding,molfunc,0.66,0.16197021178754809,0.12048919896580093
zinc ion binding,molfunc,0.67,0.1665687351506015,0.11229101986950199
zinc ion binding,molfunc,0.68,0.14970748281940563,0.10000710330827227
zinc ion binding,molfunc,0.6900000000000001,0.16810157627161929,0.08799022841141713
zinc ion binding,molfunc,0.7000000000000001,0.15890452954551423,0.07618698684606247
zinc ion binding,molfunc,0.71,0.11547403111667465,0.07167398271813159
zinc ion binding,molfunc,0.72,0.1016784610275144,0.06702745775801426
zinc ion binding,molfunc,0.73,0.07051069156681904,0.056666241180281386
zinc ion binding,molfunc,0.74,0.07664205605089026,0.054877062028971836
zinc ion binding,molfunc,0.75,0.07868584421224732,0.04694592459704744
zinc ion binding,molfunc,0.76,0.07817489717190806,0.04307382046361634
zinc ion binding,molfunc,0.77,0.048029021791891224,0.038480703836373926
zinc ion binding,molfunc,0.78,0.0679559563651227,0.03124387473182338
zinc ion binding,molfunc,0.79,0.047007127711212696,0.03295294138382056
zinc ion binding,molfunc,0.8,0.05416038627596245,0.028974020584639628
zinc ion binding,molfunc,0.81,0.052116598114605374,0.023633187297148455
zinc ion binding,molfunc,0.8200000000000001,0.032700610581713176,0.02066902482259085
zinc ion binding,molfunc,0.8300000000000001,0.031678716501034994,0.019814491496592482
zinc ion binding,molfunc,0.84,0.029634928339677565,0.019574153998655162
zinc ion binding,molfunc,0.85,0.02503640497662415,0.01794519984597035
zinc ion binding,molfunc,0.86,0.03167871650103464,0.016342949859723
zinc ion binding,molfunc,0.87,0.01890504049255293,0.016075908195348442
zinc ion binding,molfunc,0.88,0.005620417443731952,0.012711183224228999
zinc ion binding,molfunc,0.89,0.008175152645428294,0.011616312400293309
zinc ion binding,molfunc,0.9,0.0005109470403392684,0.009293049920234647
zinc ion binding,molfunc,0.91,0.0,0.009853837415421219
zinc ion binding,molfunc,0.92,0.0010218940806785367,0.007984545764799308
zinc ion binding,molfunc,0.93,0.0,0.0048868624580544265
zinc ion binding,molfunc,0.9400000000000001,0.0,0.0023232624800586616
zinc ion binding,molfunc,0.9500000000000001,0.0,0.0029374583081201795
zinc ion binding,molfunc,0.96,0.0,0.0023766708129335738
zinc ion binding,molfunc,0.97,0.0,0.002002812482809191
zinc ion binding,molfunc,0.98,0.0,2.6704166437455883e-05
zinc ion binding,molfunc,0.99,0.0,0.0
